datetime,open,high,low,close,volume,close_time,quote_volume,count,taker_buy_volume,taker_buy_quote_volume,ignore
1600732800000,0.85,7.0,0.85,5.3193,31441883.16,1600819199999,166715315.42381,375884,15867808.7,84391801.590047,0
1600819200000,5.3279,5.36,3.4,3.535,12620608.01,1600905599999,53155220.869282,168336,5975856.86,25177802.579649,0
1600905600000,3.5305,4.8873,3.4033,4.6411,7107843.86,1600991999999,28912533.318708,104806,3482423.44,14176364.441867,0
1600992000000,4.6366,5.0234,4.2001,4.7134,3886096.71,1601078399999,17910676.096147,78381,1939527.03,8959695.651471,0
1601078400000,4.7164,4.82,4.3294,4.52,1814932.97,1601164799999,8304263.783599,34016,916629.09,4197036.683761,0
1601164800000,4.5214,4.7134,4.1068,4.6484,1500134.56,1601251199999,6626177.405459,25867,756716.56,3345085.496821,0
1601251200000,4.6485,4.705,4.1667,4.2021,1210446.38,1601337599999,5281810.912446,20903,587480.78,2564973.668283,0
1601337600000,4.1999,4.2899,3.9607,4.1394,1057878.53,1601423999999,4361852.971104,17711,513115.83,2114082.2838,0
1601424000000,4.1429,4.411,3.9958,4.3293,915518.31,1601510399999,3839122.432152,18015,489319.81,2054104.3574,0
1601510400000,4.3293,4.53,4.014,4.15,1477288.72,1601596799999,6232982.476506,20441,689276.49,2916374.981415,0
1601596800000,4.1422,4.2198,3.6332,3.9115,1847614.48,1601683199999,7189956.875417,23878,912029.39,3544016.217794,0
1601683200000,3.9156,4.19,3.8696,4.0168,679798.03,1601769599999,2729615.964657,7459,338959.89,1363166.13737,0
1601769600000,4.0202,4.0798,3.8334,3.964,630849.97,1601855999999,2483672.142012,8755,311192.36,1226312.278637,0
1601856000000,3.9582,4.0456,3.87,3.9813,475912.76,1601942399999,1883990.190668,7561,249601.96,988636.791713,0
1601942400000,3.9949,4.0,3.5,3.5424,971155.87,1602028799999,3553458.059347,17876,429350.42,1574108.838317,0
1602028800000,3.5401,3.5462,3.207,3.442,988661.32,1602115199999,3329160.072095,16799,489077.28,1651793.224333,0
1602115200000,3.4409,3.9599,3.3228,3.9147,900977.83,1602201599999,3300534.466961,11436,437112.81,1592486.153988,0
1602201600000,3.9147,4.3252,3.8034,4.2491,573063.37,1602287999999,2339370.568006,10448,308475.19,1258499.54969,0
1602288000000,4.2427,4.2693,4.0001,4.023,821315.35,1602374399999,3382885.218935,10467,353922.56,1456595.650336,0
1602374400000,4.0205,4.1762,3.9333,4.096,542437.49,1602460799999,2203938.047429,7368,284784.79,1158515.924252,0
1602460800000,4.0841,4.71,4.054,4.41,851811.15,1602547199999,3741254.639136,15031,457905.42,2011392.752314,0
1602547200000,4.4099,4.5636,4.3203,4.4806,776819.51,1602633599999,3461676.161877,12883,392990.66,1751173.75568,0
1602633600000,4.4808,4.4848,4.0125,4.1596,512479.12,1602719999999,2172949.680797,8005,242741.48,1029564.120305,0
1602720000000,4.15,4.2312,3.9985,4.1269,306544.02,1602806399999,1255397.298573,6083,135597.25,555939.623221,0
1602806400000,4.1266,4.1582,3.8755,4.0433,538055.06,1602892799999,2158279.790595,9844,219794.51,880958.015376,0
1602892800000,4.0462,4.21,3.9673,4.1946,258634.77,1602979199999,1059554.149781,6287,144269.74,591075.163644,0
1602979200000,4.1874,4.2461,4.0701,4.1195,138296.5,1603065599999,576945.333937,2474,57258.65,238852.0799,0
1603065600000,4.1371,4.1748,3.9926,4.05,274925.09,1603151999999,1117039.448789,4916,119126.16,484915.087649,0
1603152000000,4.0568,4.0908,3.6925,3.804,589447.62,1603238399999,2274226.081624,12841,274259.79,1055477.924829,0
1603238400000,3.8007,4.103,3.7918,3.9585,319446.86,1603324799999,1268228.482366,7362,166462.22,660753.386872,0
1603324800000,3.9574,4.4904,3.9511,4.3385,741499.28,1603411199999,3221997.415673,14349,359151.91,1559131.469611,0
1603411200000,4.3406,4.4872,4.1354,4.2568,324892.94,1603497599999,1398999.508028,7122,164162.21,707551.238633,0
1603497600000,4.2539,4.362,4.14,4.1821,218601.98,1603583999999,933338.630134,4589,96393.06,412546.943467,0
1603584000000,4.1803,4.2526,4.1,4.1479,209663.9,1603670399999,877035.365953,4185,100772.01,421594.682915,0
1603670400000,4.1409,4.4897,4.0141,4.148,661155.33,1603756799999,2796040.229951,11278,328373.02,1392392.975531,0
1603756800000,4.1454,4.35,4.0343,4.1217,292754.21,1603843199999,1224513.041938,6096,123717.88,517535.184634,0
1603843200000,4.1214,4.1792,3.9308,4.0596,359147.72,1603929599999,1446616.723493,6470,166854.28,672307.167416,0
1603929600000,4.0607,4.1051,3.7296,3.7758,422589.86,1604015999999,1634343.735545,9672,202856.69,783999.018118,0
1604016000000,3.7744,3.8226,3.5781,3.7224,850092.33,1604102399999,3139921.291919,14192,458298.05,1694334.619137,0
1604102400000,3.7116,3.7612,3.5876,3.6456,346114.94,1604188799999,1268757.589933,5536,142312.91,521611.373062,0
1604188800000,3.6355,3.7142,3.5521,3.6814,295468.18,1604275199999,1075668.74943,4647,137627.99,501410.065397,0
1604275200000,3.6851,3.8775,3.6145,3.617,322604.28,1604361599999,1196807.923252,4773,146569.86,545043.186516,0
1604361600000,3.6174,3.6513,3.2368,3.323,664899.75,1604447999999,2257175.605092,11493,247246.54,837769.841196,0
1604448000000,3.3299,3.3759,3.0,3.1718,466205.93,1604534399999,1474605.416323,7338,215871.4,681767.369308,0
1604534400000,3.1736,3.3841,3.0211,3.3348,644688.78,1604620799999,2097043.285141,10486,316861.32,1031916.582073,0
1604620800000,3.335,3.6666,3.3194,3.5913,910038.31,1604707199999,3199980.724892,14871,464885.26,1634658.090117,0
1604707200000,3.594,3.9193,3.37,3.4126,832528.78,1604793599999,3034525.372528,15264,397352.15,1450663.642438,0
1604793600000,3.4093,3.67,3.3613,3.4754,543130.62,1604879999999,1902820.877792,9342,238477.71,838857.127616,0
1604880000000,3.4674,3.5399,3.2619,3.4125,534923.49,1604966399999,1828111.811395,9459,279152.21,956963.687205,0
1604966400000,3.421,3.63,3.369,3.5713,482731.01,1605052799999,1695101.155963,10551,227742.5,800527.430005,0
1605052800000,3.5775,3.82,3.46,3.4842,389355.68,1605139199999,1409573.371887,9822,180495.3,656049.087935,0
1605139200000,3.4918,3.5691,3.32,3.4243,314355.65,1605225599999,1075162.171426,8465,116810.59,401182.931482,0
1605225600000,3.4268,3.7018,3.3911,3.6745,585394.03,1605311999999,2067256.881649,12430,324847.37,1148406.687884,0
1605312000000,3.6779,3.7042,3.396,3.4894,443020.54,1605398399999,1558296.058204,10363,217644.14,766226.049316,0
1605398400000,3.484,3.6415,3.4101,3.5453,438362.91,1605484799999,1550016.688202,10309,219843.42,777961.68347,0
1605484800000,3.5348,3.82,3.455,3.7,658000.76,1605571199999,2430446.327836,15685,331737.48,1225908.266273,0
1605571200000,3.7062,3.9333,3.6881,3.8355,490826.18,1605657599999,1866137.895597,13282,241464.62,918823.999947,0
1605657600000,3.8476,3.8739,3.55,3.7445,531913.49,1605743999999,1983620.132666,14573,247337.18,923839.863749,0
1605744000000,3.7498,3.8272,3.5563,3.6399,386309.17,1605830399999,1423279.115023,11531,183203.35,675234.206608,0
1605830400000,3.6432,4.0111,3.6224,3.715,657029.12,1605916799999,2485341.377474,17727,320393.99,1213740.634709,0
1605916800000,3.7124,4.0983,3.67,4.0281,557225.0,1606003199999,2180220.32288,15953,278733.49,1091013.223148,0
1606003200000,4.0291,4.0602,3.71,3.8892,562448.53,1606089599999,2174569.093522,15568,279512.87,1081102.590833,0
1606089600000,3.9066,4.2575,3.8519,4.0747,611842.99,1606175999999,2502647.908188,17388,322974.93,1322860.903093,0
1606176000000,4.0748,4.3334,3.865,4.26,855854.35,1606262399999,3523674.519833,23606,452826.2,1867320.635254,0
1606262400000,4.26,4.3989,3.9001,4.0453,763623.28,1606348799999,3224315.913486,21340,386869.64,1636793.441327,0
1606348800000,4.0363,4.089,3.28,3.5447,1011308.69,1606435199999,3583580.90367,22311,466116.65,1651748.011466,0
1606435200000,3.5399,3.7581,3.4178,3.5942,382067.49,1606521599999,1370077.828289,10723,200025.62,719798.562639,0
1606521600000,3.5903,3.6998,3.4752,3.6271,256600.45,1606607999999,921787.753979,7168,140621.01,504410.605485,0
1606608000000,3.6299,3.7662,3.531,3.7013,222772.03,1606694399999,812005.098106,6625,106312.64,387553.391971,0
1606694400000,3.7124,3.82,3.6418,3.7024,266744.6,1606780799999,993718.709584,7540,126559.69,472230.060707,0
1606780800000,3.7044,3.8128,3.4501,3.5543,453003.61,1606867199999,1646953.635854,12892,210779.46,766110.436924,0
1606867200000,3.55,3.8458,3.5059,3.74,255368.39,1606953599999,957259.825327,8016,131646.71,494356.72619,0
1606953600000,3.7384,3.8966,3.7103,3.8123,217818.87,1607039999999,826292.006775,6870,115322.64,437781.027061,0
1607040000000,3.8076,3.86,3.5091,3.5348,306354.06,1607126399999,1127218.753559,9455,139323.43,513416.382617,0
1607126400000,3.5337,3.7182,3.5059,3.6382,176697.58,1607212799999,643773.565038,6446,82230.78,299659.915335,0
1607212800000,3.6384,3.6733,3.5077,3.6055,198916.73,1607299199999,712690.464158,6687,91116.93,326877.063365,0
1607299200000,3.6036,3.6096,3.3,3.3895,319608.12,1607385599999,1099574.281482,11476,132801.75,457116.87037,0
1607385600000,3.3896,3.3948,3.085,3.1172,947986.45,1607471999999,3046976.727632,27211,398761.63,1282461.308295,0
1607472000000,3.1185,3.4411,2.8001,3.2652,1491988.4,1607558399999,4695416.740569,40039,744021.16,2342287.116856,0
1607558400000,3.2644,3.3583,3.0643,3.1499,1121704.58,1607644799999,3565572.16802,30763,556006.11,1769505.527964,0
1607644800000,3.1482,3.307,3.0131,3.2375,740274.35,1607731199999,2337159.33137,18198,375021.14,1187000.94377,0
1607731200000,3.232,3.45,3.2318,3.3332,695480.54,1607817599999,2344805.084184,18346,342484.67,1155954.884087,0
1607817600000,3.3409,3.4173,3.2806,3.3405,598125.27,1607903999999,2004392.173293,15841,223142.39,748612.506155,0
1607904000000,3.3401,3.3424,3.1357,3.1433,1041542.84,1607990399999,3373687.913547,23943,512720.23,1660539.962125,0
1607990400000,3.1439,3.5441,3.06,3.3014,899508.23,1608076799999,2892716.328494,16415,508637.16,1641720.005471,0
1608076800000,3.3012,3.3844,3.1451,3.3409,660892.42,1608163199999,2159766.50723,13102,309865.96,1012100.637921,0
1608163200000,3.3444,3.3823,3.1761,3.2079,634136.04,1608249599999,2081508.250754,16032,316164.35,1037263.497139,0
1608249600000,3.2068,3.4737,3.1424,3.4081,642895.11,1608335999999,2155784.994686,14710,289015.5,971626.172246,0
1608336000000,3.4081,3.6076,3.3783,3.4651,506114.81,1608422399999,1766889.229229,11814,268843.28,938339.918366,0
1608422400000,3.458,3.498,3.2755,3.304,415890.15,1608508799999,1410347.259046,10563,178547.58,606161.661806,0
1608508800000,3.3041,3.3564,2.925,3.0892,827256.68,1608595199999,2612957.516764,15173,455241.24,1445061.635803,0
1608595200000,3.0922,3.1331,2.9198,3.0761,488812.87,1608681599999,1491311.874349,12708,240418.22,734113.101784,0
1608681600000,3.0705,3.6937,2.7501,2.9465,2874448.39,1608767999999,9261933.812551,45448,1438690.93,4672678.044709,0
1608768000000,2.9525,3.1153,2.7679,3.1006,910977.44,1608854399999,2685159.915499,17310,508763.97,1500885.292835,0
1608854400000,3.1171,3.1301,2.84,2.9517,870245.85,1608940799999,2616820.76836,13945,459837.99,1385185.77965,0
1608940800000,2.9497,2.9975,2.85,2.9178,475916.53,1609027199999,1389240.084468,9761,243720.06,711413.348346,0
1609027200000,2.9223,3.0759,2.8401,2.9026,566733.02,1609113599999,1671043.032388,11940,295642.23,872446.137999,0
1609113600000,2.9168,3.0496,2.8685,2.9577,932674.77,1609199999999,2756574.760554,16135,469657.22,1387466.242949,0
1609200000000,2.9609,3.01,2.8322,2.9248,831346.83,1609286399999,2414759.350668,14790,389996.12,1133287.348153,0
1609286400000,2.925,2.94,2.8327,2.9162,443153.2,1609372799999,1281341.750208,8325,228012.77,660065.254223,0
1609372800000,2.9166,3.2997,2.78,3.1859,861034.14,1609459199999,2566199.289135,11933,450938.9,1351080.025848,0
1609459200000,3.1859,3.86,3.0178,3.6497,3817118.74,1609545599999,13320352.515239,70279,2050029.52,7147803.244533,0
1609545600000,3.6544,3.939,3.2851,3.4956,1768205.15,1609631999999,6320501.643065,33883,888531.89,3168661.829382,0
1609632000000,3.5005,3.83,3.3916,3.4691,989465.26,1609718399999,3561844.037362,23131,500701.58,1804771.084284,0
1609718400000,3.477,3.83,3.2283,3.5999,1242545.27,1609804799999,4375481.173986,27560,662167.67,2338914.416713,0
1609804800000,3.5999,4.3556,3.4703,4.2501,2403396.82,1609891199999,9663679.904451,51826,1219410.53,4894284.233295,0
1609891200000,4.2502,4.9773,4.1361,4.5788,2925158.25,1609977599999,13394273.806017,59158,1558815.17,7133637.158273,0
1609977600000,4.5803,4.8205,4.1827,4.4707,1471492.75,1610063999999,6716608.549059,37538,722760.31,3310245.506624,0
1610064000000,4.4728,5.9,4.0,5.7,3037659.66,1610150399999,15644301.381812,62970,1596143.14,8232276.773264,0
1610150400000,5.6999,7.487,5.5761,7.1877,4060100.24,1610236799999,26852840.184141,99912,2283782.49,15088168.756482,0
1610236800000,7.2115,7.4969,6.15,6.5416,1865913.15,1610323199999,12731233.063482,56837,944368.42,6447537.985956,0
1610323200000,6.541,7.0,5.72,6.4713,2065598.3,1610409599999,12871574.114444,48106,1034230.47,6473904.74563,0
1610409600000,6.4623,8.2356,6.4198,7.72,3138438.02,1610495999999,23895551.546819,73633,1678610.39,12759412.646313,0
1610496000000,7.7254,8.5,7.1356,8.4695,1712008.71,1610582399999,13278110.425443,50326,903958.69,7039475.873385,0
1610582400000,8.4693,9.6004,8.21,9.3177,2550051.08,1610668799999,23016359.067242,77752,1297926.72,11723869.679938,0
1610668800000,9.3192,9.89,8.57,9.3794,1991192.96,1610755199999,18532898.363093,59886,963079.79,8961755.313977,0
1610755200000,9.3795,13.4991,9.1629,12.8421,3898717.61,1610841599999,46191726.755625,125110,2120071.03,25047952.175854,0
1610841600000,12.8222,14.69,12.3231,13.1746,3568856.68,1610927999999,47561869.480933,131618,1834429.18,24485846.748349,0
1610928000000,13.1748,13.858,12.5737,12.7035,1317372.42,1611014399999,17372363.7981,57946,643543.7,8502271.421693,0
1611014400000,12.6825,14.0,11.3433,11.7367,1846921.9,1611100799999,22865911.298781,74209,892663.76,11104031.587718,0
1611100800000,11.7346,13.0765,11.03,12.3768,1515429.53,1611187199999,18387717.907916,57307,735998.24,8949654.662046,0
1611187200000,12.3768,13.0147,11.0659,11.3225,1717139.33,1611273599999,20754780.147084,61519,880915.09,10666141.612215,0
1611273600000,11.3329,13.3899,10.673,12.7097,2250602.42,1611359999999,27350603.585194,83743,1178908.87,14366200.157433,0
1611360000000,12.7153,13.48,12.5059,12.8669,1224349.08,1611446399999,15877090.571723,55714,638505.71,8290574.271093,0
1611446400000,12.8914,13.1725,12.2,12.4801,907179.12,1611532799999,11543137.090721,36740,439336.09,5589172.146493,0
1611532800000,12.4801,12.95,12.0598,12.1816,613873.67,1611619199999,7718176.262325,29776,309492.6,3902705.699778,0
1611619200000,12.1816,12.7333,11.3804,12.2088,873414.18,1611705599999,10551226.821743,38305,447967.75,5417760.289395,0
1611705600000,12.178,12.215,10.77,11.158,740335.46,1611791999999,8456320.862451,40059,346256.01,3958374.717434,0
1611792000000,11.1379,12.7524,10.8,11.9615,1091962.84,1611878399999,13283239.240784,51411,530818.89,6444238.087129,0
1611878400000,11.9596,12.6757,11.3145,11.6158,1470197.45,1611964799999,17407967.391372,63114,773950.28,9158670.614736,0
1611964800000,11.6158,12.65,11.293,12.0433,1122825.05,1612051199999,13368057.501101,48377,551628.18,6568312.262297,0
1612051200000,12.0125,15.3728,11.83,13.4704,5017946.71,1612137599999,67959449.929635,163369,2729829.75,36985611.841194,0
1612137600000,13.4704,13.6408,12.5741,13.2153,1820891.9,1612223999999,23742473.719995,62456,920980.83,12039310.976853,0
1612224000000,13.2105,13.725,12.765,13.4703,748745.41,1612310399999,9847127.110127,30074,368051.27,4848253.851495,0
1612310400000,13.47,14.9409,13.1814,14.84,1267446.12,1612396799999,17830836.174235,49972,636006.98,8964397.793238,0
1612396800000,14.84,15.8795,13.7978,15.2697,1649348.48,1612483199999,24697727.374142,67281,848257.37,12729494.543346,0
1612483200000,15.2738,18.0321,15.1206,17.8973,1654441.43,1612569599999,27800463.324706,68904,911720.85,15340955.44836,0
1612569600000,17.8971,18.6228,15.8,18.1216,1547693.33,1612655999999,26968310.688584,83787,763242.15,13330737.036142,0
1612656000000,18.1232,24.4268,17.8802,23.705,4884650.65,1612742399999,105018387.333709,233259,2558829.93,54984331.764786,0
1612742400000,23.7374,33.8167,23.55,30.056,5774862.08,1612828799999,168277152.423643,318147,3023553.29,87976802.368198,0
1612828800000,30.0564,33.0,27.4769,31.9194,2664482.65,1612915199999,80005562.719643,147921,1345994.58,40499846.458659,0
1612915200000,31.8487,60.3035,31.3408,54.6861,9715755.01,1613001599999,472308716.500874,656159,5099925.13,247786913.308505,0
1613001600000,54.6872,56.4998,41.6728,46.9673,4310924.37,1613087999999,209524738.667644,364231,2078173.8,101060135.472175,0
1613088000000,46.9726,54.4775,43.5,48.2978,3209807.22,1613174399999,157898795.678381,259664,1601713.64,78889136.07738,0
1613174400000,48.2961,51.9,43.4014,44.0832,1890974.72,1613260799999,88751004.95806,168992,914680.69,42996203.012802,0
1613260800000,44.0691,45.75,38.3724,39.1711,2829524.14,1613347199999,118907734.085721,238354,1393200.87,58565704.865527,0
1613347200000,39.17,44.98,33.5,38.309,3933303.2,1613433599999,152184241.319979,318181,2025390.29,78559141.84656,0
1613433600000,38.3362,40.0,35.1417,36.5402,2556745.82,1613519999999,95755859.45082,200167,1348219.69,50574265.236516,0
1613520000000,36.5402,42.1299,34.1386,37.3003,3076680.22,1613606399999,115394864.044632,225075,1596723.03,59932284.835184,0
1613606400000,37.3046,44.4907,36.19,40.9656,3097214.68,1613692799999,128006105.539334,239426,1620033.36,66917893.750999,0
1613692800000,41.023,41.2754,37.5,38.7274,2047933.74,1613779199999,80331238.931351,132298,1001146.83,39288778.347301,0
1613779200000,38.7264,42.8463,31.9376,35.9985,3400687.05,1613865599999,131944005.24296,227659,1665713.96,64828984.736806,0
1613865600000,35.9553,38.0037,34.7906,36.1855,1516510.61,1613951999999,55466645.903334,113209,773764.84,28315741.456744,0
1613952000000,36.1932,36.2941,25.47,32.1502,2970210.71,1614038399999,95725194.549657,186467,1418298.25,45801605.894441,0
1614038400000,32.1504,32.4108,22.51,27.5924,3657984.88,1614124799999,99042615.361096,189462,1798858.79,48818209.354298,0
1614124800000,27.5966,32.2699,25.2501,29.7396,3233830.55,1614211199999,94109405.711572,186756,1701166.87,49468733.776146,0
1614211200000,29.732,32.1836,26.4439,26.7,2431285.39,1614297599999,72135109.505137,142184,1301455.85,38662007.87213,0
1614297600000,26.7718,28.0474,24.7703,25.9695,1804008.06,1614383999999,47862698.958584,123493,925634.53,24579164.51621,0
1614384000000,25.9695,27.4999,25.0,25.7616,1690910.72,1614470399999,44679099.439782,95506,917488.73,24258139.562442,0
1614470400000,25.7423,25.9299,22.1237,23.9566,1816997.15,1614556799999,43076550.45175,104376,950925.71,22565267.814978,0
1614556800000,23.9698,27.8227,23.6073,27.5107,2250036.68,1614643199999,58489792.632801,130200,1224273.81,31839062.438397,0
1614643200000,27.5189,31.99,25.8604,27.1101,5223868.87,1614729599999,147909795.027557,255505,2653418.22,75161569.178633,0
1614729600000,27.1144,29.4503,26.5202,27.22,2841940.87,1614815999999,79768539.272512,139135,1518338.19,42615933.798099,0
1614816000000,27.2126,28.82,24.2222,25.7781,3087747.13,1614902399999,82004242.211919,162558,1632026.14,43402093.706192,0
1614902400000,25.7781,25.7781,23.5269,24.2414,2367099.9,1614988799999,58170274.49893,123808,1250602.54,30723223.007558,0
1614988800000,24.2708,25.5,23.8267,24.911,1483862.28,1615075199999,36645391.399763,86554,763534.47,18848329.758731,0
1615075200000,24.9225,27.95,24.9225,26.6863,3010972.81,1615161599999,80354448.919578,159138,1536256.13,41012538.834677,0
1615161600000,26.6884,27.1147,24.8921,25.6179,2182937.86,1615247999999,56470863.507841,116108,1043472.27,27027867.711388,0
1615248000000,25.6178,34.7857,23.4102,34.314,10511803.75,1615334399999,301188369.888395,489391,5505554.15,158138236.132365,0
1615334400000,34.3007,35.8,28.691,29.5858,8435059.85,1615420799999,268928184.723011,462938,4286916.8,136863064.088138,0
1615420800000,29.6171,32.8333,28.4,30.8005,5275313.55,1615507199999,163000352.000262,255614,2631855.17,81303712.970048,0
1615507200000,30.798,31.5823,26.7837,27.9561,4025302.52,1615593599999,117715647.478242,194576,1990430.14,58260138.930545,0
1615593600000,27.9469,33.2249,26.8568,30.8799,4641909.98,1615679999999,139834255.841717,238869,2369671.79,71459952.841444,0
1615680000000,30.9086,32.3,28.8,28.8423,2905962.81,1615766399999,88838731.688974,163449,1454812.75,44553428.574447,0
1615766400000,28.8383,30.6472,27.0,28.9472,3223256.17,1615852799999,93338211.247749,167631,1601154.82,46418410.610681,0
1615852800000,28.9221,33.25,27.5189,33.036,3919260.34,1615939199999,119092720.441898,218134,2069395.23,63040546.008023,0
1615939200000,33.036,33.9899,30.5307,32.6789,3711302.21,1616025599999,119320054.289377,220858,1827124.2,58800071.897745,0
1616025600000,32.6789,35.6073,31.8187,33.2132,3784343.49,1616111999999,127302178.876503,219036,1977893.91,66656347.151808,0
1616112000000,33.2131,38.4866,31.3409,37.3166,4561567.37,1616198399999,165120789.347487,286375,2359510.46,85488569.90403,0
1616198400000,37.3219,39.3,34.1701,34.2022,2545309.31,1616284799999,93664051.040244,177971,1253766.19,46227647.327982,0
1616284800000,34.1783,35.4516,32.0001,32.8117,2817582.7,1616371199999,94243400.622074,187105,1456343.54,48707322.015337,0
1616371200000,32.8109,33.5892,28.6202,29.17,2819087.11,1616457599999,88760164.341783,187930,1362735.57,43020530.902197,0
1616457600000,29.1805,30.8899,28.1111,28.4704,2208298.0,1616543999999,65350105.5135,148014,1068702.08,31665227.841018,0
1616544000000,28.4541,30.4914,24.6652,25.8387,2924723.82,1616630399999,82857014.158355,172076,1423542.46,40460553.560921,0
1616630400000,25.8,27.5152,24.3291,25.825,2616910.89,1616716799999,67993951.527,146899,1357319.81,35297343.955363,0
1616716800000,25.8109,28.8782,25.7873,28.2527,2119177.62,1616803199999,58791812.936873,123714,1105426.57,30669002.426523,0
1616803200000,28.2744,28.6667,26.789,27.6225,1664560.96,1616889599999,46300539.749855,94170,836853.89,23289717.793459,0
1616889600000,27.6226,29.5578,27.22,28.7167,2149098.9,1616975999999,61369232.964129,127699,1099845.49,31433584.372888,0
1616976000000,28.7392,30.3702,28.2,29.5,1936628.46,1617062399999,57274429.928677,114464,999688.35,29572531.585107,0
1617062400000,29.5,30.9802,28.6023,29.6009,1916568.91,1617148799999,57190846.019576,112663,963050.65,28746352.595696,0
1617148800000,29.6009,29.9641,25.9,28.7218,1991045.26,1617235199999,56337213.745501,133106,981043.53,27766173.50406,0
1617235200000,28.7217,29.373,27.6921,28.2456,1556653.75,1617321599999,44363776.976768,95137,778423.43,22189380.087122,0
1617321600000,28.2686,29.5805,27.9429,29.0353,1502764.68,1617407999999,43378511.818109,89352,737253.4,21289312.228679,0
1617408000000,29.0137,32.8727,27.8274,28.1787,4011015.62,1617494399999,123148734.451418,258134,2026381.14,62358162.308081,0
1617494400000,28.1709,29.9171,27.5607,29.1573,1645442.99,1617580799999,47959269.949845,110434,818513.16,23862037.617582,0
1617580800000,29.174,33.0,28.5455,31.2559,3914406.49,1617667199999,122497268.103825,266630,2039246.59,63883228.555264,0
1617667200000,31.2913,34.5578,30.0,31.4635,3854943.21,1617753599999,125832561.857241,247138,1926836.02,62976339.738759,0
1617753600000,31.4838,34.15,28.6023,29.5068,3026403.42,1617839999999,92723601.16042,222581,1513852.01,46546894.018604,0
1617840000000,29.54,31.6137,29.2287,30.751,1585910.41,1617926399999,48670912.618876,101494,804664.01,24701561.953314,0
1617926400000,30.7475,32.482,30.3031,31.5178,2411521.93,1618012799999,75504333.059866,136667,1244016.65,38977265.370532,0
1618012800000,31.5178,33.97,30.865,31.776,3316903.42,1618099199999,108430389.727581,212421,1713895.14,56076794.199386,0
1618099200000,31.7628,32.33,30.8928,31.5976,1817836.56,1618185599999,57506834.78195,123679,958293.09,30319168.040094,0
1618185600000,31.5853,35.6418,31.1,33.8055,4048871.8,1618271999999,134405366.702851,255408,2121156.18,70467475.667185,0
1618272000000,33.8125,34.888,31.7,33.6462,3077724.42,1618358399999,102492762.395189,186013,1474901.24,49182755.825611,0
1618358400000,33.6426,39.45,32.8907,38.3391,7610260.01,1618444799999,278784648.510291,464448,3841527.8,140911259.839626,0
1618444800000,38.3892,40.759,36.21,37.0174,4740728.24,1618531199999,180469601.547405,304260,2354316.5,89624649.675421,0
1618531200000,37.0256,37.5412,33.0618,35.45,3675610.8,1618617599999,130494095.609654,235915,1825234.97,64822171.144152,0
1618617600000,35.4383,36.9062,33.51,33.9342,2447216.38,1618703999999,86641993.558154,164439,1205063.77,42696487.66977,0
1618704000000,33.9673,34.3,22.5473,29.3348,5871628.96,1618790399999,166326205.421928,355080,2770501.76,78469268.390267,0
1618790400000,29.323,30.5796,25.5472,26.1827,3255981.02,1618876799999,90979934.53238,170020,1569660.02,43964704.125982,0
1618876800000,26.2029,29.9752,23.8766,27.4058,3447186.95,1618963199999,90912258.538809,171486,1747924.95,46206178.021287,0
1618963200000,27.4059,28.4899,25.75,25.8131,2761857.45,1619049599999,74969648.927418,146335,1384246.78,37610740.426833,0
1619049600000,25.8131,27.7519,22.87,23.9703,3474222.21,1619135999999,89712278.562338,167755,1669949.22,43229725.463137,0
1619136000000,23.9692,26.557,19.8,23.5317,4749135.19,1619222399999,105328377.185681,214708,2305309.73,51280086.675837,0
1619222400000,23.55,23.9381,21.3801,21.8523,2231443.96,1619308799999,50480605.992091,91691,1092164.91,24715448.135036,0
1619308800000,21.8429,23.75,20.359,21.624,1711011.135,1619395199999,37881647.721139,88693,847233.559,18785180.243994,0
1619395200000,21.628,26.5,21.39,26.451,3025256.65,1619481599999,75465416.01002,146288,1553530.213,38741795.217852,0
1619481600000,26.441,28.0,25.7,27.949,2350750.048,1619567999999,63681712.666516,118589,1206978.365,32699321.65853,0
1619568000000,27.961,29.077,25.826,28.233,2546834.944,1619654399999,70419912.590106,134669,1297674.176,35916758.90414,0
1619654400000,28.246,29.765,26.6,27.912,2274429.724,1619740799999,63709226.532376,117411,1160719.443,32570793.67428,0
1619740800000,27.926,33.0,27.501,32.8,3368373.696,1619827199999,103924073.253361,203516,1798787.752,55451796.804539,0
1619827200000,32.819,35.68,31.722,31.805,3589503.042,1619913599999,120606500.597681,221956,1816901.717,61084258.885521,0
1619913600000,31.815,32.681,30.383,31.28,2177846.529,1619999999999,68800524.699142,134885,1082293.805,34197245.494499,0
1620000000000,31.262,37.36,30.697,35.871,5397490.383,1620086399999,184269843.68859,342233,2697332.829,92254584.698355,0
1620086400000,35.885,36.194,29.501,30.287,4452223.237,1620172799999,145089846.105217,266018,2135487.17,69655963.52395,0
1620172800000,30.307,35.616,29.7,35.258,3289567.944,1620259199999,109473038.552794,197654,1707037.43,56942372.829971,0
1620259200000,35.225,39.3,34.66,38.003,6195375.726,1620345599999,230357016.406106,415675,3213589.951,119627329.473971,0
1620345600000,38.002,43.885,35.969,37.875,6802609.557,1620431999999,273821708.0802122,462203,3452531.172,139203359.9154992,0
1620432000000,37.852,39.844,37.157,38.399,2493215.197,1620518399999,95715259.478128,160167,1231033.729,47272222.702628,0
1620518400000,38.399,39.5,35.017,38.969,2403153.534,1620604799999,89501364.024665,152065,1194631.73,44582168.229125,0
1620604800000,38.988,41.8,29.69,34.652,4334618.088,1620691199999,159738078.072145,302308,2050020.607,75829142.085747,0
1620691200000,34.65,37.3,32.575,36.8,2729477.604,1620777599999,95271679.573013,187315,1373663.377,47996358.579362,0
1620777600000,36.768,41.47,32.0,32.8,5512564.2,1620863999999,210662204.128678,342613,2725856.457,104437945.244165,0
1620864000000,32.872,37.17,30.739,35.075,4599017.978,1620950399999,156789885.05229,299266,2345319.382,80074197.241712,0
1620950400000,35.036,38.0,33.276,36.999,2531482.455,1621036799999,90688909.497188,164699,1283020.177,45977161.109266,0
1621036800000,36.993,39.99,34.031,34.439,4984162.837,1621123199999,184846636.834314,307713,2555670.466,94976989.443457,0
1621123200000,34.464,39.7,32.5,36.6,5278663.199,1621209599999,190808554.560567,321182,2659655.322,96414562.48052,0
1621209600000,36.597,37.936,31.75,33.67,4761781.536,1621295999999,165234150.122183,273521,2371156.075,82496584.567478,0
1621296000000,33.684,37.7,33.268,36.875,3692884.156,1621382399999,132738977.364077,209409,1870711.089,67290132.062069,0
1621382400000,36.907,38.535,17.775,23.052,7854204.012,1621468799999,223825127.909845,431631,3696461.26,105815831.453294,0
1621468800000,23.064,28.2,20.809,25.086,4667836.199,1621555199999,115628255.554879,254939,2277571.113,56575861.167366,0
1621555200000,25.042,26.712,18.368,21.827,3781391.334,1621641599999,85878210.507207,197862,1849878.953,42205107.343829,0
1621641600000,21.825,22.474,18.3,18.797,2628918.371,1621727999999,52186116.315863,136771,1241570.76,24714965.953951,0
1621728000000,18.809,19.668,12.086,15.606,5463994.514,1621814399999,82687662.979507,231450,2523954.179,38087440.485053,0
1621814400000,15.603,20.5,15.034,19.395,4361327.481,1621900799999,78219280.060304,184795,2329374.298,41800511.281694,0
1621900800000,19.395,20.243,17.001,19.446,2878326.676,1621987199999,53730357.65711,138929,1433995.262,26851902.561423,0
1621987200000,19.431,21.453,18.918,20.797,3101870.521,1622073599999,62721216.864848,138994,1707695.543,34581166.195093,0
1622073600000,20.794,21.198,18.717,19.118,1878833.966,1622159999999,37144061.899197,89922,910365.86,18028249.150528,0
1622160000000,19.133,19.568,16.015,16.727,2318888.923,1622246399999,40285104.078717,109965,1175666.377,20423635.173923,0
1622246400000,16.727,17.592,15.169,16.168,1260980.209,1622332799999,20444938.263963,66801,626369.939,10166327.400563,0
1622332800000,16.194,17.468,15.101,16.518,1133881.014,1622419199999,18967076.153113,52207,588416.079,9847153.964382,0
1622419200000,16.504,18.198,15.671,18.14,1357131.015,1622505599999,23344234.822886,58931,679453.654,11683934.622186,0
1622505600000,18.153,18.583,17.066,17.748,1195464.415,1622591999999,21252314.196346,55191,593051.82,10553715.532881,0
1622592000000,17.748,19.419,17.145,18.687,1696639.301,1622678399999,31441233.733131,72378,844661.042,15653408.27281,0
1622678400000,18.686,20.7,18.219,20.268,1754635.671,1622764799999,34768091.119694,77913,904421.941,17926285.714793,0
1622764800000,20.247,20.55,17.41,18.243,1844859.941,1622851199999,34131796.222186,79063,888465.118,16437364.614344,0
1622851200000,18.236,19.142,16.86,17.23,1557214.89,1622937599999,28105158.818739,63405,739881.473,13384905.458499,0
1622937600000,17.233,18.0,17.09,17.383,747036.541,1623023999999,13149046.690523,31513,365914.501,6447241.54227,0
1623024000000,17.38,18.053,15.304,15.536,2846106.846,1623110399999,48358814.14306,95659,1445949.496,24629622.961156,0
1623110400000,15.533,16.048,13.639,14.792,2622746.581,1623196799999,38874804.232429,94670,1295857.323,19214638.674768,0
1623196800000,14.803,15.765,13.65,15.4,2507532.953,1623283199999,37197544.87271,86605,1369634.884,20322393.239264,0
1623283200000,15.403,15.578,13.73,14.193,2406206.41,1623369599999,34900914.841877,76800,1239059.424,17988004.341384,0
1623369600000,14.193,14.616,13.14,13.408,1985298.581,1623455999999,27700725.962896,60148,1016905.154,14198101.530113,0
1623456000000,13.423,14.0,12.638,13.545,1721108.689,1623542399999,22830447.284661,57398,851529.55,11316969.555115,0
1623542400000,13.551,14.999,13.241,14.761,1905070.736,1623628799999,26854958.58503,63885,1002960.554,14144793.822601,0
1623628800000,14.762,15.419,14.371,15.113,1753753.579,1623715199999,26069796.797901,54409,885054.772,13163217.86273,0
1623715200000,15.111,15.632,14.581,14.714,1618961.454,1623801599999,24356226.181043,52398,819286.035,12335861.835062,0
1623801600000,14.715,14.951,13.913,14.078,1593156.605,1623887999999,22971491.583113,57080,782269.553,11280530.306741,0
1623888000000,14.081,15.498,14.02,14.844,2176578.341,1623974399999,32446965.985472,74881,1115847.172,16653122.538583,0
1623974400000,14.858,15.3,13.1,13.64,1646645.548,1624060799999,23345824.085955,54114,813155.149,11542768.425684,0
1624060800000,13.635,14.04,13.209,13.383,677502.975,1624147199999,9272511.487663,25832,341123.957,4671624.961745,0
1624147200000,13.374,14.188,12.783,13.917,1178226.514,1624233599999,15764150.005714,39488,566918.777,7582552.150487,0
1624233600000,13.914,14.069,11.077,11.2,2203255.627,1624319999999,27106302.10066,69229,1057785.441,13041877.224236,0
1624320000000,11.19,11.764,9.325,10.578,3283390.301,1624406399999,34589702.599776,94310,1642171.215,17313789.655355,0
1624406400000,10.585,11.899,10.15,11.456,2090766.333,1624492799999,23569095.293188,59085,1127476.992,12727722.992392,0
1624492800000,11.467,11.757,10.822,11.493,1288733.896,1624579199999,14628465.687494,39267,681190.879,7726364.683398,0
1624579200000,11.499,11.756,10.2,10.235,1369495.419,1624665599999,14874246.007903,42377,690586.697,7508013.879425,0
1624665600000,10.238,10.6,9.784,10.318,1136001.579,1624751999999,11552426.253932,34190,566193.758,5758063.292652,0
1624752000000,10.317,10.98,10.087,10.941,692604.829,1624838399999,7234629.500748,23037,351672.627,3676165.609357,0
1624838400000,10.953,11.469,10.694,11.322,1022964.874,1624924799999,11386590.081316,30175,484767.477,5396682.336365,0
1624924800000,11.333,12.348,11.077,11.92,1388415.123,1625011199999,16385766.890554,42564,729376.387,8599422.189411,0
1625011200000,11.921,12.166,11.035,11.949,1137246.751,1625097599999,13240407.457508,36422,583539.663,6805763.253075,0
1625097600000,11.94,12.08,11.0,11.181,717086.767,1625183999999,8116281.301654,22868,341791.272,3871062.668139,0
1625184000000,11.19,11.355,10.572,11.112,979100.755,1625270399999,10654044.470948,26843,519253.117,5655096.251204,0
1625270400000,11.117,11.676,10.878,11.509,737397.368,1625356799999,8372964.610254,23470,347369.056,3938730.336525,0
1625356800000,11.499,12.9,11.21,12.345,1361790.033,1625443199999,16615785.979942,42459,707381.588,8634854.406284,0
1625443200000,12.342,12.44,11.519,12.042,1408712.788,1625529599999,17011192.524855,43689,676148.468,8169042.107754,0
1625529600000,12.041,14.226,12.026,13.384,2391422.133,1625615999999,32055829.006775,76797,1187564.059,15913598.564307,0
1625616000000,13.369,14.2,13.04,13.105,2048553.788,1625702399999,27867267.41859,67875,1018530.368,13858040.200533,0
1625702400000,13.091,13.118,11.838,12.098,1467700.322,1625788799999,18101804.61805,52512,689160.741,8503189.746696,0
1625788800000,12.093,12.88,11.639,12.552,1365886.913,1625875199999,16789649.409472,44074,691130.226,8498664.523941,0
1625875200000,12.559,12.851,11.838,12.015,729693.403,1625961599999,8962435.359847,30824,360690.83,4427615.133592,0
1625961600000,12.023,12.49,11.912,12.433,574831.74,1626047999999,7017301.605893,21481,313592.743,3829613.330898,0
1626048000000,12.437,12.841,11.7,12.157,1105226.312,1626134399999,13650203.060664,33430,566934.187,7008790.487585,0
1626134400000,12.162,12.434,11.744,11.91,937209.081,1626220799999,11351440.840701,30668,459074.067,5565286.898614,0
1626220800000,11.916,12.11,11.111,11.793,916149.504,1626307199999,10660796.483208,31786,443321.42,5158949.326922,0
1626307200000,11.791,12.102,11.128,11.391,799151.217,1626393599999,9211057.898789,27111,399362.141,4601778.0556,0
1626393600000,11.391,11.82,10.8,10.814,869808.847,1626479999999,9833877.123021,31933,414701.519,4696954.60607,0
1626480000000,10.816,11.144,10.716,10.958,588168.81,1626566399999,6416594.543441,19891,313430.652,3419721.183529,0
1626566400000,10.956,11.275,10.65,10.69,669471.278,1626652799999,7325338.198701,18543,296212.097,3241556.006302,0
1626652800000,10.69,10.757,10.01,10.183,613091.689,1626739199999,6325661.84891,22340,271841.763,2810070.098572,0
1626739200000,10.186,10.366,9.327,9.639,784232.566,1626825599999,7538086.817337,28856,372585.064,3580206.631205,0
1626825600000,9.647,10.752,9.473,10.425,994914.755,1626911999999,10267860.303233,35835,528620.372,5457841.734929,0
1626912000000,10.44,10.96,10.238,10.833,879782.503,1626998399999,9345434.272266,31615,451242.96,4793473.931702,0
1626998400000,10.84,11.174,10.53,11.086,695996.732,1627084799999,7538887.710933,24854,357228.529,3871040.980758,0
1627084800000,11.092,11.447,10.954,11.142,839109.691,1627171199999,9397797.989064,30075,416702.799,4665587.192578,0
1627171200000,11.142,11.339,10.765,11.247,601383.149,1627257599999,6648354.32815,23214,318316.482,3520687.106864,0
1627257600000,11.247,12.7,11.213,11.46,2057987.325,1627343999999,24821128.422901,81027,1047014.371,12629251.664642,0
1627344000000,11.455,12.352,11.175,11.917,977794.901,1627430399999,11458152.582638,37861,516159.296,6056694.598735,0
1627430400000,11.921,12.485,11.691,12.32,1510307.384,1627516799999,18422159.012941,51346,823093.315,10052008.013208,0
1627516800000,12.331,12.65,11.98,12.433,1634174.61,1627603199999,20162756.484915,51288,803791.457,9947579.395918,0
1627603200000,12.433,13.0,11.93,12.978,1572248.756,1627689599999,19599467.042656,50237,826253.599,10315537.671562,0
1627689600000,12.978,13.63,12.585,13.525,1248768.221,1627775999999,16272148.753603,47007,652676.405,8521298.834373,0
1627776000000,13.535,14.077,12.617,12.853,1860616.438,1627862399999,25152192.029074,65591,955319.27,12922571.634392,0
1627862400000,12.846,13.374,12.616,12.993,928801.989,1627948799999,12133849.919658,37628,470477.513,6150210.046789,0
1627948800000,12.992,13.522,12.325,12.557,1198368.484,1628035199999,15258298.677645,39397,613323.361,7824130.147982,0
1628035200000,12.568,13.78,12.41,13.696,1246721.964,1628121599999,16255550.766165,45201,642173.449,8387115.381335,0
1628121600000,13.696,14.0,12.849,13.834,1372439.967,1628207999999,18478805.541988,54152,685033.932,9236402.604066,0
1628208000000,13.834,15.08,13.388,14.77,2108094.949,1628294399999,29965356.386631,72992,1048201.197,14950111.730937,0
1628294400000,14.774,15.952,14.612,15.834,2346816.422,1628380799999,35897227.532009,94332,1164971.789,17826495.169841,0
1628380800000,15.85,16.1,14.557,14.826,1318372.027,1628467199999,20289977.62886,51900,645208.651,9930451.703178,0
1628467200000,14.83,16.759,14.424,16.169,2569371.614,1628553599999,40344963.226697,101119,1317768.316,20735214.807557,0
1628553600000,16.167,17.184,15.801,16.42,2076458.198,1628639999999,34191887.711393,87917,1048854.752,17270284.92174,0
1628640000000,16.43,17.547,16.378,16.688,1849892.045,1628726399999,31656313.725367,82229,945817.807,16189341.886125,0
1628726400000,16.674,17.538,15.429,16.575,1704787.841,1628812799999,27961277.713874,65337,845652.155,13877980.129052,0
1628812800000,16.574,18.291,16.389,18.031,1519296.777,1628899199999,26964549.423894,75881,785309.893,13946646.600894,0
1628899200000,18.044,18.433,17.169,18.093,1428803.971,1628985599999,25525639.096533,61967,698122.956,12469908.149767,0
1628985600000,18.09,18.855,17.058,18.762,1404168.533,1629071999999,24987998.0113,63538,708522.503,12601163.556034,0
1629072000000,18.762,21.13,18.441,19.071,3800908.89,1629158399999,75257840.612995,184536,2033824.269,40316674.208997,0
1629158400000,19.071,25.46,18.418,23.446,10172036.374,1629244799999,232692122.493749,511785,5179283.765,118736389.039689,0
1629244800000,23.452,30.885,21.454,29.993,12872464.953,1629331199999,329590346.415974,711659,6544966.157,168173112.562752,0
1629331200000,29.992,33.755,28.714,30.653,11884539.989,1629417599999,367827425.34607106,725134,5933281.659,183699687.957642,0
1629417600000,30.653,39.229,29.943,39.155,8246852.137,1629503999999,292804357.411783,676833,4208889.502,149501399.638868,0
1629504000000,39.148,50.27,37.676,43.676,13275218.253,1629590399999,603282807.718998,1244473,6838728.822,310536630.471806,0
1629590400000,43.693,45.03,40.537,43.663,8717113.46,1629676799999,373450451.668828,656362,4655586.073,199636243.101588,0
1629676800000,43.682,53.623,43.614,46.451,11058622.436,1629763199999,538289839.352156,922963,5710692.409,277992063.687333,0
1629763200000,46.407,58.977,44.151,55.474,13474170.156,1629849599999,688067868.650391,1264512,6542766.955,334956399.734084,0
1629849600000,55.475,57.584,45.65,46.208,11480697.369,1629935999999,580655281.693017,918410,5610727.313,284257911.851449,0
1629936000000,46.211,48.463,41.2,41.32,9280721.696,1630022399999,411045221.739697,627615,4915757.549,217626965.89136,0
1630022400000,41.32,50.47,40.3,50.14,10990447.098,1630108799999,499580728.291962,706713,5645394.214,256593270.180698,0
1630108800000,50.12,51.79,46.12,50.2,7177328.364,1630195199999,349338313.789823,521462,3549244.409,172677969.445043,0
1630195200000,50.2,52.4,46.66,47.39,5176181.901,1630281599999,254017057.608153,403399,2552623.558,125214108.918953,0
1630281600000,47.43,48.33,41.0,41.44,6827433.15,1630367999999,302290628.1456,475847,3596434.43,159170165.1443,0
1630368000000,41.42,44.22,38.17,39.5,6855430.916,1630454399999,285271157.082566,497201,3287480.238,136791512.704752,0
1630454400000,39.51,45.71,38.55,42.47,7820541.217,1630540799999,337278992.787608,538884,3982958.347,171826174.365708,0
1630540800000,42.5,47.98,41.0,47.58,6481497.68,1630627199999,285384060.939202,523633,3381220.449,149192738.483482,0
1630627200000,47.6,51.66,44.45,45.89,9097559.66,1630713599999,438178527.6242,877686,4433156.62,213804550.6925,0
1630713600000,45.9,49.88,44.07,47.15,6077749.28,1630799999999,285561090.4884,567762,2997370.42,140919239.0841,0
1630800000000,47.19,49.4,45.44,48.15,5904540.19,1630886399999,279244419.5175,468959,2990517.42,141305974.9789,0
1630886400000,48.14,51.36,42.45,47.1,7931732.22,1630972799999,378046443.8192,705606,3878632.34,185118819.5876,0
1630972800000,47.11,47.2,32.23,37.93,12849059.617,1631059199999,517373750.968375,937571,6287107.657,253318011.824944,0
1631059200000,37.97,39.5,33.08,37.0,7464147.83,1631145599999,270862112.8693,516669,3748839.47,136146360.7737,0
1631145600000,37.03,44.6,36.21,40.77,10152448.674,1631231999999,423030611.972678,815604,5139808.574,214396528.620378,0
1631232000000,40.75,49.7,40.38,49.3,17253541.93,1631318399999,796849170.9461,1550272,8688696.52,401726741.1684,0
1631318400000,49.33,59.25,48.11,57.02,16295853.416,1631404799999,855169399.8913951,1666314,8376614.439,440664802.64094496,0
1631404800000,57.02,64.9,53.59,59.22,16140497.309,1631491199999,975563399.0973649,1544605,8052124.67,487613892.15149504,0
1631491200000,59.21,60.92,47.66,53.15,17195092.8,1631577599999,916467701.7916,1318399,8558589.57,456512400.2331,0
1631577600000,53.14,57.63,48.8,51.5,8170590.05,1631663999999,433586433.9301,650142,3992469.86,211969390.2266,0
1631664000000,51.51,58.18,50.3,57.84,6756093.54,1631750399999,363330100.7397,616300,3444947.64,185554837.6531,0
1631750400000,57.83,68.33,57.17,67.56,15000080.374,1631836799999,944283890.7751139,1767106,7572991.228,476789740.770054,0
1631836800000,67.59,70.9,60.36,70.11,10905615.525,1631923199999,714550797.021389,1144809,5633101.929,369809902.41318893,0
1631923200000,70.15,75.59,67.16,69.02,10521283.488,1632009599999,751508106.45512,1147215,5414339.409,386724867.86396,0
1632009600000,69.02,76.27,66.42,70.07,9524488.551,1632095999999,682471352.1993569,1041226,4703991.667,337182251.313057,0
1632096000000,70.06,70.45,55.0,57.33,15410116.45,1632182399999,955076944.9607,1249381,7642041.18,474010237.7551,0
1632182400000,57.34,66.24,52.55,58.98,15940591.44,1632268799999,963082835.4461,1236028,7965966.48,481617865.218,0
1632268800000,59.0,74.69,57.72,74.07,13033656.1,1632355199999,855939922.6208,1239279,6608588.23,433543785.2014,0
1632355200000,74.04,79.8,72.76,76.44,11366707.86,1632441599999,861656035.008667,1371889,5684513.623,430965207.33210707,0
1632441600000,76.43,78.86,66.59,72.31,11472906.45,1632527999999,825634622.9975,1166292,5850748.01,421160154.8785,0
1632528000000,72.3,72.6,67.5,68.28,4943069.71,1632614399999,346671054.9957,515569,2456810.29,172392182.2684,0
1632614400000,68.28,71.44,61.59,66.77,6395395.4,1632700799999,425416235.9497,612229,3134208.14,208599900.7011,0
1632700800000,66.77,72.69,65.31,66.33,5974772.52,1632787199999,414345004.839,662188,3014841.64,209146188.3364,0
1632787200000,66.34,69.44,61.11,61.51,4765761.77,1632873599999,312378413.1031,441886,2363123.99,154873856.1329,0
1632873600000,61.51,69.5,61.26,65.46,6780246.71,1632959999999,440348766.5383,653135,3496771.66,227162127.5137,0
1632960000000,65.46,68.91,64.28,66.63,5085384.45,1633046399999,336103596.2054,449522,2619412.83,173139474.753,0
1633046400000,66.64,69.58,63.12,67.67,6973676.03,1633132799999,466411655.7906,704231,3567141.57,238585750.3862,0
1633132800000,67.66,73.41,65.8,69.08,6536616.52,1633219199999,453535406.4539,762679,3315140.22,229964078.8079,0
1633219200000,69.09,71.61,67.55,68.69,4467356.39,1633305599999,312043278.0175,505721,2236690.23,156259945.8468,0
1633305600000,68.69,68.76,63.3,65.29,4826593.69,1633391999999,319552435.7766,524920,2336444.88,154697459.0534,0
1633392000000,65.26,66.78,62.7,64.6,3831519.71,1633478399999,248341576.1326,404791,1881313.0,121977100.4774,0
1633478400000,64.6,65.76,58.16,60.01,5068720.14,1633564799999,311318968.6329,502430,2441487.53,150010223.9365,0
1633564800000,60.0,62.29,57.39,61.52,4761648.55,1633651199999,284932245.8332,507118,2411354.51,144273240.3106,0
1633651200000,61.53,64.94,59.76,60.51,4392451.39,1633737599999,275489109.8078,477094,2159522.93,135401089.5534,0
1633737600000,60.52,62.04,59.7,60.63,1985268.84,1633823999999,120928905.5406,188297,983810.89,59926952.9165,0
1633824000000,60.63,61.01,55.39,56.51,2515959.37,1633910399999,148339876.3637,266235,1188574.61,70150873.9155,0
1633910400000,56.5,59.23,53.76,55.3,3407191.2,1633996799999,192868511.7575,278824,1766737.18,99936392.9957,0
1633996800000,55.3,55.31,51.04,54.34,4070051.4,1634083199999,216938819.8222,329753,2006304.69,106921597.8661,0
1634083200000,54.33,57.09,53.23,55.01,3632007.14,1634169599999,200467343.6212,308283,1813802.7,100109627.0646,0
1634169600000,55.0,58.46,54.92,56.18,3000941.32,1634255999999,170145411.6033,279737,1442075.65,81755187.3762,0
1634256000000,56.18,57.61,54.44,56.36,2963326.33,1634342399999,165216496.137,270204,1420902.76,79228894.7734,0
1634342400000,56.33,62.11,55.68,57.61,3914987.29,1634428799999,231345309.9484,432902,1944547.2,115010594.778,0
1634428800000,57.62,58.55,53.27,56.1,2134508.3,1634515199999,120837657.8891,201480,1047846.64,59310954.829,0
1634515200000,56.11,56.46,54.05,55.48,1553173.47,1634601599999,85853005.2004,136860,764157.83,42233902.1411,0
1634601600000,55.47,58.1,55.12,56.8,1873629.97,1634687999999,106037197.7897,181723,925229.08,52361951.259,0
1634688000000,56.81,61.64,56.7,59.66,2707834.23,1634774399999,158948106.6834,316839,1352892.52,79413401.8136,0
1634774400000,59.66,64.35,58.78,61.48,3959021.69,1634860799999,243518064.3992,541923,1969864.9,121227494.5127,0
1634860800000,61.48,68.83,61.36,65.54,5522607.5,1634947199999,362476810.848,791026,2755981.17,180871092.0203,0
1634947200000,65.54,69.18,64.51,65.38,2978489.66,1635033599999,197843936.3295,400236,1480517.43,98343976.2402,0
1635033600000,65.39,67.61,61.94,64.53,2184761.84,1635119999999,141733731.8693,269881,1075041.56,69751600.3751,0
1635120000000,64.53,69.9,64.35,69.73,2270486.65,1635206399999,151807987.9515,350486,1151803.94,77056263.028,0
1635206400000,69.74,73.01,67.61,68.66,3840473.4,1635292799999,271666008.6071,600928,1967185.95,139162687.8295,0
1635292800000,68.68,69.82,57.02,61.57,4273308.61,1635379199999,270961725.0828,521106,2098837.27,132978162.2907,0
1635379200000,61.58,64.98,61.44,64.34,2484514.38,1635465599999,157045788.6442,295480,1252581.25,79219084.8566,0
1635465600000,64.34,66.19,63.43,64.87,1513107.96,1635551999999,98234754.8459,191656,742797.37,48235154.0502,0
1635552000000,64.87,64.96,60.89,62.35,1483432.23,1635638399999,93282368.9957,163046,740509.38,46568993.8072,0
1635638400000,62.33,64.5,60.09,64.5,1531085.26,1635724799999,95846366.2233,203026,776480.45,48612563.3132,0
1635724800000,64.5,66.85,62.19,64.93,2515107.85,1635811199999,163029154.0346,349757,1237174.46,80216261.7114,0
1635811200000,64.94,68.04,64.26,67.74,1746644.56,1635897599999,115527073.8785,276001,864642.19,57212567.4008,0
1635897600000,67.75,75.57,67.09,75.55,4504183.21,1635983999999,323636741.7245,873404,2351662.36,169188250.5005,0
1635984000000,75.56,80.91,73.91,78.97,4700338.465,1636070399999,365119419.932956,922503,2467088.679,191722819.964576,0
1636070400000,78.96,81.0,72.13,74.19,2367154.9,1636156799999,181860826.7275,429939,1227654.53,94371573.1925,0
1636156800000,74.19,78.72,72.32,78.72,1708791.07,1636243199999,128788048.0346,324528,887700.33,66975252.2152,0
1636243200000,78.7,88.88,78.0,87.57,4847020.516,1636329599999,409094905.986622,1142243,2579192.108,217667699.962252,0
1636329600000,87.56,96.92,83.61,91.18,6890764.661,1636415999999,630273009.147919,1487957,3556897.871,325689964.100119,0
1636416000000,91.18,91.49,87.0,88.33,2716240.59,1636502399999,242197974.2358,531304,1356295.65,120951977.5764,0
1636502400000,88.35,94.0,78.31,85.23,4363326.07,1636588799999,387688057.0591,846206,2177532.55,193772804.74,0
1636588800000,85.19,89.56,83.73,87.88,2085731.8,1636675199999,182214801.0188,397496,1057253.27,92358249.6405,0
1636675200000,87.86,89.88,81.11,84.78,2247279.59,1636761599999,190900107.5021,438268,1137146.7,96636472.7734,0
1636761600000,84.81,98.69,84.79,97.54,3519352.278,1636847999999,326031351.049076,956436,1819376.173,168549935.054656,0
1636848000000,97.56,99.9,91.65,95.4,3548704.679,1636934399999,339169506.43396,742996,1733611.78,165957126.24304,0
1636934400000,95.4,101.7,92.0,93.9,3770997.004,1637020799999,367311805.62845,825655,1905137.534,185737146.55495,0
1637020800000,93.86,101.82,83.5,97.84,5618799.05,1637107199999,519762762.9634,1185528,2808076.43,260294461.803,0
1637107200000,97.8,110.0,91.5,107.63,7144221.098,1637193599999,724754711.624415,1664007,3746510.854,380456394.25503504,0
1637193600000,107.62,110.41,92.0,100.63,5656362.447,1637279999999,574610818.889144,1132789,2768983.937,281440812.639144,0
1637280000000,100.54,112.35,95.89,111.93,4039089.13,1637366399999,426489727.93466,1021316,2065952.37,218309191.33186,0
1637366400000,111.91,129.94,111.57,125.83,5546998.32,1637452799999,669094804.752146,1742540,2951885.426,356127778.686246,0
1637452800000,125.86,147.0,123.23,128.47,7608661.934,1637539199999,1024944849.480954,2377963,4013521.553,540589320.925854,0
1637539200000,128.52,145.0,125.76,134.84,6564376.0,1637625599999,894863160.3335,1934452,3293860.15,449223575.2731,0
1637625600000,134.84,136.49,121.75,123.83,4209995.63,1637711999999,545312344.8353,1053367,2078326.91,269031407.6721,0
1637712000000,123.83,124.68,112.64,115.24,4577775.34,1637798399999,541093685.6977,954280,2367911.6,279982205.8562,0
1637798400000,115.25,130.0,114.22,119.27,4680745.85,1637884799999,577389587.1607,1275487,2372497.33,292640502.2935,0
1637884800000,119.25,119.87,101.31,104.27,4575826.59,1637971199999,500649893.4065,936325,2287974.37,250559024.3603,0
1637971200000,104.3,118.0,103.22,113.52,2842064.96,1638057599999,316173642.0257,674302,1325823.74,147008025.7493,0
1638057600000,113.55,113.97,100.57,110.42,3365794.57,1638143999999,362016044.424,769419,1797078.7,193147003.5108,0
1638144000000,110.42,120.41,109.03,120.39,2516574.06,1638230399999,286230167.453,602880,1291437.0,146932539.4068,0
1638230400000,120.39,124.8,114.0,120.41,3625461.85,1638316799999,435034335.8015,995002,1807920.24,217020839.5836,0
1638316800000,120.42,127.41,117.25,119.65,3007063.68,1638403199999,371842650.4937,870375,1497863.61,185255974.0826,0
1638403200000,119.64,119.75,106.88,107.78,2475877.81,1638489599999,283945869.4038,572711,1212109.34,139033762.7023,0
1638489600000,107.79,113.23,100.0,108.32,3316203.87,1638575999999,355634559.8607,720092,1673872.87,179644987.637,0
1638576000000,108.36,108.81,76.57,93.05,6768729.16,1638662399999,621549884.9684,1056013,3400406.42,312302604.2152,0
1638662400000,93.02,95.5,82.55,86.35,3562051.48,1638748799999,314125316.6757,569060,1770802.26,156288691.4576,0
1638748800000,86.34,94.9,77.0,92.97,5155977.54,1638835199999,439819665.4866,756721,2603185.86,222527500.4372,0
1638835200000,92.93,96.62,88.0,89.57,2882225.85,1638921599999,268707936.5006,526949,1527575.52,142548147.9543,0
1638921600000,89.54,93.22,86.0,93.19,1976726.13,1639007999999,177886851.2276,353013,997671.35,89851429.2186,0
1639008000000,93.2,94.57,83.28,85.46,2603024.55,1639094399999,231828745.6526,423503,1258659.47,112051851.5072,0
1639094400000,85.41,91.78,80.22,80.61,3342367.08,1639180799999,288264849.1125,481767,1687411.03,145487749.8812,0
1639180800000,80.57,87.07,78.32,86.55,2324989.97,1639267199999,192503522.11,343696,1173947.72,97405342.4322,0
1639267200000,86.55,88.97,82.94,88.0,1544788.55,1639353599999,132574718.7587,259733,739352.14,63545793.4911,0
1639353600000,88.01,89.92,75.5,79.05,3604282.51,1639439999999,297920347.4361,529020,1800552.0,148808434.0422,0
1639440000000,79.05,87.46,76.31,87.17,2973253.39,1639526399999,240732813.4588,437573,1501587.85,121624859.3692,0
1639526400000,87.16,105.77,86.1,101.24,6449158.02,1639612799999,608721178.0181,1177681,3313792.42,313308554.8114,0
1639612800000,101.28,110.0,98.0,98.21,4989316.02,1639699199999,521108640.6292,953252,2465651.89,257552856.3039,0
1639699200000,98.23,116.1,98.14,110.81,6159186.26,1639785599999,661735819.1204,1279729,3056898.46,328541801.1596,0
1639785600000,110.82,117.39,105.51,115.9,3442233.16,1639871999999,387451666.1496,759562,1766938.22,198790802.8685,0
1639872000000,115.91,116.69,106.66,107.61,2140304.15,1639958399999,238953714.0242,450765,1037939.72,115881124.0796,0
1639958400000,107.61,116.33,100.96,113.55,4463038.26,1640044799999,479899741.2311,871353,2230914.05,240128993.8485,0
1640044800000,113.52,123.97,110.59,123.24,3711910.2,1640131199999,436728554.5318,870925,1892680.66,222740873.995,0
1640131200000,123.23,127.32,115.55,116.69,2949493.16,1640217599999,361612835.4384,681019,1451052.03,178038443.0833,0
1640217600000,116.68,125.06,116.22,121.4,2526919.7,1640303999999,305123263.3118,631183,1276280.06,154235684.4782,0
1640304000000,121.45,124.57,113.19,114.94,2103167.74,1640390399999,253576727.4757,506250,1050295.07,126714229.3629,0
1640390400000,114.95,116.93,112.0,115.01,1699906.82,1640476799999,195445144.1515,341094,872214.44,100346709.5123,0
1640476800000,114.99,118.0,109.28,115.02,1883628.3,1640563199999,213934618.1505,414687,945157.73,107312750.6991,0
1640563200000,115.06,120.96,113.23,113.85,1738245.11,1640649599999,203485615.8486,404877,876155.19,102626181.0361,0
1640649600000,113.85,116.73,104.33,107.06,2819996.86,1640735999999,313337643.1528,644930,1400050.98,155575046.1819,0
1640736000000,107.05,110.55,102.3,103.1,1941041.1,1640822399999,206638050.6716,452725,978519.37,104202606.3171,0
1640822400000,103.1,105.4,98.25,101.75,1935135.51,1640908799999,198166564.1976,352551,956186.23,97962458.79,0
1640908800000,101.75,111.99,100.13,109.43,2472910.64,1640995199999,262031150.6383,514427,1234662.27,130983424.9339,0
1640995200000,109.43,114.5,108.42,114.13,1211127.98,1641081599999,134625293.1149,330579,627028.08,69682559.1612,0
1641081600000,114.12,117.53,112.0,113.03,1157325.57,1641167999999,133181297.4319,349691,571906.88,65798375.3,0
1641168000000,113.02,114.13,106.01,108.11,1518111.91,1641254399999,167515698.0232,345835,749520.19,82747432.9174,0
1641254400000,108.11,109.28,102.78,103.33,1646729.79,1641340799999,174879133.658,328774,819205.64,87024270.3773,0
1641340800000,103.33,106.66,90.4,97.42,2277529.75,1641427199999,229006153.2146,432956,1105592.65,111345657.2838,0
1641427200000,97.42,97.97,91.04,95.11,1633034.05,1641513599999,154100385.5946,335865,829152.97,78263146.3338,0
1641513600000,95.1,95.54,85.0,86.74,2602084.56,1641599999999,231122016.7206,485254,1326211.24,117787846.2944,0
1641600000000,86.74,89.64,79.18,83.9,2469062.48,1641686399999,208857798.7483,365452,1243591.56,105218687.7142,0
1641686400000,83.87,91.88,82.46,89.33,1808479.57,1641772799999,157649981.2527,309607,904359.36,78809391.8535,0
1641772800000,89.32,92.4,80.1,84.36,2836094.17,1641859199999,241549190.7815,437854,1396821.62,118895540.559,0
1641859200000,84.42,91.0,83.21,89.59,1431317.89,1641945599999,124662083.4588,253209,724299.27,63136233.7584,0
1641945600000,89.57,96.89,88.8,95.94,1757081.56,1642031999999,164578221.1237,339803,915368.4,85751313.1638,0
1642032000000,95.95,97.26,89.08,89.65,1429888.43,1642118399999,133587226.4839,298322,681431.43,63752563.8082,0
1642118400000,89.65,91.77,87.23,90.39,1200068.6,1642204799999,107669260.0278,208567,621130.77,55749088.8861,0
1642204800000,90.4,94.44,89.47,92.98,914689.68,1642291199999,83986168.0084,176610,484602.03,44514246.8367,0
1642291200000,92.98,94.9,91.8,92.24,967418.87,1642377599999,90134788.7386,179015,507799.57,47338244.6609,0
1642377600000,92.25,92.5,85.34,86.67,1328305.0,1642463999999,117439344.8544,236491,667711.18,59054225.3738,0
1642464000000,86.67,87.41,83.7,86.0,1041520.48,1642550399999,89047242.5278,172814,530115.81,45340415.3168,0
1642550400000,86.03,86.38,81.08,82.61,1139560.79,1642636799999,95386563.9079,184307,593158.35,49644303.2181,0
1642636800000,82.58,87.8,78.68,79.33,1225812.76,1642723199999,103096137.4818,215550,607308.3,51159732.2755,0
1642723200000,79.32,80.38,63.93,66.06,3392205.59,1642809599999,245692803.7336,462923,1711162.63,124076163.0058,0
1642809600000,66.03,67.54,52.95,59.78,5109157.94,1642895999999,304793609.7359,571890,2547684.77,152210697.8359,0
1642896000000,59.81,66.88,59.02,64.83,2926022.98,1642982399999,184024003.363,346910,1527924.27,96088013.0908,0
1642982400000,64.8,64.83,55.14,63.06,3701249.83,1643068799999,219436865.3757,442835,1855845.5,109967550.9559,0
1643068800000,63.0,70.53,61.65,68.01,2702688.81,1643155199999,177636701.6966,347292,1421002.13,93412699.6945,0
1643155200000,68.01,73.5,64.39,65.87,3400732.97,1643241599999,234514414.3631,446906,1725739.0,119073062.028,0
1643241600000,65.87,67.96,61.06,64.7,2519156.06,1643327999999,161461952.3826,316293,1271800.12,81481603.5503,0
1643328000000,64.68,67.5,61.71,67.01,1790400.08,1643414399999,115890537.6702,245292,926339.91,59996485.3496,0
1643414400000,67.02,73.58,66.86,71.89,1662626.47,1643500799999,117157264.5093,240922,879790.44,62003908.128,0
1643500800000,71.91,72.39,66.85,67.96,1307594.65,1643587199999,91110546.7317,162101,661090.22,46080589.6339,0
1643587200000,67.94,70.65,64.25,69.87,1747136.27,1643673599999,117666155.9848,204907,887073.89,59729749.8583,0
1643673600000,69.9,73.87,68.47,73.33,1951093.27,1643759999999,138231722.0467,249796,987134.13,70003991.6427,0
1643760000000,73.32,74.86,67.43,67.79,2238866.41,1643846399999,159980250.017,270539,1135224.95,81050864.4376,0
1643846400000,67.79,69.31,64.85,68.44,1792227.65,1643932799999,120496574.823,207929,881416.28,59239870.7227,0
1643932800000,68.44,77.95,67.43,77.77,2263149.96,1644019199999,165117581.125,314829,1131464.78,82438184.1522,0
1644019200000,77.8,80.93,74.94,77.01,1700729.64,1644105599999,132702633.5855,265512,845414.47,65999176.5168,0
1644105600000,77.01,79.15,74.1,78.93,1113858.87,1644191999999,85466391.7368,178658,604990.69,46392510.6247,0
1644192000000,78.91,85.42,77.44,83.2,1879396.49,1644278399999,155038987.1721,343928,980086.66,80892337.15,0
1644278400000,83.23,95.5,81.65,86.34,5245827.4,1644364799999,460480912.0435,814942,2643485.48,232094615.7838,0
1644364800000,86.35,92.03,84.34,90.05,1774621.17,1644451199999,157888513.4879,337877,877372.6,78083865.2008,0
1644451200000,90.05,95.0,84.93,91.16,2654551.53,1644537599999,240120281.4114,527009,1329363.54,120283972.5222,0
1644537600000,91.18,92.66,80.0,81.75,2422691.49,1644623999999,211677357.3397,400391,1186574.46,103828757.0261,0
1644624000000,81.76,84.8,78.65,81.31,2173440.39,1644710399999,177934028.1932,312675,1056802.94,86540947.1729,0
1644710400000,81.29,83.28,77.49,77.91,1168439.44,1644796799999,94204752.1317,187215,560543.98,45245487.2587,0
1644796800000,77.93,82.6,76.14,81.86,1524047.88,1644883199999,121572615.579,224407,781993.12,62452359.2737,0
1644883200000,81.84,93.68,81.41,92.97,2301376.54,1644969599999,201963674.8756,385670,1167095.83,102621476.0663,0
1644969600000,92.96,97.35,91.44,95.32,2885648.71,1645055999999,271746583.1222,580477,1464324.01,137995792.5311,0
1645056000000,95.33,98.77,86.32,88.24,3177570.87,1645142399999,292577748.9156,611534,1521413.3,140133868.5164,0
1645142400000,88.24,89.99,82.35,83.67,2364097.49,1645228799999,203097006.8269,373313,1186671.34,101981214.0568,0
1645228800000,83.69,86.34,80.82,85.01,1584310.2,1645315199999,133206597.1289,268613,754588.17,63429238.5372,0
1645315200000,85.01,85.73,76.56,77.37,1851608.12,1645401599999,147802271.9346,281004,890827.91,71036631.5724,0
1645401600000,77.34,82.7,69.38,70.04,3597142.77,1645487999999,276892269.4802,444515,1790565.54,138008471.9413,0
1645488000000,70.03,74.94,67.2,74.42,3024268.59,1645574399999,215588321.2794,314877,1530453.98,109036899.6913,0
1645574400000,74.42,82.5,73.28,73.47,3483406.5,1645660799999,271858501.4036,434724,1729571.39,135001394.5617,0
1645660800000,73.46,79.98,64.45,76.39,7820713.29,1645747199999,549303006.4641,823813,3925170.98,275835746.8823,0
1645747200000,76.39,81.99,72.68,80.98,3877124.6,1645833599999,297496792.4161,478279,1977043.26,151763930.0076,0
1645833600000,80.98,84.95,78.02,81.81,2805070.69,1645919999999,228083868.7707,390264,1391497.18,113195903.6423,0
1645920000000,81.81,83.07,73.02,75.07,3334479.25,1646006399999,260467180.0454,476284,1642491.84,128367284.4518,0
1646006400000,75.06,85.88,71.76,84.54,3896436.49,1646092799999,306286202.7246,480872,1992861.54,156832815.7576,0
1646092800000,84.54,90.8,83.48,86.89,4517499.99,1646179199999,393520657.331,644503,2277969.95,198601613.4697,0
1646179200000,86.89,89.94,82.29,83.36,3048063.73,1646265599999,260108758.0945,398704,1523977.59,130101585.6057,0
1646265600000,83.35,84.33,77.02,78.5,2971518.96,1646351999999,238658273.6765,344792,1475495.96,118435485.0659,0
1646352000000,78.5,82.24,74.92,75.79,3853710.64,1646438399999,302363088.1441,467766,1835199.65,144108264.1744,0
1646438400000,75.78,78.74,73.27,76.68,1992002.84,1646524799999,151948773.5178,263839,978628.14,74677550.7802,0
1646524800000,76.69,77.1,72.09,72.51,1936414.77,1646611199999,144793634.1433,206729,905669.09,67769764.6383,0
1646611200000,72.51,76.53,70.35,71.69,2451038.1,1646697599999,178997962.3482,277344,1190390.6,86983515.5631,0
1646697600000,71.67,76.62,71.19,73.0,3043774.1,1646783999999,222357599.3989,304966,1489249.14,108830546.8893,0
1646784000000,73.02,80.44,72.34,77.63,3319070.88,1646870399999,258132353.5327,337710,1678171.9,130592246.0834,0
1646870400000,77.6,79.0,71.5,73.93,2525259.61,1646956799999,186714442.8532,284461,1241056.42,91706734.6593,0
1646956800000,73.93,76.97,70.79,71.22,3182516.66,1647043199999,235440597.1521,345943,1592097.65,117792880.3838,0
1647043200000,71.23,73.62,70.67,70.94,1178080.64,1647129599999,84879095.2408,131599,591968.66,42643962.5187,0
1647129600000,70.93,71.99,67.21,67.94,1213188.75,1647215999999,85166976.6884,149309,586840.58,41212345.4818,0
1647216000000,67.92,71.5,65.55,68.97,2929390.22,1647302399999,198926453.3651,295785,1477179.27,100218140.1666,0
1647302400000,68.97,72.24,66.04,69.82,2272701.89,1647388799999,157179065.5529,246523,1095524.0,75725585.4401,0
1647388800000,69.82,74.72,68.07,74.08,2655390.64,1647475199999,189099000.2561,312483,1322987.42,94329992.9752,0
1647475200000,74.07,81.73,73.16,79.4,3601064.66,1647561599999,282934334.3608,439260,1869326.38,146900048.107,0
1647561600000,79.4,86.95,76.48,85.71,3592188.77,1647647999999,293299235.7741,480240,1820121.99,148734170.4281,0
1647648000000,85.72,92.39,85.58,89.53,3285297.07,1647734399999,292078254.5407,450713,1686056.42,149943499.5988,0
1647734400000,89.54,89.98,84.26,84.84,2817986.41,1647820799999,245565144.812,322188,1346435.35,117369528.3034,0
1647820800000,84.87,92.5,83.02,86.25,4199445.72,1647907199999,368983120.2509,522479,2100496.06,184562453.6571,0
1647907200000,86.24,89.89,83.7,83.98,3258174.08,1647993599999,283815485.5093,405427,1594676.33,139068857.51,0
1647993600000,83.97,87.3,82.21,86.0,2633332.52,1648079999999,223267532.1525,295059,1289059.38,109292655.1473,0
1648080000000,85.99,88.3,83.63,87.56,2936844.44,1648166399999,253138344.2266,320951,1428458.32,123090564.0861,0
1648166400000,87.57,87.8,82.25,83.54,2533187.45,1648252799999,216075919.2775,284452,1176032.43,100333197.993,0
1648252800000,83.54,86.74,82.46,85.86,1350476.61,1648339199999,114857398.1833,148804,679348.63,57789544.8386,0
1648339200000,85.87,89.99,84.4,89.88,1651306.21,1648425599999,143186147.4698,202321,841756.9,73078680.3934,0
1648425600000,89.88,96.23,88.58,89.58,3900950.93,1648511999999,360373912.5381,529962,1978659.85,182983992.3636,0
1648512000000,89.57,96.46,89.27,92.74,2945036.4,1648598399999,275198995.9314,408554,1442706.82,134865115.305,0
1648598400000,92.73,100.48,89.5,95.58,3528529.66,1648684799999,336542961.0929,521269,1791992.62,171112425.2217,0
1648684800000,95.57,101.98,93.68,97.41,4416636.71,1648771199999,432476993.4168,697779,2160476.5,211602474.3797,0
1648771200000,97.43,99.8,90.26,96.83,3360841.07,1648857599999,319999605.5586,486329,1656620.0,157793634.3431,0
1648857600000,96.81,103.62,95.73,96.25,3326092.55,1648943999999,331193208.9511,509367,1645972.53,164025633.6141,0
1648944000000,96.25,100.09,94.41,98.05,2729825.05,1649030399999,266967348.6056,331240,1316753.72,128857837.9644,0
1649030400000,98.02,98.08,90.81,96.16,2600693.06,1649116799999,246731044.3401,299116,1246894.41,118333160.0134,0
1649116800000,96.16,97.7,90.6,91.06,2436266.33,1649203199999,231181134.8174,345111,1133083.17,107587692.0266,0
1649203200000,91.07,91.11,82.63,82.94,3526547.24,1649289599999,306773293.5584,458964,1632246.93,141983286.3279,0
1649289600000,82.94,88.66,81.34,87.55,3392547.98,1649375999999,287533326.7425,463282,1645649.31,139534876.5012,0
1649376000000,87.56,90.56,82.69,83.66,3189742.2,1649462399999,279883276.9184,452858,1563517.49,137242865.9731,0
1649462400000,83.66,85.56,81.88,84.55,1368929.8,1649548799999,114362501.9627,208349,650494.4,54397033.3901,0
1649548800000,84.57,85.66,80.67,81.01,1119413.47,1649635199999,93634764.7743,183036,558711.8,46748019.8906,0
1649635200000,81.0,81.54,72.73,74.35,3030700.6,1649721599999,232945107.7488,381289,1442278.13,110760776.3678,0
1649721600000,74.35,79.5,73.88,76.31,2146833.6,1649807999999,164615852.7866,347797,1031564.7,79100729.5356,0
1649808000000,76.32,80.65,75.8,80.2,1680567.89,1649894399999,131776613.7994,271729,841233.07,65953479.808,0
1649894400000,80.2,81.87,76.16,76.81,1741713.69,1649980799999,137665312.2971,246886,798430.22,63142606.9456,0
1649980800000,76.8,78.53,74.75,77.43,1318038.23,1650067199999,101105439.9883,168686,579056.01,44444328.2949,0
1650067200000,77.44,78.26,76.5,77.74,616267.4,1650153599999,47650208.097,79050,293310.69,22684624.7769,0
1650153600000,77.74,78.68,75.08,75.42,776597.8,1650239999999,60068940.3263,106308,365348.23,28269883.0376,0
1650240000000,75.41,77.95,71.5,77.73,1812465.17,1650326399999,135244038.9604,227384,882275.97,65886394.5509,0
1650326400000,77.73,81.1,76.8,80.28,1467897.35,1650412799999,115958594.8008,184872,733643.18,57978762.8644,0
1650412800000,80.27,81.31,77.46,78.21,1497709.36,1650499199999,118692630.0825,190828,685185.66,54329934.9957,0
1650499200000,78.22,80.21,74.13,75.02,1363115.38,1650585599999,105975760.6861,179006,648379.69,50434479.3204,0
1650585600000,75.01,77.22,73.33,74.03,1261738.35,1650671999999,94738870.0242,162494,570624.59,42848468.8316,0
1650672000000,74.04,74.42,72.35,72.83,865209.06,1650758399999,63820809.3641,107149,374668.61,27631323.8558,0
1650758400000,72.84,73.49,71.0,71.51,671237.21,1650844799999,48552622.7974,108363,321318.54,23255990.2692,0
1650844800000,71.5,72.99,67.36,72.88,2017379.58,1650931199999,140782638.1526,269381,973417.2,67978808.2837,0
1650931200000,72.9,73.18,67.5,68.7,1568050.0,1651017599999,109748648.9387,200668,727354.0,50978025.0686,0
1651017600000,68.7,71.98,68.32,69.86,1173322.27,1651103999999,82190463.9659,176262,568502.91,39829169.5817,0
1651104000000,69.86,70.76,66.65,67.26,1530116.95,1651190399999,104965042.1057,186555,719575.25,49395585.3191,0
1651190400000,67.26,67.99,62.2,63.4,1419116.89,1651276799999,92784258.176,180079,668345.99,43673499.0233,0
1651276800000,63.4,64.65,55.05,56.98,2393352.67,1651363199999,143451300.1155,221535,1132563.94,67903361.0006,0
1651363200000,56.98,61.14,56.27,58.77,2344079.85,1651449599999,137544274.0884,266367,1142880.38,67080671.4089,0
1651449600000,58.74,62.46,56.74,60.34,2855611.45,1651535999999,169730688.5769,300423,1380364.76,82076775.7559,0
1651536000000,60.34,62.55,58.12,59.63,1686585.01,1651622399999,101966304.5711,177566,809460.98,48954899.2421,0
1651622400000,59.63,67.64,59.3,67.27,2409142.35,1651708799999,152081544.433,267842,1255274.06,79216489.5475,0
1651708800000,67.28,69.52,56.51,59.04,4442154.36,1651795199999,273638039.0786,431253,2118662.5,130526048.2398,0
1651795200000,59.04,59.4,55.0,57.0,2822758.39,1651881599999,161307181.2507,284331,1381744.23,78967963.8766,0
1651881600000,57.0,57.53,53.24,55.04,1898625.35,1651967999999,106516306.6821,183317,933518.05,52382139.8745,0
1651968000000,55.05,55.47,50.63,51.62,3163317.55,1652054399999,167049739.6492,295120,1520872.6,80294172.5516,0
1652054400000,51.62,53.06,41.15,41.2,5783146.8,1652140799999,272639795.8991,558091,2765463.3,130316999.5888,0
1652140800000,41.2,50.32,40.0,44.58,6887935.36,1652227199999,312339162.4546,667736,3394896.01,154017065.6036,0
1652227200000,44.58,46.25,26.11,31.17,12956731.613,1652313599999,461836384.185783,1182055,6294478.68,225535851.1368,0
1652313600000,31.17,33.94,23.51,30.32,11602675.67,1652399999999,337685872.38066,857502,5774142.28,168118760.033,0
1652400000000,30.31,37.99,29.55,32.21,7405352.03,1652486399999,253666797.8129,528898,3764264.87,129063971.2182,0
1652486400000,32.2,34.32,29.27,33.93,4033165.08,1652572799999,128006346.4611,332116,2053306.71,65219174.8381,0
1652572800000,33.93,37.07,31.87,36.57,3611773.82,1652659199999,124438388.6452,332711,1811039.37,62422649.5273,0
1652659200000,36.56,36.56,31.4,32.56,4737925.3,1652745599999,157350704.4058,397953,2296091.7,76254188.4269,0
1652745600000,32.56,35.77,32.2,34.39,3323237.18,1652831999999,112815198.9734,285123,1561302.22,53014209.2363,0
1652832000000,34.4,35.16,29.37,29.58,3400565.86,1652918399999,108263640.7651,267351,1634496.79,51996484.3304,0
1652918400000,29.59,31.89,27.51,30.39,4763307.53,1653004799999,140996504.448,337233,2355840.87,69741044.4592,0
1653004800000,30.39,31.93,27.83,28.8,4866371.46,1653091199999,145419041.6331,335700,2374706.29,71045424.0933,0
1653091200000,28.8,30.61,28.19,29.89,2170197.88,1653177599999,63913906.5336,154638,1076287.42,31703254.7627,0
1653177600000,29.89,32.7,29.01,31.71,3775539.16,1653263999999,117042427.9258,231296,1862068.61,57684350.1111,0
1653264000000,31.71,33.08,28.54,29.06,4621612.58,1653350399999,144511813.8621,323865,2305620.92,72139760.8057,0
1653350400000,29.06,29.66,26.87,29.08,4251299.31,1653436799999,121105251.3119,217586,2142050.75,61006974.7687,0
1653436800000,29.07,29.68,27.11,27.25,3491521.18,1653523199999,98072485.9182,172491,1657417.91,46626594.76,0
1653523200000,27.25,28.03,22.84,23.43,7355985.5,1653609599999,182792709.9651,328080,3650714.24,90749282.0727,0
1653609600000,23.42,23.88,21.35,22.58,7882719.859,1653695999999,177611133.2118,365323,4026929.82,90752893.9231,0
1653696000000,22.57,25.73,22.17,24.76,5080017.44,1653782399999,120720303.3218,243091,2522209.62,59986581.8595,0
1653782400000,24.76,27.0,23.72,26.16,5201437.75,1653868799999,132561529.3274,241273,2608944.5,66502225.1459,0
1653868800000,26.16,28.48,25.32,27.71,6453169.48,1653955199999,175262406.7214,304571,3222388.3,87606508.9589,0
1653955200000,27.71,29.11,25.55,26.42,6372299.65,1654041599999,172488062.0101,297803,2962340.91,80269958.5256,0
1654041600000,26.43,27.03,23.2,23.68,5323660.08,1654127999999,133858856.0081,241222,2646588.4,66579207.8444,0
1654128000000,23.68,24.9,22.5,24.63,4487201.1,1654214399999,106529006.9129,184799,2206072.76,52433662.7615,0
1654214400000,24.64,24.7,22.5,23.0,3150778.48,1654300799999,73290824.5599,164522,1526430.44,35486245.8826,0
1654300800000,23.0,24.67,22.14,24.57,2472290.13,1654387199999,57438768.4109,119287,1277894.32,29742911.3432,0
1654387200000,24.58,25.2,23.93,24.18,2624339.66,1654473599999,64475667.3673,125904,1323242.63,32523206.1562,0
1654473600000,24.18,27.79,24.05,25.99,5560470.13,1654559999999,146780541.0814,275037,2782435.14,73502730.6446,0
1654560000000,26.0,26.21,23.12,24.6,7021609.51,1654646399999,171021518.2137,321648,3529455.57,85929841.7941,0
1654646400000,24.6,25.45,23.72,24.5,3467088.16,1654732799999,84737930.3327,168920,1687566.47,41260765.9433,0
1654732800000,24.51,25.38,23.72,24.41,3066998.4,1654819199999,75435070.6269,144149,1527330.73,37566226.106,0
1654819200000,24.42,24.87,21.91,22.08,3881414.9,1654905599999,90397131.151,187424,1837242.36,42803746.555,0
1654905600000,22.07,23.02,19.67,19.9,4541127.87,1654991999999,95645982.682249,188689,2199160.51,46339826.747,0
1654992000000,19.91,20.16,17.21,17.29,8238012.468,1655078399999,152911830.37817,315278,4072881.01,75639550.0184,0
1655078400000,17.29,17.5,14.58,16.11,14886625.66,1655164799999,235101972.787491,497675,7650817.15,120887171.6786,0
1655164800000,16.11,17.3,14.67,16.55,9763946.74,1655251199999,158611041.4764,347574,4880853.48,79308252.0835,0
1655251200000,16.55,18.48,14.55,18.31,10721989.07,1655337599999,172390936.9512,393023,5283116.77,85029529.9274,0
1655337600000,18.31,18.72,15.5,15.79,6686483.0,1655423999999,111859275.7599,236844,3311793.99,55391993.417,0
1655424000000,15.8,16.74,15.5,15.99,3480673.4,1655510399999,56227284.3573,136259,1793128.94,28969871.1101,0
1655510400000,16.0,16.3,13.78,14.83,5914211.73,1655596799999,87923508.6931,210183,2947199.46,43849701.8424,0
1655596800000,14.83,16.42,13.71,16.16,5183939.46,1655683199999,78016826.9856,181930,2526122.2,38043590.6036,0
1655683200000,16.17,17.87,15.32,17.1,5578156.93,1655769599999,93633945.3689,197826,2789330.65,46889299.8443,0
1655769600000,17.1,18.49,16.62,16.9,4574348.39,1655855999999,80277149.8105,189759,2282833.12,40066901.5774,0
1655856000000,16.91,17.41,15.97,16.09,4115611.37,1655942399999,68292203.5252,172541,1925205.78,31951174.2774,0
1656028800000,18.29,20.95,17.98,20.47,5577636.08,1656115199999,109018936.5958,261729,2744884.02,53662489.6463,0
1656115200000,20.47,21.68,19.86,21.36,3710311.2,1656201599999,77192072.3851,171835,1854675.72,38607719.566,0
1656201600000,21.37,22.05,19.6,19.73,3449424.73,1656287999999,72295384.4001,155279,1665804.57,34984625.0721,0
1656288000000,19.73,21.39,19.18,19.32,3808707.61,1656374399999,76891888.1857,160142,1874207.7,37813759.0742,0
1656374400000,19.33,20.53,17.99,18.12,4832850.59,1656460799999,93501229.3031,174659,2251228.06,43614310.1034,0
1656460800000,18.11,18.68,17.18,17.79,3932196.54,1656547199999,70470639.3445,146681,1974223.35,35397972.3337,0
1656547200000,17.79,17.81,15.79,16.99,3831530.37,1656633599999,63198227.862,157177,1835565.63,30299909.0046,0
1656633600000,16.98,17.68,15.8,16.12,4908972.09,1656719999999,80522290.2023,174973,2534296.85,41568838.1414,0
1656720000000,16.12,16.61,15.96,16.33,1937632.45,1656806399999,31571349.9677,76826,989266.11,16123977.0097,0
1656806400000,16.33,16.9,15.83,16.65,2285393.04,1656892799999,37164410.2695,73912,1129147.74,18381408.3778,0
1656892800000,16.65,18.06,16.31,17.92,3950488.78,1656979199999,68024108.9719,123072,1914866.62,32991951.1768,0
1656979200000,17.92,18.65,16.66,18.03,4832782.93,1657065599999,84880794.1495,156748,2360161.71,41452783.9903,0
1657065600000,18.03,19.47,17.79,19.17,4491727.98,1657151999999,83280450.0459,170986,2199995.95,40808341.2021,0
1657152000000,19.17,20.6,18.86,20.18,3901523.31,1657238399999,76864983.6822,176247,1901554.79,37472409.5234,0
1657238400000,20.18,21.12,19.42,19.72,4363644.25,1657324799999,87821365.5413,194130,2038384.17,41013092.8236,0
1657324800000,19.72,20.27,19.49,19.89,1907418.34,1657411199999,37998842.7846,86679,877806.38,17509821.4829,0
1657411200000,19.9,19.99,18.76,19.16,1946346.67,1657497599999,37489161.5989,77669,921197.99,17744504.5751,0
1657497600000,19.17,19.17,17.32,17.35,2340215.74,1657583999999,42857672.2001,92801,1121187.61,20524010.1721,0
1657584000000,17.34,18.07,16.71,16.75,2847335.47,1657670399999,49839858.6079,103131,1484098.15,25995357.8373,0
1657670400000,16.75,18.92,16.37,18.83,5090897.41,1657756799999,89070005.2478,180403,2586690.4,45277116.4543,0
1657756800000,18.82,19.98,17.78,19.76,4727801.64,1657843199999,88740816.8142,169219,2353860.73,44195899.3492,0
1657843200000,19.76,20.28,19.09,19.35,3455357.97,1657929599999,68237953.6019,139499,1691703.41,33421110.418,0
1657929600000,19.36,21.5,18.67,21.25,3961722.82,1658015999999,80100019.3021,150981,2049880.43,41484196.8286,0
1658016000000,21.25,22.12,20.57,20.63,3026561.51,1658102399999,64514389.6195,137876,1564235.54,33388163.0816,0
1658102400000,20.62,24.33,20.59,23.95,6122739.72,1658188799999,141905246.2034,308510,3107615.23,71907238.6651,0
1658188800000,23.95,26.29,23.03,24.72,6902992.92,1658275199999,169430115.2089,365496,3450475.77,84697739.3071,0
1658275200000,24.71,26.38,23.35,23.59,6483006.16,1658361599999,161853092.4101,312630,3173703.04,79381930.5934,0
1658361600000,23.59,25.46,22.64,24.99,4561440.24,1658447999999,110003521.2744,236611,2304416.6,55611725.0443,0
1658448000000,24.99,25.55,23.59,23.63,3744683.03,1658534399999,92501087.8964,180839,1798122.12,44500713.0577,0
1658534400000,23.64,24.66,22.83,23.6,2404591.64,1658620799999,56990107.37,121951,1178501.32,27954244.105,0
1658620800000,23.59,24.47,23.23,23.79,2196886.66,1658707199999,52611467.1538,109462,1086079.27,26014807.3572,0
1658707200000,23.79,23.85,20.89,20.92,3848762.01,1658793599999,84930134.7557,153814,1802792.93,39746788.8425,0
1658793600000,20.93,20.99,19.55,20.71,2582466.15,1658879999999,52645693.9441,115446,1258528.76,25684542.1281,0
1658880000000,20.72,23.49,20.21,23.39,4294616.47,1658966399999,94226960.716,193914,2191756.01,48080048.9068,0
1658966400000,23.38,24.69,22.42,24.2,5656707.22,1659052799999,133111101.3228,235308,2896497.01,68181355.813,0
1659052800000,24.21,25.37,23.46,24.49,4714786.88,1659139199999,115555937.2032,236251,2246051.53,55083541.9025,0
1659139200000,24.49,25.83,23.91,24.23,3897237.98,1659225599999,96753191.0425,182629,1925055.22,47823770.6179,0
1659225600000,24.24,25.22,23.53,23.72,2308947.34,1659311999999,56527396.8309,129722,1122914.04,27496619.0606,0
1659312000000,23.72,24.33,22.96,23.57,2662595.41,1659398399999,62745803.362,135445,1299521.61,30650388.277,0
1659398400000,23.58,24.0,22.24,22.85,2826174.06,1659484799999,64873075.0473,153939,1354417.51,31081985.5045,0
1659484800000,22.85,24.19,22.28,23.04,2493366.49,1659571199999,58666961.2897,129428,1186816.22,27917128.0775,0
1659571200000,23.04,24.0,22.88,23.36,1991779.1,1659657599999,46603456.1696,108622,960084.39,22467829.4211,0
1659657600000,23.36,24.98,23.11,24.95,2970807.41,1659743999999,71911103.7239,141282,1512814.96,36615564.1656,0
1659744000000,24.95,26.94,24.71,26.63,3517848.23,1659830399999,90802307.6147,188092,1780044.41,45970706.7198,0
1659830400000,26.64,28.5,25.82,27.9,3666990.33,1659916799999,100105202.9741,212179,1956146.48,53394287.8772,0
1659916800000,27.89,30.89,27.57,27.91,5280186.71,1660003199999,153304278.194,288110,2529012.91,73503880.7074,0
1660003200000,27.9,28.81,26.96,27.42,3737879.06,1660089599999,103796158.7161,214507,1854792.52,51542732.1388,0
1660089600000,27.41,30.2,26.6,29.18,4778667.33,1660175999999,137305889.0601,273581,2378089.1,68329819.5479,0
1660176000000,29.17,30.09,28.31,28.53,3518091.35,1660262399999,103317894.7929,201223,1719484.47,50537112.6849,0
1660262400000,28.53,29.45,28.07,29.34,2021882.17,1660348799999,58337335.9316,119434,999233.23,28836765.015,0
1660348800000,29.33,30.35,28.87,29.16,2359927.97,1660435199999,69907009.0087,142268,1179045.78,34957610.2701,0
1660435200000,29.16,29.85,27.84,28.18,2248073.33,1660521599999,64988394.3261,130836,1050081.54,30370507.9926,0
1660521600000,28.19,29.3,27.03,27.88,2302258.65,1660607999999,64486401.724,152333,1136843.01,31857280.7165,0
1660608000000,27.87,28.41,26.93,27.1,1936702.68,1660694399999,53465184.0986,127419,911313.87,25169172.9365,0
1660694400000,27.11,28.23,25.26,25.55,2779421.89,1660780799999,74164986.6136,162009,1263358.76,33745396.7849,0
1660780800000,25.56,26.29,23.95,24.21,1882128.59,1660867199999,47936727.7977,116615,858978.65,21915857.6701,0
1660867200000,24.2,24.43,21.32,22.44,4153725.4,1660953599999,94492597.6279,229186,2020495.29,45959911.862,0
1660953600000,22.44,23.09,21.63,22.3,2536233.27,1661039999999,57061226.7197,134352,1271440.87,28620213.8004,0
1661040000000,22.3,23.55,22.15,22.97,2347004.68,1661126399999,53636289.7807,104136,1156781.26,26442388.7994,0
1661126400000,22.98,23.0,21.61,22.55,2133704.42,1661212799999,47474582.5875,111464,1006324.04,22393169.6599,0
1661212800000,22.56,23.74,21.83,23.5,2722607.74,1661299199999,62474113.7116,128125,1373973.09,31535051.4459,0
1661299200000,23.52,23.64,22.81,23.01,1854532.2,1661385599999,43048285.0183,95242,849796.15,19731469.6013,0
1661385600000,23.02,23.65,22.67,22.99,1649374.38,1661471999999,38241132.9786,80532,768062.67,17807847.6839,0
1661472000000,22.99,23.23,20.34,20.66,3844695.98,1661558399999,84942786.8875,168622,1836659.69,40603126.1776,0
1661558400000,20.65,20.91,19.79,20.03,2352564.36,1661644799999,47965033.3397,116152,1124339.54,22931661.3095,0
1661644800000,20.04,20.47,18.05,18.53,2506950.07,1661731199999,48794607.6013,114515,1175587.04,22923759.5785,0
1661731200000,18.53,19.47,17.48,19.32,5227679.45,1661817599999,96618014.2809,190665,2736259.5,50582149.4404,0
1661817600000,19.32,20.66,18.87,19.39,4781627.02,1661903999999,94435865.1623,187396,2245267.37,44361432.3281,0
1661904000000,19.4,20.07,18.99,19.14,2920043.96,1661990399999,57342208.6564,115381,1439761.69,28300900.6899,0
1661990400000,19.14,19.47,18.33,19.33,2037932.03,1662076799999,38594956.8814,86520,993767.65,18828296.0006,0
1662076800000,19.32,19.66,18.68,18.86,2012974.14,1662163199999,38625221.5425,84297,955452.16,18340347.5455,0
1662163200000,18.86,19.01,18.57,18.89,869692.47,1662249599999,16369829.9545,38992,408854.65,7699307.4173,0
1662249600000,18.89,19.15,18.73,19.01,1137571.79,1662335999999,21551297.1063,53906,550379.89,10431964.7533,0
1662336000000,19.02,19.49,18.44,19.44,1355494.58,1662422399999,25508294.3122,63974,701746.15,13211135.9436,0
1662422400000,19.45,20.49,18.15,18.21,3455459.74,1662508799999,67442239.4924,167502,1646595.17,32165048.8277,0
1662508800000,18.21,19.31,17.84,19.01,1888919.24,1662595199999,35050761.1009,88521,923577.75,17150840.5912,0
1662595200000,19.0,19.16,18.4,19.13,1853702.72,1662681599999,34930709.8168,74167,845204.95,15933892.7664,0
1662681600000,19.13,20.81,19.1,20.38,2646242.57,1662767999999,53253439.0905,112839,1359430.76,27358615.208,0
1662768000000,20.39,21.17,20.04,20.44,2316069.87,1662854399999,47427759.2717,83914,1125531.11,23056536.3747,0
1662854400000,20.44,20.95,19.95,20.68,1721338.28,1662940799999,35240722.97,70362,872202.93,17860645.679,0
1662940800000,20.67,21.91,20.06,21.38,4690982.41,1663027199999,99043842.081,180428,2346186.39,49558766.5164,0
1663027200000,21.38,21.8,18.76,18.87,4534638.7,1663113599999,92668116.2707,183766,2203202.37,45104956.7554,0
1663113600000,18.87,19.31,18.44,19.12,2492314.62,1663199999999,47348631.7098,97924,1209827.8,22988446.2532,0
1663200000000,19.12,19.37,18.09,18.21,2502262.69,1663286399999,46901200.1005,101776,1167906.8,21897617.3495,0
1663286400000,18.21,18.31,17.56,18.05,2145273.72,1663372799999,38526933.6731,80703,1029657.24,18503751.1219,0
1663372800000,18.05,18.59,18.04,18.48,1309153.1,1663459199999,23994677.904,48047,648730.28,11890235.1452,0
1663459200000,18.48,18.78,16.29,16.7,3634544.44,1663545599999,65818534.2525,113290,1776641.7,32204385.8497,0
1663545600000,16.7,17.38,16.39,17.28,2420422.85,1663631999999,40842271.3873,101233,1197816.13,20211967.8532,0
1663632000000,17.28,17.43,16.58,16.65,1816611.71,1663718399999,30790481.1405,69684,823039.69,13953230.714,0
1663718400000,16.65,17.94,16.19,16.55,3111286.16,1663804799999,52921370.2192,123223,1486783.41,25310632.3084,0
1663804800000,16.54,17.88,16.39,17.68,2032595.22,1663891199999,35134402.1074,86250,973099.47,16809510.4369,0
1663891200000,17.68,18.24,17.15,17.97,1946185.89,1663977599999,34336321.9701,85718,914320.74,16131733.5187,0
1663977600000,17.97,18.19,17.54,17.6,1139374.01,1664063999999,20411672.7665,51150,523936.85,9390093.2033,0
1664064000000,17.6,17.88,17.13,17.32,854961.36,1664150399999,15033056.613,40984,395721.68,6962113.6255,0
1664150400000,17.32,17.59,16.97,17.57,1339230.13,1664236799999,23207341.0084,58291,600099.9,10399095.6802,0
1664236800000,17.57,18.5,16.99,17.3,3034663.42,1664323199999,53906064.5911,103452,1469614.51,26123867.4822,0
1664323200000,17.3,17.45,16.73,17.26,1969129.47,1664409599999,33619299.3001,70283,903863.02,15426405.2414,0
1664409600000,17.26,17.39,16.88,17.35,1200459.71,1664495999999,20605132.4084,52021,552729.97,9492329.1781,0
1664496000000,17.35,17.74,17.01,17.2,1992313.11,1664582399999,34562981.0959,72815,887428.72,15402988.2631,0
1664582400000,17.21,17.3,16.86,16.95,614626.35,1664668799999,10524442.5384,26388,274130.91,4693141.7299,0
1664668800000,16.96,17.18,16.47,16.53,1072930.57,1664755199999,18046517.701,38942,492667.38,8292392.7257,0
1664755200000,16.54,17.32,16.34,17.14,1488274.32,1664841599999,25069377.1321,51149,715807.99,12059747.779,0
1664841600000,17.15,17.55,17.07,17.44,1156113.08,1664927999999,20051175.9375,43667,531048.09,9212593.4804,0
1664928000000,17.45,17.49,16.94,17.39,1304224.29,1665014399999,22465876.3988,41511,594528.94,10247357.7399,0
1665014400000,17.39,17.67,16.98,17.04,1151476.36,1665100799999,19965830.7857,44952,524649.74,9099327.1313,0
1665100800000,17.04,17.17,16.72,16.9,1022147.52,1665187199999,17308008.5666,37624,488057.15,8265528.2519,0
1665187200000,16.9,16.99,16.62,16.79,338134.43,1665273599999,5695921.6869,15706,149850.84,2523953.3398,0
1665273600000,16.79,16.99,16.7,16.9,412498.93,1665359999999,6967302.0431,17147,169148.7,2857783.8245,0
1665360000000,16.9,17.24,16.17,16.21,1180161.9,1665446399999,19644070.2996,43272,478891.04,7978226.7043,0
1665446400000,16.21,16.32,15.59,15.95,1530642.33,1665532799999,24426447.7717,57174,708689.7,11308560.5878,0
1665532800000,15.95,16.17,15.83,15.96,695088.15,1665619199999,11123567.7349,29851,312969.06,5010012.0066,0
1665619200000,15.95,15.99,14.42,15.66,3240864.9,1665705599999,49173365.3481,119938,1389757.82,21086851.4503,0
1665705600000,15.65,16.4,15.54,15.67,1482124.17,1665791999999,23800954.9486,59464,706196.1,11351445.1565,0
1665792000000,15.67,15.78,15.36,15.43,578141.35,1665878399999,9036562.1914,26523,260429.53,4072112.1705,0
1665878400000,15.42,15.88,15.41,15.75,853653.89,1665964799999,13369946.9468,30772,417670.32,6544618.0644,0
1665964800000,15.75,16.27,15.65,16.18,1239751.09,1666051199999,19846422.0125,47077,561673.89,8993811.1329,0
1666051200000,16.17,16.36,15.54,15.88,1504483.22,1666137599999,24040475.9688,52237,674613.07,10796059.382,0
1666137600000,15.87,15.92,15.01,15.06,1799942.85,1666223999999,27939027.3733,56344,795260.81,12352720.9087,0
1666224000000,15.06,15.48,14.87,15.14,1584061.75,1666310399999,24150832.8479,54392,777814.51,11867258.5092,0
1666310400000,15.15,15.75,14.58,15.69,1889118.85,1666396799999,28502925.4878,64394,888029.17,13413069.6541,0
1666396800000,15.69,15.93,15.52,15.69,690851.93,1666483199999,10849899.7032,31160,298421.9,4690050.6764,0
1666483200000,15.69,16.42,15.59,16.31,1416439.93,1666569599999,22490705.0268,43579,692522.35,11008321.8226,0
1666569600000,16.31,16.49,15.63,15.75,1061043.2,1666655999999,16914865.2758,43678,435282.08,6943597.1121,0
1666656000000,15.75,17.05,15.59,16.64,2100542.67,1666742399999,34578701.1367,85268,997776.22,16421296.1115,0
1666742400000,16.63,17.34,16.63,17.0,2023800.42,1666828799999,34494169.4071,87045,958471.07,16346088.4405,0
1666828800000,17.0,17.51,16.82,16.88,2138708.14,1666915199999,36663397.1941,89839,948159.9,16264698.8927,0
1666915200000,16.89,18.4,16.73,18.33,2746152.29,1667001599999,48345341.0575,115111,1314853.89,23173915.1406,0
1667001600000,18.33,18.9,18.16,18.29,2028623.81,1667087999999,37576884.4458,91487,936592.03,17356229.2221,0
1667088000000,18.29,18.83,17.92,18.26,1629726.62,1667174399999,29975111.9536,76423,769721.16,14171500.7799,0
1667174400000,18.25,19.83,18.18,19.28,3179542.03,1667260799999,60591776.9596,145326,1542082.47,29393286.5773,0
1667260800000,19.28,19.53,18.57,18.62,1699673.61,1667347199999,32377757.0668,75815,764968.41,14567019.4597,0
1667347200000,18.63,18.77,17.43,17.91,2488654.37,1667433599999,45110928.4886,117703,1145613.21,20770266.7077,0
1667433600000,17.92,18.87,17.8,18.03,1411887.43,1667519999999,26036994.7785,70670,659188.88,12160176.6939,0
1667520000000,18.03,19.69,17.88,19.38,2208518.7,1667606399999,41923040.8882,110457,1070119.67,20321510.0332,0
1667606400000,19.39,20.63,19.18,19.61,2448681.6,1667692799999,48469218.0474,116490,1223613.67,24245841.0286,0
1667692800000,19.6,19.75,18.17,18.23,1243880.65,1667779199999,23822790.2064,68460,522758.02,10031325.7395,0
1667779200000,18.23,18.87,17.73,18.08,1903927.05,1667865599999,34924563.7031,94775,957027.37,17579105.3221,0
1667865600000,18.08,18.16,14.82,16.02,7033866.0,1667951999999,116404186.1247,330366,3496248.41,57843044.0936,0
1667952000000,16.02,16.16,12.03,12.91,6217665.583,1668038399999,87647850.361,334700,2914249.29,41138134.4801,0
1668038400000,12.92,15.94,12.68,15.42,4437282.29,1668124799999,64303289.1313,272842,2176498.08,31510437.3092,0
1668124800000,15.41,15.46,13.58,14.13,3576037.51,1668211199999,51389554.8975,166243,1626122.4,23370682.3034,0
1668211200000,14.13,14.15,12.89,13.09,1559675.2,1668297599999,20829151.8379,79497,774181.11,10325407.5053,0
1668297600000,13.1,13.36,12.7,13.02,1769291.13,1668383999999,23109788.427,89497,868642.15,11343776.0791,0
1668384000000,13.03,13.61,12.06,13.14,2870740.18,1668470399999,37097586.7726,134745,1364670.75,17657390.3358,0
1668470400000,13.14,14.01,13.02,13.51,1631061.03,1668556799999,21987082.7015,84985,834962.62,11260048.2671,0
1668556800000,13.52,13.75,12.81,13.07,1270112.16,1668643199999,16843360.9951,59989,598939.22,7953647.8829,0
1668643200000,13.07,13.36,12.64,12.87,1670047.32,1668729599999,21668784.7522,97864,701452.29,9122360.7611,0
1668729600000,12.86,13.32,12.85,13.0,1339374.3,1668815999999,17579117.6555,49729,637314.75,8371091.0861,0
1668816000000,13.0,13.0,12.49,12.89,699870.16,1668902399999,8938900.1497,37461,343227.67,4382889.087,0
1668902400000,12.9,13.14,12.07,12.19,1130084.38,1668988799999,14306320.7457,54171,492014.36,6232486.975,0
1668988800000,12.19,12.2,11.57,11.82,1802036.274,1669075199999,21454814.800044,91929,855051.05,10186666.9314,0
1669075200000,11.82,12.38,11.44,12.36,2051456.21,1669161599999,24488339.0121,78744,973143.29,11616660.3635,0
1669161600000,12.36,13.07,12.35,13.06,1871100.38,1669247999999,23748492.9436,70885,931115.28,11821958.9392,0
1669248000000,13.07,13.4,12.75,12.95,1358354.49,1669334399999,17703958.3823,56106,678324.24,8842282.2784,0
1669334400000,12.95,13.04,12.52,12.82,915142.46,1669420799999,11689727.1337,40351,413179.63,5278880.5922,0
1669420800000,12.82,13.25,12.62,12.78,903394.4,1669507199999,11722267.4662,35720,427509.84,5550032.0529,0
1669507200000,12.77,13.26,12.69,12.86,893001.06,1669593599999,11640762.8903,36215,443825.57,5785616.1652,0
1669593600000,12.86,12.99,11.99,12.45,1800437.67,1669679999999,22222101.9348,63682,837532.03,10338421.4246,0
1669680000000,12.46,12.72,12.28,12.47,1718397.88,1669766399999,21412085.9319,50852,844599.57,10526122.1146,0
1669766400000,12.47,13.2,12.46,13.15,1761126.78,1669852799999,22686530.1629,61382,867989.12,11190963.305,0
1669852800000,13.15,13.32,12.79,12.9,1309898.35,1669939199999,17065733.2536,44556,593455.0,7736802.0038,0
1669939200000,12.9,13.66,12.79,13.58,1771717.38,1670025599999,23420469.0879,58874,894655.31,11842740.9374,0
1670025600000,13.59,13.9,13.28,13.4,1661995.09,1670111999999,22577498.2203,54126,781815.48,10631030.9342,0
1670112000000,13.4,13.95,13.4,13.93,1096735.8,1670198399999,15019193.1526,37001,553409.04,7581306.9555,0
1670198400000,13.93,14.35,13.38,13.6,1432042.28,1670284799999,19940977.5445,56064,611948.05,8525360.6817,0
1670284800000,13.6,13.69,13.45,13.67,800288.63,1670371199999,10864920.8922,29258,373219.02,5068072.7143,0
1670371200000,13.68,13.7,13.0,13.28,1097954.06,1670457599999,14529973.5434,40308,511843.06,6771811.1002,0
1670457600000,13.28,13.55,13.06,13.42,894124.36,1670543999999,11886533.871,31767,430469.59,5726005.2651,0
1670544000000,13.41,13.63,13.36,13.46,726329.12,1670630399999,9787916.6676,27422,319737.46,4310417.6349,0
1670630400000,13.46,14.06,13.34,13.49,507889.21,1670716799999,6843832.1246,20141,261694.17,3530082.8911,0
1670716800000,13.49,13.5,12.92,12.98,611673.63,1670803199999,8131725.491,21032,265696.1,3535819.5356,0
1670803200000,12.98,13.06,12.52,13.0,1072315.11,1670889599999,13703529.5112,35100,483401.45,6177264.6342,0
1670889600000,13.01,14.4,12.55,13.76,3034773.16,1670975999999,41179331.0593,83596,1497866.18,20341271.3904,0
1670976000000,13.76,14.19,13.56,13.71,1646728.29,1671062399999,22776759.191,56892,769598.27,10643941.2942,0
1671062400000,13.71,13.89,13.06,13.17,1230073.86,1671148799999,16592093.0849,43051,533477.34,7198683.7725,0
1671148800000,13.17,13.29,11.59,11.84,1740839.24,1671235199999,21790798.4289,63749,794622.19,9939725.4557,0
1671235200000,11.84,11.99,11.52,11.95,853841.63,1671321599999,10105246.8081,30625,407362.4,4820904.6425,0
1671321600000,11.96,12.03,11.79,11.93,640622.87,1671407999999,7633150.046,20008,313555.02,3738010.5177,0
1671408000000,11.93,12.1,11.15,11.39,991190.79,1671494399999,11668610.534185,35223,451451.81,5314837.2025,0
1671494400000,11.4,12.05,11.34,11.95,1211409.88,1671580799999,14296618.9595,41327,623732.34,7352162.0889,0
1671580800000,11.95,11.98,11.62,11.71,551520.66,1671667199999,6506060.4595,19565,235701.65,2781514.1323,0
1671667200000,11.71,11.87,11.45,11.85,624119.17,1671753599999,7283872.3767,23366,293811.72,3430953.5228,0
1671753600000,11.85,11.89,11.67,11.79,503382.85,1671839999999,5937729.9395,18680,225519.65,2661261.4506,0
1671840000000,11.79,11.83,11.64,11.67,345957.08,1671926399999,4049809.0611,11490,157203.33,1840753.8687,0
1671926400000,11.68,11.74,11.51,11.68,630940.44,1672012799999,7337612.6817,18535,306782.59,3570082.9272,0
1672012800000,11.69,11.78,11.57,11.71,656385.55,1672099199999,7656416.0539,18122,308039.91,3594226.4413,0
1672099200000,11.72,11.8,11.53,11.64,843496.11,1672185599999,9850159.6938,21921,430387.88,5026466.5325,0
1672185600000,11.64,11.68,11.09,11.21,964246.13,1672271999999,10923045.5237,31624,415099.49,4700419.7274,0
1672272000000,11.22,11.22,10.61,10.98,1028379.841,1672358399999,11301860.6359,32046,471274.94,5175209.5656,0
1672358400000,10.98,10.99,10.54,10.87,1037690.22,1672444799999,11198174.8159,31399,453269.11,4893434.577,0
1672444800000,10.87,11.08,10.84,10.9,444155.56,1672531199999,4857394.4764,14609,218700.3,2392601.5488,0
1672531200000,10.9,10.94,10.64,10.87,855821.06,1672617599999,9249941.8978,21402,381499.71,4128976.5008,0
1672617600000,10.87,11.27,10.7,11.16,989618.96,1672703999999,10953267.1929,31194,492692.74,5454164.9642,0
1672704000000,11.16,11.56,11.06,11.38,1149421.99,1672790399999,12997288.6574,38316,587580.51,6645158.9141,0
1672790400000,11.38,12.3,11.34,12.08,1889080.62,1672876799999,22490498.4746,64500,935905.54,11143445.3294,0
1672876800000,12.09,12.17,11.67,11.74,1194570.76,1672963199999,14222201.1644,36141,493002.33,5866842.7102,0
1672963200000,11.74,11.82,11.36,11.78,1216666.03,1673049599999,14101544.1238,46048,567444.06,6580134.7831,0
1673049600000,11.79,11.87,11.65,11.75,508959.94,1673135999999,5985646.5635,21512,230982.29,2716977.4441,0
1673136000000,11.75,12.16,11.58,12.09,981816.74,1673222399999,11647536.7681,33236,476623.13,5656765.4757,0
1673222400000,12.09,12.65,12.08,12.19,2600007.21,1673308799999,32255972.1024,84895,1213410.77,15064637.119,0
1673308800000,12.19,12.95,12.02,12.73,1873010.99,1673395199999,23491606.0824,77871,918010.86,11524500.368,0
1673395200000,12.73,16.04,12.25,15.86,9296759.42,1673481599999,132279457.6421,266430,4612242.7,65611274.7687,0
1673481600000,15.86,16.5,14.65,15.43,8264385.87,1673567999999,128324493.7387,250148,3828088.99,59424928.064,0
1673568000000,15.44,16.6,14.95,15.96,5273534.1,1673654399999,82831558.9907,148488,2524579.04,39686555.45,0
1673654400000,15.97,18.54,15.79,16.94,10287102.04,1673740799999,173965988.3405,326559,4860669.38,82241022.1996,0
1673740800000,16.93,17.2,16.0,16.8,4678970.49,1673827199999,77619943.4289,132855,2235395.55,37082471.7675,0
1673827200000,16.79,17.34,16.06,16.74,3928124.39,1673913599999,65558570.1181,129516,1920179.97,32054784.5233,0
1673913600000,16.74,18.21,16.53,17.12,4359330.19,1673999999999,75441940.8281,155011,2091272.8,36183121.3433,0
1674000000000,17.13,17.41,15.5,15.82,4109688.2,1674086399999,68053868.0695,158251,1923699.32,31880661.8713,0
1674086400000,15.81,16.3,15.7,16.19,2010163.26,1674172799999,32167560.4171,70162,1020085.91,16328080.8572,0
1674172800000,16.19,17.57,15.86,17.48,3086123.26,1674259199999,52088871.6914,113555,1578870.16,26688052.9284,0
1674259200000,17.49,17.76,16.83,16.88,3798234.96,1674345599999,65666701.1346,137720,1823943.92,31538115.9426,0
1674345600000,16.87,18.45,16.79,17.34,4196670.88,1674431999999,74112784.9288,170915,2061943.47,36410316.3857,0
1674432000000,17.34,18.32,17.21,17.97,3276110.41,1674518399999,58109928.7652,128488,1623759.88,28811702.1268,0
1674518400000,17.97,18.97,16.75,17.0,3499087.1,1674604799999,63299881.8824,141829,1666958.29,30158424.5687,0
1674604800000,16.99,18.27,16.52,17.79,2663219.54,1674691199999,46158913.4755,116578,1312366.78,22736697.3765,0
1674691200000,17.8,18.8,17.78,18.08,3441891.58,1674777599999,62599123.0271,133463,1689432.2,30728305.609,0
1674777600000,18.09,21.67,17.45,21.2,4903029.78,1674863999999,94906857.286,218259,2495733.12,48430093.145,0
1674864000000,21.19,21.81,20.05,20.54,4474456.15,1674950399999,92788078.5668,214025,2128503.16,44127817.278,0
1674950400000,20.54,21.17,20.08,20.99,2599913.75,1675036799999,53766064.5748,118117,1251701.4,25902850.2679,0
1675036800000,20.99,21.31,19.25,19.74,4917486.44,1675123199999,100246091.3726,221186,2283043.41,46508852.8891,0
1675123200000,19.73,20.19,19.31,19.8,2564633.38,1675209599999,50668727.6835,116068,1259643.0,24885973.6439,0
1675209600000,19.8,21.06,18.69,20.95,4614268.07,1675295999999,90846309.1929,205928,2221789.04,43789246.9059,0
1675296000000,20.95,22.79,20.82,21.21,6298959.25,1675382399999,138528657.3109,282389,3164253.08,69632700.5462,0
1675382400000,21.21,21.96,20.68,21.36,3283902.72,1675468799999,69851250.2882,134423,1601886.6,34079514.5386,0
1675468800000,21.35,21.69,20.84,21.04,2173964.82,1675555199999,46196243.1034,79384,1036507.74,22031085.0747,0
1675555200000,21.03,21.15,19.71,20.08,2975611.73,1675641599999,60549243.965,121657,1394561.71,28383963.0722,0
1675641600000,20.09,20.43,19.42,19.58,1856607.05,1675727999999,37135408.5358,79434,851612.7,17042696.1855,0
1675728000000,19.58,21.0,19.51,20.83,2538688.73,1675814399999,51363309.0135,91395,1199337.96,24275783.4925,0
1675814400000,20.83,21.02,19.62,20.11,1760631.93,1675900799999,35859512.546,71120,823607.93,16777244.0712,0
1675900800000,20.11,20.24,17.44,17.9,3124670.9,1675987199999,59484285.4498,131853,1465007.83,27903113.5577,0
1675987200000,17.9,18.24,17.49,17.79,1666736.69,1676073599999,29903620.4367,76377,771260.93,13837969.5826,0
1676073600000,17.78,18.11,17.66,18.01,937640.27,1676159999999,16751422.8724,39047,494116.79,8828545.5644,0
1676160000000,18.02,18.49,17.52,17.78,2661843.26,1676246399999,48228890.5391,70468,1335404.74,24198894.2308,0
1676246400000,17.78,17.86,16.84,17.63,1833234.74,1676332799999,31820834.9284,87923,866618.35,15051925.0202,0
1676332800000,17.63,18.29,17.11,18.14,2085039.59,1676419199999,37075845.4141,87263,1029369.36,18313170.9647,0
1676419200000,18.15,19.96,17.91,19.94,2162105.31,1676505599999,40826355.6404,99936,1067031.31,20133347.1173,0
1676505600000,19.94,20.39,18.55,18.59,3100356.46,1676591999999,61105350.7748,140323,1549490.17,30573875.8693,0
1676592000000,18.59,19.65,18.48,19.45,1832312.79,1676678399999,35095475.7303,80573,921938.14,17664534.4376,0
1676678400000,19.46,20.11,19.29,19.54,2371957.08,1676764799999,46716045.9388,76229,1115998.72,21976907.3585,0
1676764800000,19.55,20.42,19.26,19.81,2282135.36,1676851199999,45314544.0159,101816,1135678.94,22553960.8134,0
1676851200000,19.8,21.38,19.02,20.82,3948087.09,1676937599999,81441043.3782,171667,1966268.67,40542431.7293,0
1676937600000,20.82,21.66,19.9,20.98,4109262.76,1677023999999,85273752.9331,184604,1928797.32,40006123.6589,0
1677024000000,20.98,21.56,19.58,20.32,5077444.91,1677110399999,104139370.1629,230420,2540792.73,52152624.7566,0
1677110400000,20.31,20.73,19.52,19.71,2303332.47,1677196799999,46332361.7526,103780,1137057.21,22871268.083,0
1677196800000,19.72,19.82,18.03,18.39,2530031.98,1677283199999,47774650.8463,124859,1142944.0,21567866.6675,0
1677283200000,18.39,18.62,17.44,17.94,2202952.2,1677369599999,39855273.9764,99102,1056840.05,19131714.6528,0
1677369600000,17.95,18.57,17.82,18.43,1010025.02,1677455999999,18383792.2546,49294,499659.55,9096696.9508,0
1677456000000,18.44,18.65,17.71,17.93,1411212.86,1677542399999,25607343.4992,69043,699276.47,12690222.831,0
1677542400000,17.93,17.94,16.93,17.09,1522776.6,1677628799999,26587579.4305,83367,701263.8,12253812.3503,0
1677628800000,17.1,17.83,16.98,17.77,1103389.17,1677715199999,19397437.1369,59976,545155.92,9590814.1955,0
1677715200000,17.76,17.86,17.11,17.47,877078.59,1677801599999,15201011.8628,48274,433473.33,7510530.1864,0
1677801600000,17.47,17.48,15.81,16.66,2000407.8,1677887999999,32767139.749,109630,909244.71,14885914.667,0
1677888000000,16.66,16.9,15.74,16.14,1088928.35,1677974399999,17813346.6153,55412,513460.96,8398307.435,0
1677974400000,16.14,16.52,16.06,16.14,745976.87,1678060799999,12167464.0171,36705,357630.17,5835790.8818,0
1678060800000,16.14,16.7,15.82,16.52,1348393.86,1678147199999,22002952.4546,62809,667778.08,10900902.2129,0
1678147200000,16.51,16.73,15.85,16.17,1448118.8,1678233599999,23503545.9709,60776,714768.86,11604178.0807,0
1678233600000,16.17,16.26,15.0,15.12,1623242.29,1678319999999,25433756.3182,73449,771893.28,12107898.4576,0
1678320000000,15.11,15.69,14.2,14.41,2487752.3,1678406399999,36998124.5741,99840,1187941.64,17662644.915,0
1678406400000,14.42,15.28,13.88,14.8,3176465.15,1678492799999,46183612.8182,119870,1540827.16,22422547.6658,0
1678492800000,14.79,15.19,13.93,14.51,2626062.79,1678579199999,37866487.3328,98297,1240649.9,17883292.5983,0
1678579200000,14.51,16.29,14.2,16.18,2935250.36,1678665599999,44631183.8229,122733,1479085.98,22513270.1774,0
1678665600000,16.17,16.78,15.45,16.47,3653015.82,1678751999999,59049962.2486,148001,1900443.04,30734652.6131,0
1678752000000,16.47,17.91,16.07,17.15,4819447.82,1678838399999,81970536.5017,178933,2372347.04,40349114.0359,0
1678838400000,17.15,17.42,15.33,15.55,3381885.34,1678924799999,55175959.11,140842,1741913.93,28402349.8549,0
1678924800000,15.55,16.09,15.24,15.83,2101663.41,1679011199999,32958246.0935,100362,1029908.28,16153612.1373,0
1679011200000,15.83,17.77,15.63,17.64,2625807.19,1679097599999,43768970.6909,115037,1298886.2,21661440.4287,0
1679097600000,17.64,18.25,16.85,16.98,2990812.4,1679183999999,52378447.6722,136502,1480154.44,25937012.8701,0
1679184000000,16.99,18.08,16.96,17.53,1927204.31,1679270399999,33932059.2696,98288,963515.28,16966851.8032,0
1679270400000,17.53,17.78,16.52,16.64,2421215.7,1679356799999,41698320.5881,116510,1173258.36,20213283.8067,0
1679356800000,16.64,17.55,16.33,17.44,2044599.43,1679443199999,34835823.5463,104711,992414.4,16906936.0449,0
1679443200000,17.43,17.93,16.26,16.74,3533834.3,1679529599999,60899575.6477,169008,1786269.11,30808991.6801,0
1679529600000,16.75,17.9,16.57,17.54,2132767.64,1679615999999,37044717.0507,96695,1155161.39,20077835.8896,0
1679616000000,17.54,17.65,16.66,16.95,1168422.63,1679702399999,20031297.7932,60816,545083.44,9352234.7491,0
1679702400000,16.96,17.15,16.38,16.89,1012240.42,1679788799999,16953254.578,59680,521230.9,8728128.3172,0
1679788800000,16.89,17.29,16.86,17.12,842868.94,1679875199999,14393944.7026,45051,409217.77,6991862.7907,0
1679875200000,17.12,17.15,16.0,16.49,1496965.41,1679961599999,24796799.4388,71521,696122.09,11539209.4775,0
1679961600000,16.48,16.85,16.3,16.71,1416651.25,1680047999999,23483717.8115,62214,702353.84,11646974.3019,0
1680048000000,16.72,17.41,16.65,17.31,1647283.13,1680134399999,28347879.2026,63323,770657.6,13262716.5379,0
1680134400000,17.32,17.57,16.91,17.23,1878919.84,1680220799999,32465515.8102,77869,885751.6,15301707.5587,0
1680220800000,17.23,17.84,17.08,17.7,1573547.04,1680307199999,27445923.839,63239,782723.56,13652712.7168,0
1680307200000,17.7,17.89,17.54,17.8,864902.81,1680393599999,15313441.9541,37585,377820.22,6689685.0574,0
1680393600000,17.79,17.85,17.06,17.25,918449.47,1680479999999,15997347.7282,40619,449310.26,7826533.5259,0
1680480000000,17.24,17.45,16.65,17.11,1669238.44,1680566399999,28558818.9287,70349,771745.28,13211527.9848,0
1680566400000,17.1,17.67,16.97,17.65,1290395.25,1680652799999,22393695.8484,47277,674959.04,11713975.9941,0
1680652800000,17.65,18.38,17.44,18.0,2189499.57,1680739199999,39406410.9575,91168,1006027.97,18104305.326,0
1680739200000,17.99,18.35,17.63,17.97,1494645.37,1680825599999,26924351.904,61311,752531.6,13564909.1713,0
1680825600000,17.98,18.14,17.42,17.6,1023361.07,1680911999999,18126661.0984,40318,481342.62,8529165.386,0
1680912000000,17.6,17.74,17.33,17.45,565313.8,1680998399999,9935020.3653,25871,289001.32,5080556.5449,0
1680998400000,17.45,17.65,17.25,17.54,627757.54,1681084799999,10934568.4578,29995,331518.33,5775209.8104,0
1681084800000,17.54,17.97,17.37,17.94,1022190.46,1681171199999,18066250.4795,45974,493471.73,8717677.9907,0
1681171200000,17.93,18.62,17.87,18.14,1487121.23,1681257599999,27156033.4243,66589,753878.57,13767310.9933,0
1681257600000,18.13,19.21,17.68,18.26,3554063.45,1681343999999,64449888.9025,132957,1636574.74,29715983.2444,0
1681344000000,18.26,19.08,18.11,18.84,2456777.92,1681430399999,45921153.1388,95307,1183978.47,22135545.8861,0
1681430400000,18.83,19.32,18.46,19.22,2348398.47,1681516799999,44608549.7978,96807,1148680.32,21826535.2291,0
1681516800000,19.22,19.52,18.99,19.07,1527045.96,1681603199999,29327736.9077,62864,739524.13,14208695.6196,0
1681603200000,19.07,20.55,18.84,20.17,2486851.7,1681689599999,49092230.5387,109209,1298701.36,25702617.0782,0
1681689600000,20.17,21.28,19.96,20.51,4308383.8,1681775999999,88923987.2587,195039,2174879.29,44917485.208,0
1681776000000,20.52,21.56,20.26,21.2,2400684.58,1681862399999,50725754.5821,111055,1159375.87,24504475.2989,0
1681862400000,21.2,21.22,18.55,18.98,3606353.32,1681948799999,70830009.5232,171423,1709591.13,33588455.1831,0
1681948800000,18.98,19.43,18.13,18.3,2533024.6,1682035199999,47683834.2111,105579,1229875.26,23152284.8651,0
1682035200000,18.3,18.52,16.72,16.94,2949411.14,1682121599999,51911303.1839,112089,1409766.7,24819363.436,0
1682121600000,16.94,17.36,16.81,17.21,1163505.95,1682207999999,19929241.1121,49823,571259.75,9788231.7783,0
1682208000000,17.22,17.25,16.49,16.84,1071665.53,1682294399999,18116505.0388,49118,475574.63,8042412.0797,0
1682294400000,16.85,17.26,16.54,16.92,1229193.95,1682380799999,20767455.0907,56930,605428.79,10230107.9718,0
1682380800000,16.93,17.77,16.75,17.63,1680320.99,1682467199999,28810943.1036,69399,865968.08,14848504.4577,0
1682467200000,17.62,18.24,16.27,17.18,2820375.37,1682553599999,48868361.42,118420,1383975.08,23985231.641,0
1682553600000,17.18,17.93,17.11,17.72,1574922.98,1682639999999,27641551.9033,72488,755863.4,13265063.8889,0
1682640000000,17.72,17.81,17.21,17.55,915809.55,1682726399999,16035752.7139,39787,429164.24,7518056.7767,0
1682726400000,17.56,17.72,17.33,17.49,596818.68,1682812799999,10465634.6373,26006,286260.73,5020173.2861,0
1682812800000,17.49,17.85,17.07,17.1,893876.28,1682899199999,15572793.3165,40403,437112.48,7618404.9148,0
1682899200000,17.1,17.21,16.51,16.65,1160711.97,1682985599999,19563822.2212,46243,552951.96,9316927.7018,0
1682985600000,16.64,16.97,16.49,16.84,781092.7,1683071999999,13054489.0765,31959,409175.49,6839964.3221,0
1683072000000,16.84,17.37,16.39,17.21,1404905.59,1683158399999,23663007.8247,57796,736138.9,12404710.8967,0
1683158400000,17.22,17.27,16.78,16.93,913527.62,1683244799999,15518899.967,32724,433132.85,7356793.6624,0
1683244800000,16.93,17.73,16.73,17.38,1637028.01,1683331199999,28127892.4144,66614,887897.37,15274350.9235,0
1683331200000,17.38,17.51,16.43,16.58,1231115.03,1683417599999,20716428.5492,48270,552452.7,9303747.2611,0
1683417600000,16.58,16.73,16.31,16.41,783994.9,1683503999999,12992091.3353,29380,384805.33,6379235.3006,0
1683504000000,16.41,16.5,14.8,15.42,2627129.13,1683590399999,40955596.6082,87557,1176093.24,18360931.866,0
1683590400000,15.42,15.58,15.21,15.31,965502.37,1683676799999,14863780.9278,31958,445860.42,6865034.7013,0
1683676800000,15.32,15.74,14.66,15.52,2652746.29,1683763199999,40682860.9185,74291,1280629.97,19632598.0929,0
1683763200000,15.52,15.53,14.76,14.95,1333686.77,1683849599999,20176405.1831,45446,605887.56,9166037.5769,0
1683849600000,14.96,15.22,14.52,15.19,1520092.84,1683935999999,22611838.5063,49076,769504.03,11451404.9462,0
1683936000000,15.19,15.21,14.9,14.91,588938.52,1684022399999,8854432.5822,20773,279825.09,4206888.2659,0
1684022400000,14.91,15.14,14.79,15.03,651517.07,1684108799999,9757423.301,21458,330900.47,4956610.2814,0
1684108800000,15.02,15.35,14.8,15.08,1309248.51,1684195199999,19869760.7949,35534,649490.01,9860861.715,0
1684195200000,15.08,15.16,14.73,14.9,1044669.55,1684281599999,15585306.7311,32473,509387.1,7600320.3707,0
1684281600000,14.91,15.3,14.61,15.17,1366340.39,1684367999999,20432740.2181,42328,668576.91,10003668.2588,0
1684368000000,15.18,15.19,14.42,14.68,1392832.43,1684454399999,20636331.5561,40426,676454.54,10030589.3046,0
1684454400000,14.68,14.84,14.56,14.68,850528.6,1684540799999,12494002.9375,24768,396834.74,5830552.5341,0
1684540800000,14.68,14.71,14.53,14.63,449868.14,1684627199999,6572507.8316,14215,198280.56,2897029.086,0
1684627200000,14.63,14.7,14.17,14.31,799580.25,1684713599999,11524759.3866,22700,375187.91,5408931.729,0
1684713600000,14.31,14.79,14.08,14.68,1338597.29,1684799999999,19436268.2997,35499,667489.87,9700404.3079,0
1684800000000,14.68,14.97,14.6,14.71,1082049.27,1684886399999,15956404.606,31400,484775.99,7152329.9675,0
1684886400000,14.71,14.72,14.0,14.14,1527725.49,1684972799999,21790066.4909,40344,701641.89,10005243.4632,0
1684972800000,14.14,14.25,13.71,14.08,1411087.75,1685059199999,19872912.6713,35253,599857.81,8452217.7551,0
1685059200000,14.08,14.39,13.96,14.33,1159336.18,1685145599999,16462543.3527,29183,559408.27,7944936.0133,0
1685145600000,14.33,14.62,14.26,14.56,866210.61,1685231999999,12466830.6406,24260,404409.5,5823328.1497,0
1685232000000,14.56,15.06,14.24,14.89,1663810.9,1685318399999,24389890.5351,50708,783136.65,11483839.2148,0
1685318400000,14.9,14.98,14.35,14.48,1345784.55,1685404799999,19667156.4033,35886,596552.84,8722623.1111,0
1685404800000,14.48,14.73,14.37,14.45,1193651.11,1685491199999,17354771.854,32603,581027.51,8446405.0479,0
1685491200000,14.44,14.46,13.96,14.11,1145769.56,1685577599999,16200462.0313,36630,525073.03,7424514.4564,0
1685577600000,14.1,14.3,13.83,14.09,1037684.09,1685663999999,14633844.7752,29716,485146.22,6843840.6354,0
1685664000000,14.09,14.57,13.96,14.49,1166756.42,1685750399999,16784948.0537,34498,531520.25,7642435.4614,0
1685750400000,14.49,14.6,14.39,14.58,728715.16,1685836799999,10582665.7776,19781,321995.84,4675657.1626,0
1685836800000,14.57,14.93,14.52,14.79,1070607.7,1685923199999,15804563.2635,28981,479815.84,7085044.9832,0
1685923200000,14.79,14.9,13.48,13.87,2829208.26,1686009599999,40485782.5997,81476,1397270.46,20010360.114,0
1686009600000,13.87,14.67,13.81,14.62,1992149.85,1686095999999,28289622.7307,49774,933132.03,13240240.1536,0
1686096000000,14.63,14.7,13.95,14.02,1702244.4,1686182399999,24372974.7667,44020,800970.72,11457571.8844,0
1686182400000,14.01,14.11,13.79,13.93,920454.95,1686268799999,12839672.0528,26969,465098.19,6489113.478,0
1686268800000,13.93,14.25,13.7,13.75,1330825.25,1686355199999,18556998.2985,36362,661829.01,9229239.7504,0
1686355200000,13.76,13.76,10.0,11.65,7634205.663,1686441599999,87539377.8836,219344,3767110.16,43189834.9955,0
1686441600000,11.65,11.81,11.44,11.58,1692031.53,1686527999999,19671176.2252,43892,848977.29,9870880.9775,0
1686528000000,11.58,11.61,11.16,11.52,1987087.75,1686614399999,22758230.6824,47456,1012606.57,11603651.457,0
1686614400000,11.52,12.08,11.43,11.8,1946941.54,1686700799999,22874085.9997,44316,986114.84,11585884.171,0
1686700800000,11.8,11.96,11.16,11.38,2059036.04,1686787199999,23889748.1371,45546,980730.39,11373355.3609,0
1686787200000,11.39,11.57,11.02,11.41,2323911.7,1686873599999,26285962.9362,52201,1070577.99,12115744.7482,0
1686873600000,11.4,11.73,11.22,11.55,1210256.45,1686959999999,13870745.786,29026,580883.07,6657008.9425,0
1686960000000,11.54,11.85,11.47,11.62,1144774.1,1687046399999,13395282.8989,26726,565018.78,6612354.8358,0
1687046400000,11.63,11.63,11.25,11.34,1329941.71,1687132799999,15281307.2432,29304,607115.34,6977138.6866,0
1687132800000,11.34,11.52,11.17,11.47,1123434.72,1687219199999,12739019.9848,24676,550748.93,6247181.3976,0
1687219200000,11.48,12.13,11.17,12.12,1626750.24,1687305599999,18941224.0419,40464,817934.33,9530129.874,0
1687305600000,12.12,13.04,12.06,12.9,2738855.15,1687391999999,34288313.4013,69276,1417014.69,17737136.9386,0
1687392000000,12.9,13.24,12.58,12.65,2240979.03,1687478399999,28919605.6701,63168,1132021.89,14614170.5005,0
1687478400000,12.66,13.51,12.62,13.29,2283130.73,1687564799999,29855584.2629,60570,1101774.38,14424090.7552,0
1687564800000,13.28,13.4,12.73,13.01,1396657.31,1687651199999,18230605.3188,38277,659933.01,8614273.6662,0
1687651200000,13.01,13.68,12.97,13.44,1464082.61,1687737599999,19658998.522,43243,726435.97,9753254.7121,0
1687737600000,13.44,13.69,12.96,13.15,2115880.03,1687823999999,28198537.7427,58497,995141.47,13263293.0494,0
1687824000000,13.15,13.47,13.09,13.2,1323233.27,1687910399999,17580158.1331,35948,627672.23,8339295.1967,0
1687910400000,13.2,13.21,12.08,12.34,2629569.82,1687996799999,33275891.1316,62645,1248360.25,15804848.5445,0
1687996800000,12.34,12.96,12.27,12.67,1769980.72,1688083199999,22354674.7992,43871,865181.74,10927566.5092,0
1688083200000,12.68,13.34,12.12,13.03,3869609.02,1688169599999,49796318.127,97319,1901011.64,24458203.7919,0
1688169600000,13.03,13.16,12.83,12.99,1571688.38,1688255999999,20399462.6213,35100,837586.13,10868969.7347,0
1688256000000,13.0,13.22,12.71,13.13,2019538.49,1688342399999,26193050.4938,45397,1032835.62,13395488.9977,0
1688342400000,13.13,13.49,13.07,13.25,2397430.98,1688428799999,31765229.7024,58862,1213384.19,16076429.8827,0
1688428800000,13.25,13.4,13.0,13.04,2120178.89,1688515199999,28019470.1018,51196,1031527.34,13636030.69,0
1688515200000,13.04,13.16,12.5,12.67,1996286.11,1688601599999,25465377.3998,47989,966761.29,12328959.0651,0
1688601600000,12.67,13.12,12.24,12.37,2295716.98,1688687999999,29097279.6386,58293,1118414.64,14173197.8551,0
1688688000000,12.37,12.75,12.25,12.74,1501124.31,1688774399999,18897652.7034,34791,705734.73,8887838.1755,0
1688774400000,12.74,13.89,12.72,13.64,4132298.8,1688860799999,55964752.9707,114301,2078056.37,28156049.6544,0
1688860800000,13.64,14.21,13.57,13.58,2882299.75,1688947199999,40141403.8504,80696,1430331.88,19920630.5605,0
1688947200000,13.58,13.85,13.16,13.39,2544390.52,1689033599999,34077334.0958,64781,1217909.44,16307404.2973,0
1689033600000,13.38,13.69,13.15,13.27,2000014.47,1689119999999,26835736.1327,45060,921704.32,12366058.3996,0
1689120000000,13.26,13.38,12.85,13.01,1755979.45,1689206399999,23093581.559,43712,845127.92,11117284.7279,0
1689206400000,13.01,14.2,12.89,14.11,4270359.34,1689292799999,58829315.5196,111528,2167669.97,29885429.6634,0
1689292800000,14.11,15.97,14.02,14.64,8887780.0,1689379199999,133732321.0394,238392,4316404.05,64898815.7725,0
1689379200000,14.63,15.35,14.41,14.84,2332639.5,1689465599999,34756711.0549,62878,1089912.79,16233417.0963,0
1689465600000,14.84,14.93,14.16,14.29,1645509.68,1689551999999,23976549.4465,47309,812602.66,11841241.8578,0
1689552000000,14.29,14.62,13.8,14.4,1862297.69,1689638399999,26478735.3984,59849,884435.62,12574126.3946,0
1689638400000,14.4,14.59,13.61,13.8,1504811.26,1689724799999,21020941.4997,48799,701495.94,9805192.1338,0
1689724800000,13.8,14.27,13.76,13.99,1249131.35,1689811199999,17493934.0733,40351,574742.42,8047912.6742,0
1689811200000,13.99,14.42,13.68,13.88,1776280.27,1689897599999,24927060.6139,53861,858874.05,12057136.2759,0
1689897600000,13.87,14.07,13.72,13.98,920020.15,1689983999999,12823598.7235,29806,432831.21,6033509.7995,0
1689984000000,13.98,14.05,13.29,13.53,911581.17,1690070399999,12494404.4724,32806,416035.46,5705617.0496,0
1690070400000,13.52,13.75,13.39,13.54,798875.26,1690156799999,10856342.7482,24581,361161.03,4909028.1331,0
1690156800000,13.54,13.6,12.77,13.11,1501733.4,1690243199999,19740644.2383,46911,707475.32,9294027.4209,0
1690243200000,13.11,13.55,13.04,13.33,1578349.7,1690329599999,20967809.315,45561,803805.0,10681320.3733,0
1690329600000,13.34,13.47,13.08,13.27,1381301.05,1690415999999,18323120.1039,39108,643881.99,8539018.8633,0
1690416000000,13.27,13.43,13.02,13.15,898069.06,1690502399999,11889887.5664,25892,412384.74,5460757.1077,0
1690502400000,13.15,13.3,13.01,13.22,669907.99,1690588799999,8813905.3021,18911,338287.04,4449602.8534,0
1690588800000,13.23,13.3,13.15,13.23,306523.52,1690675199999,4053677.3045,10340,142069.53,1879126.5366,0
1690675200000,13.24,13.41,12.92,13.12,898388.07,1690761599999,11868363.0834,26353,434691.2,5746554.1636,0
1690761600000,13.12,13.42,12.69,12.82,1110757.24,1690847999999,14411803.4363,31319,520713.97,6754702.1,0
1690848000000,12.81,12.9,12.4,12.89,1385072.75,1690934399999,17563963.0775,37732,708574.32,8988898.3545,0
1690934400000,12.89,12.96,12.42,12.55,1017575.22,1691020799999,12885950.607,26096,454247.97,5753382.6829,0
1691020800000,12.54,12.64,12.36,12.44,956470.45,1691107199999,11964056.0499,21045,463247.03,5796362.4303,0
1691107200000,12.45,12.61,12.25,12.41,699345.21,1691193599999,8714283.2503,19177,348829.9,4349454.8166,0
1691193600000,12.41,12.45,12.29,12.45,412492.25,1691279999999,5094631.8872,12624,211049.99,2607646.2393,0
1691280000000,12.45,12.67,12.42,12.59,562034.72,1691366399999,7070093.8777,17371,293067.79,3687648.1926,0
1691366400000,12.6,12.77,12.2,12.47,1011365.55,1691452799999,12656414.963,27716,483280.99,6047638.7442,0
1691452800000,12.46,12.81,12.38,12.68,1262794.87,1691539199999,15897607.2514,28310,639330.98,8052938.4106,0
1691539200000,12.69,12.81,12.5,12.62,824323.31,1691625599999,10432851.8951,19305,394314.74,4992189.9395,0
1691625600000,12.63,12.67,12.47,12.48,902127.87,1691711999999,11346922.8599,19174,454792.84,5722589.2119,0
1691712000000,12.49,12.55,12.35,12.44,499834.93,1691798399999,6228259.4491,14667,237030.61,2954509.3552,0
1691798400000,12.44,12.49,12.35,12.39,316232.47,1691884799999,3932764.4354,10091,150261.11,1869236.8284,0
1691884800000,12.4,12.43,12.2,12.27,504796.73,1691971199999,6222172.6267,16005,250902.81,3093188.6809,0
1691971200000,12.27,12.46,12.15,12.37,698660.88,1692057599999,8622920.0751,16899,306077.0,3778008.3896,0
1692057600000,12.37,12.38,11.29,11.83,1220493.22,1692143999999,14487265.8742,36459,550898.32,6534463.8714,0
1692144000000,11.83,11.87,11.07,11.38,1453581.04,1692230399999,16644155.3813,34681,699503.96,8008830.2985,0
1692230400000,11.39,11.51,9.99,10.57,2153968.62,1692316799999,23524130.398,74171,971184.06,10625900.7626,0
1692316800000,10.58,11.0,10.53,10.81,1456015.19,1692403199999,15673309.1601,41733,747819.14,8052033.7213,0
1692403200000,10.8,10.89,10.56,10.81,867573.99,1692489599999,9298433.7891,25340,361502.45,3880348.9656,0
1692489600000,10.81,10.93,10.74,10.86,444700.39,1692575999999,4821467.4307,13277,219514.91,2380423.7056,0
1692576000000,10.87,10.87,10.15,10.36,1327961.76,1692662399999,13924624.1742,32945,605611.68,6341952.8162,0
1692662400000,10.36,10.38,9.71,10.15,1950280.84,1692748799999,19557510.324,49590,993625.71,9957089.274,0
1692748800000,10.15,10.47,10.06,10.33,1041985.33,1692835199999,10695625.254,24904,522497.81,5366486.9899,0
1692835200000,10.34,10.36,9.98,10.12,907479.29,1692921599999,9242636.257,22304,453839.89,4625352.7601,0
1692921600000,10.12,10.13,9.89,10.04,1276333.67,1693007999999,12774553.3863,25169,648378.5,6492779.6736,0
1693008000000,10.05,10.13,10.01,10.09,400362.23,1693094399999,4023014.4572,10171,214116.63,2152448.4054,0
1693094400000,10.1,10.28,10.07,10.2,542549.14,1693180799999,5522445.755,15676,282068.82,2871248.9517,0
1693180800000,10.21,10.45,9.91,10.37,1100627.11,1693267199999,11229118.6264,25981,545465.99,5570117.4052,0
1693267200000,10.37,11.21,10.33,10.81,2530985.01,1693353599999,27221388.3916,54342,1268054.04,13641097.7012,0
1693353600000,10.81,10.83,10.33,10.41,1031201.84,1693439999999,10853711.2018,22924,501494.45,5272829.1623,0
1693440000000,10.4,10.55,9.82,9.98,1826854.02,1693526399999,18629391.4289,39176,938938.48,9582498.8169,0
1693526400000,9.98,10.07,9.75,9.92,947344.83,1693612799999,9409995.8146,23410,472919.22,4698857.8115,0
1693612800000,9.92,9.97,9.76,9.92,504146.54,1693699199999,4977252.6814,13587,231877.15,2289289.1014,0
1693699200000,9.92,9.99,9.83,9.88,412221.11,1693785599999,4083544.7508,11101,199774.35,1979289.7271,0
1693785600000,9.88,10.05,9.68,9.81,769303.74,1693871999999,7591881.0363,17655,334368.25,3304751.4455,0
1693872000000,9.81,9.97,9.65,9.91,726190.8,1693958399999,7150631.8854,18119,357872.52,3526367.6788,0
1693958400000,9.91,10.05,9.76,9.95,806313.46,1694044799999,7994375.2397,21474,411308.14,4080408.0634,0
1694044800000,9.94,10.14,9.83,10.1,675529.11,1694131199999,6742928.2418,17514,360318.38,3597653.9505,0
1694131200000,10.09,10.15,9.84,9.93,689024.96,1694217599999,6867950.7388,20938,338290.39,3371413.484,0
1694217600000,9.92,9.93,9.83,9.84,320699.91,1694303999999,3168033.2743,10055,149381.63,1476157.0636,0
1694304000000,9.83,9.84,9.22,9.47,1644037.72,1694390399999,15670164.9109,41834,816601.09,7787823.0155,0
1694390400000,9.46,9.51,9.05,9.23,1436614.67,1694476799999,13294366.8292,35317,684167.65,6336797.4412,0
1694476800000,9.24,9.6,9.19,9.22,1493579.6,1694563199999,13987420.5025,31625,641793.67,6016642.8357,0
1694563200000,9.22,9.46,9.1,9.29,1166588.89,1694649599999,10786515.2833,23445,558995.02,5172087.4332,0
1694649600000,9.29,9.48,9.25,9.4,846740.43,1694735999999,7924634.8008,19014,430778.86,4034481.8398,0
1694736000000,9.4,9.52,9.18,9.43,1025374.07,1694822399999,9573822.6951,24698,464221.3,4336497.8794,0
1694822400000,9.42,9.61,9.36,9.38,874568.63,1694908799999,8286075.9979,22672,413934.11,3922715.2878,0
1694908800000,9.38,9.38,9.0,9.1,1030936.69,1694995199999,9464126.0404,26302,442516.16,4065982.3192,0
1694995200000,9.09,9.31,8.81,9.11,1649478.75,1695081599999,15039509.3969,34528,827014.22,7548430.8125,0
1695081600000,9.11,9.31,9.04,9.21,1104724.32,1695167999999,10158297.4051,23358,499953.04,4595874.966,0
1695168000000,9.21,9.24,8.86,9.05,1653192.29,1695254399999,14962398.8164,30560,858223.19,7763218.4664,0
1695254400000,9.05,9.11,8.77,8.83,1429451.17,1695340799999,12728825.9374,27498,656541.77,5847146.3911,0
1695340800000,8.82,8.92,8.72,8.87,897556.95,1695427199999,7946370.0728,18140,395994.71,3508323.0081,0
1695427200000,8.86,8.99,8.83,8.9,639062.46,1695513599999,5690113.6203,14917,318944.86,2840706.4578,0
1695513600000,8.9,9.05,8.73,8.78,1047017.16,1695599999999,9350946.2714,20512,512283.51,4582377.7442,0
1695600000000,8.78,8.96,8.61,8.95,974057.28,1695686399999,8593306.0749,20988,490887.48,4333907.1911,0
1695686400000,8.95,9.07,8.85,9.04,934956.91,1695772799999,8396510.8714,17458,472336.08,4243490.5884,0
1695772800000,9.05,9.19,8.81,8.92,1223697.83,1695859199999,11022337.4403,23938,577158.09,5205709.269,0
1695859200000,8.93,9.36,8.91,9.27,1399102.7,1695945599999,12849433.8197,28271,746596.89,6860766.7695,0
1695945600000,9.28,9.37,9.07,9.17,1405080.87,1696031999999,12951374.0263,28995,602503.57,5560380.2507,0
1696032000000,9.17,9.3,9.11,9.24,805999.91,1696118399999,7426692.7324,17756,425688.81,3922972.6938,0
1696118400000,9.23,9.83,9.21,9.75,1684642.75,1696204799999,16097594.5922,41656,889199.48,8496310.2703,0
1696204800000,9.75,9.84,9.15,9.31,1934866.84,1696291199999,18495035.2486,46630,945113.58,9040827.3534,0
1696291200000,9.32,9.48,9.23,9.42,1282164.09,1696377599999,11978781.8718,29832,682793.67,6382518.6396,0
1696377600000,9.42,10.3,9.11,10.1,3916501.71,1696463999999,38293715.7385,93957,2102168.77,20575221.2713,0
1696464000000,10.1,10.35,9.81,10.14,3629799.18,1696550399999,36532955.2365,85011,1872964.56,18861660.7888,0
1696550400000,10.14,10.83,10.12,10.66,3037211.24,1696636799999,32172091.2426,78161,1590055.64,16854320.4602,0
1696636800000,10.66,11.88,10.24,10.35,5342085.38,1696723199999,57924804.9148,141509,2756897.73,29986267.3912,0
1696723200000,10.34,10.54,9.95,10.09,1875461.06,1696809599999,19086610.9544,46244,859851.5,8761906.4204,0
1696809600000,10.08,10.09,9.28,9.54,2374413.48,1696895999999,22985755.4599,55556,1066720.31,10334157.7756,0
1696896000000,9.54,9.86,9.42,9.53,1854748.33,1696982399999,17927684.1023,39672,880014.27,8515548.3015,0
1696982400000,9.52,9.57,9.2,9.3,1815554.11,1697068799999,16974322.8154,38707,922989.15,8635319.2066,0
1697068800000,9.31,9.32,8.88,9.12,2057336.14,1697155199999,18634129.5036,39726,965968.97,8743440.9301,0
1697155200000,9.11,9.35,9.0,9.15,1415530.31,1697241599999,12945986.5055,24860,731283.52,6690816.9404,0
1697241600000,9.15,9.25,9.11,9.15,469812.77,1697327999999,4315713.8303,10774,235275.7,2162402.9209,0
1697328000000,9.15,9.27,9.07,9.17,998932.66,1697414399999,9155281.3863,17953,504305.84,4624058.9201,0
1697414400000,9.18,9.83,9.17,9.4,2396526.73,1697500799999,22689861.6289,45893,1213928.42,11492555.4057,0
1697500800000,9.4,9.42,9.01,9.1,2216404.32,1697587199999,20431008.1188,32375,1097161.87,10116323.6184,0
1697587200000,9.11,9.21,8.84,8.91,1617532.29,1697673599999,14621349.4979,27248,783588.13,7088621.8913,0
1697673600000,8.9,9.12,8.65,9.06,1655127.66,1697759999999,14767586.7507,29421,913363.1,8154646.9171,0
1697760000000,9.06,9.39,9.02,9.22,1958799.09,1697846399999,18063925.6156,35271,1028081.26,9482018.4528,0
1697846400000,9.22,9.81,9.17,9.63,2742101.15,1697932799999,26179121.6136,47132,1400157.66,13362578.5814,0
1697932800000,9.64,10.09,9.53,10.09,3289863.42,1698019199999,32389794.7032,63952,1691313.01,16661479.2658,0
1698019200000,10.09,10.68,9.86,10.58,5134792.1,1698105599999,52284004.2371,102429,2631519.44,26825991.4961,0
1698105600000,10.59,10.8,10.06,10.32,4867065.26,1698191999999,50965791.9082,115045,2527066.45,26479796.0707,0
1698192000000,10.33,10.64,10.17,10.52,2884290.26,1698278399999,30027487.2813,64129,1419276.35,14783810.2196,0
1698278400000,10.52,11.47,10.37,11.05,6154843.18,1698364799999,67429642.0285,136448,3013984.38,33031928.5542,0
1698364800000,11.05,11.07,10.38,10.59,2529788.17,1698451199999,27011630.0838,60760,1120097.85,11959058.4458,0
1698451200000,10.6,11.09,10.55,10.97,2619953.67,1698537599999,28279625.709,50273,1365655.83,14739803.7899,0
1698537600000,10.97,11.44,10.77,11.37,2022533.88,1698623999999,22501237.2606,49998,1045164.99,11639845.1404,0
1698624000000,11.38,11.69,11.06,11.46,2156521.47,1698710399999,24680292.2846,61116,1104744.69,12649481.1936,0
1698710400000,11.46,11.76,11.0,11.33,3346450.77,1698796799999,38194204.7289,76017,1533179.06,17500711.348,0
1698796800000,11.32,12.33,10.88,12.23,4822225.84,1698883199999,55832780.5987,121330,2597350.07,30078528.6067,0
1698883200000,12.23,12.55,11.43,11.88,4220621.92,1698969599999,50511911.473,107471,1966399.21,23575913.2816,0
1698969600000,11.88,12.19,11.43,12.11,2411690.33,1699055999999,28636907.0333,73948,1179457.02,14022846.8337,0
1699056000000,12.12,12.33,11.92,12.22,1471832.59,1699142399999,17789371.1722,45725,698064.61,8446083.8122,0
1699142400000,12.21,12.67,12.1,12.35,2559244.68,1699228799999,31702779.9922,72445,1217240.67,15083704.2848,0
1699228800000,12.34,13.17,12.24,13.08,2999305.97,1699315199999,38425106.563,88803,1464184.47,18762688.3554,0
1699315200000,13.07,13.1,12.29,12.81,2677547.02,1699401599999,34140867.4042,87332,1255277.07,16006776.4185,0
1699401600000,12.8,13.15,12.66,12.99,2037125.6,1699487999999,26247567.7321,60624,1006331.87,12975772.6224,0
1699488000000,12.98,13.96,11.9,12.96,6349228.52,1699574399999,83842388.0352,188120,3215852.51,42446101.5055,0
1699574400000,12.97,14.85,12.88,14.74,7715255.48,1699660799999,106183310.0837,228393,3935680.15,54142442.7171,0
1699660800000,14.75,17.0,13.99,16.79,10333477.54,1699747199999,159070608.3888,341127,5075498.11,78326171.1059,0
1699747200000,16.8,19.73,15.87,18.98,12880795.74,1699833599999,233124323.4495,533475,6421110.8,116296036.1992,0
1699833600000,18.98,19.75,16.1,16.12,9459851.54,1699919999999,167177315.2797,350660,4546377.52,80298939.8162,0
1699920000000,16.12,18.1,15.56,17.05,10623733.95,1700006399999,181131673.6136,385816,5172107.14,88259164.2961,0
1700006400000,17.05,20.95,17.01,20.7,14801379.2,1700092799999,287491439.8257,589880,7622748.13,148020142.143,0
1700092800000,20.69,24.07,20.23,21.71,17186161.77,1700179199999,386568923.6801,884870,8647453.38,194550383.4543,0
1700179200000,21.71,24.69,20.0,21.94,15838526.82,1700265599999,353409409.6863,745225,7729153.35,172423212.2269,0
1700265600000,21.94,22.69,20.17,21.99,6017391.55,1700351999999,129832291.4809,296471,2868690.03,62001920.8786,0
1700352000000,22.0,23.04,20.75,22.85,5314132.45,1700438399999,115529303.9582,244319,2585288.34,56297765.9037,0
1700438400000,22.84,23.25,20.71,20.85,5827146.19,1700524799999,128538901.9727,270078,2836935.77,62618406.2517,0
1700524800000,20.86,22.29,18.9,19.02,11207307.49,1700611199999,233043114.4764,495393,5760694.39,119854673.2538,0
1700611200000,19.02,21.25,18.96,20.78,6214364.77,1700697599999,125310912.9706,223618,3216646.83,64831583.6412,0
1700697600000,20.79,21.49,20.42,20.64,3128091.29,1700783999999,65344795.4977,128043,1505784.19,31483153.7237,0
1700784000000,20.64,21.88,20.45,20.89,3692026.02,1700870399999,77975012.7099,155030,1803425.03,38099210.5183,0
1700870400000,20.89,21.48,20.63,21.36,2069224.51,1700956799999,43652173.5075,84669,931555.28,19668379.8206,0
1700956800000,21.36,21.52,20.1,21.06,2825385.24,1701043199999,59237018.8243,119899,1281580.02,26879272.7687,0
1701043200000,21.07,21.3,19.82,20.35,2994013.72,1701129599999,61234389.4428,120145,1411816.61,28865247.3017,0
1701129600000,20.36,20.86,19.47,20.68,3188388.54,1701215999999,64763035.142,114657,1517865.76,30864590.1153,0
1701216000000,20.69,21.56,20.55,21.12,3710793.82,1701302399999,78187215.8422,128472,1813194.65,38222368.7779,0
1701302400000,21.12,21.5,20.81,21.39,2759264.75,1701388799999,58399634.0371,103529,1368349.69,28981587.6538,0
1701388800000,21.4,22.64,21.1,21.87,4149300.78,1701475199999,91827588.2174,158212,2088747.4,46233292.1529,0
1701475200000,21.86,22.45,21.75,22.24,2115296.06,1701561599999,46717861.2267,76423,1022418.03,22585540.0577,0
1701561600000,22.24,22.74,21.59,21.94,2457069.2,1701647999999,54187429.4128,95393,1104571.07,24376367.4375,0
1701648000000,21.94,23.2,20.56,22.68,5307454.35,1701734399999,117438240.4618,227104,2622383.57,58047291.1479,0
1701734400000,22.67,24.83,21.81,24.54,6173878.71,1701820799999,143298771.3436,286752,3187306.4,74111371.195,0
1701820800000,24.54,27.68,24.45,26.2,10747936.78,1701907199999,281995542.9852,542675,5322717.84,139701121.6274,0
1701907200000,26.2,27.9,25.71,26.28,7035602.62,1701993599999,187854395.8352,349877,3445682.34,92053734.0998,0
1701993600000,26.28,30.8,26.03,30.44,8000503.43,1702079999999,225203648.1076,372186,4094870.17,115514922.7838,0
1702080000000,30.44,34.26,30.44,31.91,10263975.2,1702166399999,332719137.4658,554857,5094258.45,165153427.3724,0
1702166400000,31.91,37.99,31.52,37.14,9029970.15,1702252799999,311306219.8057,517411,4530178.95,156128704.8537,0
1702252800000,37.14,39.39,31.6,38.04,17625128.99,1702339199999,636025432.1222,1094438,8732261.97,315447270.5556,0
1702339200000,38.04,42.89,36.0,37.49,12429466.44,1702425599999,493046908.6693,789661,6044124.56,239961816.2294,0
1702425600000,37.49,41.47,34.02,38.99,11810098.4,1702511999999,447891593.752,677167,6046345.43,229299976.2107,0
1702512000000,38.98,40.34,36.51,39.3,7164273.35,1702598399999,277752335.2259,419683,3621526.79,140465101.0591,0
1702598400000,39.29,42.27,38.52,39.71,8958206.04,1702684799999,361849206.9914,570649,4531377.5,183238789.9387,0
1702684800000,39.72,45.33,38.5,42.22,8705680.65,1702771199999,371395389.5634,585061,4509695.44,192372919.8917,0
1702771200000,42.23,44.06,40.28,40.62,4937788.07,1702857599999,208149662.1194,349588,2559202.47,107937803.0135,0
1702857600000,40.62,41.44,36.5,41.16,6850358.5,1702943999999,268766460.2556,421847,3423105.83,134391148.8396,0
1702944000000,41.15,42.17,38.73,39.74,4755734.07,1703030399999,192934937.9126,300526,2416689.18,98120357.2521,0
1703030400000,39.73,44.49,39.08,43.46,6459700.84,1703116799999,274642781.0889,431865,3296694.29,140151149.5615,0
1703116800000,43.46,47.38,43.06,45.97,7253794.87,1703203199999,328793781.9648,501069,3661824.8,166097123.6557,0
1703203200000,45.96,48.88,43.66,45.35,6546935.03,1703289599999,301992614.4829,492508,3241349.18,149764555.3882,0
1703289600000,45.35,48.27,43.34,48.05,4660235.64,1703375999999,211931808.8044,304844,2312316.26,105342049.2529,0
1703376000000,48.04,49.96,46.32,47.68,6410094.86,1703462399999,306550236.1412,467138,3155833.47,150997136.9064,0
1703462400000,47.68,48.9,45.94,48.18,4146186.27,1703548799999,197044393.3015,281206,2031398.04,96602562.8731,0
1703548800000,48.18,48.35,40.53,44.41,4773394.73,1703635199999,215972199.4733,344947,2302023.59,104040667.6279,0
1703635200000,44.41,44.95,41.87,42.39,4199478.73,1703721599999,181963479.0321,289382,1984896.92,86060138.519,0
1703721600000,42.4,43.39,39.23,39.8,5049991.19,1703807999999,206543476.7554,341277,2456629.72,100444912.409,0
1703808000000,39.8,42.15,38.5,40.18,5054515.59,1703894399999,205177566.4711,304590,2607687.5,105994998.2533,0
1703894400000,40.18,40.36,38.15,39.33,2217519.52,1703980799999,87475649.3759,145795,1096008.57,43255976.6054,0
1703980800000,39.33,40.55,37.51,38.55,2208181.77,1704067199999,87260271.4329,149718,1122772.49,44416699.1079,0
1704067200000,38.57,42.0,38.0,41.94,2734126.31,1704153599999,109336068.2752,160645,1384615.59,55413213.5354,0
1704153600000,41.95,43.44,40.31,40.61,3642001.26,1704239999999,152881602.4529,231180,1805222.36,75807953.2985,0
1704240000000,40.61,41.43,33.06,36.8,6289630.67,1704326399999,235808452.7971,419264,3081916.55,115612945.8523,0
1704326400000,36.79,39.45,36.07,38.72,3541865.71,1704412799999,134629036.8137,205791,1803886.96,68601003.0437,0
1704412800000,38.72,38.91,35.0,36.46,3385914.09,1704499199999,123863570.2348,205391,1657109.8,60597375.4339,0
1704499200000,36.46,36.51,33.42,34.61,2367153.87,1704585599999,82136611.3957,140623,1124154.93,39009527.0679,0
1704585600000,34.62,35.78,33.08,33.64,2727132.92,1704671999999,94797296.6874,152259,1374217.91,47802049.6691,0
1704672000000,33.65,36.46,31.12,36.08,5416852.99,1704758399999,183891701.8309,301153,2791822.43,94804455.7927,0
1704758400000,36.08,37.6,33.78,34.65,4305952.25,1704844799999,153866821.883,279585,2117554.75,75761352.5571,0
1704844800000,34.64,39.55,33.32,38.53,4360929.64,1704931199999,156681131.7459,271878,2307157.84,83038394.8197,0
1704931200000,38.54,41.85,37.54,39.29,5071643.06,1705017599999,200053618.7225,345045,2677509.89,105707589.525,0
1705017600000,39.29,39.59,34.34,35.93,3189656.48,1705103999999,119413535.1855,236120,1545029.54,57804662.8147,0
1705104000000,35.93,36.63,34.7,36.49,1741500.31,1705190399999,62472543.1589,118798,877733.18,31479355.8594,0
1705190400000,36.48,37.86,35.28,35.29,2179493.62,1705276799999,79754495.8894,155839,1099404.47,40249731.3137,0
1705276800000,35.28,36.81,35.16,35.61,1568139.13,1705363199999,56483453.1415,115039,757400.95,27276191.7266,0
1705363200000,35.6,36.54,34.74,35.57,1813027.08,1705449599999,64853795.1133,116171,895536.86,32043082.192,0
1705449600000,35.58,36.51,35.25,36.06,2106057.31,1705535999999,75831603.8687,124471,1024827.11,36909196.9062,0
1705536000000,36.07,36.19,32.72,33.59,2528256.1,1705622399999,87012674.8334,142140,1238185.32,42588807.7156,0
1705622400000,33.59,33.75,31.18,32.73,2406347.38,1705708799999,78517635.8357,135775,1240741.63,40468592.53,0
1705708800000,32.74,32.99,32.03,32.89,1224130.01,1705795199999,39872607.7968,62831,592711.17,19310838.5156,0
1705795200000,32.87,33.5,32.45,32.54,1038127.76,1705881599999,34299280.4713,61407,481003.85,15899618.8611,0
1705881600000,32.54,32.74,29.32,29.53,3467720.04,1705967999999,107101920.9723,166244,1686910.88,52072569.8922,0
1705968000000,29.53,30.88,27.24,30.63,4731522.21,1706054399999,136439933.4959,212713,2507102.44,72341183.0053,0
1706054400000,30.64,31.91,29.49,31.2,3391798.91,1706140799999,104263442.8063,160785,1691080.97,51999341.2086,0
1706140800000,31.19,31.36,29.61,30.51,2064388.45,1706227199999,62623570.0628,114383,1013374.33,30743261.9711,0
1706227200000,30.51,33.11,30.12,32.26,2655940.67,1706313599999,84623777.3737,140686,1406621.78,44801170.4066,0
1706313600000,32.26,33.32,31.85,33.28,1194938.73,1706399999999,38915351.9155,72926,606730.82,19767751.6861,0
1706400000000,33.29,36.72,33.19,34.82,4440497.0,1706486399999,157564050.231,244070,2258779.79,80121770.4256,0
1706486400000,34.83,36.55,34.34,36.06,3030189.03,1706572799999,107431891.172,169228,1552929.06,55084893.0388,0
1706572800000,36.07,37.15,35.0,35.22,2959029.15,1706659199999,106967388.2851,169147,1454800.93,52587488.4618,0
1706659200000,35.23,35.5,33.13,33.17,2629653.91,1706745599999,90998502.278,157782,1321763.84,45752684.543,0
1706745600000,33.18,33.97,32.3,33.85,2100203.11,1706831999999,69850053.0853,121332,1108277.58,36874555.927,0
1706832000000,33.87,36.94,33.76,36.76,3620321.22,1706918399999,129263139.9756,186691,1789384.79,63816856.4327,0
1706918400000,36.76,37.6,35.4,35.95,1968125.41,1707004799999,71345861.0139,112271,1013832.13,36774402.5894,0
1707004800000,35.96,36.53,34.68,34.87,1546090.99,1707091199999,55027209.6282,84999,689503.7,24557512.7706,0
1707091200000,34.86,35.92,34.11,34.55,2069405.65,1707177599999,72413861.0035,100623,1035707.92,36258867.4646,0
1707177600000,34.55,34.75,33.72,34.16,1814138.17,1707263999999,62009663.5949,81431,905333.78,30946363.0096,0
1707264000000,34.16,35.5,33.65,35.28,2098188.17,1707350399999,73067917.6189,89161,1077440.17,37531833.2801,0
1707350400000,35.28,36.15,35.08,35.42,2450459.44,1707436799999,87019169.572,109683,1220306.86,43334693.4157,0
1707436800000,35.43,38.61,35.41,38.0,4106859.37,1707523199999,152502318.2192,184525,2077845.07,77090470.5459,0
1707523200000,38.0,41.24,38.0,40.2,3494637.43,1707609599999,138026385.2698,197281,1707489.17,67493867.1264,0
1707609600000,40.2,41.2,39.33,39.72,2087708.31,1707695999999,83925949.1124,122058,986670.77,39712044.4342,0
1707696000000,39.73,41.18,38.38,40.97,4287581.66,1707782399999,170721445.5189,200787,2112814.05,84227841.7227,0
1707782400000,40.96,41.7,38.88,39.74,3441748.25,1707868799999,138973220.8196,184014,1673778.66,67588317.3159,0
1707868800000,39.73,42.42,39.1,42.22,3949578.16,1707955199999,162922260.7294,195370,1999694.97,82506106.6778,0
1707955200000,42.23,43.6,40.84,41.55,3666472.28,1708041599999,154895019.4935,205233,1799450.17,76049407.8494,0
1708041600000,41.54,41.81,39.41,40.26,2493109.32,1708127999999,101322784.7927,149655,1200005.01,48816454.9315,0
1708128000000,40.25,40.47,38.38,39.76,1859591.84,1708214399999,73476733.9987,97184,905293.3,35781414.5376,0
1708214400000,39.75,40.75,38.97,40.29,1612326.72,1708300799999,64625056.9196,92429,803471.04,32215361.7718,0
1708300800000,40.29,40.64,39.11,39.51,2680806.5,1708387199999,106838681.1196,138230,1350381.28,53821053.948,0
1708387200000,39.51,39.72,36.84,38.49,3285660.95,1708473599999,126250607.2616,170700,1544292.77,59339274.8954,0
1708473600000,38.5,38.55,35.9,37.61,2338956.78,1708559999999,86455737.6933,119650,1172309.94,43323448.7717,0
1708560000000,37.6,38.22,36.52,36.78,1867725.13,1708646399999,69690461.6345,105007,921324.57,34396298.8454,0
1708646400000,36.77,36.96,35.14,35.92,2257491.88,1708732799999,81642670.3018,118662,1101521.92,39843136.6847,0
1708732800000,35.91,36.95,35.2,36.76,1363828.68,1708819199999,49567366.3507,75714,716389.54,26044037.8757,0
1708819200000,36.76,37.49,36.42,37.46,1434112.18,1708905599999,52961284.9352,74953,712373.22,26311147.7047,0
1708905600000,37.46,39.35,36.28,39.29,2919488.8,1708991999999,110880743.6114,149261,1466248.12,55732933.0446,0
1708992000000,39.29,39.94,38.31,39.26,2163692.33,1709078399999,84965291.7747,129655,1064073.35,41806739.2048,0
1709078400000,39.25,41.3,36.2,40.33,5048286.26,1709164799999,199681257.9541,331180,2535959.15,100361517.8976,0
1709164800000,40.33,44.65,39.59,40.97,5668569.24,1709251199999,240248455.9603,410286,2865644.56,121529420.8083,0
1709251200000,40.98,43.37,40.98,42.67,3451947.63,1709337599999,145794882.9088,218248,1718552.06,72615952.8683,0
1709337600000,42.68,44.58,41.95,44.35,3750371.17,1709423999999,161061187.0129,222528,1846269.17,79335463.8801,0
1709424000000,44.35,44.89,40.35,42.58,3292222.38,1709510399999,141173893.6321,225814,1635898.65,70219449.208,0
1709510400000,42.59,43.99,41.42,43.08,4856334.08,1709596799999,208220180.6985,310855,2434867.42,104355048.7677,0
1709596800000,43.09,45.18,34.83,39.43,9520539.61,1709683199999,393662488.6656,646234,4725178.88,195566334.3414,0
1709683200000,39.42,42.14,37.9,41.56,4232399.84,1709769599999,170395711.4554,266695,2158694.75,86954024.1381,0
1709769600000,41.56,44.5,41.55,43.2,4954173.81,1709855999999,214071326.4093,318278,2421760.95,104669872.0314,0
1709856000000,43.2,43.96,41.09,42.61,3926241.42,1709942399999,167931924.5018,246965,1932959.02,82681037.5695,0
1709942400000,42.62,43.54,42.33,42.92,2418252.27,1710028799999,103820937.7242,138282,1107320.67,47552939.0048,0
1710028800000,42.92,43.93,40.89,42.05,2834035.29,1710115199999,120671794.4663,166151,1386644.4,59074568.4285,0
1710115200000,42.04,49.56,40.01,49.09,8911493.52,1710201599999,409472577.0986,563794,4639123.42,213195606.6901,0
1710201600000,49.09,57.36,46.34,55.48,12915245.0,1710287999999,668918266.4206,1023325,6492035.41,336218273.0428,0
1710288000000,55.48,55.52,52.2,54.79,5785825.53,1710374399999,312228136.6604,471263,2843232.86,153471312.9562,0
1710374400000,54.79,59.28,50.46,53.95,7732957.59,1710460799999,427385035.7765,655742,3960451.4,218790859.9793,0
1710460800000,53.95,59.0,48.3,58.36,11735553.58,1710547199999,636414805.634,999017,5958835.36,323436066.7844,0
1710547200000,58.36,61.46,52.0,53.44,9615415.71,1710633599999,549894204.419,803907,4732765.38,270743937.2884,0
1710633600000,53.44,58.5,50.05,58.45,6421648.71,1710719999999,352408551.0894,515350,3287172.49,180580781.6806,0
1710720000000,58.44,65.39,55.26,60.65,11907328.03,1710806399999,735077808.7296,1075890,6034743.26,372910722.6004,0
1710806400000,60.64,61.95,53.16,53.63,12376814.57,1710892799999,717161181.616,1109180,6351096.86,367989968.8142,0
1710892800000,53.62,58.15,50.42,57.06,9552672.65,1710979199999,510854815.8858,772785,4982056.48,266595887.2229,0
1710979200000,57.05,57.87,52.76,53.82,4920044.95,1711065599999,270643944.2592,433991,2380013.71,130943777.3798,0
1711065600000,53.83,57.8,51.63,53.44,5691573.77,1711151999999,310739153.2166,490639,2796543.59,152752065.1507,0
1711152000000,53.44,55.98,52.6,53.45,2791760.71,1711238399999,151858218.4995,238466,1384272.54,75306050.8597,0
1711238400000,53.45,55.82,52.43,55.68,2317592.73,1711324799999,125020868.1012,200005,1196481.09,64581195.8288,0
1711324800000,55.69,59.19,54.94,57.76,3814842.59,1711411199999,219010109.6845,317439,1877994.85,107828000.393,0
1711411200000,57.75,60.0,55.33,55.78,3466292.41,1711497599999,198542241.1775,296813,1715125.53,98293577.3267,0
1711497600000,55.79,56.72,52.5,54.1,3233550.45,1711583999999,176643631.9944,261268,1628776.27,88984717.8481,0
1711584000000,54.1,55.05,53.18,54.63,1684510.45,1711670399999,91542489.9123,154367,856922.99,46577720.5564,0
1711670400000,54.62,54.65,52.52,53.33,1637003.96,1711756799999,87644369.3565,162699,781207.97,41825243.0801,0
1711756800000,53.32,54.63,52.76,52.93,1334954.82,1711843199999,71782958.3816,136246,657318.26,35362363.7245,0
1711843200000,52.92,54.28,52.87,54.06,1203818.27,1711929599999,64607779.0159,108433,601028.76,32267724.4186,0
1711929600000,54.06,54.14,50.26,51.38,3011378.87,1712015999999,156553860.9361,251520,1450707.61,75412798.0175,0
1712016000000,51.38,51.38,46.29,46.86,3239791.28,1712102399999,154830432.9359,276823,1577078.34,75279614.592,0
1712102400000,46.87,48.32,44.97,45.89,2363000.86,1712188799999,110514330.3307,188692,1177189.91,55095861.2988,0
1712188800000,45.89,48.16,45.42,46.5,1760856.23,1712275199999,82468190.2337,130664,909284.6,42621187.2717,0
1712275200000,46.5,46.59,43.77,45.3,1789208.04,1712361599999,80710237.7441,136014,842205.02,38013564.7868,0
1712361600000,45.3,48.98,45.05,48.19,2043537.32,1712447999999,96766131.2904,150525,1064964.21,50428891.9092,0
1712448000000,48.19,49.51,47.89,49.32,1194623.63,1712534399999,58052626.9338,91725,581242.15,28258478.3406,0
1712534400000,49.33,50.81,48.25,49.86,1875605.09,1712620799999,93243385.7885,145325,932077.2,46359428.2744,0
1712620800000,49.87,49.96,46.35,46.47,1749477.03,1712707199999,84177485.4531,128360,828350.12,39864741.5964,0
1712707200000,46.47,48.01,45.07,47.3,2250167.7,1712793599999,105377413.6843,184423,1113854.59,52191689.0256,0
1712793600000,47.3,47.5,45.59,46.01,1481848.1,1712879999999,68799759.5026,119415,690465.75,32070975.7857,0
1712880000000,46.02,46.88,36.0,39.34,4679039.33,1712966399999,189778464.9731,366310,2223772.65,90060186.4492,0
1712966400000,39.34,39.35,29.24,33.89,8362401.51,1713052799999,287382772.2156,563720,4087596.36,140618334.4833,0
1713052800000,33.9,37.91,32.64,37.27,5518136.95,1713139199999,195815295.5717,363407,2777028.23,98639844.0307,0
1713139200000,37.27,38.61,34.09,35.16,4953905.89,1713225599999,181182661.6317,323779,2457503.99,89956814.0628,0
1713225600000,35.16,35.91,32.7,34.76,3313166.78,1713311999999,113739884.0186,235639,1663845.83,57127368.1191,0
1713312000000,34.75,35.36,32.23,33.58,3016090.08,1713398399999,102621089.2508,218134,1517479.62,51646629.7165,0
1713398400000,33.58,35.61,32.8,34.85,2688659.01,1713484799999,92539554.3744,195266,1363213.05,46940331.4753,0
1713484800000,34.84,36.14,31.92,34.67,3273162.24,1713571199999,112889750.9377,216931,1683070.49,58094223.3317,0
1713571200000,34.66,38.49,34.12,38.31,1920545.62,1713657599999,69728770.2262,142619,945006.67,34383251.886,0
1713657600000,38.31,38.77,36.35,37.15,1574355.22,1713743999999,59028643.4637,104016,733979.0,27525808.8549,0
1713744000000,37.14,39.72,36.75,39.19,1818594.75,1713830399999,70413028.0985,141631,906119.42,35081001.3767,0
1713830400000,39.18,39.92,37.98,38.3,1435816.55,1713916799999,55564423.5331,106515,681749.13,26390970.7091,0
1713916800000,38.3,39.84,36.02,36.37,2306966.5,1714003199999,87499076.5049,163223,1136743.07,43145118.3036,0
1714003200000,36.37,36.75,34.7,35.59,2133979.93,1714089599999,75984595.7483,133350,977882.82,34843837.3658,0
1714089600000,35.59,35.88,34.27,34.42,1641347.49,1714175999999,57796224.8962,90854,808051.7,28466361.6301,0
1714176000000,34.43,35.13,33.08,34.47,1810409.95,1714262399999,61815567.0287,98299,877044.98,29973097.3587,0
1714262400000,34.47,35.39,33.8,33.95,1251390.9,1714348799999,43507285.116,67524,627482.68,21824892.4389,0
1714348800000,33.95,35.88,32.84,35.28,2258794.34,1714435199999,77198606.2464,127634,1129140.4,38603629.8903,0
1714435200000,35.29,35.73,31.92,32.71,2815332.3,1714521599999,93852030.7949,153960,1336131.05,44529564.0643,0
1714521600000,32.71,34.0,30.26,33.33,3380517.89,1714607999999,108925079.8347,186008,1671798.88,53899730.1303,0
1714608000000,33.33,34.13,32.3,33.58,1703436.21,1714694399999,56848906.0451,97831,858483.95,28653083.2456,0
1714694400000,33.57,36.13,33.3,35.54,1553343.97,1714780799999,53837533.6925,91459,794088.62,27550528.1599,0
1714780800000,35.55,37.68,35.18,37.36,1920904.84,1714867199999,69719212.2234,116976,973573.43,35359827.1871,0
1714867200000,37.36,38.01,36.6,37.35,1760586.91,1714953599999,65537437.8577,117502,834738.63,31090510.2546,0
1714953600000,37.35,39.87,36.78,37.11,2933511.56,1715039999999,111834033.5109,184111,1412437.34,53859328.9707,0
1715040000000,37.12,37.6,35.27,35.31,1852417.36,1715126399999,67921942.2224,110319,884483.75,32457134.1001,0
1715126400000,35.31,35.5,33.62,34.02,2157691.01,1715212799999,74538366.5002,126565,1036091.52,35824694.2011,0
1715212800000,34.02,35.38,33.73,35.07,1576030.39,1715299199999,54170713.069,96262,799069.25,27474577.1115,0
1715299200000,35.07,36.12,33.23,33.71,2261922.59,1715385599999,78617666.3908,127159,1082307.38,37623490.1939,0
1715385600000,33.71,34.04,33.06,33.49,1182903.0,1715471999999,39737059.9758,64666,575860.54,19341594.5534,0
1715472000000,33.49,34.0,32.78,33.14,688258.16,1715558399999,23080898.4686,46622,335170.84,11245607.3046,0
1715558400000,33.14,33.82,31.93,32.46,2038043.28,1715644799999,67252363.288,104801,1050480.28,34682551.95,0
1715644800000,32.46,33.34,31.48,31.58,1769809.13,1715731199999,57193264.9023,88674,853511.56,27593117.5698,0
1715731200000,31.58,34.79,31.35,34.66,2196525.74,1715817599999,73696952.4486,111021,1111289.71,37297580.6265,0
1715817600000,34.66,35.01,33.75,34.46,1449092.77,1715903999999,49891095.6522,77062,711930.69,24516156.7381,0
1715904000000,34.45,37.59,34.26,36.43,2207393.25,1715990399999,80374559.8983,118166,1140811.93,41510637.173,0
1715990400000,36.43,37.66,36.34,37.24,1211992.75,1716076799999,45083811.8269,83473,601927.57,22391685.3952,0
1716076800000,37.23,37.76,35.37,35.6,1108974.49,1716163199999,40393050.1641,71979,514475.59,18772235.225,0
1716163200000,35.6,40.35,35.15,40.13,2853777.98,1716249599999,107147027.4022,169707,1504119.13,56601558.6419,0
1716249600000,40.13,41.42,39.66,41.2,3039403.61,1716335999999,123442698.7488,186669,1499219.98,60906577.8206,0
1716336000000,41.19,41.8,39.19,40.0,2116832.47,1716422399999,85499874.053,133765,1028108.19,41542151.0615,0
1716422400000,40.01,40.47,36.37,38.52,3125908.9,1716508799999,120639334.9263,204625,1483007.49,57203581.3793,0
1716508800000,38.52,39.0,36.91,38.01,1363527.65,1716595199999,51852303.8384,85102,620923.27,23615851.9388,0
1716595200000,38.01,38.72,37.71,38.28,735441.75,1716681599999,28064975.9783,55470,347839.12,13281823.7044,0
1716681600000,38.28,38.31,36.46,36.76,892477.39,1716767999999,33232783.77,60033,431364.16,16060396.661,0
1716768000000,36.76,38.95,36.65,38.26,1355234.36,1716854399999,51245768.0804,84190,677451.28,25613809.3197,0
1716854400000,38.27,38.4,36.53,37.02,1944227.48,1716940799999,72192289.8009,116033,948902.97,35223650.1772,0
1716940800000,37.02,37.5,36.14,36.2,1410140.99,1717027199999,51945591.1298,80252,679106.55,25024647.3714,0
1717027200000,36.2,37.09,35.3,35.98,1589093.3,1717113599999,57807071.2783,91372,759037.46,27615755.1033,0
1717113600000,35.98,36.79,35.2,36.02,1109882.27,1717199999999,39991001.9967,66256,513120.29,18500314.832,0
1717200000000,36.04,36.22,35.7,35.76,480351.19,1717286399999,17298006.5376,39651,217694.98,7839601.3409,0
1717286400000,35.76,36.18,34.77,34.91,948549.12,1717372799999,33668426.9407,61891,404973.38,14382598.7369,0
1717372800000,34.91,36.27,34.56,35.03,1502543.1,1717459199999,53465616.5972,72442,721470.58,25676761.6996,0
1717459200000,35.03,36.29,34.41,36.06,1295062.99,1717545599999,45713111.8379,69977,661327.43,23354588.8203,0
1717545600000,36.07,36.91,35.93,36.57,1320551.18,1717631999999,48026610.5066,67320,660188.77,24008727.2041,0
1717632000000,36.58,37.2,35.72,35.89,1130097.72,1717718399999,41245262.0184,61706,516468.74,18866348.1039,0
1717718400000,35.89,36.89,30.9,33.51,2946397.48,1717804799999,100663704.7375,192205,1438378.71,49122567.2571,0
1717804800000,33.51,33.73,31.92,32.27,1168309.91,1717891199999,38304804.5855,70890,588486.9,19296471.5977,0
1717891200000,32.27,33.02,32.04,32.98,601496.64,1717977599999,19536741.6705,38266,302827.72,9838231.0155,0
1717977600000,32.99,33.47,32.02,32.28,1131273.21,1718063999999,36937712.1557,54310,543954.4,17772365.1494,0
1718064000000,32.28,32.38,30.59,31.55,1847318.93,1718150399999,58507811.9831,93585,860500.68,27257770.9318,0
1718150400000,31.56,33.99,30.79,33.27,1877715.47,1718236799999,61655997.157,114337,918089.06,30142671.0725,0
1718236800000,33.27,33.44,30.92,30.99,1377426.4,1718323199999,44157110.4107,81703,657257.84,21078470.6277,0
1718323200000,31.0,32.21,29.29,30.29,2200667.62,1718409599999,67446270.9129,124209,1042361.84,31963666.4092,0
1718409600000,30.29,30.65,29.91,30.01,647613.47,1718495999999,19579437.5271,38864,300963.26,9103877.2605,0
1718496000000,30.01,30.48,29.66,30.08,951476.4,1718582399999,28573651.3726,59103,444201.76,13342488.0847,0
1718582400000,30.07,30.35,27.29,28.47,1975971.78,1718668799999,56802836.1104,104131,942317.46,27069670.5243,0
1718668800000,28.47,28.54,24.94,26.6,2809030.18,1718755199999,73954733.2437,155571,1346203.19,35421242.0534,0
1718755200000,26.6,27.67,26.38,26.94,1296859.97,1718841599999,35174949.1602,69756,639962.06,17363547.39,0
1718841600000,26.95,28.89,26.67,27.58,1873349.75,1718927999999,51810644.1732,93877,962713.02,26659394.1164,0
1718928000000,27.58,28.03,26.93,27.48,1411878.18,1719014399999,38909264.3193,74118,671862.13,18511061.4293,0
1719014400000,27.48,27.5,24.52,25.61,3754180.61,1719100799999,96219307.8166,233449,1790174.48,45778181.0913,0
1719100800000,25.62,26.15,24.12,25.09,2992605.46,1719187199999,74742374.2028,148185,1530885.27,38247571.5395,0
1719187200000,25.08,25.25,23.51,24.8,3210819.75,1719273599999,78337741.2475,151050,1584825.33,38669342.9573,0
1719273600000,24.79,25.79,24.58,25.4,1484143.35,1719359999999,37456242.4556,73693,699720.23,17673015.777,0
1719360000000,25.4,26.66,25.28,25.82,2304629.01,1719446399999,59795467.941,99211,1069494.98,27760034.9782,0
1719446400000,25.82,28.38,25.36,27.91,2306236.79,1719532799999,62280204.565,111616,1171635.33,31628232.4709,0
1719532800000,27.91,29.09,27.66,27.96,2075840.6,1719619199999,58730860.7456,111704,1016336.09,28769144.2719,0
1719619200000,27.96,28.68,27.57,27.76,1083357.0,1719705599999,30477482.7618,56658,522363.49,14702793.9761,0
1719705600000,27.77,29.57,27.4,29.36,1537329.37,1719791999999,43687945.3238,91155,769373.12,21874583.7825,0
1719792000000,29.36,30.12,28.81,28.83,1691942.47,1719878399999,50168618.6036,106466,811788.72,24078917.4238,0
1719878400000,28.83,28.91,28.09,28.71,1535912.34,1719964799999,43714512.6025,82902,778978.7,22173470.1468,0
1719964800000,28.72,28.97,26.43,26.51,2084008.75,1720051199999,57083893.4253,116249,954397.12,26128302.2747,0
1720051200000,26.51,26.7,24.28,24.44,2122362.53,1720137599999,54238577.7526,116464,996752.56,25476160.4775,0
1720137600000,24.43,25.44,21.8,25.13,4416833.2,1720223999999,104088829.6159,235885,2160570.45,50932330.3709,0
1720224000000,25.13,27.61,24.84,27.41,1273710.29,1720310399999,33193537.6349,85481,640946.15,16734697.1733,0
1720310400000,27.41,27.49,25.46,25.75,1523225.99,1720396799999,40061548.5345,100515,689389.73,18128955.8153,0
1720396800000,25.75,27.21,24.53,25.21,3013924.84,1720483199999,78064237.4912,174853,1451678.94,37588476.6461,0
1720483200000,25.21,26.5,24.71,26.43,2301249.16,1720569599999,58903183.4973,120415,1168620.26,29911302.3719,0
1720569600000,26.43,27.42,25.63,25.75,1444884.87,1720655999999,38399327.9763,97645,664993.35,17665831.6824,0
1720656000000,25.75,26.38,25.01,25.21,2064310.7,1720742399999,52941820.6821,125177,1054953.63,27060659.0309,0
1720742400000,25.19,26.1,24.82,25.96,1236543.8,1720828799999,31475282.6795,79061,591828.98,15068770.8648,0
1720828800000,25.97,26.34,25.53,25.86,1755388.94,1720915199999,45491281.9359,107690,725042.17,18804375.7467,0
1720915200000,25.85,26.67,25.6,26.35,1493849.24,1721001599999,38925850.4996,91034,715102.07,18637093.3306,0
1721001600000,26.35,27.89,26.27,27.82,2252819.9,1721087999999,60995475.2153,146787,1113813.63,30165977.5068,0
1721088000000,27.83,29.25,26.47,28.01,2956440.06,1721174399999,82273401.7024,203215,1409941.35,39232750.8797,0
1721174400000,28.01,29.03,27.21,27.24,2275728.47,1721260799999,64203078.292,146080,1153908.87,32573283.9,0
1721260800000,27.24,27.94,26.59,27.14,1688798.14,1721347199999,46231790.1961,101322,831636.71,22766430.9776,0
1721347200000,27.13,28.41,26.65,28.16,2176432.94,1721433599999,59868083.9465,112146,1086456.83,29881730.2161,0
1721433600000,28.17,29.18,27.78,29.11,1467397.44,1721519999999,41756067.0432,81374,698702.02,19888790.1774,0
1721520000000,29.1,33.0,28.54,32.64,4881628.18,1721606399999,149864559.6375,322402,2511655.9,77171331.5459,0
1721606400000,32.64,32.95,31.32,31.87,2823413.4,1721692799999,90737040.3786,207046,1356369.94,43601608.0372,0
1721692800000,31.87,32.63,29.43,29.82,2989620.04,1721779199999,91559187.202,199956,1563351.0,47841332.0107,0
1721779200000,29.82,30.55,28.26,28.38,2813233.19,1721865599999,82729476.2732,198571,1411721.73,41507376.5054,0
1721865600000,28.37,28.59,26.26,27.24,2457846.44,1721951999999,67018304.0481,170650,1201998.49,32752175.3474,0
1721952000000,27.23,28.93,27.17,28.72,2103180.06,1722038399999,59215084.0221,131944,1129337.27,31819329.9333,0
1722038400000,28.73,29.52,27.59,28.04,1595083.64,1722124799999,45551954.8035,113472,727720.35,20768041.7619,0
1722124800000,28.04,28.17,27.1,27.4,955992.62,1722211199999,26343950.0845,73432,468402.18,12910530.0453,0
1722211200000,27.39,28.86,26.96,27.01,2335986.83,1722297599999,65430675.0145,144348,1097644.86,30773346.7529,0
1722297600000,27.01,27.32,26.03,26.33,1375203.85,1722383999999,36860292.9684,94873,704562.13,18889035.379,0
1722384000000,26.32,26.87,25.44,25.7,1930480.93,1722470399999,50588227.541,128138,836133.23,21922993.0672,0
1722470400000,25.7,25.92,24.01,25.71,1979230.94,1722556799999,49488078.4528,137581,971815.82,24280662.6976,0
1722556800000,25.71,25.91,23.35,23.6,2234805.73,1722643199999,54604667.8436,170351,1059208.51,25887664.4014,0
1722643200000,23.6,24.15,22.2,22.67,1850832.83,1722729599999,42969793.9417,123914,870544.04,20219670.4336,0
1722729600000,22.68,22.96,20.58,21.25,2081859.37,1722815999999,45338300.7548,116384,967229.6,21074330.7277,0
1722816000000,21.26,21.38,17.29,19.54,9670531.58,1722902399999,182450243.8281,471497,4682465.97,88295807.9083,0
1722902400000,19.54,21.46,19.51,20.89,2687249.82,1722988799999,55749283.5702,148054,1354594.25,28084585.7191,0
1722988800000,20.88,21.7,19.71,19.85,2185632.53,1723075199999,45248760.4547,130283,1081939.63,22433403.4334,0
1723075200000,19.86,22.8,19.52,22.73,2398279.56,1723161599999,51022188.497,133218,1198726.83,25486305.6567,0
1723161600000,22.73,22.8,21.29,21.74,1708499.52,1723247999999,37226098.6635,110759,784707.29,17087385.3019,0
1723248000000,21.75,22.05,21.4,21.59,829812.48,1723334399999,17996461.1832,54711,412185.23,8941088.0049,0
1723334400000,21.59,22.37,20.39,20.4,1316532.04,1723420799999,28180519.506,90996,655363.24,14031714.5497,0
1723420800000,20.4,21.71,20.3,21.26,1828261.75,1723507199999,38548924.1,128574,869169.84,18341720.1952,0
1723507200000,21.27,21.62,20.6,21.37,1369820.3,1723593599999,28945587.8375,98570,677215.16,14295084.829,0
1723593600000,21.38,21.87,20.77,20.95,1239087.66,1723679999999,26415235.1138,100440,604846.1,12897423.6336,0
1723680000000,20.95,21.15,19.83,20.14,1891885.5,1723766399999,38908034.2839,155579,1013884.06,20852899.9325,0
1723766400000,20.14,20.72,19.78,20.36,1292955.85,1723852799999,26208595.5055,120230,630553.22,12788996.909,0
1723852800000,20.36,20.71,20.23,20.7,594996.7,1723939199999,12200550.1588,55110,286039.2,5869471.7929,0
1723939200000,20.7,21.51,20.55,20.82,1080288.16,1724025599999,22734942.9213,101615,505895.46,10646286.4499,0
1724025600000,20.83,21.25,20.38,21.21,1079897.76,1724111999999,22393421.5361,102366,572221.77,11865684.6602,0
1724112000000,21.22,22.79,21.16,22.26,2257515.64,1724198399999,49753996.6191,187686,1005401.05,22163077.7644,0
1724198400000,22.26,23.8,22.25,23.53,2113314.06,1724284799999,48983823.4056,232617,1077767.75,24981957.003,0
1724284800000,23.53,25.35,23.05,25.22,2451735.12,1724371199999,59655170.6904,250052,1244499.76,30289140.0976,0
1724371200000,25.22,27.01,25.22,26.49,3388980.56,1724457599999,89076545.4562,407714,1681781.59,44218587.9539,0
1724457600000,26.5,28.0,26.19,27.11,2329717.63,1724543999999,63305812.6052,226125,1086930.29,29529928.2275,0
1724544000000,27.12,27.68,26.13,26.92,2020535.79,1724630399999,54288884.5478,184807,988163.83,26580168.8422,0
1724630400000,26.93,27.2,25.89,25.94,1936106.29,1724716799999,51492936.0162,191108,944439.37,25126147.2708,0
1724716800000,25.94,26.81,23.66,24.09,2200225.1,1724803199999,55812661.7586,239678,1084696.29,27513798.1718,0
1724803200000,24.08,24.84,23.19,23.45,2427017.83,1724889599999,58124609.6399,278901,1281043.0,30677369.8667,0
1724889600000,23.44,24.68,22.78,22.89,1881922.74,1724975999999,44603570.2641,194850,1027332.08,24343985.6932,0
1724976000000,22.9,23.64,22.18,23.29,1640828.47,1725062399999,37662456.7693,169262,835950.28,19196108.1842,0
1725062400000,23.29,23.4,22.47,22.81,731034.89,1725148799999,16773810.8913,73223,306731.69,7037071.0779,0
1725148800000,22.8,22.84,21.09,21.42,1701717.55,1725235199999,37609773.4716,157166,834852.77,18452514.5914,0
1725235200000,21.42,22.57,21.37,22.37,1213729.2,1725321599999,26745482.6414,120149,639433.74,14092411.9821,0
1725321600000,22.37,22.73,21.33,21.38,1165499.01,1725407999999,25694253.9313,123463,601752.15,13265714.4627,0
1725408000000,21.38,22.32,20.48,21.9,1783124.44,1725494399999,38361489.1873,167192,841569.13,18122863.5728,0
1725494400000,21.91,22.19,21.23,21.38,1130561.49,1725580799999,24485822.0076,132169,544665.78,11800379.2664,0
1725580800000,21.38,22.19,20.48,21.17,2491055.66,1725667199999,53194424.167,230492,1241519.14,26512567.2903,0
1725667200000,21.16,22.0,21.05,21.8,951544.49,1725753599999,20542367.1707,78843,447200.04,9651761.9265,0
1725753600000,21.8,23.52,21.71,23.25,1913376.33,1725839999999,43646473.907,170187,925113.57,21106459.6894,0
1725840000000,23.25,24.44,23.14,23.84,2082195.37,1725926399999,49599865.701,206587,1069756.59,25500578.193,0
1725926400000,23.85,24.59,23.57,24.36,1441227.33,1726012799999,34584566.5462,140635,752721.19,18059747.6677,0
1726012800000,24.36,24.52,22.87,23.28,1685272.65,1726099199999,39700927.9164,176030,781373.38,18399313.5073,0
1726099200000,23.28,24.1,23.27,24.02,1532687.18,1726185599999,36335837.1531,147872,803518.62,19049424.8807,0
1726185600000,24.02,25.1,23.66,24.91,1883781.59,1726271999999,45713745.9191,178658,918539.83,22302494.4142,0
1726272000000,24.91,25.66,24.61,25.32,1199130.86,1726358399999,30153730.3833,127713,557860.87,14035882.3503,0
1726358400000,25.33,25.38,23.64,23.8,1451892.29,1726444799999,35627441.5368,147059,731951.59,17959265.8248,0
1726444800000,23.8,24.24,23.22,23.52,1751162.34,1726531199999,41392391.9152,171860,893716.66,21127350.1493,0
1726531200000,23.52,24.49,23.16,23.77,1583225.8,1726617599999,37959235.7743,157061,770883.14,18485271.9711,0
1726617600000,23.78,24.73,22.79,24.68,2073720.9,1726703999999,48753644.3984,176396,1055940.89,24829795.1555,0
1726704000000,24.7,26.79,24.69,26.66,2927349.19,1726790399999,76311005.4693,307410,1369678.6,35700975.5227,0
1726790400000,26.67,28.8,26.48,27.67,3375743.3,1726876799999,93413291.5339,362098,1680248.93,46409747.3789,0
1726876800000,27.67,28.13,26.99,27.79,1074371.17,1726963199999,29561950.865,152517,513006.42,14129363.805,0
1726963200000,27.79,27.8,26.45,27.29,1232505.34,1727049599999,33432679.6909,163349,574454.78,15586171.3068,0
1727049600000,27.3,28.18,26.56,27.39,2044240.42,1727135999999,56175373.3908,221767,1050221.79,28858257.3444,0
1727136000000,27.39,28.55,26.84,28.46,1891613.31,1727222399999,52064639.4076,236954,954220.5,26267970.5463,0
1727222400000,28.46,28.5,27.15,27.28,2136050.42,1727308799999,59288278.1376,263190,1039527.02,28854947.3051,0
1727308800000,27.29,29.42,26.96,29.16,2834148.82,1727395199999,80954044.9618,311542,1358168.51,38819813.2506,0
1727395200000,29.15,30.85,28.93,30.43,2216838.14,1727481599999,66390948.5937,338523,1122154.28,33622447.7658,0
1727481600000,30.44,30.76,29.03,29.28,1265112.67,1727567999999,37547068.6622,190218,565040.39,16772224.8316,0
1727568000000,29.29,29.47,28.24,29.04,1309575.5,1727654399999,37840831.3986,205543,675574.36,19520930.3059,0
1727654400000,29.04,29.12,27.56,27.71,2118117.74,1727740799999,59979330.2505,241966,1005317.37,28468693.4105,0
1727740800000,27.71,28.89,25.0,25.82,3528601.75,1727827199999,94507403.5353,403276,1746901.22,46827390.0103,0
1727827200000,25.82,26.78,25.03,25.33,2104510.83,1727913599999,54444077.2651,245103,1035781.94,26786970.8317,0
1727913600000,25.33,25.67,23.9,24.66,2257868.51,1727999999999,55724653.9427,258293,1079637.7,26654057.8583,0
1728000000000,24.66,26.5,24.44,26.27,1804442.66,1728086399999,46297749.9978,207850,848888.68,21767008.3577,0
1728086400000,26.27,26.45,25.1,25.67,1054363.46,1728172799999,27258996.9185,129497,418174.41,10816920.0791,0
1728172800000,25.67,27.08,25.49,26.94,1233938.51,1728259199999,32687088.2107,160985,570680.04,15116862.9439,0
1728259200000,26.93,27.74,26.51,26.56,1779576.78,1728345599999,48317380.6145,215829,868214.01,23576469.2686,0
1728345600000,26.57,27.19,26.03,26.34,1316635.28,1728431999999,34934854.7237,178196,615899.26,16332069.2582,0
1728432000000,26.34,26.7,25.68,25.76,1612088.05,1728518399999,42119019.9567,194597,742443.99,19407708.958,0
1728518400000,25.76,26.37,25.06,25.86,1305991.34,1728604799999,33682369.1492,171184,660511.65,17040365.7694,0
1728604800000,25.85,27.6,25.75,27.45,1356314.72,1728691199999,36241553.5428,162260,655057.45,17518075.4396,0
1728691200000,27.46,29.37,27.39,28.64,2063826.88,1728777599999,59088021.3294,261282,992798.5,28411831.8961,0
1728777600000,28.63,29.36,28.3,29.06,1605213.5,1728863999999,46283905.1046,192854,822766.17,23731996.5466,0
1728864000000,29.05,29.87,28.65,29.07,2007570.41,1728950399999,58934697.3877,276167,1023709.52,30063465.9878,0
1728950400000,29.07,29.62,27.45,28.21,2806768.34,1729036799999,80098151.2386,367975,1371781.84,39162028.7013,0
1729036800000,28.21,28.22,27.25,28.02,1952738.95,1729123199999,54092851.6123,178468,1005002.93,27844811.772,0
1729123200000,28.03,28.27,26.82,27.31,1321790.89,1729209599999,36337925.1313,129401,638059.24,17523073.3095,0
1729209600000,27.31,28.17,27.1,28.1,894689.48,1729295999999,24778156.1531,92961,425730.94,11791722.1386,0
1729296000000,28.1,28.46,27.71,28.1,588731.97,1729382399999,16538971.6094,69381,251224.87,7059622.5029,0
1729382400000,28.1,29.0,27.76,28.96,883990.57,1729468799999,25017782.3893,92107,450574.17,12748755.5122,0
1729468800000,28.97,29.32,27.38,27.75,1515208.07,1729555199999,42865094.7506,134977,722907.2,20426891.2006,0
1729555200000,27.75,28.23,27.24,27.64,1311372.78,1729641599999,36359773.8113,116048,658360.31,18258481.2416,0
1729641600000,27.65,27.71,25.89,26.75,1697988.9,1729727999999,45278205.2017,128316,843048.61,22475783.6759,0
1729728000000,26.75,27.24,26.38,26.83,1323965.2,1729814399999,35524442.5994,101092,733754.88,19681870.2516,0
1729814400000,26.84,26.89,24.01,24.93,2098635.37,1729900799999,53725297.0426,181917,1015054.66,26031396.3535,0
1729900800000,24.94,25.68,24.56,25.41,1042871.56,1729987199999,26269037.0388,88867,504266.1,12701905.4119,0
1729987200000,25.41,25.94,25.25,25.77,596461.7,1730073599999,15291541.581,66965,314095.75,8056455.5821,0
1730073600000,25.77,26.54,25.05,26.25,1509538.85,1730159999999,39155059.55,157560,757683.9,19642405.1617,0
1730160000000,26.26,27.16,26.17,26.88,1492949.8,1730246399999,39886683.7537,125685,739955.82,19774469.7992,0
1730246400000,26.88,26.91,26.01,26.18,1634180.54,1730332799999,43220750.8053,124432,797251.65,21099233.5573,0
1730332800000,26.17,26.23,24.68,25.03,1389613.61,1730419199999,35186075.7217,107299,674468.16,17059321.0696,0
1730419200000,25.03,25.71,24.4,24.78,1566405.89,1730505599999,39162928.6368,126459,701721.47,17551060.9323,0
1730505600000,24.79,25.02,23.96,24.12,747467.07,1730591999999,18214287.5524,78249,312624.44,7622187.4299,0
1730592000000,24.13,24.2,22.6,23.54,1839984.69,1730678399999,42845339.8992,160607,799351.0,18623906.273,0
1730678400000,23.53,23.94,22.35,22.72,1698424.83,1730764799999,39369761.1175,174293,740649.57,17177667.5622,0
1730764800000,22.72,24.51,22.59,23.99,1705771.01,1730851199999,40421717.8039,184772,779523.73,18491352.021,0
1730851200000,24.0,27.3,24.0,27.01,3669930.55,1730937599999,95661304.1502,305182,1832953.76,47784663.8205,0
1730937600000,27.01,28.0,26.51,27.38,2304556.93,1731023999999,62873205.2314,236895,1137533.7,31045238.2034,0
1731024000000,27.39,28.79,27.1,28.78,2423694.41,1731110399999,67829426.4764,403055,1225193.98,34318782.071,0
1731110400000,28.78,30.48,28.49,30.36,2817405.7,1731196799999,82497709.1434,361047,1402652.32,41079177.6713,0
1731196800000,30.37,33.29,29.69,31.89,6132136.02,1731283199999,194206289.3845,870208,3036205.9,96187902.3794,0
1731283200000,31.89,35.79,30.7,35.71,7008431.33,1731369599999,232582798.0292,854776,3528109.29,117149363.6991,0
1731369600000,35.72,37.67,32.66,33.96,9074667.64,1731455999999,316778934.5885,1313970,4313792.92,150709047.214,0
1731456000000,33.96,35.05,31.2,33.12,8175967.91,1731542399999,271484932.7425,962432,4159785.5,138235797.838,0
1731542400000,33.11,34.72,30.68,31.21,4206583.37,1731628799999,136834420.7992,622735,2185244.3,71079111.395,0
1731628800000,31.21,33.3,30.59,33.13,2971420.25,1731715199999,95198522.4096,443912,1494202.99,47877331.2492,0
1731715200000,33.13,35.74,32.79,35.14,4066373.3,1731801599999,141387216.153,568668,2013654.51,69978246.7577,0
1731801600000,35.15,37.27,33.08,34.71,5673738.64,1731887999999,202935987.0229,719943,2766653.78,99028638.536,0
1731888000000,34.72,36.16,34.06,35.48,4439039.4,1731974399999,156459725.7756,571800,2174473.22,76651812.5524,0
1731974400000,35.48,35.63,33.52,34.2,2987306.04,1732060799999,103415382.1749,390101,1475564.2,51076927.2491,0
1732060800000,34.2,35.75,32.77,33.59,3615587.8,1732147199999,123686935.6677,465209,1778227.25,60845820.887,0
1732147200000,33.6,36.2,32.31,35.84,4208872.98,1732233599999,146592209.795,539825,2079926.68,72399603.2904,0
1732233600000,35.84,43.52,35.18,43.17,8056726.78,1732319999999,313578549.6165,1020925,4268545.25,166323804.6677,0
1732320000000,43.18,45.27,40.69,41.44,7788308.37,1732406399999,334734194.3538,1128343,3744187.49,160995765.7754,0
1732406400000,41.44,43.14,38.31,42.06,5915164.28,1732492799999,241000210.3046,891844,2896418.95,117988110.159,0
1732492800000,42.05,47.93,40.02,41.31,9557513.01,1732579199999,417727497.5234,1301940,4841086.45,211651773.0947,0
1732579200000,41.31,43.35,38.5,42.72,6473991.3,1732665599999,267482961.0192,925694,3283923.71,135841228.1342,0
1732665600000,42.73,44.47,41.95,43.78,4868664.66,1732751999999,210644449.2972,657803,2493477.45,107895876.7809,0
1732752000000,43.78,44.24,41.51,42.77,2715014.37,1732838399999,115964045.7599,391227,1386426.52,59227811.2583,0
1732838400000,42.78,45.07,42.54,44.86,2791481.17,1732924799999,122489794.788,457010,1415278.95,62163296.4036,0
1732924800000,44.86,46.26,43.65,44.81,2529834.27,1733011199999,114264133.7938,451738,1266740.07,57214888.3483,0
1733011200000,44.81,45.78,43.65,45.09,2620155.57,1733097599999,116980846.1556,503371,1292911.2,57752907.419,0
1733097600000,45.09,52.49,45.0,52.27,13230224.23,1733183999999,637685454.4509,1663473,6903894.33,333035416.3708,0
1733184000000,52.27,53.95,47.8,50.9,8509217.61,1733270399999,433373443.5631,1234667,4171254.97,212592594.6951,0
1733270400000,50.9,55.79,50.83,52.76,6737952.02,1733356799999,361391902.1541,806244,3270806.9,175481600.1452,0
1733356800000,52.76,53.62,48.76,50.3,5150018.91,1733443199999,266029870.3727,825078,2514759.37,129940265.5199,0
1733443200000,50.29,53.55,49.62,52.47,3531401.48,1733529599999,183017115.2437,598554,1725947.03,89463639.3192,0
1733529600000,52.48,53.08,51.2,51.6,1802079.69,1733615999999,93826491.073,331616,862329.71,44922437.8587,0
1733616000000,51.6,54.39,50.35,53.98,2610374.95,1733702399999,136298773.0172,453528,1360318.99,71134177.1926,0
1733702400000,53.99,54.2,40.4,45.02,8678006.11,1733788799999,410835147.279,1122982,4378278.39,206837186.101,0
1733788800000,45.02,46.49,41.32,44.6,5913538.77,1733875199999,260398681.0232,855291,2867955.12,126473375.2976,0
1733875200000,44.6,48.48,42.78,48.47,3179918.54,1733961599999,146677911.4226,426477,1638986.55,75684434.5261,0
1733961600000,48.46,55.41,48.21,53.14,6946012.23,1734047999999,361910981.1884,941176,3524987.86,183722836.5338,0
1734048000000,53.14,54.03,50.72,52.78,3059871.58,1734134399999,159498082.8642,458236,1571386.65,81968728.2952,0
1734134400000,52.79,53.84,49.38,49.85,2178229.4,1734220799999,112587915.5692,377038,1023761.1,52900598.071,0
1734220800000,49.85,51.56,48.1,50.76,2534152.78,1734307199999,126223151.3498,319640,1256101.15,62627448.1639,0
1734307200000,50.77,52.05,48.34,48.98,2847916.5,1734393599999,142060478.5804,485608,1395995.52,69703444.0427,0
1734393600000,48.99,50.84,47.52,47.92,2405448.95,1734479999999,118587968.5269,437143,1095649.7,54063263.3097,0
1734480000000,47.92,48.2,42.63,42.78,4851431.93,1734566399999,220212557.4353,563112,2282987.68,103631930.5405,0
1734566400000,42.78,43.61,37.46,38.83,6144612.93,1734652799999,249266230.6841,694030,3002573.14,121987324.6217,0
1734652800000,38.84,40.39,33.6,39.86,6360495.34,1734739199999,236335621.7853,624025,3111274.34,115605066.7726,0
1734739200000,39.85,42.36,36.93,37.42,2760917.7,1734825599999,108690002.0766,353190,1342485.82,52961527.1426,0
1734825600000,37.42,38.54,35.52,36.57,2091153.42,1734911999999,77612224.2374,267976,1006286.5,37350676.0527,0
1734912000000,36.57,39.74,35.62,39.11,3166198.31,1734998399999,118045262.3049,372445,1626879.9,60686646.1441,0
1734998400000,39.1,42.06,37.7,41.25,2566311.12,1735084799999,102505025.0055,275405,1306494.35,52194240.83,0
1735084800000,41.25,41.9,39.83,40.25,1222671.71,1735171199999,49851890.42,161888,604034.68,24639893.4703,0
1735171200000,40.26,40.74,36.97,37.33,1918690.88,1735257599999,73445870.6935,224763,900312.97,34432001.6168,0
1735257600000,37.33,39.05,36.31,36.56,1872302.26,1735343999999,70181445.8119,244609,954110.7,35785551.4212,0
1735344000000,36.57,38.14,36.28,37.74,1085666.84,1735430399999,40337601.0782,125427,531646.23,19761672.8056,0
1735430400000,37.75,37.81,35.53,35.84,1157162.61,1735516799999,42295552.2293,120656,544927.56,19903186.0026,0
1735516800000,35.85,37.19,34.87,35.97,2903986.22,1735603199999,105411654.37,208895,1457374.99,52914167.2487,0
1735603200000,35.98,37.29,34.94,35.71,1329180.53,1735689599999,47951380.4469,108609,627705.08,22659601.716,0
1735689600000,35.7,37.99,34.95,37.78,1248478.54,1735775999999,45581445.1364,101431,614436.12,22429853.9607,0
1735776000000,37.77,40.6,37.77,39.28,1937889.62,1735862399999,76293071.2295,198664,936022.3,36849221.1966,0
1735862400000,39.28,42.19,38.89,41.94,2194111.86,1735948799999,90014945.1182,263766,1168817.62,47949853.125,0
1735948800000,41.93,42.85,40.89,42.63,1643635.51,1736035199999,68826668.9244,197063,764698.14,32059014.8423,0
1736035200000,42.63,43.2,41.24,43.11,1297708.53,1736121599999,54687769.588,183441,596166.49,25124967.0969,0
1736121600000,43.11,45.05,42.03,44.05,2332218.89,1736207999999,102430295.0404,284387,1188377.99,52210795.8417,0
1736208000000,44.04,44.57,39.13,39.21,3020624.86,1736294399999,125638901.6721,270479,1397223.0,58051531.896,0
1736294400000,39.2,39.93,36.19,37.43,2979010.3,1736380799999,113149764.621,326027,1446028.17,54976128.1591,0
1736380800000,37.42,37.94,35.5,36.2,1999453.23,1736467199999,73080769.7353,260786,958866.14,35087250.7025,0
1736467200000,36.21,37.93,35.95,36.67,2106803.56,1736553599999,77720625.2669,301439,1035431.59,38237083.6869,0
1736553600000,36.67,37.78,36.02,37.13,864520.17,1736639999999,31797081.1118,148606,402101.17,14799181.6773,0
1736640000000,37.14,37.63,36.11,36.56,806162.71,1736726399999,29734176.1547,138559,377787.33,13943079.56,0
1736726400000,36.57,37.36,32.79,35.29,3196828.06,1736812799999,110252574.6697,385223,1542248.76,53153874.0344,0
1736812800000,35.3,36.72,35.01,36.57,1368764.92,1736899199999,49231450.6572,168168,686882.78,24720914.843,0
1736899200000,36.57,40.02,36.2,39.82,2645740.7,1736985599999,101398574.6973,382193,1328955.52,50995593.5462,0
1736985600000,39.83,40.53,38.34,40.06,2530086.47,1737071999999,99954575.8891,338346,1213506.93,47991646.9589,0
1737072000000,40.07,41.82,40.07,41.38,1918562.98,1737158399999,78772706.5281,296435,1012966.07,41605726.3022,0
1737158400000,41.37,41.68,38.3,39.25,2433155.45,1737244799999,96055274.1831,286747,1164563.09,45976437.817,0
1737244800000,39.25,40.57,34.86,35.68,5434412.75,1737331199999,204328955.076,559038,2562809.07,96484420.5891,0
1737331200000,35.68,40.24,34.49,36.03,7072834.44,1737417599999,260134821.6861,726992,3445463.24,126834680.6966,0
1737417600000,36.04,37.59,34.52,36.95,2671980.96,1737503999999,96599835.1213,325245,1325579.32,47954918.9458,0
1737504000000,36.96,37.77,36.5,36.8,1563354.77,1737590399999,57918690.4278,183080,758363.78,28109973.9848,0
1737590400000,36.8,36.96,34.64,35.56,2662984.04,1737676799999,94707000.3001,294479,1295221.53,46046660.5766,0
1737676800000,35.56,36.79,34.56,35.34,1730924.12,1737763199999,62133579.0296,190576,807794.49,28997054.236,0
1737763200000,35.35,37.26,34.9,36.61,1441802.34,1737849599999,52088486.7723,152858,704911.72,25477446.5515,0
1737849600000,36.61,38.16,35.71,35.75,1529011.14,1737935999999,57086352.3127,169827,806738.21,30153241.3625,0
1737936000000,35.74,36.06,32.87,34.2,3827537.04,1738022399999,130216503.9459,381484,1961363.65,66724790.7852,0
1738022400000,34.2,34.52,31.84,32.08,1705606.48,1738108799999,57137570.9517,188835,826553.6,27756259.6369,0
1738108800000,32.08,33.84,31.89,32.8,2065519.3,1738195199999,68039294.0912,237242,1019854.9,33615947.2309,0
1738195200000,32.8,34.7,32.44,34.29,1413844.81,1738281599999,48115679.5965,156632,724479.32,24664135.0864,0
1738281600000,34.29,36.17,33.8,34.42,2009294.72,1738367999999,70087463.1508,211333,958309.73,33444624.1845,0
1738368000000,34.42,35.1,31.87,32.11,1623830.23,1738454399999,54567232.2356,165539,707980.11,23775307.1665,0
1738454400000,32.11,32.59,25.91,27.63,5849752.61,1738540799999,169857544.972,509067,2877925.42,83624605.9512,0
1738540800000,27.63,28.78,21.2,28.39,16232211.47,1738627199999,412423278.6182,1133223,7963129.71,202207869.3616,0
1738627200000,28.4,28.64,25.54,26.46,4687789.13,1738713599999,125115874.6498,462494,2246123.92,59906848.8755,0
1738713600000,26.47,27.41,25.62,25.84,2339405.41,1738799999999,61967111.5563,251487,1145176.28,30362508.3775,0
1738800000000,25.85,26.82,24.28,24.5,2104041.57,1738886399999,53648955.7017,237153,1034092.87,26371549.5562,0
1738886400000,24.5,26.22,23.71,24.46,2801287.99,1738972799999,70197288.2572,291563,1355461.1,33980499.8327,0
1738972800000,24.46,24.82,23.91,24.58,1241644.47,1739059199999,30238254.6543,138051,635165.62,15472521.9816,0
1739059200000,24.59,25.52,23.66,24.87,1924433.81,1739145599999,47747381.8961,187791,969766.04,24090769.6257,0
1739145600000,24.87,25.99,23.86,25.67,2019175.78,1739231999999,51027513.9993,228029,986620.3,24937843.6047,0
1739232000000,25.66,27.02,24.88,25.39,2096874.29,1739318399999,54579420.5182,226430,969926.31,25254762.7773,0
1739318400000,25.39,27.09,24.29,26.49,2870270.45,1739404799999,72789130.0413,302388,1409633.48,35761720.7363,0
1739404800000,26.5,26.62,25.09,25.39,1590769.95,1739491199999,40864349.8023,186237,787103.64,20225428.701,0
1739491200000,25.4,27.23,25.3,26.39,1934433.81,1739577599999,50962705.426,205146,974801.3,25688377.7842,0
1739577600000,26.38,26.97,25.38,25.48,880943.46,1739663999999,22959101.3097,115586,414675.72,10812671.9405,0
1739664000000,25.49,25.59,24.74,24.85,1050638.52,1739750399999,26467002.9519,114085,526360.02,13267372.2716,0
1739750400000,24.86,25.95,24.43,25.03,1756982.01,1739836799999,44270096.3329,205132,857263.6,21601725.6107,0
1739836800000,25.04,25.12,22.93,23.52,2182686.86,1739923199999,51671352.225,303459,987356.2,23415647.0432,0
1739923200000,23.53,24.02,22.98,23.74,1684111.7,1740009599999,39830964.9959,184576,817297.13,19339816.1633,0
1740009600000,23.73,25.35,23.72,25.15,2019666.25,1740095999999,49698632.5128,200576,962090.34,23669770.1311,0
1740096000000,25.15,26.54,23.77,24.54,3693083.33,1740182399999,93158496.7842,382990,1797550.19,45388852.4449,0
1740182400000,24.54,26.37,24.44,25.83,2159273.44,1740268799999,55008685.3541,208567,1039613.35,26464811.1102,0
1740268800000,25.84,25.98,24.4,24.85,1371001.72,1740355199999,34383537.2343,148440,665239.85,16676573.7604,0
1740355200000,24.85,25.18,21.47,21.88,2988167.3,1740441599999,69436665.5074,369982,1397376.5,32473653.6198,0
1740441600000,21.88,22.34,20.3,21.94,5702796.73,1740527999999,121123997.5943,567068,2895042.62,61560015.2213,0
1740528000000,21.94,22.59,21.0,21.87,3583388.79,1740614399999,78322118.175,354172,1731562.49,37879008.1404,0
1740614400000,21.88,23.39,21.65,22.52,2709549.54,1740700799999,61273125.5863,274989,1347517.78,30470817.9846,0
1740700800000,22.53,22.61,20.23,22.37,4866833.75,1740787199999,103422389.1454,390828,2446910.38,51977011.2264,0
1740787200000,22.38,22.5,21.05,21.86,1582538.68,1740873599999,34477528.8809,145442,802018.81,17481945.285,0
1740873600000,21.87,24.99,21.56,24.95,5943544.61,1740959999999,139096246.2803,501795,2899560.25,67872144.4076,0
1740960000000,24.95,25.12,20.58,20.95,5065494.28,1741046399999,115053851.0895,491084,2440662.22,55341756.3593,0
1741046400000,20.96,21.11,18.84,20.0,7079770.52,1741132799999,141421209.3369,629235,3499440.25,69930422.4607,0
1741132800000,19.99,22.48,19.69,21.73,5087934.65,1741219199999,106170321.9242,384524,2554468.25,53323244.088,0
1741219200000,21.73,22.57,20.89,20.99,3392070.57,1741305599999,73529163.9997,327922,1656401.96,35904386.5331,0
1741305600000,21.0,21.32,19.68,20.14,4832190.14,1741391999999,99216520.7926,430605,2347414.21,48214019.0017,0
1741392000000,20.14,21.1,19.42,20.49,2408378.09,1741478399999,48799426.9391,221625,1219074.03,24714548.2384,0
1741478400000,20.5,20.69,17.76,17.97,2853469.06,1741564799999,53567494.2243,261847,1317906.97,24757223.3642,0
1741564800000,17.98,19.06,16.14,16.26,5594677.27,1741651199999,97887232.2178,468913,2720513.86,47618722.3516,0
1741651200000,16.26,17.91,15.27,17.51,7468057.14,1741737599999,125898176.6961,474716,3686050.69,62115046.0819,0
1741737600000,17.51,18.98,16.95,18.91,3790676.49,1741823999999,68699303.4944,292452,1867237.75,33852117.0938,0
1741824000000,18.92,19.33,17.73,18.5,3010210.36,1741910399999,56114838.3378,254820,1491835.92,27829879.2882,0
1741910400000,18.51,19.31,18.46,18.58,2623693.56,1741996799999,49382522.0337,184398,1326350.22,24972407.2113,0
1741996800000,18.58,19.47,18.37,19.4,2550418.34,1742083199999,47865003.7058,182174,1339375.71,25141886.157,0
1742083200000,19.39,19.85,18.12,18.25,2170899.75,1742169599999,40969548.7115,200582,1015056.92,19178055.9761,0
1742169600000,18.26,19.09,18.2,18.82,1988333.14,1742255999999,36971660.9853,164503,980174.68,18234865.186,0
1742256000000,18.83,19.28,18.32,18.97,2168023.22,1742342399999,40601532.7985,203824,1078874.53,20205950.14,0
1742428800000,19.74,19.86,18.41,18.74,1835276.74,1742515199999,34882936.5782,153031,933356.44,17746606.8248,0
1742515200000,18.75,19.49,18.36,19.18,1398814.97,1742601599999,26361091.9,119003,630503.4,11887644.1934,0
1742601600000,19.19,19.74,19.08,19.43,1024746.34,1742687999999,19927143.8146,86504,424488.27,8257723.608,0
1742688000000,19.43,19.85,19.31,19.82,931913.86,1742774399999,18218893.4998,82278,466699.01,9126440.3661,0
1742774400000,19.82,22.14,19.78,21.48,3286114.76,1742860799999,70137438.4496,271256,1700767.78,36269342.0548,0
1742860800000,21.49,23.46,21.29,22.9,2480199.49,1742947199999,55666156.96,236458,1273196.17,28573908.8489,0
1742947200000,22.91,23.25,21.83,22.04,1937359.3,1743033599999,43449904.9655,167441,917406.12,20614115.8178,0
1743033600000,22.05,22.38,21.63,22.02,1464098.29,1743119999999,32253008.4496,130407,705931.16,15557174.218,0
1743120000000,22.03,22.19,19.77,20.36,2326905.48,1743206399999,48054422.387,191564,1099451.77,22685639.8666,0
1743206400000,20.37,20.54,19.46,19.6,1829316.22,1743292799999,36504610.3305,154664,858915.02,17152022.637,0
1743292800000,19.6,19.91,18.69,18.86,1847685.92,1743379199999,35696938.21,153442,887820.71,17153204.0566,0
1743379200000,18.87,19.12,18.18,18.77,2071811.15,1743465599999,38779225.2074,191836,1079992.51,20218882.2344,0
1743465600000,18.78,19.95,18.72,19.82,2184703.13,1743551999999,42539275.3153,170214,1102470.52,21477955.689,0
1743552000000,19.83,19.9,17.76,17.99,4154300.33,1743638399999,79695314.8266,331745,2024389.78,38822988.878,0
1743638400000,17.98,18.99,17.58,18.15,2568740.81,1743724799999,46698936.2102,206603,1231634.08,22403039.7696,0
1743724800000,18.16,18.77,17.61,18.19,2567824.38,1743811199999,46526960.4437,218548,1306085.9,23656289.4142,0
1743811200000,18.18,18.37,17.69,17.87,892954.09,1743897599999,16053024.7534,69064,346723.74,6245199.5857,0
1743897600000,17.88,17.92,15.62,16.04,2995334.12,1743983999999,50269103.4019,211162,1370719.75,22949877.2904,0
1743984000000,16.05,17.23,14.66,16.68,7001164.45,1744070399999,112072613.5996,529203,3387471.67,54286415.3537,0
1744070400000,16.69,17.74,15.94,16.15,3013852.32,1744156799999,50680687.3626,248240,1353174.35,22773635.1369,0
1744156800000,16.16,18.91,15.59,18.44,5039404.19,1744243199999,87358685.7385,408307,2444745.86,42426016.2833,0
1744243200000,18.44,18.45,17.55,18.31,2260469.93,1744329599999,40856524.9191,188169,1092758.94,19764466.1828,0
1744329600000,18.31,19.57,18.31,19.12,2645844.68,1744415999999,50243726.5795,192222,1517699.54,28847438.2861,0
1744416000000,19.13,21.03,18.84,20.49,2565460.53,1744502399999,51164785.4125,176306,1285097.65,25633741.8841,0
1744502400000,20.5,20.68,19.27,19.59,2081180.7,1744588799999,41435383.9504,165364,973248.9,19373357.3017,0
1744588800000,19.6,20.68,19.55,20.11,2493602.65,1744675199999,50354679.0092,222343,1261013.85,25457993.2788,0
1744675200000,20.12,20.28,18.96,19.01,1992562.14,1744761599999,39340073.8086,180495,934500.08,18477771.6767,0
1744761600000,19.01,19.3,18.5,18.76,1866616.8,1744847999999,35218492.2373,186846,917634.77,17325193.023,0
1744848000000,18.75,19.56,18.69,19.05,1310110.82,1744934399999,25172332.3713,132090,651139.47,12515807.6749,0
1744934400000,19.06,19.34,18.85,19.07,717388.72,1745020799999,13686565.8289,75533,339893.27,6485677.1641,0
1745020800000,19.07,20.36,19.03,19.89,1150790.73,1745107199999,22727767.9792,117853,556451.82,10974133.8164,0
1745107200000,19.89,20.04,19.23,19.51,968529.05,1745193599999,18959174.4691,87915,492119.22,9638827.858,0
1745193600000,19.51,20.95,19.51,19.92,2363765.38,1745279999999,47952952.1332,206436,1205906.07,24456211.0475,0
1745280000000,19.92,22.3,19.44,22.11,3142750.25,1745366399999,66139435.1782,302341,1608556.06,33825688.9382,0
1745366400000,22.11,23.08,21.88,22.33,3055259.88,1745452799999,68661297.3,330659,1489301.5,33492044.0682,0
1745452800000,22.34,22.64,21.61,22.37,1922790.32,1745539199999,42587258.3043,218568,929952.97,20602216.4482,0
1745539200000,22.38,22.87,21.77,22.17,2307424.43,1745625599999,51711129.2556,236089,1188299.23,26651335.0786,0
1745625600000,22.17,22.99,21.72,22.42,1837182.04,1745711999999,40923431.6444,191332,868227.88,19348505.4423,0
1745712000000,22.41,22.8,21.65,21.71,1405919.05,1745798399999,31126231.0543,179269,641178.04,14204246.4704,0
1745798400000,21.72,22.43,21.02,21.84,2387195.87,1745884799999,52073415.8734,244850,1164929.58,25416904.8744,0
1745884800000,21.84,22.3,21.27,21.57,1849977.57,1745971199999,40576282.7602,196135,913572.53,20064510.7626,0
1745971200000,21.56,21.94,20.36,20.92,2032986.84,1746057599999,42991436.4224,196036,968779.26,20473257.0277,0
1746057600000,20.91,21.87,20.81,21.64,2133588.19,1746143999999,45632481.5394,170167,1118240.79,23923015.1368,0
1746144000000,21.64,22.19,20.97,21.25,1781738.14,1746230399999,38255276.4756,173594,890657.22,19125028.293,0
1746230400000,21.26,21.28,20.49,20.52,1026816.5,1746316799999,21408406.8564,85636,481097.73,10037370.7761,0
1746316800000,20.53,20.63,19.76,19.91,1135995.1,1746403199999,22868619.5267,112606,529412.78,10657636.7406,0
1746403200000,19.91,20.24,19.3,19.69,1425147.33,1746489599999,28146509.3088,121494,678525.85,13404449.4111,0
1746489600000,19.69,20.13,19.27,20.01,1370974.68,1746575999999,27023837.2436,137363,635380.5,12536484.7864,0
1746576000000,20.01,20.25,19.09,19.55,1742392.2,1746662399999,34142291.6819,152566,857226.62,16781020.5377,0
1746662400000,19.55,22.17,19.49,22.16,3458163.09,1746748799999,72841350.7856,279818,1836049.22,38673327.6574,0
1746748800000,22.16,24.01,21.96,23.27,4452531.81,1746835199999,102519688.405,399378,2132342.07,49058984.9129,0
1746835200000,23.27,25.97,23.01,25.82,4159813.91,1746921599999,101624346.2023,391744,2027187.96,49521098.2231,0
1746921600000,25.81,26.02,24.16,24.78,2729887.08,1747007999999,68150117.3342,311422,1294597.22,32333402.8005,0
1747008000000,24.79,26.84,23.73,24.83,5218008.53,1747094399999,131614493.6047,509067,2528914.58,63863607.807,0
1747094400000,24.83,26.25,23.45,25.72,2925803.5,1747180799999,72716442.2431,306181,1451626.74,36090944.295,0
1747180800000,25.72,26.54,24.74,24.96,2672732.93,1747267199999,68678206.3357,319358,1296082.96,33340911.1156,0
1747267200000,24.95,25.13,22.94,23.5,3638550.04,1747353599999,86761937.605,358053,1803654.57,43032004.6361,0
1747353600000,23.51,24.05,22.67,23.06,2227565.34,1747439999999,52512748.3983,242918,1046983.75,24713756.8918,0
1747440000000,23.06,23.14,21.97,22.17,1687574.64,1747526399999,38022312.1884,191589,754645.02,17000457.3922,0
1747526400000,22.18,23.86,21.56,23.06,2886141.5,1747612799999,65624125.9404,263970,1457216.47,33159893.4887,0
1747612800000,23.06,23.2,21.26,22.25,2300923.36,1747699199999,50650958.3385,228547,1091978.19,24060821.1958,0
1747699200000,22.25,22.82,21.75,22.6,2363016.87,1747785599999,52681440.0096,224065,1146214.74,25560383.0664,0
1747785600000,22.61,23.81,22.15,23.17,3700764.84,1747871999999,84517794.0543,357335,1812264.21,41410192.2618,0
1747872000000,23.18,25.43,23.13,25.26,4544921.58,1747958399999,112080848.1633,392026,2259593.8,55688874.8978,0
1747958400000,25.26,25.98,22.92,23.07,4705888.32,1748044799999,116259960.8171,471129,2082476.26,51472113.0236,0
1748044800000,23.08,23.48,22.75,22.96,1900215.75,1748131199999,43939870.4176,204181,896234.73,20732120.1596,0
1748131200000,22.96,23.47,22.03,23.45,1560632.88,1748217599999,35290419.9525,179472,751470.23,17005338.5714,0
1748217600000,23.45,24.0,22.87,23.07,1683985.16,1748303999999,39483368.5259,192272,784205.78,18390913.3135,0
1748304000000,23.06,23.88,22.51,23.38,2332149.83,1748390399999,54648932.4714,225622,1145366.83,26861837.6627,0
1748390400000,23.38,23.77,22.77,23.6,1846290.62,1748476799999,42979769.1325,187605,853014.93,19871797.0492,0
1748476800000,23.61,24.35,22.17,22.25,3088525.48,1748563199999,71969453.6183,278205,1458031.28,33977056.0046,0
1748563200000,22.25,22.35,20.4,20.56,3279913.72,1748649599999,70186709.5842,333701,1602464.77,34326615.0696,0
1748649600000,20.55,21.12,19.77,20.8,1892744.39,1748735999999,38663263.2305,203361,954830.67,19508190.3946,0
1748736000000,20.81,20.97,20.17,20.88,1153604.59,1748822399999,23818452.0286,115680,542189.77,11197826.0887,0
1748822400000,20.88,21.32,20.22,21.15,1502072.99,1748908799999,31027122.4076,157839,731824.02,15126106.7421,0
1748908800000,21.16,21.7,20.89,21.14,1566776.54,1748995199999,33430603.6816,149396,719317.13,15352185.6953,0
1748995200000,21.14,21.64,20.06,20.09,1830422.72,1749081599999,38314308.974,137149,866737.59,18145852.0767,0
1749081600000,20.08,20.54,18.43,18.75,3250405.7,1749167999999,63224269.4929,267943,1550480.31,30164775.3918,0
1749168000000,18.75,19.95,18.63,19.64,1859494.01,1749254399999,36188053.4991,142988,945146.14,18398925.7046,0
1749254400000,19.64,21.13,19.56,20.65,1466628.82,1749340799999,30282870.0483,118155,717156.82,14802377.4861,0
1749340800000,20.66,21.49,20.14,21.04,1901641.64,1749427199999,39498650.9825,131345,946163.92,19638730.1156,0
1749427200000,21.04,22.04,20.22,21.95,2477870.38,1749513599999,52259304.3858,186213,1215747.0,25655833.8579,0
1749513600000,21.94,22.59,21.51,22.57,3111970.84,1749599999999,68629418.8938,271598,1598265.03,35256058.8757,0
1749600000000,22.57,22.77,21.32,21.57,2612028.0,1749686399999,57771094.1021,231003,1185060.42,26233442.7662,0
1749686400000,21.56,21.62,20.15,20.28,2415966.59,1749772799999,50459040.4408,201025,1101446.06,23034716.362,0
1749772800000,20.28,20.3,18.46,19.41,5203353.31,1749859199999,99727333.404,347239,2534545.99,48492835.126,0
1749859200000,19.42,19.43,18.71,18.93,1096166.12,1749945599999,20932176.8945,94944,503955.41,9626201.2606,0
1749945600000,18.94,19.28,18.73,19.1,1025408.3,1750031999999,19509764.3731,91189,510213.09,9711411.5374,0
1750032000000,19.11,20.0,18.9,19.06,2053892.52,1750118399999,40223871.2045,169539,1010079.95,19798321.2803,0
1750118400000,19.06,19.49,18.13,18.58,2290731.0,1750204799999,43022270.9223,194810,1108321.03,20817990.3925,0
1750204800000,18.59,18.9,18.07,18.16,1961262.65,1750291199999,36105227.5714,166141,1003311.92,18478756.179,0
1750291200000,18.17,18.39,17.64,18.06,2008390.39,1750377599999,36067416.0777,121864,978467.35,17581499.1856,0
1750377600000,18.06,18.41,16.94,17.37,2195101.91,1750463999999,38767451.28,151181,1006193.95,17779772.2997,0
1750464000000,17.38,17.64,16.32,16.82,2333601.25,1750550399999,39632785.8237,153776,1127161.7,19145303.0989,0
1750550400000,16.82,17.11,15.61,16.53,3130501.11,1750636799999,51197558.8548,253329,1525375.19,24964960.1077,0
1750636800000,16.53,18.19,16.26,18.06,3812779.65,1750723199999,65369436.3486,255852,1901532.15,32648456.1124,0
1750723200000,18.06,18.49,17.88,18.23,2249538.26,1750809599999,40819439.1602,171652,1176463.92,21356307.9867,0
1750809600000,18.24,18.37,17.42,17.57,1737924.36,1750895999999,31076200.959,136927,899669.36,16105873.7937,0
1750896000000,17.57,18.02,17.09,17.23,1486292.73,1750982399999,25923578.8127,128886,701889.19,12260514.0196,0
1750982400000,17.24,17.79,17.02,17.58,1267515.56,1751068799999,22106995.5366,108169,635379.33,11088138.0718,0
1751068800000,17.58,18.08,17.48,17.97,818567.26,1751155199999,14551091.6647,58142,448087.71,7968875.8042,0
1751155200000,17.98,18.9,17.8,18.73,1322755.99,1751241599999,24223211.435,99799,680639.92,12477207.4352,0
1751241600000,18.73,18.88,17.71,17.96,1826960.62,1751327999999,33127241.3994,127103,840367.18,15237819.9058,0
1751328000000,17.97,18.06,16.94,17.1,1494015.26,1751414399999,26047107.175,88744,676177.13,11790843.5539,0
1751414400000,17.11,18.83,16.97,18.51,2701044.64,1751500799999,49193260.2731,165420,1333039.61,24286094.436,0
1751500800000,18.51,19.17,18.34,18.54,2023149.88,1751587199999,37940372.2192,134021,998905.9,18743706.5215,0
1751587200000,18.55,18.88,17.5,17.8,1884464.87,1751673599999,34416034.0214,135555,1017180.7,18643017.7258,0
1751673600000,17.8,17.99,17.62,17.92,638719.79,1751759999999,11378956.8995,48876,325603.4,5802776.5322,0
1751760000000,17.92,18.62,17.74,18.29,1092614.2,1751846399999,19852310.1509,72075,573388.03,10420385.3652,0
1751846400000,18.3,18.59,17.8,17.99,1162903.04,1751932799999,21090066.2562,89943,531071.63,9633057.1311,0
1751932800000,18.0,18.48,17.69,18.36,1311269.48,1752019199999,23725709.9757,91947,619415.28,11207352.8407,0
1752019200000,18.37,19.63,18.09,19.5,2690754.32,1752105599999,50742758.8765,154412,1344011.04,25337965.8528,0
1752105600000,19.5,20.79,19.34,20.7,3077304.92,1752191999999,61077271.2647,167142,1606156.01,31881266.4872,0
1752192000000,20.7,21.53,20.32,20.68,3331979.17,1752278399999,69861988.4064,269620,1708242.52,35814912.4502,0
1752278400000,20.67,21.08,20.18,20.69,2113337.99,1752364799999,43711197.2116,159771,1044087.23,21601483.8785,0
1752364800000,20.68,21.8,20.66,21.2,2637539.97,1752451199999,56090250.1389,215268,1359886.74,28930439.0926,0
1752451200000,21.21,22.08,21.02,21.26,2537960.71,1752537599999,54912747.923,223547,1265625.27,27390823.9254,0
1752537600000,21.27,22.58,20.39,22.51,4237676.39,1752623999999,90392468.0933,307705,2364856.48,50537066.7448,0
1752624000000,22.52,23.02,21.61,22.66,3024064.87,1752710399999,67472490.8146,242947,1335620.87,29846553.4131,0
1752710400000,22.65,24.34,22.02,23.91,4163407.41,1752796799999,95506180.6424,346722,2055259.9,47280159.2381,0
1752796800000,23.91,25.03,23.06,23.51,4182701.83,1752883199999,100857656.5153,352325,2046593.62,49361920.3554,0
1752883200000,23.51,25.23,23.01,24.5,2828014.21,1752969599999,68471815.7685,220123,1461354.98,35397297.7585,0
1752969600000,24.51,25.55,24.31,25.04,3050674.47,1753055999999,76318637.9644,255695,1502424.74,37584843.6915,0
1753056000000,25.05,26.53,24.64,25.43,3722779.88,1753142399999,95637853.5464,332336,1756454.47,45136316.6173,0
1753142400000,25.43,26.09,24.71,25.88,5403307.88,1753228799999,137071109.3833,482299,2668413.23,67693888.4869,0
1753228800000,25.88,26.1,23.15,23.95,4138078.83,1753315199999,101151689.0473,365967,2036877.01,49789641.4761,0
1753315200000,23.96,24.44,22.53,23.67,2954572.88,1753401599999,69983103.3711,301560,1417138.06,33578407.3401,0
1753401600000,23.67,24.04,22.86,24.01,2429187.43,1753487999999,56915041.3195,271764,1136521.94,26642581.3175,0
1753488000000,24.01,25.77,23.84,24.94,2322954.64,1753574399999,57584998.1966,191365,1160775.61,28731926.073,0
1753574400000,24.94,26.46,24.74,26.06,2193331.4,1753660799999,55664672.9223,194622,1151595.83,29216624.802,0
1753660800000,26.06,27.38,24.99,25.21,5003307.81,1753747199999,132011082.1201,468867,2313915.94,61085065.1736,0
1753747200000,25.21,25.51,23.88,24.37,3654141.86,1753833599999,90297768.0662,304276,1704068.49,42111157.0273,0
1753833600000,24.38,24.51,22.4,23.31,3448147.52,1753919999999,80756333.7879,294597,1531934.72,35860417.0766,0
1753920000000,23.3,24.12,22.4,22.47,2756295.09,1754006399999,63798314.3043,206356,1191122.34,27659989.6535,0
1754006400000,22.47,22.58,21.02,21.51,3948656.05,1754092799999,86599867.3314,356558,1956155.58,42908456.506,0
1754092800000,21.52,21.82,20.66,20.86,1443378.5,1754179199999,30625872.2936,162224,669261.67,14204830.0936,0
1754179200000,20.87,21.54,20.57,21.37,1065667.37,1754265599999,22670383.0355,95738,565340.98,12032906.6474,0
1754265600000,21.38,23.13,21.34,23.11,2828179.45,1754351999999,62947527.9794,214213,1703487.67,37924962.4255,0
1754352000000,23.12,23.14,21.44,21.92,1854068.5,1754438399999,41395062.416,164618,1029340.67,23009503.4387,0
1754438400000,21.92,22.4,21.57,22.23,1609597.38,1754524799999,35484210.3086,128196,803146.24,17715151.5013,0
1754524800000,22.24,23.36,21.95,23.36,2606524.79,1754611199999,59086246.0713,149593,1407090.65,31917980.743,0
1754611200000,23.35,23.87,23.0,23.79,2948550.23,1754697599999,69027912.0342,249685,1516517.94,35519286.6971,0
1754697600000,23.8,24.82,23.73,24.23,3706511.37,1754783999999,90316333.9696,234768,1407621.01,34327347.4147,0
1754784000000,24.24,24.55,23.26,23.83,2042077.94,1754870399999,48725702.8884,186460,931802.4,22243687.1669,0
1754870400000,23.84,24.63,22.65,22.79,2917750.34,1754956799999,69378117.5416,280898,1436889.66,34223908.8107,0
1754956800000,22.79,24.9,22.74,24.67,3234718.02,1755043199999,77214092.9174,259768,1682900.9,40194060.138,0
1755043200000,24.67,25.68,24.37,25.47,3255245.91,1755129599999,81639829.3596,283833,1763746.79,44259350.6505,0
1755129600000,25.47,25.99,23.18,23.67,5773899.55,1755215999999,140109859.8052,429800,3089165.79,74848509.928,0
1755216000000,23.66,25.66,23.46,23.77,5593714.7,1755302399999,136005122.672,408154,3000086.34,72964478.429,0
1755302400000,23.76,24.37,23.57,24.3,1610583.32,1755388799999,38546322.9427,150604,769106.54,18416902.2091,0
1755388800000,24.3,25.68,24.02,25.06,2713774.39,1755475199999,67900115.2624,201223,1409213.04,35265191.5716,0
1755475200000,25.07,25.33,23.36,23.7,3792415.91,1755561599999,90778161.1943,311523,1846730.51,44205794.4362,0
1755561600000,23.7,24.06,22.31,22.37,2882360.08,1755647999999,66367317.7042,259082,1274074.33,29336332.6521,0
1755648000000,22.36,23.55,22.23,23.46,2293194.21,1755734399999,52662843.9266,205705,1172765.88,26939570.7058,0
1755734400000,23.45,23.62,22.72,22.77,1706315.72,1755820799999,39551905.8033,154707,884151.86,20540328.4113,0
1755820800000,22.78,25.4,22.19,25.25,5485181.93,1755907199999,131281578.8651,402824,2685365.96,64251489.9364,0
1755907200000,25.26,26.77,24.47,26.26,5753729.12,1755993599999,148324322.008,355768,2595899.59,67006025.6826,0
1755993600000,26.26,26.57,24.92,25.83,4047628.7,1756079999999,103785899.4887,339088,1935507.99,49691555.1168,0
1756080000000,25.83,26.0,23.03,23.35,4117635.73,1756166399999,99633826.5408,355922,1993537.36,48185205.2295,0
1756166400000,23.35,24.35,23.09,24.17,2647190.56,1756252799999,62575477.9549,245186,1332081.8,31512361.6708,0
1756252800000,24.17,25.33,23.86,24.42,3575703.83,1756339199999,88227442.4631,289031,1898159.13,46856818.4561,0
1756339200000,24.42,25.08,24.13,24.93,2606202.3,1756425599999,64188025.2906,177786,1272676.64,31371025.566,0
1756425600000,24.93,25.2,23.2,23.55,3838827.52,1756511999999,92240264.2551,270862,1963151.34,47177034.2619,0
1756512000000,23.54,23.94,23.1,23.78,1173614.41,1756598399999,27698339.0622,91691,600830.1,14186694.7635,0
1756598400000,23.78,24.2,23.38,23.4,1062889.49,1756684799999,25411840.7228,80535,487535.42,11660345.2343,0
1756684800000,23.4,24.33,22.67,23.21,3735535.61,1756771199999,87954802.3932,219980,1891731.43,44518876.6132,0
1756771200000,23.22,24.5,23.02,24.46,3640156.76,1756857599999,87088297.5268,244361,1782522.44,42635867.2987,0
1756857600000,24.47,25.78,24.27,25.2,3567888.32,1756943999999,89324292.2756,222471,1938105.86,48546930.5134,0
1756944000000,25.21,25.28,24.18,24.21,2160658.31,1757030399999,53366143.0953,129682,1029996.88,25450859.7621,0
1757030400000,24.21,25.11,23.86,24.47,2980843.48,1757116799999,73138861.1763,174769,1486385.89,36511188.5297,0
1757116800000,24.48,24.62,24.09,24.38,869250.62,1757203199999,21159306.9731,59186,414971.65,10107327.0658,0
1757203200000,24.37,24.95,24.26,24.68,1253296.14,1757289599999,30811268.7977,70890,698891.57,17193623.5618,0
1757289600000,24.69,25.8,24.53,25.29,2389358.41,1757375999999,60304893.2998,162147,1196297.17,30183906.4459,0
1757376000000,25.29,26.36,24.9,25.93,3883910.84,1757462399999,100408729.4527,233130,1939115.87,50158511.8127,0
1757462400000,25.94,29.52,25.75,29.48,7835798.78,1757548799999,218802126.3264,446822,4208080.3,117448269.524,0
1757548800000,29.47,29.99,28.3,29.15,4409659.2,1757635199999,127862617.2341,309958,2198287.47,63786757.6484,0
1757635200000,29.14,29.4,28.25,28.99,3485659.59,1757721599999,99961035.3992,209845,1729752.79,49634645.2409,0
1757721600000,28.98,31.25,28.74,30.08,6655109.56,1757807999999,200842960.0513,476544,3446710.1,104036643.8692,0
1757808000000,30.08,30.64,28.96,29.44,4026228.24,1757894399999,120027359.034,285555,1963306.04,58620885.2896,0
1757894400000,29.44,30.45,28.22,29.81,4822176.71,1757980799999,141231815.9825,359858,2314979.96,67927215.7404,0
1757980800000,29.81,31.0,29.17,30.08,4046243.14,1758067199999,122246666.5847,316924,2050942.4,62004778.3137,0
1758067200000,30.07,32.0,29.38,31.82,4496864.96,1758153599999,136426878.4008,357194,2357728.26,71628545.1528,0
1758153600000,31.82,35.43,31.63,35.19,8086451.91,1758239999999,270473842.6564,599408,4313088.2,144266050.1827,0
1758240000000,35.19,35.81,33.34,33.75,5353801.63,1758326399999,184306198.6617,433645,2585683.87,89094150.013,0
1758326400000,33.74,34.11,32.86,33.17,2827363.71,1758412799999,94837130.8942,183527,1373666.43,46100358.6944,0
1758412800000,33.17,33.61,32.58,33.04,2354952.36,1758499199999,77740220.4221,158234,1135213.92,37484279.8207,0
1758499200000,33.05,33.98,29.41,33.86,7906750.93,1758585599999,250346419.5027,563694,3938371.74,124851506.2446,0
1758585600000,33.87,36.16,32.75,33.61,9338116.95,1758671999999,322546503.3092,789199,4796089.89,165894048.0023,0
1758672000000,33.6,34.85,32.26,32.31,4766219.2,1758758399999,161661593.9112,427498,2403500.72,81604158.1871,0
1758758400000,32.31,32.8,28.51,28.64,7152756.29,1758844799999,218339928.1601,659455,3289088.41,100428819.0825,0
1758844800000,28.63,29.6,27.07,29.09,6421766.72,1758931199999,181928406.8736,514120,3099805.77,87929881.9497,0
1758931200000,29.1,29.11,28.23,28.74,1881547.05,1759017599999,53893549.8049,180862,861835.95,24684076.1081,0
1759017600000,28.75,30.3,27.92,30.01,2997791.17,1759103999999,87001287.7043,256671,1502491.61,43744499.7935,0
1759104000000,30.01,30.82,29.13,30.41,5331556.45,1759190399999,159622162.441,391175,2984348.43,89354439.3748,0
1759190400000,30.41,30.72,28.81,30.01,4008225.28,1759276799999,119033130.0239,332688,1791635.82,53233924.6156,0
1759276800000,30.02,31.1,29.61,30.73,3883191.93,1759363199999,118338502.3958,313335,1916628.88,58438537.8334,0
1759363200000,30.74,31.38,29.48,30.98,6997460.97,1759449599999,213606125.863,488220,3349171.54,102237784.6306,0
1759449600000,30.97,31.57,29.99,31.31,4752367.67,1759535999999,146423055.6887,341928,2326208.31,71661904.1496,0
1759536000000,31.32,31.44,29.85,30.12,2572315.27,1759622399999,78386828.0117,202161,1272290.86,38806344.2844,0
1759622400000,30.12,31.21,29.63,30.07,2993145.41,1759708799999,90821357.5274,237887,1499492.01,45468929.4003,0
1759708800000,30.07,31.03,29.94,30.61,3085401.61,1759795199999,94315938.1605,237396,1385281.84,42303919.479,0
1759795200000,30.61,30.73,27.81,27.93,4890362.4,1759881599999,142728911.2437,338382,2358902.63,68765035.2262,0
1759881600000,27.92,29.63,27.84,28.82,2651599.97,1759967999999,75823094.5706,228908,1377333.73,39410128.8725,0
1759968000000,28.82,28.9,27.58,28.38,2269490.81,1760054399999,63914514.1015,194206,1114335.38,31384088.886,0
1760054400000,28.38,28.62,8.52,20.68,15387912.02,1760140799999,355423741.4296,1222436,7492199.79,172040456.7963,0
1760140800000,20.67,23.38,20.27,21.46,9122170.63,1760227199999,200303058.187,678716,4597122.93,101181281.6351,0
1760227200000,21.45,23.34,20.66,22.51,7083271.57,1760313599999,156432252.5798,528574,3596737.71,79377820.9844,0
1760313600000,22.5,24.07,21.68,23.8,9277860.33,1760399999999,211242005.7449,581017,4767884.26,108771261.4976,0
1760400000000,23.8,23.9,21.81,22.74,6841648.76,1760486399999,155363045.771,494159,3196232.4,72625766.0858,0
1760486400000,22.73,23.29,21.56,21.9,3657254.33,1760572799999,81752047.9957,288281,1679748.33,37591013.2864,0
1760572800000,21.9,22.39,20.58,20.98,4348824.61,1760659199999,93192365.1408,330972,2155193.4,46205563.4262,0
1760659200000,20.97,21.27,19.03,19.96,5812253.03,1760745599999,115493913.2018,409861,2811750.62,55911730.7713,0
1760745600000,19.95,20.42,19.82,20.21,1676585.17,1760831999999,33746941.3928,110733,676659.7,13621586.5494,0
1760832000000,20.22,20.84,19.75,20.59,2143184.1,1760918399999,43803823.6571,146925,1044846.69,21358940.7235,0
1760918400000,20.59,21.21,20.17,20.34,2955524.04,1761004799999,61149660.5764,174338,1436795.55,29717695.0849,0
1761004800000,20.34,20.85,19.46,19.54,3757859.23,1761091199999,75890386.3419,224113,1815404.36,36612016.5924,0
1761091200000,19.54,19.71,18.42,19.02,3336086.79,1761177599999,64278722.8937,220668,1653503.22,31882336.439,0
1761177600000,19.02,19.74,18.98,19.14,2616353.3,1761263999999,50733521.1903,135404,1327562.18,25735312.639,0
1761264000000,19.13,19.96,19.02,19.49,2398372.66,1761350399999,46733834.7462,141981,1247992.4,24318266.7007,0
1761350400000,19.49,19.83,19.24,19.71,1481426.75,1761436799999,28889885.0546,72228,762626.57,14862426.9727,0
1761436800000,19.72,20.96,19.34,20.82,3076459.26,1761523199999,62228033.3512,144559,1485218.28,30041854.8529,0
1761523200000,20.83,21.1,20.17,20.33,2370635.69,1761609599999,48957552.5011,157247,1200294.99,24787206.1924,0
1761609600000,20.33,20.52,19.13,19.47,2668509.9,1761695999999,53225162.3834,179255,1381042.08,27561941.5721,0
1761696000000,19.47,20.2,19.31,19.66,2469575.16,1761782399999,48732370.802,154442,1161019.57,22920261.4437,0
1761782400000,19.66,19.97,17.51,18.11,4250377.06,1761868799999,78350130.5853,302321,1984708.24,36624770.28,0
1761868800000,18.12,18.58,17.78,18.19,2613032.42,1761955199999,47718618.375,145814,1253260.77,22893903.2637,0
1761955200000,18.19,18.74,18.07,18.73,1331179.23,1762041599999,24659844.2444,79350,566775.03,10503311.6324,0
1762041600000,18.72,19.01,18.1,18.8,1391904.48,1762127999999,25880155.6248,95726,645115.32,11982475.4717,0
1762128000000,18.81,18.91,15.91,16.65,6049270.76,1762214399999,103153252.391,320137,2995487.62,51122226.4057,0
1762214400000,16.66,17.01,15.0,15.98,6537912.15,1762300799999,104763679.0177,354705,3086192.29,49482523.6595,0
1762300800000,15.98,16.99,15.29,16.61,3776605.59,1762387199999,62133482.1532,216935,1884533.54,31032362.9121,0
1762387200000,16.61,16.73,15.61,16.13,2855283.89,1762473599999,46193777.1314,177283,1388834.22,22485035.6335,0
1762473600000,16.13,18.07,16.05,17.74,6510611.2,1762559999999,111659627.437,304531,3263640.04,56005880.4796,0
1762560000000,17.75,18.41,17.02,17.5,3365687.64,1762646399999,59266371.8744,189948,1563524.85,27547598.5213,0
1762646400000,17.5,17.91,16.81,17.77,2421432.02,1762732799999,42188313.5906,161167,1195852.9,20835220.8085,0
1762732800000,17.77,18.36,17.64,18.18,2968615.81,1762819199999,53538848.0616,181348,1396830.58,25199058.2873,0
1762819200000,18.19,18.61,16.97,17.0,2938925.18,1762905599999,52035059.8174,195435,1486158.26,26291303.6954,0
1762905600000,17.01,17.77,16.64,16.82,2341822.26,1762991999999,40121731.1428,187335,1146251.61,19623752.3535,0
1762992000000,16.81,17.69,15.76,16.1,3784604.46,1763078399999,63446700.8475,258191,1813207.57,30406563.3475,0
1763078400000,16.1,16.18,14.84,15.13,4989778.42,1763164799999,77449587.2493,328350,2284549.2,35472241.1133,0
1763164800000,15.13,15.79,15.11,15.53,1355598.92,1763251199999,21081244.9247,90964,668564.44,10399514.0269,0
1763251200000,15.52,15.86,14.62,15.15,3008987.32,1763337599999,45595738.1759,160471,1451174.09,22000508.6258,0
1763337600000,15.14,15.85,14.26,14.53,4255835.74,1763423999999,64202476.9359,254874,2111793.72,31842430.7918,0
1763424000000,14.53,14.93,14.03,14.58,3585664.15,1763510399999,52129744.5026,200974,1747566.08,25399616.2554,0
1763510400000,14.59,14.7,13.71,14.28,3315595.15,1763596799999,46989226.7291,188466,1564643.91,22178240.7978,0
1763596800000,14.28,14.53,13.5,13.81,4382359.95,1763683199999,61675732.9926,196087,2253497.94,31713907.8258,0
1763683200000,13.81,13.99,12.57,13.28,6350052.93,1763769599999,84160771.9082,299072,3079766.1,40786593.9698,0
1763769600000,13.29,13.39,13.03,13.23,2893129.28,1763855999999,38316875.8897,101679,1422172.27,18832449.5594,0
1763856000000,13.24,13.47,13.21,13.27,2262185.57,1763942399999,30177624.7635,60129,1138628.55,15189913.6914,0
1763942400000,13.28,14.05,13.16,13.89,3754410.25,1764028799999,50914672.9929,128475,1910359.4,25909013.2601,0
1764028800000,13.89,14.38,13.7,14.18,2984316.25,1764115199999,41618084.2985,88066,1518794.2,21180633.5985,0
1764115200000,14.18,14.96,13.91,14.95,2717281.59,1764201599999,38749467.4073,89316,1412186.62,20123657.2104,0
1764201600000,14.96,15.17,14.87,15.02,2289006.72,1764287999999,34278088.928,69913,1198701.31,17950918.4655,0
1764288000000,15.02,15.27,14.78,14.84,2618362.46,1764374399999,39194815.0992,89156,1299808.69,19459899.2407,0
1764374400000,14.85,14.91,14.19,14.25,1712927.69,1764460799999,25057545.1901,55231,834280.69,12207434.965,0
1764460800000,14.25,14.34,13.66,13.71,2295459.19,1764547199999,32271287.3517,74592,1119157.18,15728146.0914,0
1764547200000,13.72,13.74,12.54,12.76,3627901.18,1764633599999,47051453.3994,153493,1833312.85,23764013.1532,0
1764633600000,12.76,13.76,12.71,13.62,4573878.59,1764719999999,60411813.719,143607,2212778.69,29267128.0668,0
1764720000000,13.63,15.09,13.58,14.78,5191197.88,1764806399999,74285329.3477,154066,2584956.53,36988581.5892,0
1764806400000,14.78,14.88,14.21,14.41,2684653.29,1764892799999,39320101.1616,86963,1349132.37,19758290.0194,0
1764892800000,14.4,14.52,13.09,13.21,3576441.81,1764979199999,49115712.37,138570,1749575.52,24061036.4219,0
1764979200000,13.21,13.49,13.14,13.4,1994460.04,1765065599999,26576206.3758,68189,1003429.53,13373576.0177,0
1765065600000,13.41,13.85,12.96,13.49,2408002.8,1765151999999,32338488.991,108521,1134777.85,15230928.2234,0
1765152000000,13.49,13.91,13.38,13.64,1938188.44,1765238399999,26460938.805,85114,887538.54,12122083.1708,0
1765238400000,13.64,14.73,13.5,14.6,3324499.54,1765324799999,47077279.0549,183166,1709123.36,24238682.781,0
1765324800000,14.61,14.83,14.09,14.11,3106622.83,1765411199999,44949260.8502,146333,1471061.23,21276118.0952,0
1765411200000,14.11,14.11,12.89,13.42,3801664.23,1765497599999,50712589.7245,183190,2029520.8,27057206.1667,0
1765497600000,13.42,13.79,12.81,13.1,2464500.09,1765583999999,32786328.3266,119226,1172592.65,15577175.5878,0
1765584000000,13.11,13.47,13.09,13.37,1578228.62,1765670399999,21003972.4053,51424,705137.45,9382623.0325,0
1765670400000,13.37,13.4,12.73,12.88,1429641.0,1765756799999,18627985.5092,59852,714907.6,9318877.4434,0
1765756800000,12.88,13.35,12.2,12.34,3503587.76,1765843199999,44757241.0237,159279,1782632.81,22775860.3864,0
1765843200000,12.35,12.4,11.91,12.35,3313909.31,1765929599999,40541581.3327,116510,1637703.39,20040790.9028,0
1765929600000,12.34,12.66,11.69,11.87,3989453.63,1766015999999,48462273.4025,154749,1945465.99,23633745.9028,0
1766016000000,11.86,12.32,11.28,11.44,4678986.21,1766102399999,55023041.6865,158226,2326476.76,27378276.4748,0
1766102400000,11.44,12.45,11.26,12.26,4112097.37,1766188799999,49154111.5442,138640,2093152.37,25019724.0518,0
1766188800000,12.25,12.38,12.13,12.21,971046.59,1766275199999,11900415.3534,36530,471346.28,5775541.9597,0
1766275200000,12.22,12.34,11.96,12.14,1234066.71,1766361599999,14970691.4586,57237,657692.57,7978679.7097,0
1766361600000,12.15,12.45,12.01,12.42,3136015.78,1766447999999,38599397.0821,116150,1708676.85,21038106.1097,0
1766448000000,12.42,12.55,11.84,12.18,2667803.57,1766534399999,32524544.6921,95593,1309613.05,15966163.2563,0
1766534400000,12.18,12.23,11.89,12.1,1607835.82,1766620799999,19347832.121,62917,697310.97,8393969.6053,0
1766620800000,12.11,12.55,12.05,12.09,2261537.45,1766707199999,27774426.6272,74639,1063945.2,13072989.81,0
1766707200000,12.09,12.62,12.03,12.34,2107626.16,1766793599999,26086861.1178,83087,1041940.06,12897711.5338,0
1766793600000,12.34,12.8,12.33,12.69,1402720.88,1766879999999,17570216.9288,49020,667293.43,8363402.0221,0
1766880000000,12.7,12.9,12.53,12.64,1705451.88,1766966399999,21712113.2234,55547,826564.66,10524934.9927,0
1766966400000,12.64,13.2,12.35,12.38,3591031.92,1767052799999,45908072.772,115701,1694889.44,21664073.4727,0
1767052800000,12.37,12.64,12.33,12.58,1682281.43,1767139199999,21029649.6373,48306,836023.52,10453170.403,0
1767139200000,12.58,12.72,12.21,12.32,1812519.45,1767225599999,22579867.5288,49791,905126.2,11270328.7388,0
1767225600000,12.32,13.69,12.23,13.59,4403379.82,1767311999999,57578512.3074,162579,2168084.48,28312012.2579,0
1767312000000,13.59,13.98,13.09,13.82,3276497.14,1767398399999,44348526.6263,140852,1652521.59,22354693.975,0
1767398400000,13.82,14.4,13.67,13.99,2908188.75,1767484799999,40706474.0717,107989,1408722.83,19717811.2492,0
1767484800000,13.98,14.49,13.9,14.25,2167561.94,1767571199999,30655106.3651,106824,1021567.96,14453933.0054,0
1767571200000,14.25,14.72,13.91,14.45,3062802.52,1767657599999,43704881.7378,163101,1517903.06,21667610.3292,0
1767657600000,14.46,14.83,14.24,14.59,3416418.28,1767743999999,49563749.2124,158219,1670063.93,24223672.7631,0
1767744000000,14.6,14.6,13.88,14.11,2264630.86,1767830399999,32315696.064,93068,1134995.32,16181118.0688,0
1767830400000,14.12,14.25,13.6,13.89,1822609.54,1767916799999,25339467.514,104413,909100.3,12631213.6885,0
1767916800000,13.89,14.22,13.61,13.79,1860467.06,1768003199999,25818717.8122,107555,906167.69,12573638.0424,0
1768003200000,13.78,13.94,13.64,13.74,656465.16,1768089599999,9058291.6367,33948,276512.47,3815405.5,0
1768089600000,13.73,13.99,13.48,13.7,1071942.18,1768175999999,14780604.3837,52591,512552.18,7067054.9726,0
1768176000000,13.71,14.22,13.39,13.53,2612087.13,1768262399999,35987620.6039,120849,1270472.95,17498178.6847,0
1768262400000,13.52,14.85,13.48,14.75,4022695.09,1768348799999,57616247.1469,199179,2016205.98,28927888.7874,0
1768348800000,14.76,14.95,14.41,14.6,2956916.76,1768435199999,43374926.8624,106502,1499942.41,22004639.6059,0
1768435200000,14.6,14.63,13.61,13.82,2471785.31,1768521599999,34914543.0024,127989,1129270.35,15955730.3189,0
1768521600000,13.82,13.87,13.19,13.59,2257468.71,1768607999999,30594800.4843,94057,1072930.15,14536064.3015,0
1768608000000,13.59,13.97,13.53,13.75,1153279.65,1768694399999,15840086.4886,35785,509358.19,6995712.4335,0
1768694400000,13.75,13.83,12.94,12.98,1448582.51,1768780799999,19542676.3179,61903,699772.97,9444962.2475,0
1768780800000,12.98,12.99,12.09,12.74,3210706.15,1768867199999,40573654.4027,127369,1640815.89,20735523.4225,0
1768867200000,12.73,12.76,11.97,12.09,3044192.13,1768953599999,37741757.0842,108136,1364359.02,16923111.0649,0
1768953600000,12.09,12.73,11.88,12.42,3475396.94,1769039999999,42619585.5402,134770,1634649.75,20060170.3936,0
1769040000000,12.42,12.62,12.04,12.2,1477392.32,1769126399999,18151949.877,60223,688507.97,8459697.9404,0
1769126400000,12.2,12.5,11.99,12.13,2123247.62,1769212799999,25918054.9928,74860,1038958.18,12685049.4398,0
1769212800000,12.13,12.19,11.97,12.05,635754.35,1769299199999,7684381.2284,22373,299170.13,3617175.8068,0
1769299200000,12.05,12.08,11.23,11.49,2327274.41,1769385599999,27066900.2701,85899,1044127.06,12151454.0304,0
1769385600000,11.49,11.92,11.46,11.72,2217831.4,1769471999999,25948768.5941,71004,1003069.93,11741524.0427,0
1769472000000,11.72,12.2,11.58,12.14,2157614.23,1769558399999,25542573.5993,66784,1038295.41,12288955.8304,0
1769558400000,12.14,12.29,11.93,12.07,1817855.54,1769644799999,21988193.432,74560,843376.79,10199746.6709,0
1769644800000,12.08,12.1,10.8,11.04,4766952.55,1769731199999,53250777.0809,166271,2387268.07,26665054.2775,0
1769731200000,11.04,11.09,10.63,10.87,4376331.89,1769817599999,47768558.0024,140495,2094090.5,22854655.4743,0
1769817600000,10.88,10.9,9.16,10.12,8363024.98,1769903999999,83451737.8753,243653,3950659.56,39428962.8289,0
1769904000000,10.12,10.26,9.67,9.91,3370320.29,1769990399999,33722448.5441,124802,1508783.15,15102702.7948,0
1769990400000,9.91,10.32,9.53,10.14,3599683.7,1770076799999,35865158.5097,165383,1764569.31,17593315.5853,0
1770076800000,10.14,10.34,9.54,9.93,4359390.25,1770163199999,43547369.2927,128862,2122191.75,21208609.5262,0
1770163200000,9.92,10.17,9.55,9.72,3707443.3,1770249599999,36523799.2664,151697,1825097.89,17993501.0992,0
1770249600000,9.71,9.85,8.24,8.32,10982635.25,1770335999999,98853376.326,365872,5064195.75,45546342.6439,0
1770336000000,8.32,9.48,7.55,9.28,7616631.97,1770422399999,64783492.2213,301573,3797994.98,32259137.8373,0
1770422400000,9.28,9.4,8.91,9.23,4429288.97,1770508799999,40797502.7177,158098,2099011.43,19344068.8097,0
1770508800000,9.22,9.3,9.0,9.08,1952474.13,1770595199999,17890276.9769,61633,1015639.86,9304207.6467,0
1770595200000,9.08,9.21,8.72,9.06,2161048.33,1770681599999,19429451.4105,80505,1017550.09,9140479.5062,0
1770681600000,9.06,9.11,8.65,8.76,2155570.06,1770767999999,18990472.9926,67178,1055772.02,9304019.8073,0
1770768000000,8.76,8.97,8.43,8.63,3451059.39,1770854399999,29893867.7898,93997,1902844.47,16484476.4767,0
1770854400000,8.63,8.97,8.62,8.9,2722312.61,1770940799999,23946387.5079,67351,1242076.23,10915805.2455,0
1770940800000,8.9,9.26,8.74,9.14,2317253.05,1771027199999,20907564.1995,61406,1207096.41,10890596.7092,0
1771027200000,9.15,9.72,9.12,9.59,1957200.45,1771113599999,18377929.972,48834,906330.79,8507090.107,0
1771113600000,9.6,9.75,9.14,9.29,2304620.32,1771199999999,21712947.1472,67932,1190102.48,11193714.1301,0
1771200000000,9.29,9.42,9.05,9.26,1993597.08,1771286399999,18397083.999,55605,1038907.11,9585485.5938,0
1771286400000,9.26,9.3,9.0,9.14,1500684.97,1771372799999,13740698.1824,53830,751807.61,6882454.2744,0
1771372800000,9.13,9.21,8.8,8.86,1645715.84,1771459199999,14828457.3557,49443,892943.36,8038318.4916,0
1771459200000,8.86,8.94,8.66,8.91,2125984.17,1771545599999,18780977.2469,51406,1211238.85,10696664.1211,0
1771545600000,8.9,9.36,8.88,9.17,3170314.84,1771631999999,28943009.4731,85285,1571580.2,14346241.5712,0
1771632000000,9.17,9.45,9.11,9.12,1520821.29,1771718399999,14070433.7344,43608,822874.25,7618833.8167,0
1771718400000,9.12,9.12,8.79,8.87,1894149.53,1771804799999,16931299.835,42601,1012927.06,9054255.7795,0
1771804800000,8.87,8.9,8.27,8.36,3519799.52,1771891199999,29895998.1873,109891,1842031.93,15637192.6636,0
1771891200000,8.37,8.45,8.18,8.29,2069343.37,1771977599999,17202490.6625,68019,1102935.26,9170608.7754,0
1771977600000,8.28,9.84,8.26,9.51,8207207.42,1772063999999,76052286.5232,224156,4317678.24,40047366.4634,0
1772064000000,9.51,9.64,9.09,9.31,4367337.35,1772150399999,40931318.9212,112849,2281813.74,21399388.9463,0
1772150400000,9.31,9.48,8.78,8.95,3241829.57,1772236799999,29506228.6724,98413,1499957.2,13639784.9856,0
1772236800000,8.95,9.27,8.42,9.16,4471001.96,1772323199999,39357160.6435,126809,2268657.14,19969944.0905,0
1772323200000,9.17,9.43,8.85,9.04,3517576.45,1772409599999,32131214.5493,109441,1831257.67,16719076.4285,0
1772409600000,9.03,9.48,8.86,9.17,3607621.55,1772495999999,33070581.5041,111438,1908097.95,17493559.2257,0
1772496000000,9.18,9.34,8.9,9.18,2950312.27,1772582399999,26896497.7904,93198,1502390.2,13693171.8788,0
1772582400000,9.18,9.78,9.0,9.5,5118929.94,1772668799999,48056475.8723,119087,2343291.55,22001366.5641,0
1772668800000,9.49,9.58,9.26,9.39,2107112.13,1772755199999,19857822.0413,76686,1047925.73,9876720.1743,0
1772755200000,9.38,9.46,8.88,9.01,3054531.85,1772841599999,27815152.4097,88587,1452790.78,13241644.8956,0
1772841600000,9.01,9.08,8.87,8.91,1118928.85,1772927999999,10041314.4536,28856,575849.07,5169511.5608,0
1772928000000,8.91,9.02,8.69,8.82,1613416.48,1773014399999,14294758.918,50232,831209.23,7366530.6679,0
1773014400000,8.82,9.53,8.81,9.26,3172189.24,1773100799999,29198149.8022,116338,1575835.73,14504235.6485,0
1773100800000,9.26,9.96,9.25,9.53,3406932.21,1773187199999,32824134.3271,113900,1603845.35,15454774.3919,0
1773187200000,9.53,9.86,9.48,9.55,1940684.53,1773273599999,18683958.6758,73648,991479.9,9545372.6643,0
1773273600000,9.56,9.74,9.43,9.67,1583048.46,1773359999999,15157369.2539,56295,804313.23,7701228.268,0
1773360000000,9.67,10.29,9.65,9.72,3606631.26,1773446399999,35904321.047,108777,1797073.46,17904957.0313,0
1773446400000,9.72,9.78,9.52,9.73,1235374.88,1773532799999,11898407.4681,38144,608231.05,5853681.969,0
1773532800000,9.73,10.04,9.65,9.95,1425372.81,1773619199999,13986887.1542,51526,690521.43,6780301.7799,0
1773619200000,9.94,10.52,9.88,10.49,4566957.89,1773705599999,46913161.8241,132855,2279403.15,23413914.6813,0
1773705600000,10.48,10.55,10.18,10.2,2960054.15,1773791999999,30570380.0518,68482,1509918.13,15602167.8621,0
1773792000000,10.2,10.36,9.48,9.69,3287751.42,1773878399999,32330982.6289,89050,1734609.7,17051387.0991,0
1773878400000,9.68,9.75,9.33,9.48,1361923.8,1773964799999,12961724.824,52696,717702.42,6833637.6417,0
1773964800000,9.48,9.65,9.41,9.56,1369184.65,1774051199999,13036734.1533,48198,677829.93,6454085.7585,0
1774051200000,9.57,9.64,9.15,9.21,1043822.96,1774137599999,9896298.3173,32493,486025.48,4604669.5549,0
1774137600000,9.21,9.36,8.87,9.03,1608037.56,1774223999999,14641165.4445,55846,849475.52,7739432.7476,0
1774224000000,9.03,9.76,8.92,9.56,3004958.69,1774310399999,28222467.6522,109943,1558179.44,14631552.8734,0
1774310400000,9.56,9.65,9.35,9.62,1570023.23,1774396799999,14943838.0675,58483,736261.71,7006634.7198,0
1774396800000,9.63,9.8,9.56,9.68,1815508.94,1774483199999,17579205.6321,45832,794941.52,7698352.0474,0
1774483200000,9.69,9.69,8.99,9.11,2063705.57,1774569599999,19088243.0241,53471,1065983.13,9856353.361,0
1774569600000,9.1,9.15,8.66,8.79,2101191.0,1774655999999,18596444.9365,53837,1102502.67,9757679.396,0
1774656000000,8.79,8.99,8.7,8.75,949852.2,1774742399999,8393536.0107,29354,489828.67,4326702.3204,0
1774742400000,8.76,8.82,8.37,8.6,1116725.08,1774828799999,9648580.6015,35697,604325.09,5222915.5807,0
1774828800000,8.6,9.08,8.56,8.81,1613301.92,1774915199999,14327698.5659,61317,784092.37,6958473.8047,0
1774915200000,8.81,9.07,8.69,8.91,1636937.52,1775001599999,14509050.8865,60329,855082.55,7578969.334,0
1775001600000,8.91,9.48,8.87,9.13,2896821.47,1775087999999,26749612.8092,70442,1501985.97,13863651.5062,0
1775088000000,9.13,9.19,8.62,8.75,2611985.21,1775174399999,22920100.9857,75509,1406322.83,12342416.2994,0
1775174400000,8.75,9.15,8.73,8.91,1539700.91,1775260799999,13776332.3627,44335,682579.9,6107824.3759,0
1775260800000,8.91,8.92,8.84,8.88,248844.08,1775347199999,2210871.8541,8980,144310.16,1282323.123,0
