datetime,open,high,low,close,volume,close_time,quote_volume,count,taker_buy_volume,taker_buy_quote_volume,ignore
1509926400000,1.5,1.799,0.5,1.571,120615.34,1510012799999,192128.335549,918,47088.92,76279.89318,0
1510012800000,1.571,1.8,1.5389,1.8,134129.73,1510099199999,224771.730969,851,77740.95,130637.808431,0
1510099200000,1.7901,1.99,1.7479,1.9889,347290.26,1510185599999,661188.791512,2124,187899.67,362665.422644,0
1510185600000,1.9781,2.1997,1.9,1.99,287037.2,1510271999999,585812.825704,1332,148065.7,303358.286789,0
1510272000000,1.99,2.02,1.6019,1.7133,484658.9,1510358399999,885876.8652,1761,169341.17,313532.530513,0
1510358400000,1.79,1.925,1.58,1.655,258838.37,1510444799999,452345.770169,1223,80833.37,146303.425317,0
1510444800000,1.6567,1.7,1.34,1.49,457159.72,1510531199999,704902.989639,1783,134384.19,207464.632932,0
1510531200000,1.5,1.7381,1.5,1.68,166770.73,1510617599999,273596.323188,1296,89168.73,147077.895676,0
1510617600000,1.6801,1.7381,1.5321,1.5911,177246.45,1510703999999,285855.4757,1112,54519.4,88973.495528,0
1510704000000,1.5721,1.6794,1.49,1.5532,297638.34,1510790399999,460183.52253,1625,49132.6,77668.356127,0
1510790400000,1.5533,1.6699,1.511,1.5599,198029.66,1510876799999,315953.88804,1392,92484.73,148772.789123,0
1510876800000,1.5599,1.5765,1.49,1.5041,419446.58,1510963199999,640592.380726,1372,91546.97,140599.156387,0
1510963200000,1.5041,1.6699,1.492,1.6699,172099.86,1511049599999,270253.427936,914,101676.87,161314.198884,0
1511049600000,1.6524,1.6948,1.575,1.6,179701.62,1511135999999,294879.465206,969,85933.78,142094.325997,0
1511136000000,1.6,1.6522,1.5605,1.64,159737.16,1511222399999,257135.103704,867,63221.73,102395.92117,0
1511222400000,1.6257,1.6419,1.54,1.5874,413447.37,1511308799999,653820.950625,1362,175919.81,278363.139625,0
1511308800000,1.5728,1.6211,1.5556,1.6158,196457.62,1511395199999,311505.227801,987,80232.13,127675.931954,0
1511395200000,1.6,1.618,1.5388,1.57,184458.49,1511481599999,289488.771316,1076,59253.54,93386.617325,0
1511481600000,1.5644,1.8187,1.54,1.7292,644218.58,1511567999999,1080205.326803,2913,304099.24,510174.257163,0
1511568000000,1.712,1.9588,1.68,1.87,475443.08,1511654399999,856432.449549,2082,253533.97,460998.377473,0
1511654400000,1.85,1.91,1.76,1.8388,193666.26,1511740799999,359756.024918,1158,104989.64,196618.769481,0
1511740800000,1.8388,1.9532,1.74,1.9532,480695.73,1511827199999,877871.738231,2144,238904.3,439279.530828,0
1511827200000,1.945,1.9532,1.801,1.9249,359515.94,1511913599999,677548.274444,1245,190125.05,360085.875726,0
1511913600000,1.9248,2.0486,1.55,1.7565,935739.25,1511999999999,1734093.398532,5050,433746.49,815204.124711,0
1512000000000,1.7641,2.038,1.71,1.95,748118.06,1512086399999,1410818.441963,3988,437620.36,833545.135205,0
1512086400000,1.95,2.1385,1.8801,2.0527,321456.28,1512172799999,650183.351446,2307,203762.85,413887.715145,0
1512172800000,2.0526,2.1199,1.975,2.0797,241150.68,1512259199999,495787.768605,1776,87909.14,181755.770468,0
1512259200000,2.0797,2.4,2.0438,2.2617,346006.6,1512345599999,764734.634109,3928,202747.5,447002.132665,0
1512345600000,2.2617,2.5898,2.2617,2.55,384958.49,1512431999999,945326.372868,4076,226810.95,558793.858926,0
1512432000000,2.5305,2.75,2.5,2.612,428655.47,1512518399999,1125838.346443,3479,224306.07,591009.242087,0
1512518400000,2.6,2.8,2.3272,2.5134,379335.63,1512604799999,970951.895214,3753,175385.81,457892.731551,0
1512604800000,2.5393,2.84,2.4001,2.6625,533510.45,1512691199999,1406348.826139,4762,324979.04,867552.113807,0
1512691200000,2.6489,2.8,2.206,2.79,649804.35,1512777599999,1643051.586987,7144,283879.56,741396.96443,0
1512777600000,2.789,2.81,2.1777,2.65,477826.16,1512863999999,1195662.19831,5654,191521.98,492694.44298,0
1512864000000,2.65,2.6648,2.1315,2.4619,562267.17,1512950399999,1346922.162266,5762,223899.97,545211.505988,0
1512950400000,2.4616,2.78,2.4505,2.687,381605.55,1513036799999,1008639.185552,4051,219015.46,581388.329972,0
1513036800000,2.687,2.7397,2.4545,2.5547,541865.92,1513123199999,1418968.928439,5319,173439.41,459385.723125,0
1513123200000,2.5547,2.74,2.265,2.719,702146.43,1513209599999,1805890.315819,7201,288431.22,751735.921251,0
1513209600000,2.7194,3.1521,2.6981,3.1519,998488.09,1513295999999,2897004.542185,7170,643753.8,1879878.447535,0
1513296000000,3.1518,4.399,2.99,4.12,919574.18,1513382399999,3307473.578784,8392,497883.11,1812034.729126,0
1513382400000,4.16,4.7201,3.8172,4.6378,775606.79,1513468799999,3319650.86142,8242,374942.15,1619757.318879,0
1513468800000,4.63,6.7,4.596,5.999,1555662.04,1513555199999,8931149.054843,18354,726257.1,4185398.833218,0
1513555200000,5.999,6.1,4.75,6.0,1430171.07,1513641599999,7898873.16033,15041,571824.01,3183592.306176,0
1513641600000,5.98,6.463,5.2725,5.6999,1784870.53,1513727999999,10454908.076245,18851,814485.7,4820580.770923,0
1513728000000,5.69,5.7,4.68,5.1502,1397302.05,1513814399999,7254130.949526,14265,489637.44,2570916.658038,0
1513814400000,5.1819,5.6899,4.42,5.1596,996548.76,1513900799999,5040755.016606,11172,474716.83,2395375.533881,0
1513900800000,5.1596,5.1996,3.25,4.2912,1599471.66,1513987199999,6727001.091803,17670,686165.77,2903590.965342,0
1513987200000,4.2912,4.998,4.17,4.4,964500.62,1514073599999,4432830.069613,16774,491669.28,2270020.563878,0
1514073600000,4.4,5.2,3.8,5.181,1047106.95,1514159999999,4706891.053183,46818,603779.33,2711662.814798,0
1514160000000,5.1899,6.88,5.029,6.4631,1480881.6,1514246399999,8940235.580009,36765,778999.96,4733735.316554,0
1514246400000,6.4631,10.793,6.35,9.254,3081660.72,1514332799999,25800543.063661,72074,1697920.88,14190770.201242,0
1514332800000,9.2861,11.3,8.2605,10.0731,2851073.22,1514419199999,27989687.572451,64300,1377360.05,13581639.719565,0
1514419200000,10.07,10.25,7.8,9.25,2593236.47,1514505599999,22221179.907645,165192,1229768.43,10532163.418275,0
1514505600000,9.28,9.802,8.39,8.7094,1401565.33,1514591999999,12573057.266305,30865,667814.59,6007021.320796,0
1514592000000,8.6808,8.7094,6.9301,7.5947,1648305.01,1514678399999,12799185.75526,32178,618466.27,4761697.58732,0
1514678400000,7.5783,8.798,7.5175,8.53,1289214.15,1514764799999,10608475.154,31704,699950.53,5775400.054501,0
1514764800000,8.5478,8.7,7.8,8.45,654338.84,1514851199999,5400587.859207,20279,284543.08,2353359.331344,0
1514851200000,8.45,9.1133,8.0922,8.715,1262633.42,1514937599999,10811231.71794,33193,570796.29,4897457.10487,0
1514937600000,8.7151,9.4697,8.2653,9.304,947392.65,1515023999999,8256005.928083,27401,458242.42,4008115.06458,0
1515024000000,9.304,9.6511,8.5595,9.143,964494.94,1515110399999,8720171.270568,28847,441178.83,4008049.542355,0
1515110400000,9.135,16.8172,8.9651,14.8908,2764977.04,1515196799999,34978202.423947,51841,1602589.46,20568644.635655,0
1515196800000,14.8908,23.6,14.6999,22.6,3130487.22,1515283199999,57138637.819288,70041,1771812.52,32876634.524985,0
1515283200000,22.6,22.6599,18.05,18.594,1543764.49,1515369599999,31345967.063744,46194,708776.55,14454828.424107,0
1515369600000,18.5375,19.2999,14.0018,17.9971,2112065.22,1515455999999,36185866.152152,49814,914759.61,15772386.129404,0
1515456000000,18.04,20.6114,16.435,17.399,1309277.95,1515542399999,23915578.639132,42380,583909.64,10759858.496168,0
1515542400000,17.3992,17.5554,14.6004,17.5,1172651.15,1515628799999,18789438.19822,42308,492674.28,7935495.943081,0
1515628800000,17.5,23.1079,13.66,21.2024,3542366.83,1515715199999,66194432.305624,88612,2166202.35,41150574.954945,0
1515715200000,21.1022,25.18,19.1,22.1999,2902338.37,1515801599999,65523685.059818,86735,1365957.48,30737213.94641,0
1515801600000,22.1999,23.4998,21.04,22.0246,1080455.71,1515887999999,23892359.656603,44230,467575.41,10377178.212766,0
1515888000000,22.0252,22.1,18.21,20.4541,1384083.33,1515974399999,27604526.761593,42782,665685.96,13230835.395014,0
1515974400000,20.4546,23.231,19.0113,19.3396,2288556.77,1516060799999,48015494.101221,66566,1169272.59,24767179.142275,0
1516060800000,19.4376,19.4475,9.89,13.1996,9933431.45,1516147199999,139644539.595996,147935,4334479.85,61231872.237437,0
1516147200000,13.0262,15.7,9.4001,14.1998,9971697.17,1516233599999,122414802.672386,142631,4982836.89,61525790.212851,0
1516233600000,14.1191,15.9,13.0203,14.1397,6699252.37,1516319999999,97652794.246735,118654,3287597.88,48019515.817519,0
1516320000000,14.0405,15.4799,13.501,14.9447,3004070.17,1516406399999,43859906.146541,62345,1560977.49,22808330.867832,0
1516406400000,14.9447,16.68,14.8249,16.1712,2617140.33,1516492799999,41482318.428964,57285,1314236.78,20830639.113968,0
1516492800000,16.1602,16.26,13.0339,14.1334,3318363.34,1516579199999,47611231.712227,71698,1412787.57,20310536.117059,0
1516579200000,14.1334,14.4978,11.6101,12.91,2873190.83,1516665599999,37462952.575597,64756,1217532.07,15864567.85486,0
1516665600000,12.9149,13.9,11.637,13.1022,2335831.96,1516751999999,30111386.35554,56423,1143458.17,14805121.981826,0
1516752000000,13.1494,14.3,12.6,13.8,1947186.76,1516838399999,26281710.580195,49234,964474.62,13037708.386372,0
1516838400000,13.7998,14.1516,13.01,13.1905,1427643.05,1516924799999,19412612.638806,39298,611524.95,8319211.544083,0
1516924800000,13.1905,13.5989,12.01,13.1344,1788845.56,1517011199999,22953959.42558,43843,820913.77,10537197.559583,0
1517011200000,13.169,13.551,12.85,13.3994,992878.39,1517097599999,13146032.477264,27493,496983.79,6587591.979455,0
1517097600000,13.3991,14.0235,13.3,13.7739,1377401.9,1517183999999,18904156.176433,37047,627386.18,8620370.250697,0
1517184000000,13.7739,13.87,12.739,12.815,857953.21,1517270399999,11323433.168136,36407,283251.99,3746954.822087,0
1517270400000,12.8295,12.98,11.11,11.4749,1322539.56,1517356799999,15867521.227454,60334,439960.55,5273927.891413,0
1517356800000,11.46,11.5483,10.553,11.3131,947115.48,1517443199999,10484378.715139,51311,372638.92,4119751.826771,0
1517443200000,11.3131,11.45,8.63,9.5138,2169016.01,1517529599999,21324215.619029,79432,874671.94,8598497.827827,0
1517529600000,9.5138,10.749,7.3,9.7484,4023356.31,1517615999999,36505514.477761,121757,1824629.29,16598818.279956,0
1517616000000,9.7485,10.354,8.5818,9.7252,2348921.72,1517702399999,22613977.150025,89047,1174331.38,11300838.136596,0
1517702400000,9.7497,9.7527,8.012,8.3511,2015678.77,1517788799999,17956277.488154,69602,843918.78,7510381.701155,0
1517788800000,8.4003,8.6005,6.0801,6.7315,3127797.46,1517875199999,22662358.507084,90071,1421558.59,10365366.764574,0
1517875200000,6.7216,8.6,5.5233,8.263,6158895.87,1517961599999,43465082.516216,157259,2973180.89,21067761.905364,0
1517961600000,8.2502,9.236,7.28,8.0647,4409292.58,1518047999999,36944818.075555,125841,2131197.98,17885974.693965,0
1518048000000,8.0979,8.3887,8.0012,8.2791,91986.49,1518049695786,759169.472181,1930,60463.29,499188.719546,0
1518134400000,8.2791,10.0,8.279,9.86,2406640.35,1518220799999,22679154.338403,62867,1163018.29,10977817.926717,0
1518220800000,9.86,10.4444,8.767,9.2448,3349144.7,1518307199999,32153679.13439,93350,1625337.09,15612809.339692,0
1518307200000,9.2501,9.5,8.02,8.674,3021732.48,1518393599999,26487879.882144,116910,1485610.23,13028698.962832,0
1518393600000,8.6739,9.4348,8.659,9.3389,1912462.38,1518479999999,17582215.104663,94865,972130.85,8943207.538905,0
1518480000000,9.339,9.36,8.7306,9.016,1365850.96,1518566399999,12322372.961558,60462,605440.05,5462914.607804,0
1518566400000,9.0001,10.65,8.953,10.4096,2568177.67,1518652799999,24867818.305358,88417,1329493.95,12886506.985327,0
1518652800000,10.4063,11.29,9.9784,10.8661,4236021.22,1518739199999,45428000.507594,140707,2083884.91,22374914.773176,0
1518739200000,10.8784,11.25,10.3,11.25,1968986.94,1518825599999,21239028.809381,76064,973752.07,10521479.816278,0
1518825600000,11.2054,11.8461,10.85,11.66,2278513.2,1518911999999,26288227.895486,84738,1105011.59,12758204.991834,0
1518912000000,11.6827,11.6827,10.5819,10.6631,2183910.15,1518998399999,24076691.296683,83390,1063569.11,11734259.279323,0
1518998400000,10.6631,11.1899,10.5398,11.0601,1336755.03,1519084799999,14693133.116507,58477,681805.04,7498219.507436,0
1519084800000,11.0699,11.2,9.68,9.8888,2357501.48,1519171199999,25120547.905454,83560,978445.0,10412029.688544,0
1519171200000,9.8888,10.2252,9.045,9.3799,2277445.93,1519257599999,21918750.268079,90850,1100803.5,10593516.726432,0
1519257600000,9.395,9.8129,8.6203,8.86,1792778.94,1519343999999,16364492.720244,75059,834506.06,7627316.520246,0
1519344000000,8.8474,9.7301,8.6,9.693,1621549.49,1519430399999,14877321.473729,66343,834178.19,7659720.559456,0
1519430400000,9.7,9.8379,8.6902,9.0873,1356848.25,1519516799999,12541275.414407,58144,661348.72,6127336.920283,0
1519516800000,9.1161,9.47,8.9,9.35,888973.06,1519603199999,8166986.474999,34258,423257.39,3895815.256979,0
1519603200000,9.3677,10.0999,9.09,9.9199,1266163.05,1519689599999,12220016.044725,50516,601755.59,5797694.092321,0
1519689600000,9.9199,11.1111,9.7713,10.56,2377225.58,1519775999999,25366239.499568,75277,1172440.27,12510455.287161,0
1519776000000,10.56,11.1743,10.3295,10.4536,1610363.07,1519862399999,17222788.462377,57703,804217.22,8619434.855496,0
1519862400000,10.4641,10.68,10.3245,10.4768,1224834.48,1519948799999,12865720.182066,44634,536528.93,5638941.687783,0
1519948800000,10.4715,10.585,10.1136,10.2348,710198.47,1520035199999,7352923.498799,32059,289560.5,2994478.346837,0
1520035200000,10.2347,10.4694,10.1171,10.2399,636280.81,1520121599999,6565327.501765,28791,257252.84,2657349.264558,0
1520121600000,10.2399,10.4239,9.8501,10.4139,591499.65,1520207999999,5999839.606848,28561,333802.44,3395856.11474,0
1520208000000,10.4139,10.4533,10.0847,10.0847,467389.77,1520294399999,4817003.637165,26636,241363.19,2492333.828443,0
1520294400000,10.084,10.134,9.1025,9.3899,939994.7,1520380799999,9004310.681736,36492,500897.69,4782985.735328,0
1520380800000,9.3899,10.2114,8.11,9.0405,2930631.06,1520467199999,26852891.548299,82063,1522921.14,13984839.058037,0
1520467200000,9.0446,9.1921,8.0211,8.2703,1878677.62,1520553599999,15950752.244674,64654,898321.21,7651523.135518,0
1520553600000,8.2703,8.3421,7.06,8.2807,1949612.67,1520639999999,14901604.200198,75679,989550.72,7563547.011727,0
1520640000000,8.2951,8.3498,7.5553,7.65,2213393.39,1520726399999,17878163.37168,46906,1221142.18,9871058.770142,0
1520726400000,7.65,8.423,7.2,8.268,2660649.85,1520812799999,21201501.075759,51059,1494073.62,11932374.775929,0
1520812800000,8.2679,8.4988,7.66,8.034,2529859.67,1520899199999,20891213.106571,44596,1399740.02,11580727.00424,0
1520899200000,8.0204,11.0,7.8055,10.2188,7227864.56,1520985599999,69292853.792193,147241,3934692.76,37583019.922512,0
1520985600000,10.1999,10.6753,8.5,8.9243,5154134.62,1521071999999,50429708.105629,113508,2737653.92,26914738.470983,0
1521072000000,8.915,9.4486,8.3,9.1047,4274358.77,1521158399999,38290247.370829,85283,2147644.29,19265435.040743,0
1521158400000,9.1074,9.38,8.55,9.0645,4046429.23,1521244799999,36778757.583016,52658,2201661.12,19981726.892865,0
1521244800000,9.1043,9.471,8.6245,8.9231,3951199.27,1521331199999,35664698.273175,50213,2124570.93,19152630.250043,0
1521331200000,8.9256,8.98,7.8,8.9648,3959581.29,1521417599999,33053790.205281,83905,2047368.75,17101997.184492,0
1521417600000,8.9664,9.4,8.45,9.035,3907835.7,1521503999999,34486023.701827,78120,2146025.27,18964065.122319,0
1521504000000,9.035,9.2888,8.6001,9.1618,3926209.35,1521590399999,35159668.439161,64516,2011239.45,18017935.128938,0
1521590400000,9.1865,10.3383,9.01,9.9777,4959307.31,1521676799999,47849842.97735,89984,2602158.32,25136701.357964,0
1521676800000,9.9729,10.94,9.47,10.0806,4709042.44,1521763199999,47848987.776693,107559,2300794.47,23410668.48882,0
1521763200000,10.0614,11.98,9.5,11.7397,5510835.71,1521849599999,58744458.384913,114219,2873810.64,30690279.302025,0
1521849600000,11.7158,14.9444,11.5314,13.2398,8441747.33,1521935999999,109966022.967657,183565,4314061.31,56139339.869612,0
1521936000000,13.2398,14.26,12.4771,12.95,6175307.17,1522022399999,82161202.42043,137232,2940644.94,39137650.564152,0
1522022400000,12.95,13.04,10.8189,12.05,5486492.23,1522108799999,65134074.948887,111254,2822593.77,33570260.705871,0
1522108800000,12.01,12.23,10.83,11.5404,4077306.58,1522195199999,47085538.256193,93422,1978793.5,22906084.039967,0
1522195200000,11.5404,12.235,11.31,11.6888,3219334.4,1522281599999,37792501.912111,63096,1591757.44,18693459.208646,0
1522281600000,11.687,11.7494,10.11,10.1877,3602154.55,1522367999999,39276255.097276,98029,1803152.27,19722349.498457,0
1522368000000,10.1877,10.8769,9.6305,10.3955,3795257.43,1522454399999,38548819.307562,134622,1928682.07,19625070.012673,0
1522454400000,10.4,11.4836,10.25,11.051,4177534.21,1522540799999,45663753.203284,90096,2118163.83,23149678.871678,0
1522540800000,11.0599,11.3106,10.3002,11.0767,4095797.21,1522627199999,44633665.77944,91391,2218471.45,24208904.738651,0
1522627200000,11.0956,12.68,10.9815,12.5996,4507155.16,1522713599999,53481043.8005,93935,2295314.86,27181045.298603,0
1522713600000,12.5996,13.9701,12.2114,13.305,5149823.24,1522799999999,68261762.427423,123247,2550063.1,33808966.599863,0
1522800000000,13.2788,13.4889,12.0,12.21,5112820.69,1522886399999,64097901.423755,133806,2373126.1,29782537.155206,0
1522886400000,12.2098,12.65,12.093,12.4888,4295442.59,1522972799999,53212219.531211,76267,2150960.45,26672914.91695,0
1522972800000,12.4888,12.7001,12.0115,12.2599,3151837.66,1523059199999,38651401.407442,51383,1761833.44,21614044.244718,0
1523059200000,12.26,12.6487,12.22,12.5,3256833.91,1523145599999,40619324.091952,51303,1717405.06,21423166.901724,0
1523145600000,12.5,12.5216,12.11,12.1311,3085224.78,1523231999999,37945714.872477,47888,1733940.95,21331585.161224,0
1523232000000,12.1244,12.55,11.51,11.8888,3011093.55,1523318399999,36295327.01358,77270,1488630.64,17958858.37108,0
1523318400000,11.8832,12.441,11.77,12.0904,3449392.51,1523404799999,41694196.558433,61241,1596454.66,19317831.167068,0
1523404800000,12.1121,12.33,11.77,12.33,3394146.16,1523491199999,40544573.621479,49233,1710696.67,20443487.244931,0
1523491200000,12.33,13.034,11.85,13.0087,4889173.13,1523577599999,60784049.312556,112448,2536867.62,31569477.620815,0
1523577600000,13.0087,13.82,12.6961,13.52,5339975.42,1523663999999,70417293.134669,113035,2837794.69,37449400.642436,0
1523664000000,13.52,13.88,12.9174,13.2888,3521128.98,1523750399999,47242696.623243,65929,1881261.34,25286092.919801,0
1523750400000,13.2865,13.62,12.9,13.0989,3854973.61,1523836799999,50966457.161287,78848,1771348.15,23465247.361196,0
1523836800000,13.0985,13.0997,12.011,12.2342,2709514.47,1523923199999,33604249.542756,62677,1238026.97,15333481.972551,0
1523923200000,12.2342,12.4848,11.6658,11.777,2444511.0,1524009599999,29830190.391654,59324,1145149.8,13987215.063937,0
1524009600000,11.777,12.45,11.511,12.2999,2739464.35,1524095999999,32476880.961602,57860,1350782.98,16039982.194059,0
1524096000000,12.2999,12.44,12.02,12.361,2401088.65,1524182399999,29469321.849412,48333,1148488.5,14108099.075514,0
1524182400000,12.3502,12.7241,11.85,12.5858,2737433.33,1524268799999,33661511.198102,63454,1307596.72,16081902.633289,0
1524268800000,12.574,13.74,12.38,13.3302,4556037.09,1524355199999,59501254.836204,115450,2391854.95,31290873.831878,0
1524355200000,13.3689,13.3987,12.8,12.8888,2564431.16,1524441599999,33398981.918383,57960,1291206.9,16830512.268339,0
1524441600000,12.8887,13.8644,12.82,13.645,4448320.55,1524527999999,60098620.413938,67908,2105006.84,28421712.247583,0
1524528000000,13.6449,15.6805,13.6096,15.0895,4773630.91,1524614399999,69952675.332401,106099,2503632.45,36674094.519692,0
1524614400000,15.0786,15.9,12.91,13.3999,5198344.23,1524700799999,73903160.466492,145033,2585192.67,36847954.794767,0
1524700800000,13.3999,14.75,13.1855,14.63,4222900.08,1524787199999,59387951.330058,84617,2129754.63,29937200.602862,0
1524787200000,14.6299,14.7854,14.1075,14.2396,2886054.25,1524873599999,41808566.925412,60734,1410101.24,20421526.595075,0
1524873600000,14.2493,15.4,14.1628,15.2011,3784189.33,1524959999999,56833811.863934,62626,2256987.53,33935409.389268,0
1524960000000,15.1672,15.436,14.5001,15.0489,2829207.93,1525046399999,42480975.988898,60732,1440292.91,21632664.443355,0
1525046400000,15.0489,15.15,14.04,14.3291,2063155.39,1525132799999,30209221.620393,56138,992769.3,14568376.954724,0
1525132800000,14.3271,14.3288,13.5,14.1711,1987546.78,1525219199999,27657821.700012,49512,1055426.23,14706877.339229,0
1525219200000,14.1421,14.44,13.9001,14.439,2097270.4,1525305599999,29709562.929623,45055,1133920.86,16063123.139928,0
1525305600000,14.4389,14.8599,14.1799,14.6999,2502529.16,1525391999999,36292488.943135,71342,1378291.34,19993562.692492,0
1525392000000,14.6493,14.7499,14.25,14.3622,1875629.56,1525478399999,27098755.546115,50352,1003512.68,14503321.848294,0
1525478400000,14.3621,14.57,14.21,14.4468,1877245.04,1525564799999,27029269.399087,46437,912235.46,13144204.058205,0
1525564800000,14.444,14.9384,13.5495,14.012,2099311.5,1525651199999,30025181.617622,64857,1079242.37,15439918.757556,0
1525651200000,13.9993,14.0764,12.915,13.71,1651401.64,1525737599999,22175899.267109,56189,833909.84,11199539.015664,0
1525737600000,13.7191,13.9733,13.0001,13.4981,1439759.01,1525823999999,19482429.030432,42686,753159.86,10208693.324201,0
1525824000000,13.5,14.8,13.02,14.6417,2600990.7,1525910399999,36481965.563171,58437,1398648.0,19669497.456546,0
1525910400000,14.6266,15.05,13.7323,13.7957,1653996.3,1525996799999,23814558.641313,49573,777326.86,11218450.759295,0
1525996800000,13.7737,14.13,12.5211,12.9884,1567764.99,1526083199999,20738478.5111,62929,704901.86,9347919.227788,0
1526083200000,12.9603,13.27,12.1242,12.9319,1272138.32,1526169599999,16197273.119535,50172,632234.76,8064629.99891,0
1526169600000,12.9319,13.5794,12.6186,13.1515,1879918.95,1526255999999,24594243.795183,48411,953178.51,12475978.463474,0
1526256000000,13.1624,13.2,12.2,12.8388,1543293.66,1526342399999,19732255.177098,47490,795853.32,10196545.096446,0
1526342400000,12.8448,13.33,12.4638,12.5389,1284872.56,1526428799999,16663163.294407,38727,650823.83,8455521.10737,0
1526428800000,12.5312,12.9199,11.88,12.2901,1075287.4,1526515199999,13060083.293062,38203,568410.78,6904568.587823,0
1526515200000,12.28,12.9496,12.1818,12.3777,1714166.53,1526601599999,21540904.479208,39386,809093.51,10177794.379068,0
1526601600000,12.3679,16.276,12.0001,15.1363,5632069.63,1526687999999,81466417.283873,118465,3122138.73,45073888.308657,0
1526688000000,15.0885,15.6666,13.95,14.33,3387951.86,1526774399999,50229062.774402,66228,1653135.27,24523749.624336,0
1526774400000,14.335,14.3995,13.682,14.1666,2411178.47,1526860799999,33610874.334164,43942,1357600.96,18936298.746505,0
1526860800000,14.1664,14.8005,13.7,14.6996,2546234.23,1526947199999,36338921.301102,51996,1420213.62,20278991.345489,0
1526947200000,14.6728,14.85,13.6911,13.888,2361029.44,1527033599999,33956032.257857,55291,1381796.04,19901962.195004,0
1527033600000,13.8544,13.9299,12.235,12.4998,2215424.73,1527119999999,28603983.614628,79921,1117147.74,14414174.947346,0
1527120000000,12.4997,13.1947,12.1,13.0288,1576180.03,1527206399999,20037253.753531,45522,851494.72,10836922.892245,0
1527206400000,13.0255,13.3789,12.5627,13.0129,1316638.08,1527292799999,17063650.325735,33280,650945.13,8448578.063581,0
1527292800000,13.0129,13.283,12.6411,12.7888,1215820.52,1527379199999,15801577.021713,20881,626289.42,8143506.507619,0
1527379200000,12.7561,12.8,12.2856,12.6046,1071651.59,1527465599999,13519380.343815,20952,536149.99,6758495.363312,0
1527465600000,12.596,12.75,11.611,11.9179,936828.03,1527551999999,11420576.011776,24655,428517.17,5232781.017077,0
1527552000000,11.892,12.7,11.6601,12.6073,1469580.43,1527638399999,18092196.277756,33316,855489.75,10540704.592861,0
1527638400000,12.5947,12.7927,12.17,12.6199,1299596.87,1527724799999,16280445.891984,31918,765395.4,9592454.342194,0
1527724800000,12.608,14.302,12.38,14.2,2725397.09,1527811199999,37070312.437441,60802,1496938.51,20412635.722175,0
1527811200000,14.1919,14.467,13.76,14.2888,2320553.13,1527897599999,32653012.969116,40264,1394054.87,19617704.723884,0
1527897600000,14.2503,14.882,14.0,14.6732,2358996.4,1527983999999,34189301.515419,37491,1475563.91,21401164.679787,0
1527984000000,14.6785,15.0254,14.2657,14.6995,2237218.88,1528070399999,32934034.525405,36772,1466410.3,21590235.612314,0
1528070400000,14.666,14.743,13.59,14.2636,1575290.65,1528156799999,22251821.258586,35922,814855.07,11542736.471559,0
1528156800000,14.2635,15.711,14.1328,15.6156,2607589.16,1528243199999,38768714.54468,55720,1444130.66,21458881.051087,0
1528243200000,15.6156,17.4767,15.23,17.275,3866321.8,1528329599999,63980353.44343,92904,2000012.43,33092046.148272,0
1528329600000,17.2512,17.44,16.11,16.2791,3248655.04,1528415999999,54757849.326377,62706,1865376.77,31512057.523246,0
1528416000000,16.28,16.6579,15.72,16.2292,2536838.57,1528502399999,41055574.700562,54444,1340224.96,21694652.152262,0
1528502400000,16.2292,16.906,15.869,16.0188,2334912.18,1528588799999,38368117.183825,40154,1485041.1,24429533.962709,0
1528588800000,16.0192,16.1199,13.4,14.18,2579153.65,1528675199999,37827121.595709,73888,1139855.98,16762356.310579,0
1528675200000,14.18,15.48,13.6712,15.47,2472371.47,1528761599999,36064581.538948,60088,1336767.31,19523541.743786,0
1528761600000,15.47,16.16,14.86,15.2263,3485152.76,1528847999999,53983333.335137,87861,1802389.9,27921425.873077,0
1528848000000,15.2265,15.85,13.6924,14.5888,3148409.74,1528934399999,46815488.328284,79008,1529762.15,22781348.740636,0
1528934400000,14.5794,15.2,14.0,14.867,2693075.27,1529020799999,39482057.010549,73167,1374601.59,20167705.211314,0
1529020800000,14.867,15.65,14.602,14.9895,2572848.48,1529107199999,38907490.481165,61009,1437298.75,21750172.087634,0
1529107200000,14.98,15.96,14.82,15.7602,2452263.98,1529193599999,38045736.412739,55758,1316984.82,20449963.509994,0
1529193600000,15.7883,17.2,15.6951,16.5987,3238566.8,1529279999999,53502585.078729,73008,1569429.7,25940000.324797,0
1529280000000,16.6105,17.1998,16.11,16.8111,2847219.22,1529366399999,47861779.314918,72205,1460402.76,24584812.973257,0
1529366400000,16.8092,16.95,16.1288,16.7556,2118005.58,1529452799999,34963195.214421,58216,986964.3,16303499.855885,0
1529452800000,16.7395,16.85,15.6,16.0773,1951387.85,1529539199999,31306144.775948,56778,986422.58,15814801.656371,0
1529539200000,16.0768,17.38,15.865,17.0727,3562967.67,1529625599999,59369253.233247,83187,2027579.05,33831895.226722,0
1529625600000,17.0726,17.25,15.16,15.56,3363308.98,1529711999999,54171930.631343,96439,1670337.71,26934112.989783,0
1529712000000,15.55,16.0488,15.3123,15.6398,2104033.7,1529798399999,33027599.351465,51321,1202951.35,18894107.195997,0
1529798400000,15.6024,15.749,13.3419,14.4174,3864116.26,1529884799999,55238298.522296,96106,1967627.29,28124612.471812,0
1529884800000,14.4174,15.1532,13.76,14.92,2268298.4,1529971199999,33067739.395258,60674,1149943.18,16739892.256846,0
1529971200000,14.8982,15.0098,13.83,14.0525,1400093.84,1530057599999,20048435.454461,36494,712553.87,10210155.161621,0
1530057600000,14.0525,14.3404,13.789,14.0737,1526745.8,1530143999999,21486064.57909,31069,818225.21,11517676.644596,0
1530144000000,14.0852,14.9,13.81,14.206,2386068.98,1530230399999,34330807.123393,57210,1217841.71,17557934.212903,0
1530230400000,14.1312,14.7,13.734,14.5399,1801223.29,1530316799999,25496746.955655,45020,897384.98,12731233.089619,0
1530316800000,14.4847,15.1514,14.256,14.6851,2160868.78,1530403199999,31764133.058728,50917,1258720.2,18534209.183269,0
1530403200000,14.7344,14.7499,14.09,14.37,1213411.44,1530489599999,17467526.242541,35997,609793.51,8786145.69316,0
1530489600000,14.3679,14.7502,14.01,14.5968,1895365.94,1530575999999,27317959.54243,53251,944539.05,13642202.266517,0
1530576000000,14.5968,14.81,14.0146,14.1639,1783569.17,1530662399999,25735997.901144,49936,730336.03,10546533.706437,0
1530662400000,14.17,14.2499,13.8502,14.0212,1077456.6,1530748799999,15117011.747177,32797,515246.03,7235620.826688,0
1530748800000,14.0212,14.1367,13.412,13.76,1167466.75,1530835199999,16099476.98922,54892,513259.63,7081088.478373,0
1530835200000,13.76,13.8143,13.1402,13.4366,957584.87,1530921599999,12814481.554086,45186,499565.93,6687726.03257,0
1530921600000,13.4366,14.3006,13.2799,14.16,2509657.78,1531007999999,34914778.132254,65982,1475763.85,20538865.037125,0
1531008000000,14.1546,14.18,13.84,14.01,1788649.64,1531094399999,25039486.304264,41584,1002131.66,14041078.952581,0
1531094400000,14.0096,14.0497,13.4588,13.5348,1072007.68,1531180799999,14806707.805538,37879,574096.87,7942188.219774,0
1531180800000,13.5382,13.6312,12.6171,12.77,1268037.08,1531267199999,16501887.034692,51108,551343.48,7173352.740376,0
1531267200000,12.77,12.87,12.1201,12.697,1676723.91,1531353599999,21058226.248708,47894,992217.11,12480267.097132,0
1531353600000,12.6899,12.7777,11.802,12.1318,1057562.76,1531439999999,12910599.589208,39423,574571.64,7025348.937428,0
1531440000000,12.1256,12.4299,11.904,12.1803,1104432.47,1531526399999,13548020.403462,42321,646825.75,7942525.949735,0
1531526400000,12.1772,12.2799,11.921,12.0595,700470.95,1531612799999,8467281.467104,29235,416943.79,5042148.470672,0
1531612800000,12.0677,12.399,11.93,12.321,978185.21,1531699199999,11950242.437808,20644,606722.83,7411491.203359,0
1531699200000,12.321,13.4295,12.1525,13.3471,1688449.26,1531785599999,21925857.290281,50131,938884.9,12189023.422071,0
1531785600000,13.3717,13.9,12.827,13.7398,2440273.66,1531871999999,32570276.184119,70437,1299131.82,17357529.2735,0
1531872000000,13.7398,13.88,12.65,12.8574,2499594.95,1531958399999,33794147.781903,71842,1238365.36,16773621.508084,0
1531958400000,12.8575,13.3776,12.7161,12.955,1659928.44,1532044799999,21603602.169188,52329,856928.11,11165224.899067,0
1532044800000,12.955,13.039,11.821,12.0798,1500770.49,1532131199999,18560112.926735,48919,699996.03,8674810.177355,0
1532131200000,12.0701,12.4933,11.8087,12.1959,962002.15,1532217599999,11713318.544765,31285,477644.89,5816536.533276,0
1532217600000,12.1655,12.35,11.9257,12.1885,717131.0,1532303999999,8743603.549702,24851,402840.4,4916163.976958,0
1532304000000,12.1594,12.4,11.9,12.0348,846080.31,1532390399999,10248756.149165,34423,387503.5,4706880.918448,0
1532390400000,12.0348,12.289,11.6358,12.1469,1470130.39,1532476799999,17678964.466903,45619,717440.92,8642738.503897,0
1532476800000,12.1469,13.5136,12.1111,13.0048,2387075.91,1532563199999,30990115.091859,69891,1277505.59,16632280.462047,0
1532563200000,13.0448,13.6397,12.9008,13.3283,2048038.7,1532649599999,27045752.072738,45742,1153728.67,15251911.368102,0
1532649600000,13.3435,14.0845,13.0383,13.9919,1868712.12,1532735999999,25531858.178457,51776,1121327.72,15337897.258944,0
1532736000000,13.9902,14.8886,13.72,14.669,2191526.04,1532822399999,31740491.99232,54936,1211554.16,17553693.663847,0
1532822400000,14.6415,14.7512,13.666,13.9569,1627537.9,1532908799999,22996010.777869,43430,845656.53,11971665.446521,0
1532908800000,13.9353,13.9724,13.0,13.1666,1214311.9,1532995199999,16318839.012266,35989,515021.72,6924743.603117,0
1532995200000,13.2057,14.1,13.001,13.8369,1908469.58,1533081599999,25968909.870792,53038,996160.53,13564869.535827,0
1533081600000,13.8384,14.1,13.1725,13.6666,1436158.78,1533167999999,19484025.286529,42439,751503.45,10200893.967304,0
1533168000000,13.6481,14.1999,13.364,14.15,1220345.44,1533254399999,16667767.04466,34510,765655.44,10478194.688421,0
1533254400000,14.1302,14.18,13.55,14.1251,1716106.24,1533340799999,23922598.174896,43413,931222.72,12989755.841503,0
1533340800000,14.1251,14.47,13.55,13.8663,1675328.62,1533427199999,23504937.17289,35349,944198.31,13261502.757804,0
1533427200000,13.8663,13.9499,13.2224,13.64,1181522.98,1533513599999,16025447.519181,23803,639675.14,8689640.664862,0
1533513600000,13.6407,13.975,13.4688,13.6998,1401653.22,1533599999999,19146597.274273,26233,799601.8,10930269.392281,0
1533600000000,13.6988,13.85,13.0735,13.1488,1138776.83,1533686399999,15401942.953135,32888,577701.84,7824258.592063,0
1533686400000,13.1486,13.1688,11.95,12.1489,1477830.56,1533772799999,18318248.31766,42614,756368.85,9371931.997396,0
1533772800000,12.1489,12.8769,12.0408,12.7654,1392084.49,1533859199999,17358341.580138,31892,741645.46,9269971.436863,0
1533859200000,12.7698,12.8249,11.6912,12.1472,1321748.93,1533945599999,16351283.756291,36511,714340.97,8867080.300369,0
1533945600000,12.1387,12.1666,11.3,11.6972,951206.61,1534031999999,11161621.548098,32017,506992.91,5963336.296095,0
1534032000000,11.69,11.8735,11.3503,11.7999,827641.8,1534118399999,9652628.11456,22247,419858.42,4901210.851766,0
1534118400000,11.7999,11.8899,10.11,10.2576,1263311.0,1534204799999,14186384.039565,32532,613439.12,6924945.982873,0
1534204800000,10.293,10.3285,8.5318,9.3999,1778627.02,1534291199999,16293912.252131,42939,923714.82,8459151.903868,0
1534291200000,9.3999,10.65,9.3328,9.5049,2056703.08,1534377599999,20575226.457214,52106,1078757.99,10792393.783675,0
1534377600000,9.5048,10.0,9.3549,9.7888,1015018.47,1534463999999,9841969.122055,29383,556772.91,5398388.907232,0
1534464000000,9.7779,10.88,9.7008,10.88,1343630.43,1534550399999,13760725.793228,35482,716559.5,7348922.367445,0
1534550400000,10.8766,10.98,9.4518,9.8807,1129707.13,1534636799999,11487200.211686,33124,538188.84,5468750.472229,0
1534636800000,9.8807,10.2999,9.6501,10.1388,900659.79,1534723199999,9034520.161367,17767,482156.25,4834350.877788,0
1534723200000,10.1304,10.2081,9.5505,9.6377,675185.06,1534809599999,6634719.518377,20423,314654.17,3093760.552835,0
1534809600000,9.6377,9.8499,9.3526,9.7399,467018.57,1534895999999,4485427.987941,15065,212633.63,2044190.973028,0
1534896000000,9.7396,10.25,9.1803,9.5888,933905.05,1534982399999,9165730.019634,29002,467442.02,4598484.925746,0
1534982400000,9.5105,9.7881,9.3201,9.7587,652574.85,1535068799999,6249555.55177,14394,376322.39,3607992.149202,0
1535068800000,9.7475,10.2313,9.55,10.2038,782216.94,1535155199999,7724105.843198,19385,447747.71,4428247.628043,0
1535155200000,10.2037,10.3,9.9115,10.1058,679508.1,1535241599999,6865462.078839,16821,337562.59,3414770.481614,0
1535241600000,10.0997,10.2578,9.7298,10.2158,743828.68,1535327999999,7498417.685594,17497,394546.24,3985668.759862,0
1535328000000,10.2082,11.3135,10.1023,11.1888,1520413.76,1535414399999,16342711.984367,35229,783125.19,8408323.489064,0
1535414400000,11.169,11.5489,10.76,11.5188,1547932.24,1535500799999,17325480.930577,34520,811206.68,9086751.499229,0
1535500800000,11.5188,11.5188,10.7,11.1888,1152277.38,1535587199999,12816786.614576,31353,617299.25,6866521.006251,0
1535587200000,11.1547,11.1999,10.3501,10.7899,754752.58,1535673599999,8050603.708558,24219,359548.55,3835331.774348,0
1535673600000,10.7899,10.9935,10.5548,10.9899,823324.38,1535759999999,8904059.692226,17495,478306.55,5171619.793282,0
1535760000000,10.9897,11.57,10.9436,11.48,1044220.23,1535846399999,11858401.659005,28045,581364.29,6605320.221428,0
1535846400000,11.48,11.5043,11.07,11.3684,708884.77,1535932799999,8001144.011192,21497,361874.78,4088039.296355,0
1535932800000,11.366,11.48,11.046,11.3294,641282.32,1536019199999,7241099.573479,17512,360458.28,4074898.152715,0
1536019200000,11.3299,11.4494,11.2106,11.4217,630068.09,1536105599999,7161798.610399,17018,359782.93,4092908.165246,0
1536105600000,11.4399,11.5886,9.9,9.9664,1179038.29,1536191999999,12709076.726525,36509,581157.1,6313535.339068,0
1536192000000,9.9978,10.382,9.5349,10.2888,861725.78,1536278399999,8508375.033756,28052,444140.46,4396440.159989,0
1536278400000,10.2699,10.2994,9.63,9.9401,543939.79,1536364799999,5437853.871892,17791,272115.24,2721983.695965,0
1536364800000,9.948,10.1497,9.2715,9.5224,591172.18,1536451199999,5765529.187651,18386,301874.94,2948435.197553,0
1536451200000,9.511,9.7678,9.1535,9.5399,576769.81,1536537599999,5481832.397168,19585,297884.85,2828738.039828,0
1536537600000,9.4999,9.7381,9.25,9.508,410304.23,1536623999999,3907007.985042,15595,218433.37,2081128.198842,0
1536624000000,9.5078,9.6,9.1013,9.3688,776611.24,1536710399999,7292638.319121,21707,452613.37,4257606.141374,0
1536710400000,9.3796,9.4822,9.01,9.2081,717494.09,1536796799999,6586263.738557,23112,398702.95,3666461.241022,0
1536796800000,9.2081,9.7146,9.1994,9.5911,1020417.71,1536883199999,9707635.052138,25922,503860.61,4793692.796998,0
1536883200000,9.5911,10.0997,9.4809,9.9268,1066223.53,1536969599999,10431829.296773,28271,612137.95,5997286.427161,0
1536969600000,9.8842,10.242,9.84,10.0999,1111177.17,1537055999999,11217374.3255,24614,632652.25,6393269.280237,0
1537056000000,10.0626,10.1381,9.7,9.9399,796456.32,1537142399999,7871452.191645,18232,445366.74,4402558.405193,0
1537142400000,9.9281,10.0321,9.2542,9.3626,861322.4,1537228799999,8384256.232622,27126,447088.13,4369474.403547,0
1537228800000,9.3626,9.6533,9.22,9.5599,893224.31,1537315199999,8479042.454459,20738,554964.9,5270921.323499,0
1537315200000,9.531,9.7997,9.231,9.6399,980606.47,1537401599999,9381890.359499,23475,604822.65,5796429.77269,0
1537401600000,9.6204,10.08,9.5682,10.0388,1120353.35,1537487999999,10930645.339467,20877,693785.62,6771936.835518,0
1537488000000,10.0126,10.48,9.9091,10.48,1435072.62,1537574399999,14609742.49519,39100,781105.69,7947136.674454,0
1537574400000,10.4761,10.6,9.985,10.2911,856764.16,1537660799999,8803410.615031,24149,484178.55,4981457.969787,0
1537660800000,10.2534,10.4258,10.1025,10.2907,861934.49,1537747199999,8854976.308623,21732,568338.05,5844511.351528,0
1537747200000,10.3,10.3599,9.9082,10.0588,717884.93,1537833599999,7260639.486216,21180,415398.28,4205364.005206,0
1537833600000,10.0295,10.0583,9.3612,9.8745,670520.95,1537919999999,6467310.146931,24026,303080.29,2927650.660497,0
1537920000000,9.8498,9.9417,9.5514,9.712,664048.34,1538006399999,6476644.422157,23174,349944.42,3416466.379334,0
1538006400000,9.7286,10.1118,9.6364,10.0599,1097707.95,1538092799999,10874757.190832,23119,654344.54,6486840.074719,0
1538092800000,10.0599,10.28,9.8049,9.9911,1023374.46,1538179199999,10300532.419842,25461,538547.37,5424879.98591,0
1538179200000,9.9607,10.0773,9.72,10.0118,1033613.12,1538265599999,10290818.873204,19074,683579.68,6814006.425054,0
1538265600000,10.0,10.0761,9.8203,10.0172,1008085.64,1538351999999,10044300.565752,18975,581755.99,5801714.76802,0
1538352000000,10.0172,10.0761,9.85,9.9811,948775.1,1538438399999,9447959.535416,14768,636404.71,6339035.012254,0
1538438400000,9.9811,10.69,9.85,10.3711,1656057.34,1538524799999,16879602.915368,25290,1044803.31,10636970.298186,0
1538524800000,10.3,10.49,10.0103,10.3136,1515533.08,1538611199999,15575635.988752,28971,742714.05,7642180.796073,0
1538611200000,10.2851,10.4393,10.201,10.2982,1396583.15,1538697599999,14416384.719748,14898,856854.77,8848769.162856,0
1538697600000,10.2735,10.77,10.227,10.6756,1625888.5,1538783999999,17155400.876299,19238,1065495.74,11257908.039518,0
1538784000000,10.6622,10.75,10.3232,10.4289,1222752.32,1538870399999,12837946.637706,12395,738533.5,7764027.382793,0
1538870400000,10.4085,10.6,10.2602,10.5852,1287321.5,1538956799999,13442716.807221,11105,829756.86,8667136.300405,0
1538956800000,10.5852,10.6929,10.4938,10.5911,1241326.98,1539043199999,13139669.295376,15420,744798.03,7889669.555988,0
1539043200000,10.5909,10.6297,10.27,10.4113,1061689.04,1539129599999,11129170.348366,14487,602785.33,6311736.983907,0
1539129600000,10.4113,10.4351,10.22,10.3614,1024931.25,1539215999999,10626150.958079,13347,683798.32,7093706.870468,0
1539216000000,10.3877,10.3991,9.22,9.3599,1016540.93,1539302399999,9920124.528386,30906,460230.55,4486677.026614,0
1539302400000,9.3618,9.7497,9.2471,9.5551,1040252.28,1539388799999,9969773.604426,16081,696802.96,6679768.740991,0
1539388800000,9.5501,9.7299,9.5227,9.681,1060777.94,1539475199999,10217008.316968,10132,579149.67,5578996.494725,0
1539475200000,9.67,9.8,9.5101,9.5895,963458.08,1539561599999,9343646.069239,10928,569083.16,5519053.067615,0
1539561600000,9.5883,11.0,9.5106,10.5655,2340805.31,1539647999999,24403410.278389,51068,1216503.61,12685180.132354,0
1539648000000,10.5509,10.571,10.1061,10.2771,1279998.81,1539734399999,13174396.94833,17813,803017.63,8256877.246004,0
1539734400000,10.2643,10.35,10.09,10.2338,1403015.56,1539820799999,14349325.147916,15865,910860.78,9313722.450263,0
1539820800000,10.2338,10.2856,9.81,9.922,1262694.44,1539907199999,12731504.183011,15316,798412.63,8056933.486571,0
1539907200000,9.922,9.9797,9.83,9.9001,1105829.66,1539993599999,10965218.636772,9131,944166.49,9363915.427988,0
1539993600000,9.9134,9.997,9.822,9.9365,1168946.63,1540079999999,11606230.136935,9940,1021446.13,10142550.756256,0
1540080000000,9.9231,10.0272,9.87,9.9311,1194348.93,1540166399999,11904852.888886,10465,909249.54,9064954.398717,0
1540166400000,9.9123,9.98,9.81,9.8932,1037552.21,1540252799999,10252902.783188,10106,622360.47,6151884.268978,0
1540252800000,9.8801,10.0788,9.8099,9.9298,1217218.93,1540339199999,12076606.918577,12361,837050.11,8306943.822969,0
1540339200000,9.9209,9.99,9.8555,9.8837,1041867.67,1540425599999,10327342.770892,10015,446182.43,4423543.368182,0
1540425600000,9.8816,9.925,9.7502,9.8056,1005134.42,1540511999999,9866549.40137,10109,766760.9,7527328.937695,0
1540512000000,9.805,9.9121,9.75,9.8296,1023388.17,1540598399999,10042937.842636,9417,928602.01,9114874.03317,0
1540598400000,9.8297,9.8347,9.6972,9.7331,854497.86,1540684799999,8349812.958829,8332,784697.17,7669658.764323,0
1540684800000,9.7285,9.7638,9.6022,9.7207,838913.92,1540771199999,8136588.44204,8316,619055.65,6007248.873123,0
1540771200000,9.7207,9.7317,9.3748,9.445,788866.57,1540857599999,7525106.643176,13573,358712.08,3421290.416683,0
1540857600000,9.4516,9.5386,9.4003,9.4521,719748.66,1540943999999,6803212.351281,9462,482327.44,4558879.372096,0
1540944000000,9.4513,9.5546,9.2811,9.4807,707061.59,1541030399999,6671089.908958,10378,550214.77,5194490.491891,0
1541030400000,9.4837,9.66,9.4303,9.6192,791111.48,1541116799999,7528202.69593,9077,447478.18,4249215.71856,0
1541116800000,9.6106,9.7192,9.5467,9.6421,850927.5,1541203199999,8194490.466364,10504,469022.12,4514291.121803,0
1541203200000,9.6607,9.744,9.4888,9.5889,812589.61,1541289599999,7781309.311534,9647,385315.76,3687349.725173,0
1541289600000,9.588,9.8974,9.5,9.819,934579.3,1541375999999,9056755.741708,14063,593390.29,5739384.334422,0
1541376000000,9.8084,9.8294,9.6603,9.7333,836650.91,1541462399999,8131267.116155,11277,629675.5,6118826.845329,0
1541462400000,9.7509,9.8891,9.6703,9.881,887223.82,1541548799999,8677224.600936,15614,592973.59,5799603.931561,0
1541548800000,9.8718,9.9776,9.81,9.897,865071.56,1541635199999,8556329.625219,14774,505455.96,4999826.419479,0
1541635200000,9.897,9.9268,9.6503,9.686,798983.44,1541721599999,7826431.10844,13441,515184.81,5047420.195579,0
1541721600000,9.6868,9.7497,9.5169,9.6141,735975.45,1541807999999,7091790.464076,11910,384311.95,3706018.979131,0
1541808000000,9.6132,9.6896,9.5672,9.5898,782308.04,1541894399999,7533998.386684,10139,608938.65,5865425.792984,0
1541894400000,9.5898,9.621,9.35,9.5611,755404.21,1541980799999,7180788.710182,11338,405781.58,3861171.716565,0
1541980800000,9.5586,9.5891,9.331,9.4862,723363.63,1542067199999,6843645.615956,12398,444773.25,4209553.495808,0
1542067200000,9.4862,9.5891,9.3602,9.3936,658735.46,1542153599999,6227393.415766,12891,386306.09,3652457.338031,0
1542153600000,9.387,9.4453,8.3359,8.6811,672611.06,1542239999999,5964449.985309,25343,327985.54,2921543.829939,0
1542240000000,8.6896,8.7342,7.8,8.3793,822045.1,1542326399999,6802948.925313,21883,474828.34,3931588.802893,0
1542326400000,8.3793,8.4049,7.8,8.01,901842.25,1542412799999,7292373.45122,13399,508689.26,4107590.489627,0
1542412800000,8.0097,8.0192,7.6846,7.8494,752867.47,1542499199999,5865731.485472,10520,492020.91,3831632.717678,0
1542499200000,7.8493,8.166,7.8301,8.0832,604839.75,1542585599999,4838054.114957,9747,321708.49,2574244.968063,0
1542585600000,8.0833,8.0918,6.6453,6.6844,1052222.08,1542671999999,7512579.853245,27340,548387.77,3894567.926722,0
1542672000000,6.704,6.905,5.612,5.92,1624846.64,1542758399999,9912905.068409,44289,837622.97,5117265.271762,0
1542758400000,5.9419,6.323,5.6502,6.2894,842731.41,1542844799999,5084237.945527,23368,444302.71,2687490.748037,0
1542844800000,6.2896,6.3727,5.7172,5.77,630372.07,1542931199999,3840547.082434,13379,322723.62,1970691.519737,0
1542931200000,5.7755,5.8396,5.45,5.6611,598556.9,1543017599999,3357369.283447,16553,289044.42,1624778.276255,0
1543017600000,5.6525,5.8055,4.7632,5.193,917700.21,1543103999999,4844925.914768,20652,361416.44,1935294.764661,0
1543104000000,5.199,5.38,4.532,5.2873,1003892.67,1543190399999,4998073.759825,27420,518217.81,2579982.640008,0
1543190400000,5.28,5.4,4.7568,5.0631,852519.37,1543276799999,4333954.593448,25440,421280.23,2148283.836549,0
1543276800000,5.063,5.063,4.7045,4.984,701759.11,1543363199999,3434036.230959,16891,408271.13,1999593.079991,0
1543363200000,4.984,5.4603,4.984,5.3499,1144816.8,1543449599999,6061490.260849,23126,682024.23,3614500.537355,0
1543449600000,5.3498,5.6344,5.1243,5.3805,1018322.99,1543535999999,5461031.121114,19242,526631.4,2821310.567175,0
1543536000000,5.3902,5.448,4.9534,5.115,709284.02,1543622399999,3662427.823626,16592,364344.05,1880445.557879,0
1543622400000,5.1122,5.4006,5.0072,5.2899,925388.42,1543708799999,4874052.81019,12032,526095.06,2774865.864723,0
1543708800000,5.2787,5.4357,5.205,5.2888,853331.61,1543795199999,4534872.243938,13209,449613.69,2390497.151701,0
1543795200000,5.2831,5.2956,5.01,5.1266,673983.38,1543881599999,3451158.980001,13470,281866.76,1446806.046253,0
1543881600000,5.1294,6.3649,5.0856,5.902,2238490.16,1543967999999,12882498.12217415,39339,1033626.43,5952239.56274043,0
1543968000000,5.902,6.62,5.7225,6.0727,4208247.78,1544054399999,25915024.891642,57457,2031241.75,12521382.440729,0
1544054400000,6.0689,6.109,4.85,4.9023,3033034.77,1544140799999,16605405.771891,49168,1484963.28,8128189.275929,0
1544140800000,4.8977,4.9997,4.12,4.516,2250208.53,1544227199999,10282558.541603,41769,1149723.0,5249780.506401,0
1544227200000,4.5118,4.8009,4.3001,4.6361,1260790.7,1544313599999,5751093.241387,21307,628870.24,2866736.696555,0
1544313600000,4.628,5.0003,4.5167,4.7693,1505537.64,1544399999999,7177505.612086,19784,830075.88,3956711.583859,0
1544400000000,4.7693,4.9398,4.4698,4.6276,928495.85,1544486399999,4361795.739574,18346,442292.84,2077544.927253,0
1544486400000,4.6297,4.9295,4.5,4.8973,1232098.43,1544572799999,5766708.758249,16272,700179.67,3276305.748164,0
1544572800000,4.8936,5.15,4.739,4.9815,1196552.29,1544659199999,5925304.975092,21077,609542.25,3017969.934894,0
1544659200000,4.982,4.9933,4.5563,4.6384,1003196.18,1544745599999,4804678.850471,18307,511508.36,2455955.981874,0
1544745600000,4.6399,4.75,4.43,4.5211,946936.19,1544831999999,4370044.405834,16085,464103.98,2145882.238311,0
1544832000000,4.5148,4.599,4.4436,4.5531,969833.44,1544918399999,4387901.297965,12556,554510.99,2508329.028712,0
1544918400000,4.5479,4.7064,4.5089,4.616,1069563.77,1545004799999,4963613.541897,13405,627424.71,2912389.768077,0
1545004800000,4.6193,5.1271,4.601,5.065,1507154.37,1545091199999,7344673.590916,21998,923947.21,4498680.613222,0
1545091200000,5.065,5.5362,4.9,5.5308,1906857.24,1545177599999,9864772.820849,24487,1074465.47,5564553.387687,0
1545177600000,5.5349,5.8331,5.2847,5.3633,1805892.76,1545263999999,9964231.850427,32458,940313.47,5190443.144026,0
1545264000000,5.3627,5.79,5.2369,5.6766,2160302.61,1545350399999,12060645.667534,36885,1202746.05,6723387.845955,0
1545350400000,5.6761,5.7897,5.3166,5.4766,1592262.74,1545436799999,8888728.773336,26333,914162.91,5101268.549727,0
1545436800000,5.4766,5.8802,5.395,5.8398,1775214.59,1545523199999,10028050.954402,20543,1033768.4,5840369.219806,0
1545523200000,5.8399,6.1318,5.7589,5.959,1878151.13,1545609599999,11203811.278916,21992,1020876.67,6086293.349304,0
1545609600000,5.9588,6.4735,5.93,6.0979,2058385.46,1545695999999,12800612.446236,31130,1065377.94,6614594.284703,0
1545696000000,6.0975,6.0994,5.3127,5.45,1443517.22,1545782399999,7946748.599596,22373,772912.78,4246112.242301,0
1545782400000,5.4432,5.684,5.37,5.6029,1351072.48,1545868799999,7510239.890038,17628,742664.34,4130625.768139,0
1545868800000,5.6062,5.6559,5.1,5.1791,1148939.37,1545955199999,6200387.822491,14487,663425.19,3589850.140966,0
1545955200000,5.1818,5.8995,5.1003,5.8811,1505031.24,1546041599999,8318661.357344,20473,864643.37,4780850.102104,0
1546041600000,5.8803,6.0,5.61,5.66,1232874.45,1546127999999,7206376.833483,18389,751436.92,4395852.988325,0
1546128000000,5.67,5.9186,5.558,5.8939,1394241.09,1546214399999,8065674.631955,14345,715950.37,4144861.690283,0
1546214400000,5.9,6.2433,5.8304,6.1111,2388899.23,1546300799999,14438039.454585,26537,1277308.86,7718288.59752,0
1546300800000,6.1139,6.1228,5.7735,5.991,1412914.18,1546387199999,8379611.862422,22331,682669.28,4052797.806149,0
1546387200000,5.991,6.0939,5.8371,6.051,2130127.0,1546473599999,12667352.240985,44315,1056710.72,6285424.272247,0
1546473600000,6.0445,6.062,5.7739,5.7979,1524726.37,1546559999999,8984033.715786,22785,704699.19,4153050.866723,0
1546560000000,5.7947,5.99,5.7402,5.9692,1657441.74,1546646399999,9772290.645118,26252,885009.64,5222035.710365,0
1546646400000,5.9688,6.1043,5.9188,5.9625,1636284.99,1546732799999,9826475.877965,26399,885981.63,5321087.106226,0
1546732800000,5.9626,6.3888,5.925,6.2688,2511301.27,1546819199999,15355552.564777,33867,1427284.57,8724142.0229,0
1546819200000,6.2681,6.3094,6.0061,6.2009,1683858.68,1546905599999,10428760.417152,24993,831813.44,5153744.820334,0
1546905600000,6.1979,6.7984,6.1381,6.5128,3946905.61,1546991999999,25730037.887084,46110,2102051.73,13701348.479787,0
1546992000000,6.5197,6.854,6.3386,6.5511,4167653.69,1547078399999,27575766.440919,45910,2089420.05,13826901.314209,0
1547078400000,6.5511,6.5764,5.65,5.8449,3348790.03,1547164799999,20367712.107099,45834,1623596.8,9874220.603505,0
1547164800000,5.844,6.1198,5.6853,5.9595,2559930.81,1547251199999,15157433.652937,32732,1311193.93,7759342.445121,0
1547251200000,5.9552,5.9657,5.8,5.8594,1743319.31,1547337599999,10235285.058373,21978,939495.31,5516152.034127,0
1547337600000,5.8629,5.8884,5.3733,5.4688,1420692.05,1547423999999,8108312.422364,18672,694771.82,3969742.81798,0
1547424000000,5.4688,6.062,5.4586,6.0583,2330172.48,1547510399999,13521000.249423,23190,1307422.11,7604285.957596,0
1547510400000,6.0565,6.0649,5.6601,5.8111,1366715.25,1547596799999,8031293.154063,19343,716398.66,4210654.640041,0
1547596800000,5.8007,6.1817,5.7741,6.0911,2164639.9,1547683199999,12960434.729842,21239,1313961.21,7866063.720043,0
1547683200000,6.0941,6.33,5.9604,6.3266,2312287.74,1547769599999,14193314.652338,23754,1323742.54,8127500.905894,0
1547769600000,6.3152,6.5879,6.2132,6.4867,2495447.22,1547855999999,15985247.059954,27081,1401064.9,8975866.089466,0
1547856000000,6.4887,6.64,6.2435,6.5199,2269437.98,1547942399999,14687340.306653,21884,1284679.01,8317407.844193,0
1547942400000,6.5221,6.6295,6.2401,6.4008,1778376.93,1548028799999,11481466.262429,21670,967890.19,6254229.039168,0
1548028800000,6.4069,6.515,6.2788,6.4724,1851048.49,1548115199999,11908754.858074,14852,1147651.36,7385500.431275,0
1548115200000,6.4681,6.5088,6.25,6.4736,1854629.75,1548201599999,11938849.639233,17562,1060204.64,6831977.784855,0
1548201600000,6.478,6.53,6.3499,6.4969,1928704.72,1548287999999,12474449.059306,13645,1166745.15,7548392.95572,0
1548288000000,6.4963,6.4963,6.3915,6.4588,1514319.91,1548374399999,9750589.965848,11955,876166.46,5642277.199062,0
1548374400000,6.4555,6.7502,6.4408,6.6899,2583153.38,1548460799999,17021668.779197,17668,1532990.81,10100119.744634,0
1548460800000,6.689,6.9786,6.6196,6.9463,2734629.11,1548547199999,18598393.817596,23293,1622823.22,11032751.109412,0
1548547200000,6.9453,7.2157,6.7919,7.0396,2776887.68,1548633599999,19399583.767419,36398,1507800.27,10533184.719705,0
1548633600000,7.0399,7.1398,5.94,6.1648,4950985.69,1548719999999,32288204.501957,72468,2364027.53,15446754.947569,0
1548720000000,6.1642,6.2599,5.968,6.1661,2967157.36,1548806399999,18169111.04114,30608,1580018.56,9686329.637523,0
1548806400000,6.1335,6.1999,6.001,6.1388,2238811.59,1548892799999,13687184.380913,20361,1199806.93,7338477.838849,0
1548892800000,6.1384,6.2663,5.9468,6.22,2264988.86,1548979199999,13878555.849304,33940,1233250.18,7568505.999491,0
1548979200000,6.225,6.65,6.1172,6.5229,2942865.68,1549065599999,19039053.024294,31414,1674090.69,10824380.796056,0
1549065600000,6.5185,6.9,6.4823,6.8655,3251363.16,1549151999999,21783128.783937,22607,1868475.15,12513313.715109,0
1549152000000,6.8688,6.9,6.6148,6.7887,3095048.16,1549238399999,21095885.790271,28273,1810556.63,12351667.264426,0
1549238400000,6.7888,7.185,6.68,7.1069,3306867.31,1549324799999,23064420.680175,42104,1784599.38,12443143.077512,0
1549324800000,7.1028,7.9715,6.9501,7.8665,4154631.43,1549411199999,30555459.709009,61915,2154178.3,15865281.093137,0
1549411200000,7.8569,8.48,7.32,8.1303,5817391.76,1549497599999,46487023.094392,101183,2952448.69,23644658.593126,0
1549497600000,8.1347,8.4666,7.6733,7.81,4354792.8,1549583999999,35149002.628069,57100,2394316.0,19318167.200834,0
1549584000000,7.807,8.8387,7.61,8.5972,4960284.84,1549670399999,40860967.438254,78346,2675002.3,22045105.083765,0
1549670400000,8.5972,8.921,8.4052,8.9051,5440051.11,1549756799999,47410868.663698,47172,3307410.49,28831661.097138,0
1549756800000,8.9001,9.2999,8.8264,9.1697,5750442.06,1549843199999,52514889.989487,78577,3237494.26,29573705.326551,0
1549843200000,9.1695,9.778,9.01,9.5288,6041136.07,1549929599999,57201203.615301,90762,3251641.66,30802499.168464,0
1549929600000,9.525,9.9,8.921,9.2765,4945231.46,1550015999999,46161674.265266,91711,2506966.45,23421492.275814,0
1550016000000,9.2763,9.2763,8.71,8.9103,4005598.1,1550102399999,36165479.576568,58061,2260136.44,20399439.392187,0
1550102400000,8.9165,9.05,8.4051,8.7655,2803390.01,1550188799999,24547147.485664,62311,1419475.8,12451456.673845,0
1550188800000,8.7636,9.4997,8.7293,9.2911,3326003.04,1550275199999,30588883.272504,78010,1622107.38,14919212.076835,0
1550275200000,9.2854,9.3399,9.048,9.1087,2499086.4,1550361599999,22869550.901954,40148,1270244.29,11626670.514438,0
1550361600000,9.0972,9.22,8.8903,9.22,2460188.81,1550447999999,22259140.520036,44261,1311578.45,11876573.047771,0
1550448000000,9.2167,9.6999,9.1777,9.6127,2809984.65,1550534399999,26459587.703255,61851,1556475.02,14668878.370063,0
1550534400000,9.6127,11.1307,9.481,10.4728,4894965.38,1550620799999,49969717.014679,103781,2562152.4,26134302.353366,0
1550620800000,10.4687,11.2951,10.3928,10.9211,4346711.07,1550707199999,47273284.241928,105033,2111802.95,22967456.882163,0
1550707200000,10.9199,10.936,10.13,10.4661,3077022.99,1550793599999,31977282.892985,71652,1445469.94,15016238.558934,0
1550793600000,10.4695,10.9611,10.3799,10.7576,3038507.76,1550879999999,32510212.911946,57951,1645863.77,17610284.340597,0
1550880000000,10.7572,10.85,10.4,10.7265,2877713.15,1550966399999,30567202.596206,57167,1532850.44,16284689.617874,0
1550966400000,10.7267,11.09,9.3901,9.9476,4800152.25,1551052799999,49351275.843466,112617,2354734.91,24251241.136368,0
1551052800000,9.9442,10.2361,9.2685,9.6967,5348579.57,1551139199999,52442588.585831,120372,2683803.09,26355998.899879,0
1551139200000,9.6967,9.7557,9.3551,9.4168,3118340.95,1551225599999,29619413.056984,48740,1723784.68,16368851.406428,0
1551225600000,9.4238,9.9998,9.35,9.8467,3524897.35,1551311999999,34336397.563894,54741,1841087.28,17938099.507923,0
1551312000000,9.8502,10.4914,9.7899,10.2779,3693794.54,1551398399999,37396909.411865,68704,2044908.01,20689957.633161,0
1551398400000,10.2777,11.551,10.2067,11.3111,4025695.97,1551484799999,44152799.747361,85309,2073626.41,22752853.853561,0
1551484800000,11.3353,11.8,10.8,11.7566,3893847.16,1551571199999,43818057.90284,86591,2203620.73,24797067.342314,0
1551571200000,11.7564,11.8701,11.1902,11.4511,2853200.15,1551657599999,32727760.247279,53891,1460714.62,16761841.971523,0
1551657600000,11.4511,11.508,10.85,11.4006,2739049.08,1551743999999,30560700.450351,62556,1344114.98,15005710.975298,0
1551744000000,11.405,13.75,11.395,13.6229,8340655.32,1551830399999,107482964.630679,185060,4368566.18,56284295.100979,0
1551830400000,13.623,14.663,12.9,14.5294,6158611.97,1551916799999,84008255.221381,115249,3308708.04,45166134.418026,0
1551916800000,14.529,15.56,14.327,15.1,6757497.33,1552003199999,101414485.34027,182331,3419524.49,51318199.467101,0
1552003200000,15.0999,15.2194,13.5578,14.2931,6343194.03,1552089599999,90848655.629742,233813,3094197.21,44329075.956075,0
1552089600000,14.2848,14.92,13.9609,14.4651,3996324.55,1552175999999,58062140.975948,93647,2113976.57,30725198.980678,0
1552176000000,14.4651,14.5075,13.86,14.3711,3531708.7,1552262399999,50093088.214938,61055,1956875.08,27763269.882853,0
1552262400000,14.3741,14.9,14.011,14.4143,3757653.77,1552348799999,54303593.05517,85351,2015352.12,29133447.549324,0
1552348800000,14.4133,15.4288,14.1809,15.3333,4049068.39,1552435199999,60747159.402645,75829,2234792.16,33529003.940529,0
1552435200000,15.3459,15.38,14.9333,15.0244,3282883.18,1552521599999,49667294.365356,52053,1723702.93,26077283.465306,0
1552521600000,15.0311,15.097,14.563,14.8901,3079956.93,1552607999999,45702098.682484,60261,1677898.61,24911705.805122,0
1552608000000,14.8993,15.199,14.84,14.9432,2986987.69,1552694399999,44970630.556925,41595,1658288.93,24968286.618534,0
1552694400000,14.9429,16.0,14.88,15.9589,3293876.13,1552780799999,51027787.313053,73703,1826265.88,28305804.244113,0
1552780800000,15.9589,15.9589,15.44,15.5693,3106901.48,1552867199999,48737968.350018,53268,1698248.92,26645684.340973,0
1552867200000,15.5836,15.7888,15.204,15.5388,2472584.89,1552953599999,38403832.139068,49580,1270748.04,19749168.793877,0
1552953600000,15.5361,15.8,15.0,15.4953,4271050.4,1553039999999,65955552.676115,101128,2094629.1,32430026.080766,0
1553040000000,15.5098,15.5098,15.022,15.1288,2369648.38,1553126399999,35958975.368582,50319,1206216.35,18305119.76637,0
1553126400000,15.1288,15.2987,13.8607,14.3511,3015066.53,1553212799999,44410580.384387,75241,1416850.23,20893520.094492,0
1553212800000,14.3567,15.226,14.231,15.1502,2695850.87,1553299199999,40069206.590268,55904,1561564.19,23215897.897022,0
1553299200000,15.1524,15.44,14.9469,15.1397,2632489.7,1553385599999,39846679.02577,39861,1467268.58,22215029.639562,0
1553385600000,15.1397,17.5,14.66,17.1096,5285367.1,1553471999999,86478446.288151,143670,2902679.92,47429544.891337,0
1553472000000,17.1112,17.338,16.1,16.7631,2775613.86,1553558399999,46472992.15214,95741,1315580.95,22063119.144375,0
1553558400000,16.7761,16.8,15.5301,16.1998,2725145.68,1553644799999,44086712.960827,74913,1369906.83,22190613.278507,0
1553644800000,16.1928,16.8297,15.8697,16.6,3240914.25,1553731199999,53588345.695308,65209,1850566.35,30620703.001351,0
1553731200000,16.6,16.7188,16.401,16.6665,2988300.97,1553817599999,49575583.531128,31973,1759402.02,29192079.179735,0
1553817600000,16.6538,16.8067,16.377,16.4753,2737173.2,1553903999999,45408014.592112,36453,1575029.2,26125543.434067,0
1553904000000,16.4949,16.985,15.9612,16.9666,2790050.93,1553990399999,46116769.387966,47948,1601249.57,26487805.624738,0
1553990400000,16.9666,17.7386,16.7314,17.5376,3182964.85,1554076799999,55170337.210131,55560,1789179.5,30995858.024429,0
1554076800000,17.5201,18.2576,17.3319,17.8888,2966204.71,1554163199999,52669428.49396,56274,1663468.64,29534408.021062,0
1554163200000,17.8888,19.88,17.5303,19.7155,3356886.89,1554249599999,62702520.871521,119492,1816990.8,33919177.004375,0
1554249600000,19.7155,20.0,18.0,18.5489,3532965.97,1554335999999,67883042.73247,144212,1771101.19,34096624.386995,0
1554336000000,18.5388,19.41,18.16,18.992,2939082.42,1554422399999,55680460.143077,104423,1567864.48,29706102.022085,0
1554422400000,18.971,19.4593,18.8445,19.3657,2703355.91,1554508799999,51825140.403764,47053,1540048.05,29532852.840251,0
1554508800000,19.3658,19.3866,18.82,19.0745,2519027.63,1554595199999,48185036.221402,48175,1338648.86,25619787.911532,0
1554595200000,19.0423,19.2137,18.8,18.9523,2329702.34,1554681599999,44296486.486205,40091,1260372.84,23976645.044122,0
1554681600000,18.9507,19.042,17.7881,17.9777,2142481.92,1554767999999,39222061.198727,64219,1007072.34,18413608.807718,0
1554768000000,17.9728,18.54,17.01,18.2984,2776440.48,1554854399999,49902259.792581,63458,1587844.35,28606596.274594,0
1554854400000,18.2984,18.6095,17.8927,18.24,2553039.12,1554940799999,46664596.972989,43598,1362194.36,24904110.752782,0
1554940800000,18.24,18.24,16.2501,17.5555,1815271.05,1555027199999,31411384.587709,67046,876566.14,15186055.351017,0
1555027200000,17.5555,18.552,16.612,18.3333,2325593.36,1555113599999,41384885.795214,58884,1330637.64,23713012.128849,0
1555113600000,18.2867,18.6398,17.9143,18.6111,2205194.61,1555199999999,40484642.365226,37389,1260236.59,23146972.125051,0
1555200000000,18.6111,19.9,18.4259,19.3866,2438051.21,1555286399999,46779479.130832,63340,1345671.43,25835643.127018,0
1555286400000,19.3734,19.78,18.6601,19.2666,2218308.03,1555372799999,42952596.269131,59096,1206125.51,23384315.145945,0
1555372800000,19.2668,19.7482,18.7064,19.6408,2237334.6,1555459199999,43185852.935218,54133,1301312.87,25142615.064541,0
1555459200000,19.6399,19.7908,19.26,19.4888,2005582.6,1555545599999,39131247.103883,30018,1254563.17,24476558.915643,0
1555545600000,19.4757,21.998,19.4333,21.8888,3686092.57,1555631999999,76859035.465239,96628,2047805.67,42642147.965966,0
1555632000000,21.8888,24.7459,21.12,24.3188,4247944.38,1555718399999,97541476.101794,136427,2338155.01,53584717.952811,0
1555718400000,24.3188,25.4973,23.76,24.8888,3545157.49,1555804799999,87320188.459109,123855,1917141.51,47267369.794346,0
1555804800000,24.8693,24.8693,22.45,23.9999,3307426.84,1555891199999,77726576.261717,116416,1621262.39,38147921.942859,0
1555891200000,23.9999,24.6368,23.02,23.8,3005735.93,1555977599999,72180137.003328,93696,1571773.73,37753910.247458,0
1555977600000,23.7812,24.6131,22.47,22.546,2877995.49,1556063999999,67622172.827015,90176,1525116.91,35841049.581644,0
1556064000000,22.5207,23.1209,20.88,22.9703,2961681.74,1556150399999,65293459.483933,128370,1453276.34,32100167.028948,0
1556150400000,22.9877,23.4698,21.55,22.4863,3114460.9,1556236799999,70932653.981115,106459,1644201.04,37526981.738795,0
1556236800000,22.4869,23.786,21.6503,23.0555,3273950.47,1556323199999,75393015.340524,115581,1783322.8,41088189.039485,0
1556323200000,23.0555,23.1209,22.3876,22.4324,2989261.07,1556409599999,67575656.858512,41137,1672554.85,37804219.004368,0
1556409600000,22.4326,23.2092,22.42,23.0226,3015774.29,1556495999999,69067258.092041,51414,1784461.44,40869277.563489,0
1556496000000,23.0166,23.0828,21.2797,21.6788,2388965.07,1556582399999,52801462.600293,74331,1165275.16,25740093.742629,0
1556582400000,21.6847,22.3,21.3292,22.0391,2197565.53,1556668799999,47987092.830938,58188,1265897.69,27651110.052102,0
1556668800000,22.03,22.099,21.47,21.8788,2064791.54,1556755199999,45032827.826184,40384,1108846.34,24187261.789865,0
1556755200000,21.881,24.127,21.7497,23.6166,2446015.2,1556841599999,56078160.970131,89543,1367164.83,31319409.680703,0
1556841600000,23.6168,23.972,23.0101,23.6999,2230465.58,1556927999999,52406113.705314,78594,1121447.68,26362511.215152,0
1556928000000,23.6999,23.7968,22.3,22.8888,1898934.62,1557014399999,43768914.432769,74088,990688.42,22832936.88491,0
1557014400000,22.8887,23.1772,22.6408,22.9777,1787108.39,1557100799999,40919944.41562,40857,1035804.26,23721165.516071,0
1557100800000,22.9777,22.9973,21.45,22.1895,1764747.54,1557187199999,39058125.114883,71607,925050.15,20459964.790417,0
1557187200000,22.2018,22.45,20.205,20.6602,1813897.12,1557273599999,39553390.823722,75507,835253.82,18255677.629006,0
1557273600000,20.6602,21.4135,19.51,20.6673,2742356.42,1557359999999,56630740.961407,115916,1290885.08,26689602.087936,0
1557360000000,20.6671,20.967,18.5402,18.8388,2334477.6,1557446399999,46078618.722513,98578,1067250.37,21072130.542518,0
1557446400000,18.8377,19.9888,18.3,19.6166,2429624.32,1557532799999,46735449.139546,120945,1253875.5,24146865.888274,0
1557532800000,19.6294,22.0,18.88,20.8059,3746402.53,1557619199999,76700019.096599,158946,1958364.59,40091101.987563,0
1557619200000,20.7871,21.5,20.1,20.8934,3228794.38,1557705599999,67290647.825955,143537,1697949.69,35389530.844826,0
1557705600000,20.9026,24.0,20.7349,23.521,4566012.58,1557791999999,103765929.624047,178978,2520633.91,57248471.857188,0
1557792000000,23.521,24.5,22.5748,23.6553,3821993.16,1557878399999,90350011.235486,140881,2053850.89,48584073.330322,0
1557878400000,23.6553,27.6556,23.46,26.8116,3433770.34,1557964799999,89988096.508272,146620,1899423.08,49668253.495459,0
1557964800000,26.8348,27.79,25.0,26.2888,4200071.24,1558051199999,111245092.085173,199725,2035248.43,54062853.092765,0
1558051200000,26.2888,26.6783,23.1424,25.7795,3429086.56,1558137599999,85241258.720158,188278,1695835.9,42191467.168414,0
1558137600000,25.7986,29.0989,25.1124,28.8171,4319102.35,1558223999999,117061502.700204,167902,2451642.67,66530567.918281,0
1558224000000,28.8165,29.8368,27.543,29.1122,4437585.54,1558310399999,128407708.555722,192900,2380321.83,68931485.514767,0
1558310400000,29.1122,29.3399,27.5306,29.2666,3980328.45,1558396799999,113614310.06848,173508,2207334.81,63028872.313023,0
1558396800000,29.2666,32.8,28.05,32.3907,4704491.98,1558483199999,142363584.104499,244242,2401919.44,72776603.600088,0
1558483200000,32.3911,32.4374,30.61,30.8067,3807962.58,1558569599999,120261451.277312,160287,2071186.76,65437464.567412,0
1558569600000,30.8333,32.25,29.6699,31.3934,3793076.85,1558655999999,118471724.038178,141999,2070389.32,64767009.769326,0
1558656000000,31.3986,34.7067,31.12,33.9435,4534224.56,1558742399999,151952803.938095,173706,2566503.02,86066344.506359,0
1558742400000,34.0,35.4888,33.6231,35.0168,4181724.12,1558828799999,145566744.317926,114503,2416152.26,84173972.528521,0
1558828800000,35.1102,35.111,32.32,33.0919,3846254.14,1558915199999,128916811.252235,173252,1893808.76,63456144.177402,0
1558915200000,33.0508,35.1001,32.5,33.511,3935155.37,1559001599999,133654922.107582,163207,2153914.69,73265021.57941,0
1559001600000,33.511,34.5,32.5,33.1068,3592623.04,1559087999999,119670239.566606,128785,1999021.51,66608752.909375,0
1559088000000,33.1086,33.88,30.85,33.6066,3634528.09,1559174399999,120001783.751027,136386,2005743.52,66378000.086268,0
1559174400000,33.5977,34.96,30.25,31.6666,3803964.59,1559260799999,126876540.417591,179640,1983989.91,66433450.970897,0
1559260800000,31.6666,32.9724,30.61,32.8862,3635551.08,1559347199999,115554980.720829,105979,2176627.71,69175693.131218,0
1559347200000,32.916,34.353,32.5024,33.3521,3650894.16,1559433599999,121097580.112398,160313,2119814.16,70323990.57154,0
1559433600000,33.3521,33.7647,32.68,33.1527,3125339.52,1559519999999,103747453.965599,76958,1967270.19,65314377.04799,0
1559520000000,33.1343,33.1753,30.51,30.7564,2851908.73,1559606399999,91110572.214634,126068,1544925.78,49384064.66277,0
1559606400000,30.7358,31.4673,28.7168,29.2596,2877003.62,1559692799999,86633070.762771,158236,1369351.73,41293096.588454,0
1559692800000,29.2452,31.1843,28.944,30.8886,3345894.9,1559779199999,100254437.446963,122596,1936354.59,58033938.67988,0
1559779200000,30.829,31.9906,29.63,31.0888,2990485.46,1559865599999,93171819.547252,124196,1638928.22,51108690.659378,0
1559865600000,31.0888,31.9911,30.9001,31.3098,2757731.91,1559951999999,86846573.483075,88192,1613180.33,50809362.466757,0
1559952000000,31.3478,32.2926,31.1071,31.7333,3230284.59,1560038399999,102578237.631836,73847,2040875.06,64840737.609971,0
1560038400000,31.7042,31.85,29.7611,30.095,2532504.3,1560124799999,78394265.188248,82986,1427328.22,44259134.639163,0
1560124800000,30.1174,32.0438,29.7286,32.0271,3550536.78,1560211199999,110951522.18198,85785,2207175.73,69034333.974192,0
1560211200000,32.0261,32.0821,30.9312,31.8889,2717716.57,1560297599999,85664531.890585,73635,1653026.96,52118717.344272,0
1560297600000,31.8889,34.98,31.8008,34.8888,3946303.19,1560383999999,132964576.477528,147628,2293420.54,77375643.906113,0
1560384000000,34.8888,36.3689,34.12,35.251,3534896.06,1560470399999,124473100.803833,144173,1990484.43,70089622.49582,0
1560470400000,35.2577,35.3,29.8146,32.3803,4820144.32,1560556799999,155335662.973994,231422,2350041.71,75659191.157273,0
1560556800000,32.3887,33.942,31.6865,32.6743,3391510.23,1560643199999,111236912.672053,132147,1917459.7,62874787.492286,0
1560643200000,32.6885,33.2943,31.7316,32.1888,2831357.27,1560729599999,92267118.531988,101549,1608593.44,52421595.116436,0
1560729600000,32.1956,34.45,32.1862,33.8286,3325355.03,1560815999999,111126704.950995,125554,1889703.11,63113729.601134,0
1560816000000,33.8542,35.0749,33.7386,34.4333,3404180.0,1560902399999,117185468.552221,105380,2059850.5,70910241.254919,0
1560902400000,34.4261,35.6,34.3939,35.1888,3662780.35,1560988799999,128944461.188922,77732,2277296.16,80189776.489316,0
1560988800000,35.1764,36.9146,34.3979,36.8381,4152117.65,1561075199999,148921693.382015,130641,2445073.64,87842060.4079,0
1561075200000,36.81,38.85,36.3364,38.6766,3534250.01,1561161599999,132474202.280369,130820,2081624.54,78093423.335845,0
1561161600000,38.6981,39.5941,37.1,38.0001,3314950.67,1561247999999,127886269.877689,153791,1784047.71,68867778.611659,0
1561248000000,38.0001,38.532,37.26,37.2836,2790608.54,1561334399999,105568888.139564,92326,1512721.08,57252103.477674,0
1561334400000,37.2665,37.821,36.0001,37.43,2631717.19,1561420799999,97880605.032437,70705,1566810.7,58314640.187218,0
1561420800000,37.43,37.551,35.71,36.0941,2000917.7,1561507199999,73475213.884473,92444,1008746.75,37082722.370386,0
1561507200000,36.0941,38.0,34.5,36.1189,2857418.8,1561593599999,104421493.25295,180328,1416649.14,51891088.357062,0
1561593600000,36.1185,36.35,33.1584,34.3999,2607428.95,1561679999999,90261314.116032,175982,1266239.89,43921698.53474,0
1561680000000,34.342,35.2809,33.82,34.6289,2104975.25,1561766399999,72480649.347767,97308,1234089.81,42498867.856359,0
1561766400000,34.5951,35.8,33.2447,35.5,2591596.98,1561852799999,89965850.178675,98014,1623266.35,56465395.85071,0
1561852800000,35.5111,35.5111,32.02,32.114,2022992.01,1561939199999,68980176.056065,101925,1037886.93,35451499.156207,0
1561939200000,32.1141,34.05,31.3682,33.2777,1835906.62,1562025599999,59978059.714603,110760,935633.45,30600579.84283,0
1562025600000,33.2722,34.0,30.56,31.9777,2017364.12,1562111999999,64614411.404146,131587,963897.64,30900739.22891,0
1562112000000,31.953,33.05,31.623,32.522,1929917.65,1562198399999,62401163.88605,99825,1086726.63,35133352.297785,0
1562198400000,32.5219,34.3839,32.1503,33.0888,2194259.8,1562284799999,73059705.981886,111687,1218608.35,40606576.051781,0
1562284800000,33.0399,33.6497,32.4,32.5566,1501826.74,1562371199999,49493357.62846,71518,878144.73,28978967.284515,0
1562371200000,32.5507,33.1815,32.5,32.5888,1122287.44,1562457599999,36787236.233517,49332,669246.3,21943760.857721,0
1562457600000,32.5471,33.3997,32.4,32.9344,1219900.05,1562543999999,40138364.74588,47511,778650.81,25623775.744745,0
1562544000000,32.9326,34.2918,32.75,33.3888,1493676.78,1562630399999,50120168.026188,69688,848532.06,28477818.997495,0
1562630400000,33.3888,33.9,32.2195,32.4811,1226644.52,1562716799999,40580964.493523,73730,607991.04,20144275.394893,0
1562716800000,32.4814,32.89,30.51,31.222,1583726.64,1562803199999,50336933.774289,98418,765747.15,24386982.282509,0
1562803200000,31.222,31.89,28.2666,29.4181,1746010.06,1562889599999,51888253.772537,105921,832526.99,24789627.666635,0
1562889600000,29.4213,32.6219,29.0,31.8888,2944729.48,1562975999999,92727533.518807,152004,1527465.22,48149576.223692,0
1562976000000,31.8727,32.4894,30.2075,31.4888,1744138.78,1563062399999,54900941.107261,94780,914383.48,28797244.534536,0
1563062400000,31.4701,31.5259,28.3111,28.5447,2117967.02,1563148799999,63226752.496464,121567,967020.61,28882100.364858,0
1563148800000,28.5447,28.7498,26.319,28.647,2958931.55,1563235199999,82002809.577465,151935,1442300.01,40000968.081753,0
1563235200000,28.647,29.58,24.8626,25.0601,3723845.18,1563321599999,101064665.887974,184787,1753337.88,47647872.81538,0
1563321600000,25.0552,28.2898,24.1709,27.6287,5620644.87,1563407999999,147720494.152811,226901,2726715.52,71685268.98245,0
1563408000000,27.6259,29.5,26.8,28.9555,6272574.38,1563494399999,177911960.91754,239397,3133411.85,88890451.068334,0
1563494400000,28.9505,29.96,28.3158,29.0096,3934648.14,1563580799999,114112685.63285,135486,1956758.28,56749376.903547,0
1563580800000,29.0015,31.46,28.9,31.0932,2871032.06,1563667199999,88042949.924159,92243,1483788.43,45579401.964068,0
1563667200000,31.1222,31.5281,29.2801,30.4388,2167635.68,1563753599999,65868802.471167,73214,1348953.15,40981264.043733,0
1563753600000,30.4389,32.6,29.6203,30.885,3469751.44,1563839999999,107658019.226164,135438,1799414.54,55855480.785992,0
1563840000000,30.9226,30.94,28.9471,29.4929,2639256.42,1563926399999,78469834.352827,89007,1132218.45,33685216.305963,0
1563926400000,29.4381,29.5057,27.7426,28.8261,2337675.12,1564012799999,66828198.0025,114846,958495.75,27353602.898045,0
1564012800000,28.8275,29.6596,28.4444,28.9227,2187610.96,1564099199999,63955662.875226,105692,1028379.24,30114674.743434,0
1564099200000,28.9227,29.05,28.1641,28.9,1929538.17,1564185599999,55347406.158949,115243,1288137.68,36971044.902232,0
1564185600000,28.9,29.4502,27.2061,27.7498,1490587.94,1564271999999,42173965.385162,73125,861784.01,24423383.016565,0
1564272000000,27.7384,27.8459,26.42,27.7555,1330561.28,1564358399999,36632413.946094,63037,790070.4,21773729.568505,0
1564358400000,27.7556,28.0419,26.8202,26.9525,1145223.44,1564444799999,31235892.639757,57496,532929.4,14540257.944698,0
1564444800000,26.9539,27.1198,26.202,26.9867,1143523.29,1564531199999,30567351.594229,48504,617891.84,16513358.404857,0
1564531200000,26.9879,27.83,26.78,27.75,1934429.49,1564617599999,53152605.016515,74357,1113284.47,30562648.962132,0
1564617600000,27.7348,28.7664,27.45,28.7088,2252484.64,1564703999999,63463934.668592,100225,1058567.06,29803413.047238,0
1564704000000,28.71,28.7186,27.5643,28.14,1503260.49,1564790399999,42227852.885649,71004,625039.91,17588195.679373,0
1564790400000,28.14,28.3409,27.5,27.7333,1209344.97,1564876799999,33690382.733378,57835,626158.55,17478663.66139,0
1564876800000,27.7333,27.7719,27.0852,27.3834,968862.84,1564963199999,26551453.131199,51694,541926.06,14852814.792952,0
1564963200000,27.3834,28.3,27.3011,28.0114,1170561.81,1565049599999,32628425.260744,66738,598858.65,16691828.510759,0
1565049600000,28.0127,28.3125,27.3333,27.6523,1420475.2,1565135999999,39508990.263112,70983,677110.18,18843605.840282,0
1565136000000,27.6539,29.98,27.333,29.6694,2406222.92,1565222399999,68765790.237669,114515,1213202.98,34691053.029585,0
1565222400000,29.669,31.8791,29.1914,31.1074,3071362.08,1565308799999,94639778.874098,130790,1511558.33,46623327.99892,0
1565308800000,31.1426,31.5,29.6666,29.8188,1469206.79,1565395199999,45078019.27592,78820,779009.96,23973263.170191,0
1565395200000,29.7969,30.02,29.0333,29.6661,1310985.06,1565481599999,38717630.393221,65462,562272.25,16600218.820665,0
1565481600000,29.6666,30.4458,29.3,30.2439,1563332.29,1565567999999,46825511.824394,56524,787239.95,23538925.390202,0
1565568000000,30.2418,30.5936,29.823,30.1856,1525430.31,1565654399999,46079844.296357,51008,632306.3,19116458.601059,0
1565654400000,30.1856,30.4496,29.2,29.4512,1164703.53,1565740799999,34760986.587742,45191,634592.97,18978528.412575,0
1565740800000,29.4512,29.4693,26.75,27.0256,1193540.54,1565827199999,33752933.178612,70231,530742.35,15026201.781765,0
1565827200000,27.0065,28.2174,26.7,28.1058,1244704.8,1565913599999,34386746.373249,49161,714209.92,19725489.586375,0
1565913600000,28.1052,28.1313,26.788,27.5111,965369.63,1565999999999,26500903.438649,57075,538971.07,14815613.910908,0
1566000000000,27.4908,27.9605,26.9863,27.5038,963986.7,1566086399999,26558675.5917,43461,454313.05,12501374.172169,0
1566086400000,27.5037,28.1797,27.0511,27.8977,1210998.25,1566172799999,33539025.536486,42104,753883.72,20929416.551677,0
1566172800000,27.9033,29.1779,27.6884,28.7931,1802660.04,1566259199999,51656890.096015,53418,552390.44,15810469.881943,0
1566259200000,28.7974,28.8079,27.52,28.0286,1232000.47,1566345599999,34687351.836226,47945,362344.48,10233669.331004,0
1566345600000,28.0375,28.051,26.3,26.925,1007261.99,1566431999999,27313407.97666,49321,383292.03,10435256.823174,0
1566432000000,26.9328,27.3301,26.211,26.9731,1087596.45,1566518399999,29220877.384032,52416,593304.13,15939650.208058,0
1566518400000,26.9788,27.2864,26.5,26.94,1084259.29,1566604799999,29324244.243574,37929,539493.0,14591093.836387,0
1566604800000,26.9399,26.9586,26.01,26.2814,917921.54,1566691199999,24273248.703565,45397,437792.83,11584144.727519,0
1566691200000,26.2982,26.4,25.57,26.0888,934538.7,1566777599999,24359396.937403,51056,524855.88,13694969.272686,0
1566777600000,26.0886,27.1908,25.6502,26.1257,1816730.9,1566863999999,48016163.513068,84313,944506.55,24981246.342309,0
1566864000000,26.1341,26.1507,24.6224,25.6051,1196769.36,1566950399999,30349809.83959,55878,673786.48,17101526.569405,0
1566950400000,25.6056,26.129,23.203,23.3565,1445782.29,1567036799999,36075539.477588,67356,681973.93,17040196.101484,0
1567036800000,23.3559,23.3559,21.2202,21.7777,1617357.37,1567123199999,35791217.562903,75199,794665.56,17585401.629771,0
1567123200000,21.7894,22.5678,21.5,22.1448,1599602.49,1567209599999,35445343.439309,47091,773986.7,17107354.729729,0
1567209600000,22.1449,22.37,20.8857,21.0604,1372689.99,1567295999999,29884844.2307,43549,817643.47,17836380.809229,0
1567296000000,21.0602,21.6828,20.98,21.4248,1434203.84,1567382399999,30594684.587737,36523,641438.86,13703207.619826,0
1567382400000,21.4195,22.8303,21.01,22.7449,1744034.29,1567468799999,38336404.471924,70492,969468.67,21295260.248005,0
1567468800000,22.7449,22.89,22.1615,22.3511,1355982.53,1567555199999,30580553.825677,55487,834697.98,18824400.086865,0
1567555200000,22.3521,22.5998,21.4699,21.6764,1086933.26,1567641599999,23824077.234691,61256,593070.34,13015816.061777,0
1567641600000,21.6821,23.5213,21.3,22.6388,2252665.09,1567727999999,50719410.369646,94472,1199501.72,27004109.876429,0
1567728000000,22.6442,23.445,21.6997,21.9906,2011805.46,1567814399999,45355178.520163,85356,1018303.84,22985974.29157,0
1567814400000,21.9932,22.65,21.91,22.3996,1683916.96,1567900799999,37565112.057803,45305,715965.8,15997230.008294,0
1567900800000,22.3961,22.7321,22.0,22.4111,1308063.92,1567987199999,29406308.223162,45870,647802.07,14561891.20364,0
1567987200000,22.3747,22.4901,21.74,22.0978,1013284.39,1568073599999,22456914.766773,46311,542446.35,12026525.138094,0
1568073600000,22.104,22.3262,21.5,21.7679,831852.96,1568159999999,18338404.279821,39552,432822.7,9548309.00417,0
1568160000000,21.7704,22.0724,20.5413,20.7334,1069320.6,1568246399999,22673967.121227,52260,526844.08,11180273.259135,0
1568246400000,20.7315,20.9572,19.65,20.82,1700773.17,1568332799999,34805282.187497,69028,811282.32,16619942.71731,0
1568332800000,20.8236,21.2475,20.4088,20.788,1429273.21,1568419199999,29787769.89961,43858,601854.29,12544854.702559,0
1568419200000,20.7889,21.15,20.6714,20.9555,1306146.56,1568505599999,27263497.63634,25927,643459.41,13413657.445955,0
1568505600000,20.9438,21.0419,20.2619,20.2901,1149167.08,1568591999999,23790454.124341,27773,372809.4,7734984.860675,0
1568592000000,20.2901,20.8,19.8775,20.2422,1035427.91,1568678399999,21079184.735522,37961,506763.88,10320490.486376,0
1568678400000,20.246,21.439,20.03,21.0473,1845592.27,1568764799999,38220802.175078,75185,1014087.62,20984207.469592,0
1568764800000,21.0302,23.17,20.9442,22.2018,3303465.14,1568851199999,73079000.707166,111395,1699316.15,37607924.579075,0
1568851200000,22.2018,22.4383,20.0022,21.5376,1611944.94,1568937599999,34092268.787752,66872,849762.11,17959054.029499,0
1568937600000,21.5281,21.5764,20.9005,21.2695,1390566.5,1569023999999,29624978.351648,39628,778291.43,16592034.546386,0
1569024000000,21.2741,21.4494,20.8096,20.9666,1127512.7,1569110399999,23814050.328141,30541,592048.96,12503977.140007,0
1569110400000,20.9732,20.9912,20.0,20.3602,972362.63,1569196799999,19879295.326771,34402,504546.42,10311088.16151,0
1569196800000,20.364,20.364,19.1614,19.3228,1094670.56,1569283199999,21729010.529241,46637,546428.49,10858638.86223,0
1569283200000,19.3127,19.5,14.5,15.8249,2718637.43,1569369599999,47158109.125613,97355,1377493.84,23765601.430503,0
1569369600000,15.824,16.4882,14.8945,16.0321,1826023.89,1569455999999,28771070.640093,60994,984753.49,15572161.599035,0
1569456000000,16.0138,16.4,14.2555,15.2212,1807568.44,1569542399999,28122910.946176,64584,945651.86,14752386.668628,0
1569628800000,15.6666,15.8729,15.2911,15.7346,1098737.85,1569715199999,17173984.819289,30057,604391.72,9446448.637911,0
1569715200000,15.7335,15.7953,14.8018,15.1999,965380.71,1569801599999,14817026.088668,28747,532526.24,8177232.727734,0
1569801600000,15.187,15.8506,14.62,15.8349,1129249.13,1569887999999,17240225.008517,43481,605123.52,9246482.808926,0
1569888000000,15.8493,16.28,15.6295,15.8563,1180092.08,1569974399999,18823203.006348,45838,631684.44,10081177.758565,0
1569974400000,15.8689,15.8892,15.5,15.8742,950491.27,1570060799999,14910366.276573,27501,436478.67,6851836.04442,0
1570060800000,15.89,15.929,15.25,15.6377,904724.95,1570147199999,14166151.701621,25855,391351.15,6141303.704148,0
1570147200000,15.6489,15.82,15.21,15.6133,858010.95,1570233599999,13329653.430235,23590,445238.97,6899060.166823,0
1570233600000,15.6028,15.7794,15.3644,15.6869,815215.74,1570319999999,12687937.458294,17875,302271.02,4700181.854719,0
1570320000000,15.6866,15.7299,14.9,15.0688,821939.84,1570406399999,12572433.341048,27263,383492.58,5869559.308763,0
1570406400000,15.0655,16.128,14.8555,16.0255,1138453.45,1570492799999,17626939.01483,36786,622025.64,9633667.482274,0
1570492800000,16.0255,16.4007,15.7959,16.0213,992060.4,1570579199999,15878400.156401,36443,507327.36,8126878.689448,0
1570579200000,16.0206,17.9999,15.8829,17.7177,2825143.73,1570665599999,48121472.28832,86518,1541604.03,26192130.971509,0
1570665600000,17.7089,17.918,17.031,17.5288,1785750.54,1570751999999,31222477.852904,46363,998390.74,17452901.618777,0
1570752000000,17.5328,17.7,16.51,16.5666,1477611.99,1570838399999,25155159.962172,53670,727603.92,12385539.787898,0
1570838400000,16.5666,17.4868,16.5059,17.17,1405695.82,1570924799999,23919537.767618,37361,717556.53,12190438.31621,0
1570924800000,17.1666,18.7699,17.111,18.256,2233894.43,1571011199999,40107522.713276,73320,1151994.63,20670498.172805,0
1571011200000,18.256,18.6275,17.8511,18.4376,1643019.36,1571097599999,29971983.593159,57958,849934.23,15502750.140208,0
1571097600000,18.4389,19.17,18.1,18.5643,2919838.62,1571183999999,54508027.204485,83774,1498051.53,27942724.628803,0
1571184000000,18.56,18.647,17.3627,17.7401,1818495.34,1571270399999,32800121.32644,64703,910422.62,16453386.732673,0
1571270400000,17.7504,18.8346,17.562,18.5188,1889272.66,1571356799999,34608013.926358,57000,1027739.63,18819878.720748,0
1571356800000,18.5205,18.7501,17.6733,18.2188,1428262.33,1571443199999,26063392.066243,48577,782883.69,14297554.164121,0
1571443200000,18.2188,18.4444,17.8575,18.2229,1457873.52,1571529599999,26457030.497902,41296,922936.24,16750477.268615,0
1571529600000,18.2189,18.58,17.7152,18.4997,1696662.02,1571615999999,30829354.699727,57708,1063931.59,19354104.995543,0
1571616000000,18.4897,18.5171,17.91,18.2551,1497277.47,1571702399999,27205033.193401,46223,853226.45,15515597.639484,0
1571702400000,18.2534,18.8,18.0692,18.2286,1820100.14,1571788799999,33549261.462376,50593,982365.11,18098354.999314,0
1571788800000,18.2581,18.27,16.1213,16.6796,1846223.72,1571875199999,31886418.360725,69853,849374.89,14703813.285701,0
1571875200000,16.6798,17.0987,16.31,16.9194,1244966.99,1571961599999,20790631.766276,43436,628066.4,10483599.798476,0
1571961600000,16.9194,19.111,16.7516,18.6188,2887081.78,1572047999999,51895652.583927,104205,1602413.97,28799430.83792,0
1572048000000,18.6189,19.7653,18.0308,18.9501,3135045.71,1572134399999,59363715.298739,133991,1454242.2,27582252.326478,0
1572134400000,18.9311,19.63,18.4744,19.2888,2293853.06,1572220799999,43709277.132479,95648,1187978.61,22639616.669405,0
1572220800000,19.2938,21.15,19.26,19.939,2713065.62,1572307199999,54714676.610601,107000,1374819.06,27719156.908197,0
1572307200000,19.9379,21.2378,19.81,20.7452,2298554.91,1572393599999,47292341.669261,89574,1274011.79,26216247.973591,0
1572393600000,20.73,20.7975,19.1076,20.052,1822916.43,1572479999999,36219179.390485,75871,879839.91,17482657.653509,0
1572480000000,20.05,20.37,19.3529,19.9099,1679420.04,1572566399999,33479154.761222,70169,875614.85,17462711.020615,0
1572566400000,19.9087,20.0399,19.6424,19.9999,1305053.67,1572652799999,25932738.085044,51280,712183.49,14158618.287424,0
1572652800000,19.9999,20.3,19.96,20.1745,1605037.27,1572739199999,32355670.174507,39512,611563.29,12325026.026272,0
1572739200000,20.1847,20.39,19.8053,20.1874,1331174.6,1572825599999,26791642.742839,40458,628706.39,12671168.672413,0
1572825600000,20.1725,20.88,20.0285,20.6139,1642901.21,1572911999999,33663574.770949,68958,813958.61,16678894.551525,0
1572912000000,20.6139,20.89,20.32,20.6588,1435739.44,1572998399999,29645297.745967,51124,806920.58,16669878.715806,0
1572998400000,20.6621,20.9399,20.4408,20.7,1304183.99,1573084799999,26943504.690266,43655,779569.05,16114019.46119,0
1573084800000,20.6993,20.849,19.91,20.4208,1034081.11,1573171199999,21112048.776745,51576,537110.47,10977459.406865,0
1573171200000,20.4342,20.5164,19.2609,19.646,1087142.07,1573257599999,21731717.619039,48199,523229.41,10477956.755439,0
1573257600000,19.646,19.9632,19.4626,19.6999,886139.1,1573343999999,17507369.511074,27693,443582.12,8765010.372222,0
1573344000000,19.7042,20.6,19.6694,20.4333,1289880.02,1573430399999,25994045.49901,53665,686691.75,13838570.343839,0
1573430400000,20.4323,20.6277,19.7497,20.0888,1002832.24,1573516799999,20301333.847346,40637,576238.35,11686426.469722,0
1573516800000,20.0977,20.9798,19.9443,20.9798,1236966.44,1573603199999,25237225.910586,53264,750817.77,15332052.544084,0
1573603200000,20.9797,21.8,20.68,21.3846,1369703.62,1573689599999,29120752.930272,49294,702891.14,14938701.474752,0
1573689600000,21.3883,21.6492,20.7111,21.3166,1177736.52,1573775999999,24999158.886323,51509,628225.72,13358924.416769,0
1573776000000,21.3165,21.3353,19.9614,20.2735,1367539.25,1573862399999,28162052.581098,59333,631486.54,13017140.954946,0
1573862400000,20.2871,20.5999,19.9,20.1631,1001272.54,1573948799999,20291968.773484,47484,555238.18,11259626.720509,0
1573948800000,20.1641,20.4359,19.75,20.194,1154323.15,1574035199999,23209384.508666,45081,643061.05,12936401.242228,0
1574035200000,20.1889,20.1916,18.6,19.0817,1370495.1,1574121599999,26766274.711754,63868,706953.51,13827643.371508,0
1574121600000,19.0817,19.28,18.08,18.4997,1218553.06,1574207999999,22711534.818971,57869,669861.27,12511506.203354,0
1574208000000,18.4999,18.7494,17.7738,18.0826,1209633.01,1574294399999,22221973.60811,52888,603564.33,11103017.833012,0
1574294400000,18.0827,18.2399,16.34,16.7985,1724139.73,1574380799999,29641866.142353,66544,809358.91,13928166.529701,0
1574380800000,16.7986,17.2798,14.2846,15.485,3361932.03,1574467199999,53036890.612425,108775,1603032.34,25328883.413103,0
1574467200000,15.4875,16.3483,14.957,16.232,1941371.46,1574553599999,30367726.274271,62104,980835.63,15353371.171974,0
1574553600000,16.2321,16.506,14.9,14.9964,2155053.88,1574639999999,34080052.570618,73587,1081886.01,17160460.679391,0
1574640000000,15.0152,15.76,13.88,15.1457,3066863.34,1574726399999,45764859.58196,85408,1544158.18,23067373.949237,0
1574726400000,15.1466,15.89,14.9382,15.3564,1658330.79,1574812799999,25501834.969268,56891,828007.2,12736433.211074,0
1574812800000,15.3565,16.2255,14.5811,16.0888,2414012.37,1574899199999,37397385.442677,68392,1244378.2,19248537.723269,0
1574899200000,16.0888,16.1899,15.4404,15.5333,1619471.91,1574985599999,25662875.030673,49858,906662.99,14371890.257544,0
1574985600000,15.5255,16.2998,15.4692,16.2281,2034467.97,1575071999999,32416836.056333,49078,1107798.41,17647536.121681,0
1575072000000,16.2281,16.2765,15.4501,15.7118,1435716.21,1575158399999,22780843.578936,40069,810037.38,12864920.960051,0
1575158400000,15.703,15.7139,14.8,15.4297,1232843.2,1575244799999,18823975.185733,45197,631816.88,9660592.5575,0
1575244800000,15.4287,15.62,15.019,15.1288,1205508.52,1575331199999,18413567.157775,37801,607357.41,9284202.626534,0
1575331200000,15.1394,15.4255,15.0475,15.2542,1260422.82,1575417599999,19241970.492729,32227,701497.81,10707233.331055,0
1575417600000,15.2545,15.88,14.8275,15.1,1491335.52,1575503999999,22790328.829747,56153,739017.71,11308795.802086,0
1575504000000,15.1254,15.72,14.806,15.6555,1705007.77,1575590399999,26216995.378255,57765,854883.1,13161449.403501,0
1575590400000,15.6532,15.7498,15.3,15.6666,1427720.75,1575676799999,22177519.233347,44332,749688.46,11648403.947747,0
1575676800000,15.657,15.8199,15.519,15.6067,1249702.29,1575763199999,19570141.810453,35559,706440.76,11065674.683881,0
1575763200000,15.6066,15.72,15.3496,15.6121,1097781.57,1575849599999,17077928.037773,30529,621000.27,9663314.14614,0
1575849600000,15.5947,15.799,15.1838,15.3284,959668.49,1575935999999,14927662.452573,39057,472397.72,7355219.535269,0
1575936000000,15.3284,15.3454,14.6,14.8088,1002642.2,1576022399999,15051586.778173,52948,436842.02,6554631.558255,0
1576022400000,14.8004,14.9984,14.6,14.78,803255.65,1576108799999,11908712.718231,34400,442602.15,6564533.562742,0
1576108800000,14.78,14.8495,14.35,14.7238,740743.5,1576195199999,10828182.744161,36978,379469.06,5550485.420614,0
1576195200000,14.7165,14.9775,14.66,14.8555,883903.56,1576281599999,13073092.650943,34040,566354.8,8372103.387248,0
1576281600000,14.8555,15.0,14.1629,14.3888,841053.92,1576367999999,12318205.721073,37172,503765.04,7397218.484893,0
1576368000000,14.3887,14.493,14.1361,14.3949,786545.74,1576454399999,11268492.575641,31567,467292.97,6692667.140884,0
1576454400000,14.3946,14.4356,13.258,13.4544,1130101.43,1576540799999,15771260.805766,50714,553729.91,7749601.384243,0
1576540800000,13.4721,13.475,12.1111,12.381,1686074.79,1576627199999,21636425.244641,69892,921238.18,11851877.617767,0
1576627200000,12.3837,13.7348,12.21,13.6158,2322029.57,1576713599999,29943223.784143,83770,1233875.91,15910832.688628,0
1576713600000,13.6247,13.7631,12.9624,13.3441,1378005.7,1576799999999,18297729.627122,54400,747724.34,9929927.470371,0
1576800000000,13.3519,13.5291,13.08,13.5,1397599.99,1576886399999,18629001.250788,50809,787762.26,10508850.190187,0
1576886400000,13.4932,13.51,13.26,13.2933,1260784.85,1576972799999,16846058.069898,31354,796823.95,10649001.711219,0
1576972800000,13.2874,13.8309,13.2689,13.7798,1505338.18,1577059199999,20304472.190534,46834,798978.99,10765430.350258,0
1577059200000,13.7768,13.9447,13.2,13.2998,1226252.01,1577145599999,16842774.154332,49249,643907.23,8854269.482883,0
1577145600000,13.2987,13.5916,13.2299,13.3369,1307251.73,1577231999999,17486765.161303,36312,743573.08,9946683.36055,0
1577232000000,13.334,13.3522,12.85,13.0666,923872.82,1577318399999,12161569.829474,31341,480628.31,6326996.672278,0
1577318400000,13.0665,13.5466,13.023,13.1414,1061255.7,1577404799999,14065876.461014,42487,555457.3,7362100.770346,0
1577404800000,13.1349,13.2981,12.8927,13.2888,1109927.01,1577491199999,14633426.285861,38248,580981.03,7663428.462158,0
1577491200000,13.2888,13.72,13.2569,13.6779,1358908.6,1577577599999,18415749.239599,40710,677897.05,9178880.235914,0
1577577600000,13.6788,14.2186,13.575,14.104,1608498.67,1577663999999,22338979.500971,46450,1045917.97,14525511.889042,0
1577664000000,14.0984,14.3796,13.78,13.8597,1255190.1,1577750399999,17736426.117681,43838,666934.79,9431670.036609,0
1577750400000,13.8597,14.0564,13.64,13.7161,970355.9,1577836799999,13415325.703428,32376,550697.82,7614923.61778,0
1577836800000,13.7159,13.8692,13.65,13.7184,940625.04,1577923199999,12950619.112333,27635,577339.47,7949620.573133,0
1577923200000,13.7072,13.7302,12.98,13.0105,971190.67,1578009599999,12996389.228183,35069,523045.56,7015156.25774,0
1578009600000,13.0104,13.75,12.9801,13.6474,1458450.49,1578095999999,19701202.862739,47990,724222.45,9791741.098263,0
1578096000000,13.6481,13.871,13.5102,13.8092,1231281.06,1578182399999,16885687.442197,30669,730981.84,10020725.791379,0
1578182400000,13.7978,14.3133,13.791,14.0532,1458003.02,1578268799999,20531817.04177,38389,743923.68,10473407.053125,0
1578268800000,14.0488,14.9873,14.0168,14.9471,1633712.04,1578355199999,23743495.229042,55906,866539.84,12595593.523233,0
1578355200000,14.9427,15.187,14.456,15.0226,1458769.7,1578441599999,21730397.14632,63949,775989.17,11567742.885272,0
1578441600000,15.0212,15.32,14.2,14.5334,1497529.49,1578527999999,22172532.583321,64308,734784.72,10883861.053044,0
1578528000000,14.5334,14.5823,14.201,14.3978,1075088.98,1578614399999,15517519.185434,40392,639897.37,9242926.094902,0
1578614400000,14.3806,15.0973,14.11,15.07,1572086.31,1578700799999,23078360.689727,50163,812176.95,11905875.205936,0
1578700800000,15.0643,15.32,14.7111,14.9177,1397398.3,1578787199999,20959042.697335,47127,712603.11,10695771.88867,0
1578787200000,14.9137,15.4707,14.8001,15.3366,2042903.51,1578873599999,31111483.357731,48078,1158852.96,17646771.046512,0
1578873600000,15.337,15.3572,14.9295,15.1736,1522093.0,1578959999999,22982639.430501,32950,839245.34,12671484.827918,0
1578960000000,15.1735,16.91,15.1659,16.6371,2711583.22,1579046399999,43167140.883816,104570,1380184.98,21981613.2016,0
1579046400000,16.6301,18.19,16.27,17.6655,3041574.63,1579132799999,52607260.349492,121402,1559844.57,26981335.257957,0
1579132800000,17.6655,17.6923,16.31,17.0333,1842017.29,1579219199999,31029984.91112,85383,913051.03,15392380.941618,0
1579219200000,17.04,18.4849,17.04,18.0724,2734829.93,1579305599999,48867064.719153,114982,1385610.11,24777977.816907,0
1579305600000,18.0763,18.3602,17.45,17.8088,1903293.0,1579391999999,34108754.47926,72423,949013.9,17014588.941875,0
1579392000000,17.7954,18.495,16.6666,17.388,2128210.74,1579478399999,37454402.677392,86311,975967.34,17194780.357068,0
1579478400000,17.3706,17.5516,16.8043,17.3235,1576499.08,1579564799999,27136151.861456,49625,832824.08,14331920.998777,0
1579564800000,17.3265,18.2,17.2228,18.1166,1923914.5,1579651199999,33973360.845872,65029,1032962.16,18233358.714172,0
1579651200000,18.1107,18.4,17.55,17.8344,1607749.78,1579737599999,28997476.094212,56117,821130.21,14835819.807466,0
1579737600000,17.8344,17.8344,16.7441,17.0524,1363632.79,1579823999999,23479710.346752,60854,666617.21,11477823.704778,0
1579824000000,17.0813,17.4429,16.4288,17.1148,1411501.98,1579910399999,23870035.103732,66524,747235.86,12636844.852903,0
1579910400000,17.1133,17.1215,16.5685,16.9555,1211416.32,1579996799999,20396383.54309,46200,643282.57,10833038.559437,0
1579996800000,16.9419,17.499,16.8315,17.499,1619344.75,1580083199999,27866656.717841,47539,945326.77,16260419.082362,0
1580083200000,17.4919,17.95,17.2198,17.67,1562998.84,1580169599999,27448591.222108,61834,869682.63,15280637.928796,0
1580169600000,17.67,18.16,17.4466,18.0662,1916526.07,1580255999999,34097546.051096,78924,999987.06,17791007.438333,0
1580256000000,18.0614,18.4437,17.809,17.9134,1452764.7,1580342399999,26330991.819673,67505,732628.23,13281993.626328,0
1580342400000,17.9296,18.7027,17.7,18.5555,1787521.22,1580428799999,32487717.892015,78787,953383.45,17326322.594545,0
1580428800000,18.5557,18.88,17.8,18.2644,1647399.08,1580515199999,30233383.52457,85600,805153.86,14786894.81479,0
1580515200000,18.2644,18.5956,18.03,18.2752,1511588.86,1580601599999,27611547.000338,92840,775579.38,14175575.565234,0
1580601600000,18.2753,18.7714,17.8277,18.4333,1558716.52,1580687999999,28652209.626674,77117,839911.79,15438391.509107,0
1580688000000,18.4333,18.8763,18.1959,18.46,1314693.12,1580774399999,24235415.423803,84295,704401.92,12992869.40852,0
1580774400000,18.461,18.6158,17.87,18.1778,1215609.2,1580860799999,22149973.726341,89931,586012.44,10694575.237492,0
1580860800000,18.1778,19.4583,18.1635,19.262,2068915.04,1580947199999,39153896.763149,108583,1156278.29,21882294.595947,0
1580947200000,19.2686,20.84,19.03,20.6675,2794537.34,1581033599999,55875207.171673,126462,1455482.66,29115353.600966,0
1581033600000,20.6665,22.5221,20.5199,22.0555,3187751.23,1581119999999,68912696.347417,138306,1604010.27,34644669.720142,0
1581120000000,22.036,22.19,20.8943,21.7888,2208642.4,1581206399999,47849193.68056,94672,1029615.16,22315881.952215,0
1581206400000,21.7871,24.3814,21.7746,24.38,2853749.06,1581292799999,66216976.912365,140819,1513922.56,35114265.221308,0
1581292800000,24.3517,25.7935,23.3,25.1465,4794544.72,1581379199999,118356199.03064,214702,2447394.84,60470083.244303,0
1581379200000,25.145,25.74,24.1202,25.6963,3512538.38,1581465599999,87532758.129096,178216,1738255.47,43354628.085148,0
1581465600000,25.6728,26.9196,25.3402,26.4243,2954235.48,1581551999999,76168100.465277,160587,1586984.3,40962269.643884,0
1581552000000,26.4136,27.1905,24.5995,25.4579,3638084.35,1581638399999,93789770.716842,209725,1691544.01,43647387.827608,0
1581638400000,25.4621,26.513,25.0304,26.3547,3252594.32,1581724799999,84109977.243485,126350,1687087.12,43624111.86808,0
1581724800000,26.3662,26.4931,23.5288,24.2576,3355196.37,1581811199999,85267969.556103,153928,1529792.58,38910716.128152,0
1581811200000,24.2388,25.2485,21.8,23.3193,3752723.69,1581897599999,89187179.919693,175475,1800837.16,42886899.781957,0
1581897600000,23.3193,23.6,21.551,23.4555,3208991.96,1581983999999,72372207.908293,160517,1579986.16,35658790.352444,0
1581984000000,23.4558,24.4588,22.8013,24.0821,3010749.17,1582070399999,71169442.58374,131965,1522853.11,36008634.493872,0
1582070400000,24.0611,24.3264,21.8,22.3709,2160221.91,1582156799999,50940224.881018,93444,1055026.19,24936228.06084,0
1582156800000,22.3702,22.6741,21.0,22.1626,2367513.62,1582243199999,51935633.101438,132389,1143779.09,25114395.553174,0
1582243200000,22.1617,22.8639,21.7677,22.1888,2989205.36,1582329599999,66443679.495927,87005,1651920.27,36745034.278446,0
1582329600000,22.1997,22.35,21.5,21.9689,2139282.22,1582415999999,46985151.282019,64466,1155099.84,25373316.201193,0
1582416000000,21.9458,22.98,21.9275,22.8452,3052036.96,1582502399999,69055523.555004,76191,1725616.03,39010671.3662,0
1582502400000,22.8267,23.255,21.4844,22.0965,2294898.35,1582588799999,51480520.2333,86029,1134178.62,25465221.593024,0
1582588800000,22.0965,22.0967,20.0711,20.3193,2335580.11,1582675199999,49059568.007921,98622,1151018.86,24201882.422867,0
1582675200000,20.3316,20.5191,17.9,18.7441,3772185.04,1582761599999,71901697.159269,159466,1742186.86,33236081.081985,0
1582761600000,18.7338,19.6499,17.7051,19.2,3018934.76,1582847999999,56903598.249292,116125,1492045.12,28158150.099215,0
1582848000000,19.1889,19.7551,17.9053,18.9838,3099999.93,1582934399999,58487714.177806,110746,1567025.36,29580793.417916,0
1582934400000,18.9838,20.4,18.8,19.23,3569383.92,1583020799999,69296821.018601,99395,1821274.59,35365306.334411,0
1583020800000,19.2481,19.8994,18.488,18.902,2382184.78,1583107199999,45970226.909694,84835,1151210.14,22237948.21346,0
1583107200000,18.9183,20.0722,18.7583,19.9289,3267729.0,1583193599999,64060497.85222,90102,1988491.82,39058354.341957,0
1583193600000,19.9297,20.3865,19.3156,19.6882,2545825.0,1583279999999,50338561.07375,97903,1339374.19,26492612.583627,0
1583280000000,19.6707,20.2847,19.5131,19.95,2408511.94,1583366399999,47942820.959314,82568,1222441.36,24339552.38311,0
1583366400000,19.95,21.4585,19.9401,20.7462,3090423.11,1583452799999,64414641.762252,124055,1497628.71,31209116.008542,0
1583452800000,20.7463,21.7628,20.6303,21.3389,3229858.82,1583539199999,68469458.722855,96692,1634561.69,34672446.696938,0
1583539200000,21.3389,21.49,19.7183,20.25,2378944.85,1583625599999,49387277.980273,94167,1177560.61,24477550.89494,0
1583625600000,20.25,20.2612,16.7315,16.894,3465550.25,1583711999999,64439955.250711,164763,1582144.13,29517475.949008,0
1583712000000,16.8939,17.4775,15.6168,16.5888,4046754.14,1583798399999,67231659.847515,181385,1992005.77,33117778.721747,0
1583798400000,16.5934,17.4475,16.3107,16.8671,3449744.57,1583884799999,58330699.05467,119126,1788875.27,30266017.133313,0
1583884800000,16.853,17.1388,15.41,16.5705,2581538.77,1583971199999,42412598.428665,102200,1302554.28,21427414.067974,0
1583971200000,16.5698,16.6,8.89,9.2566,8801238.37,1584057599999,108639504.512951,324078,3898291.16,48128463.100715,0
1584057600000,9.2565,11.5572,6.38,10.9204,11661947.1,1584143999999,110600573.359012,390312,5881992.1,56089552.571067,0
1584144000000,10.9224,11.2886,9.8652,10.1487,5350550.68,1584230399999,56983336.608684,149313,2758505.46,29377473.171892,0
1584230400000,10.1475,11.2644,9.9768,10.3898,6424065.36,1584316799999,67251583.016611,133773,3406303.08,35686294.388181,0
1584316800000,10.3808,10.3952,8.4422,9.4285,5814301.17,1584403199999,54897967.268096,183733,2975219.47,28188511.356423,0
1584403200000,9.429,10.49,9.3265,10.2576,5102840.45,1584489599999,51631527.654298,146484,2728974.6,27616853.429285,0
1584489600000,10.2498,10.4301,9.6539,10.3866,4453108.43,1584575999999,45300836.97925,127171,2394162.76,24370637.858687,0
1584576000000,10.3917,12.6891,10.226,12.2597,5850057.14,1584662399999,66283348.995319,176456,3005971.98,34049340.003651,0
1584662400000,12.2597,13.65,10.4014,11.9147,6965457.92,1584748799999,86260327.52523,228802,3616026.92,44887274.60582,0
1584748800000,11.8967,12.4199,11.25,12.1,5811696.5,1584835199999,69377174.374681,143064,3190561.61,38107082.22181,0
1584835200000,12.105,12.4754,11.0145,11.167,4562736.86,1584921599999,54219558.920413,133644,2419649.07,28805114.385338,0
1584921600000,11.1494,12.49,10.8427,12.1887,5299899.45,1585007999999,61800844.966201,146543,2687129.18,31389040.480729,0
1585008000000,12.1887,12.5834,11.91,12.426,4627182.29,1585094399999,56790493.548445,128761,2410148.7,29584792.809228,0
1585094400000,12.4261,12.7108,12.0561,12.3251,3607793.89,1585180799999,44491441.708054,103692,2028299.98,25023418.264317,0
1585180800000,12.3253,13.2565,12.19,13.199,3439169.72,1585267199999,42902292.146348,91251,1856298.92,23157022.448407,0
1585267200000,13.1989,13.3655,12.16,12.3354,2778050.91,1585353599999,36084938.858812,99234,1348623.67,17531599.170768,0
1585353600000,12.3375,12.3588,11.6414,12.1888,2478685.11,1585439999999,30031382.50818,104326,1285937.12,15589211.046683,0
1585440000000,12.1888,12.2425,11.275,11.3008,2305768.52,1585526399999,27252838.14858,76982,1164350.08,13773516.362211,0
1585526400000,11.3007,12.4277,11.2552,12.1365,4237647.48,1585612799999,50944549.243227,116541,2227019.52,26775337.2712,0
1585612800000,12.1368,12.7322,12.118,12.5451,5120471.15,1585699199999,64122575.795892,109199,2523111.55,31611173.625274,0
1585699200000,12.5497,12.7386,11.96,12.72,4359956.32,1585785599999,53774306.318028,108537,2220771.39,27403298.809265,0
1585785600000,12.719,13.7362,12.5349,13.0166,5332604.53,1585871999999,69276074.108632,149283,2661844.1,34573565.93641,0
1585872000000,13.0185,13.57,12.9106,13.3615,5030322.03,1585958399999,66661802.966901,122554,2545802.8,33750445.112319,0
1585958400000,13.3682,14.0561,13.1724,13.7606,4840528.53,1586044799999,66003739.592004,121636,2574276.9,35087448.545123,0
1586044800000,13.7608,13.9638,13.4002,13.6888,4275639.25,1586131199999,58555104.630588,77213,2297758.22,31458225.302622,0
1586131200000,13.6888,15.2149,13.6371,15.1989,5583296.76,1586217599999,80214973.59909,151496,2836252.13,40725497.209399,0
1586217600000,15.193,15.49,14.2503,14.7266,4718920.67,1586303999999,70647148.631557,157000,2285298.92,34251798.597379,0
1586304000000,14.7267,15.3486,14.57,15.0888,4614905.63,1586390399999,69355343.219788,127844,2260429.6,33980023.40606,0
1586390400000,15.0899,15.2011,14.6279,15.0096,4638418.39,1586476799999,69662383.478491,105413,2157362.66,32410763.025513,0
1586476800000,15.0096,15.0797,13.47,13.72,3999879.14,1586563199999,56437561.49783,170991,1821144.21,25680745.452002,0
1586563200000,13.7171,14.0808,13.5234,13.807,3692817.92,1586649599999,51151554.747943,91134,1766835.81,24472962.328658,0
1586649600000,13.8089,14.8399,13.6439,14.2808,4070517.82,1586735999999,57950623.216417,113165,1919661.64,27353953.120379,0
1586736000000,14.2808,15.0799,13.6289,15.0277,4313190.93,1586822399999,62029135.848473,211698,2151132.21,30966568.290406,0
1586822400000,15.0257,15.9555,14.7835,15.6148,4523071.2,1586908799999,70092382.14295,183970,2178727.48,33784472.759182,0
1586908800000,15.6148,15.8888,14.4913,14.5755,3795966.9,1586995199999,58221065.750042,139654,1636403.58,25052832.354126,0
1586995200000,14.5755,15.7669,14.116,15.7394,4068049.48,1587081599999,61814683.274563,153970,1932777.06,29377722.503479,0
1587081600000,15.7394,15.92,15.2501,15.64,3150559.17,1587167999999,49188415.579363,110056,1374612.55,21486046.280614,0
1587168000000,15.6447,16.8183,15.6242,16.6137,3968019.07,1587254399999,64502814.663737,117967,1589936.05,25811415.857082,0
1587254400000,16.6198,16.6933,15.8509,16.0683,2962072.6,1587340799999,48174317.529435,96113,1013727.39,16476710.638146,0
1587340800000,16.0677,16.4499,14.8219,14.9892,3219905.9,1587427199999,50757347.771238,141512,1552484.88,24508910.131461,0
1587427200000,14.984,15.4416,14.6945,15.1283,3137524.29,1587513599999,47592289.981981,112888,1474046.33,22363173.166874,0
1587513600000,15.1381,15.803,14.9112,15.7104,3296897.61,1587599999999,50999984.801603,85505,1454789.22,22438043.203698,0
1587600000000,15.7103,16.4666,15.4102,16.034,3457409.45,1587686399999,55068181.769739,124495,1735113.06,27605070.382231,0
1587686400000,16.0502,16.2568,15.68,15.9319,3008320.26,1587772799999,48259042.136493,86227,1557798.93,25038188.950289,0
1587772800000,15.9319,16.4305,15.7761,16.2283,2946839.79,1587859199999,47639855.837468,82816,1253426.46,20246833.025885,0
1587859200000,16.2235,16.4435,16.04,16.3588,3314818.91,1587945599999,53903371.494471,90171,1570216.57,25519152.177664,0
1587945600000,16.3645,16.56,16.063,16.4229,2937287.36,1588031999999,47859272.72188,95145,1675180.18,27279849.778339,0
1588032000000,16.4199,16.49,16.1125,16.34,2838511.43,1588118399999,46309248.721153,68626,1587918.99,25904461.578683,0
1588118400000,16.3354,17.5171,16.3,17.3667,3817656.7,1588204799999,64434759.768893,151434,2104126.86,35527220.9159,0
1588204800000,17.3754,18.1377,16.5,16.9542,4127322.51,1588291199999,71629569.696086,210338,2046077.66,35537796.16532,0
1588291200000,16.951,17.8551,16.9381,17.466,3805293.67,1588377599999,66271797.655065,136014,1679580.87,29253231.096077,0
1588377600000,17.4665,17.5711,17.2599,17.5333,3009939.67,1588463999999,52504866.73234,72474,906090.99,15804435.256816,0
1588464000000,17.5337,17.81,16.8711,17.1071,2616299.53,1588550399999,45271776.505039,100336,1402887.83,24228407.592074,0
1588550400000,17.1027,17.3267,16.2556,17.0074,2755883.63,1588636799999,46419270.572611,111159,1680506.26,28351306.942867,0
1588636800000,17.012,17.2993,16.606,16.8886,2613361.65,1588723199999,44261093.042385,82109,1349612.07,22820150.088399,0
1588723200000,16.8814,17.145,16.3018,16.3743,2716280.37,1588809599999,45806861.897441,86338,1479087.65,24958952.71659,0
1588809600000,16.3672,17.24,16.1218,17.0003,3030451.51,1588895999999,50623360.842978,126269,1316312.0,22017260.159316,0
1588896000000,17.0003,17.3977,16.823,17.1371,2621559.87,1588982399999,44879553.905084,92523,1045070.03,17886405.008002,0
1588982400000,17.1371,17.4926,16.733,16.7751,2243643.83,1589068799999,38582692.968292,87499,894085.0,15377875.368432,0
1589068800000,16.7753,16.79,13.9129,15.3506,2900497.8,1589155199999,43979315.885853,183750,1351348.49,20499391.30154,0
1589155200000,15.3506,15.5468,14.01,15.0811,2726253.27,1589241599999,40893423.037393,130006,1617450.97,24327025.049768,0
1589241600000,15.0902,16.24,14.9586,15.7892,3026813.09,1589327999999,47332783.097762,106660,1557240.77,24208076.619075,0
1589328000000,15.7941,16.35,15.6785,16.2164,2813530.97,1589414399999,45159088.098417,73060,1362329.18,21780402.980955,0
1589414400000,16.2187,16.6982,16.0123,16.3777,2801822.6,1589500799999,45666418.709955,85871,1456828.24,23714881.120363,0
1589500800000,16.3722,16.4719,15.4606,15.7222,2314685.06,1589587199999,37214822.318927,80931,1211738.86,19513901.745934,0
1589587200000,15.7121,16.2367,15.58,16.058,2730367.35,1589673599999,43746498.664213,58759,1409137.06,22579698.923577,0
1589673600000,16.058,16.51,16.0014,16.2959,2894016.23,1589759999999,47147212.380566,55192,1397915.29,22706528.846814,0
1589760000000,16.2999,16.862,16.2511,16.6299,3116537.96,1589846399999,51611235.594218,66724,1966180.59,32528352.405485,0
1589846400000,16.6298,17.2488,16.3,17.2098,3245275.75,1589932799999,54590767.631108,71181,1833399.53,30968219.600892,0
1589932800000,17.2096,17.3396,16.4851,16.8998,2395316.09,1590019199999,40821394.318845,69481,1196557.75,20369480.091199,0
1590019200000,16.8994,17.0675,15.7218,16.0888,2163570.98,1590105599999,35589912.053927,97872,1011467.88,16635485.778912,0
1590105600000,16.0888,16.924,15.9145,16.5864,2520655.47,1590191999999,41584466.617784,81119,986864.91,16244767.651276,0
1590192000000,16.5884,16.85,16.3202,16.48,2303001.13,1590278399999,38178349.112704,50195,710026.11,11790178.872926,0
1590278400000,16.4789,16.79,15.9074,15.9624,2280998.65,1590364799999,37599815.901123,70624,1074078.06,17664546.814574,0
1590364800000,15.9457,16.4161,15.8057,16.3807,2348512.91,1590451199999,38152773.25641,78771,1414460.11,23001122.377697,0
1590451200000,16.3807,16.4979,15.9537,16.2159,2007343.82,1590537599999,32624803.887159,67405,1057803.97,17171385.59308,0
1590537600000,16.2097,16.51,16.1554,16.47,2613812.05,1590623999999,42792287.776696,67829,1676803.45,27480801.281456,0
1590624000000,16.47,17.1405,16.389,17.0772,2866468.39,1590710399999,47917801.298297,80173,1210238.18,20247647.090861,0
1590710400000,17.0769,17.198,16.6333,17.0031,2599351.65,1590796799999,44176906.95645,78899,1031423.31,17532506.400593,0
1590796800000,17.003,17.7857,16.9291,17.7277,2969818.23,1590883199999,51559065.973624,96015,1214839.92,21095238.386798,0
1590883200000,17.7277,18.1954,16.8419,17.0916,2612942.18,1590969599999,45947854.114681,127114,1333170.64,23464505.440968,0
1590969600000,17.0926,18.1224,16.9836,17.9477,2989853.06,1591055999999,52189313.037442,105705,1465902.43,25599673.806425,0
1591056000000,17.9469,18.2,16.68,17.2669,2536257.15,1591142399999,44844446.996631,116512,1446431.19,25658690.615619,0
1591142400000,17.2761,17.6275,16.9645,17.5779,2650311.14,1591228799999,45972871.326654,67283,1324677.39,22918020.52151,0
1591228800000,17.578,17.6527,17.0424,17.517,2320525.89,1591315199999,40612423.084444,73781,1128546.38,19764770.703003,0
1591315200000,17.518,17.8999,17.4396,17.6914,2454899.86,1591401599999,43344558.036415,88109,1124455.05,19843698.833746,0
1591401600000,17.6915,17.7951,17.49,17.5511,2105593.92,1591487999999,37110942.745177,61035,1108884.03,19561364.791599,0
1591488000000,17.551,17.6371,16.8526,17.4135,1816342.74,1591574399999,31593373.320084,72263,1020258.44,17788664.263651,0
1591574400000,17.4134,17.5454,17.2594,17.4489,1657535.11,1591660799999,28825851.386571,56439,551803.33,9610058.123437,0
1591660800000,17.4489,17.5098,17.0374,17.3733,1631274.58,1591747199999,28247066.435756,57351,378263.97,6550973.357867,0
1591747200000,17.3734,17.5833,17.13,17.406,1807563.86,1591833599999,31389856.381226,69304,750391.31,13046266.607285,0
1591833600000,17.4084,17.5191,15.93,16.2298,1801896.12,1591919999999,30575173.410157,103594,776891.3,13178476.058898,0
1591920000000,16.2376,16.7999,16.0869,16.6377,1932061.47,1592006399999,31970510.816712,60037,1150036.58,19036701.035059,0
1592006400000,16.642,16.8179,16.49,16.8101,2023311.83,1592092799999,33704354.305361,44616,1163776.86,19434886.657099,0
1592092800000,16.8111,16.8398,16.4023,16.5729,1697344.55,1592179199999,28336046.766628,43765,676025.89,11267067.417673,0
1592179200000,16.5728,16.5982,15.4,16.377,1521685.21,1592265599999,24473919.621152,95145,800877.29,12889508.201067,0
1592265600000,16.3758,16.6481,16.1562,16.4329,1614905.64,1592351999999,26479345.228743,60818,935237.65,15331332.45589,0
1592352000000,16.4331,16.632,15.9709,16.3983,1502697.31,1592438399999,24591062.002603,64280,808849.77,13230475.803938,0
1592438400000,16.3983,16.5423,15.8783,16.1608,1382820.87,1592524799999,22540156.403536,55749,562156.39,9180261.914511,0
1592524800000,16.1665,16.3106,15.8966,15.9512,1324135.6,1592611199999,21271385.818115,49571,471743.42,7591732.147675,0
1592611200000,15.9611,16.0898,15.7,16.059,1427210.22,1592697599999,22776460.301554,46408,406700.49,6492917.731201,0
1592697600000,16.059,16.3358,15.921,15.9775,1317075.84,1592783999999,21166507.639654,42105,383925.75,6182890.571858,0
1592784000000,15.9792,16.55,15.9499,16.5051,1706812.42,1592870399999,27776540.589516,56474,772589.38,12551133.875945,0
1592870400000,16.5051,16.5472,16.2602,16.3898,1453306.73,1592956799999,23839966.432426,49946,590320.46,9675488.185791,0
1592956800000,16.3898,16.6481,15.95,15.9968,1529800.3,1593043199999,24889909.655296,74620,857115.91,13963679.211339,0
1593043200000,16.0084,16.0816,15.5,15.906,1201354.75,1593129599999,19105061.019309,59861,476127.0,7573775.257866,0
1593129600000,15.9056,15.9996,15.5715,15.7694,1041399.0,1593215999999,16428293.389014,52275,546013.81,8621332.620603,0
1593216000000,15.7696,15.8714,14.8,15.1242,1309335.66,1593302399999,20331918.057954,63605,519653.98,8063203.771305,0
1593302400000,15.123,15.4944,14.9249,15.3782,1402858.96,1593388799999,21418398.753467,43845,416913.07,6358157.442419,0
1593388800000,15.3714,15.5901,15.204,15.4656,1511856.38,1593475199999,23294081.307786,53592,706233.55,10891622.857652,0
1593475200000,15.4674,15.5476,15.2519,15.3838,1315772.42,1593561599999,20305967.155072,40777,466642.9,7203257.120616,0
1593561600000,15.3959,15.8888,15.3363,15.8144,1612208.19,1593647999999,25213346.757963,51459,471040.61,7342433.453914,0
1593648000000,15.8123,15.9796,15.0743,15.3634,1399345.39,1593734399999,21887439.935344,71043,609875.02,9501341.508925,0
1593734400000,15.364,15.488,15.2484,15.2863,1211128.83,1593820799999,18635019.695357,49275,319233.9,4911092.062645,0
1593820800000,15.2856,15.6399,15.2239,15.5548,1319545.75,1593907199999,20357312.694258,50225,386953.32,5964417.862747,0
1593907200000,15.5579,15.6135,15.1,15.4885,1120649.91,1593993599999,17283570.772307,56998,383286.72,5915374.535125,0
1593993600000,15.4865,16.3496,15.4401,16.311,1606449.31,1594079999999,25364592.417103,91208,819533.62,12944168.560094,0
1594080000000,16.312,16.8757,16.0301,16.8048,1880630.34,1594166399999,31044612.464728,132373,976029.42,16119969.56057,0
1594166400000,16.7995,17.455,16.5683,17.2819,2271202.72,1594252799999,38799190.787738,159450,1200841.73,20504471.527908,0
1594252800000,17.2819,17.5,16.4088,16.8274,1869273.67,1594339199999,31602020.878751,141530,971645.45,16442233.773866,0
1594339200000,16.8278,17.331,16.4438,17.3123,2099193.57,1594425599999,35493337.168017,127050,949256.06,16051345.217945,0
1594425600000,17.3133,17.6888,17.018,17.6205,2318005.65,1594511999999,40437763.388075,144715,1134713.38,19784526.418151,0
1594512000000,17.6205,18.59,17.5928,18.2994,2995977.41,1594598399999,54487455.921637,179573,1555440.33,28278990.724151,0
1594598400000,18.3036,18.9999,17.7282,18.4046,3228967.7,1594684799999,59615771.281561,207676,1463032.86,26984115.375136,0
1594684800000,18.4007,18.77,17.8266,18.079,2385481.97,1594771199999,43474784.567259,167283,1151044.38,20992026.764526,0
1594771200000,18.079,18.1538,17.4194,17.6351,1959582.73,1594857599999,34842425.382079,126220,1005890.05,17911429.632867,0
1594857600000,17.6351,17.7618,16.5473,17.1647,2053439.44,1594943999999,35131243.13981,150330,1075450.97,18458566.715047,0
1594944000000,17.1647,17.4825,16.9354,17.0676,1854764.1,1595030399999,32061512.83959,116734,872699.67,15091543.923591,0
1595030400000,17.0675,17.3247,16.8122,17.1507,1687884.76,1595116799999,28863376.478105,92079,898890.68,15373765.264996,0
1595116800000,17.1542,18.098,16.89,18.0154,2597680.63,1595203199999,45838808.72207,146972,1367473.04,24109027.910555,0
1595203200000,18.0166,18.34,17.235,17.4645,2487505.49,1595289599999,44544637.599564,152776,1244978.55,22294093.926585,0
1595289600000,17.4645,17.9799,17.4,17.7285,2110735.01,1595375999999,37350582.430636,121615,838681.27,14858849.862964,0
1595376000000,17.7268,18.1151,17.45,18.09,2174379.2,1595462399999,38541658.757726,100580,881888.28,15643623.497742,0
1595462400000,18.095,18.77,18.043,18.75,2393871.45,1595548799999,43866390.168993,137920,1353184.66,24806838.718594,0
1595548800000,18.7508,19.55,18.235,19.1853,2790281.46,1595635199999,52627925.923414,177083,1482102.77,27979105.223939,0
1595635200000,19.1878,20.0434,19.1451,19.8242,2956369.76,1595721599999,58227674.3389,163597,1688212.39,33282895.146919,0
1595721600000,19.8196,20.49,19.2639,19.5557,2857739.16,1595807999999,56378423.676657,171767,1230383.72,24280592.030038,0
1595808000000,19.5524,20.1999,18.4,19.7474,3841364.91,1595894399999,74130208.23661,254563,1890129.1,36556850.378218,0
1595894400000,19.7489,20.6834,19.4281,20.1732,3516712.35,1595980799999,70792618.983958,208093,1974981.02,39792446.891499,0
1595980800000,20.1692,20.4091,19.7404,19.899,2219760.2,1596067199999,44493255.130509,123472,1204942.1,24137797.608301,0
1596067200000,19.8926,20.0995,19.5111,19.97,2052250.83,1596153599999,40761766.783253,108962,779694.22,15474643.261219,0
1596153600000,19.97,20.855,19.9102,20.6615,2251101.21,1596239999999,46058826.375721,136334,1121529.52,22945523.25768,0
1596240000000,20.6637,21.74,20.51,21.6168,2657942.85,1596326399999,55887870.718427,185894,1413611.64,29741524.703609,0
1596326400000,21.6204,22.1832,19.1,20.9898,3352897.46,1596412799999,69934920.731055,224734,1633591.2,34191538.17654,0
1596412800000,20.9899,22.5,20.7,22.0504,2668345.02,1596499199999,58090829.071236,176529,1441077.06,31304995.145159,0
1596499200000,22.0622,22.4433,21.41,22.2818,2393749.74,1596585599999,52776394.103137,141793,1142483.35,25204779.655103,0
1596585600000,22.2967,23.54,22.0566,23.2728,3698317.51,1596671999999,85353655.333133,231204,1850607.31,42683973.363592,0
1596672000000,23.2685,23.315,22.5,22.7487,2442941.26,1596758399999,56050066.319069,164421,1092943.04,25094943.395931,0
1596758400000,22.7488,22.9999,21.4515,22.3323,2770775.51,1596844799999,62149699.537839,186909,1321682.72,29671908.736182,0
1596844800000,22.3323,22.9241,21.8571,22.9234,2408862.4,1596931199999,53994332.518485,133785,1108420.12,24755372.850688,0
1596931200000,22.923,22.9233,22.0462,22.422,2112178.17,1597017599999,47551222.565809,137880,1020651.0,23012016.310322,0
1597017600000,22.4224,22.77,22.0462,22.6369,2108928.42,1597103999999,47454718.9954,202648,1014428.41,22834208.291735,0
1597104000000,22.6369,22.7306,20.66,21.2902,3211543.44,1597190399999,69760318.544251,302096,1558876.7,33875394.605663,0
1597190400000,21.2993,21.982,20.571,21.4919,2455644.02,1597276799999,52586016.377161,209891,1227249.21,26284731.246994,0
1597276800000,21.4919,21.856,20.64,21.7667,3079217.71,1597363199999,65454734.539757,235761,1647483.31,35012649.820934,0
1597363200000,21.7751,23.3019,21.26,23.1047,3820214.92,1597449599999,85961407.014907,314892,1997805.66,44978362.449842,0
1597449600000,23.0966,23.7884,22.7,23.0881,2752160.06,1597535999999,64002958.964407,223662,1343698.95,31254669.496148,0
1597536000000,23.1045,23.779,22.7,23.529,2705823.75,1597622399999,62902908.491403,214925,1387762.54,32285427.540637,0
1597622400000,23.5291,23.91,22.9584,23.4961,2423484.1,1597708799999,56563802.003731,187349,1186743.26,27730067.824908,0
1597708800000,23.4868,23.78,22.333,22.9705,2531759.28,1597795199999,58722035.450273,191028,1171194.49,27173161.596348,0
1597795200000,22.9802,23.25,21.8219,22.3761,2128074.03,1597881599999,47918443.635081,188657,1053658.79,23757135.453559,0
1597881600000,22.3817,23.3,22.0265,23.0888,2246864.02,1597967999999,51194430.203348,157488,1014362.03,23145998.853201,0
1597968000000,23.0909,23.32,21.5,22.0988,2493196.51,1598054399999,56307567.701161,232840,1123889.78,25376852.145067,0
1598054400000,22.0994,22.2464,21.2814,22.2044,1892077.61,1598140799999,41544194.757966,157860,823034.04,18056598.418679,0
1598140800000,22.201,22.2348,21.2841,21.8555,1618992.6,1598227199999,35416545.269059,121599,749405.09,16386326.550403,0
1598227200000,21.8575,22.9746,21.6655,22.5953,1877744.04,1598313599999,42095062.815411,136433,974987.33,21839941.139964,0
1598313600000,22.6016,22.6415,20.9805,21.3882,2271280.88,1598399999999,49614644.062294,187634,1110920.9,24303237.334296,0
1598400000000,21.3881,22.4743,21.2651,22.1999,2500162.91,1598486399999,55294079.975605,182142,1298423.11,28717722.666999,0
1598486400000,22.2005,23.1507,21.8064,23.1127,2927744.89,1598572799999,65738136.3832,203573,1490935.99,33489729.870659,0
1598572800000,23.1127,23.5846,22.6158,23.0811,2545445.75,1598659199999,58714483.829457,182294,1358242.86,31329495.56924,0
1598659200000,23.0783,23.5,22.7416,22.9398,1854485.72,1598745599999,42979076.16169,126196,793148.32,18382385.173094,0
1598745600000,22.9441,23.83,22.9,23.6208,1908490.67,1598831999999,44494523.999081,147500,982606.55,22904567.855542,0
1598832000000,23.625,23.9,22.967,23.1477,1767387.78,1598918399999,41283857.212099,154231,892950.7,20868103.346599,0
1598918400000,23.1481,25.41,22.84,24.7028,4442974.1,1599004799999,105724305.34885,334047,2341120.77,55825064.03873,0
1599004800000,24.7101,25.8262,23.1215,24.7652,5879568.29,1599091199999,145283830.860602,364240,2981958.61,73742965.687715,0
1599091200000,24.7653,25.54,19.8765,20.3592,7231336.21,1599177599999,168929560.547917,412590,3469742.2,81382534.932678,0
1599177600000,20.4027,21.83,19.2,20.9712,5306193.02,1599263999999,110033481.444783,281421,2625746.88,54470187.919993,0
1599264000000,20.9995,21.5539,18.011,19.4698,4589184.15,1599350399999,89956784.050998,242523,2154245.05,42320058.946098,0
1599350400000,19.4737,23.4418,18.5283,23.142,8105158.28,1599436799999,174973263.277279,337899,4052573.54,87461589.325262,0
1599436800000,23.1612,23.5545,20.0,22.4426,5454222.91,1599523199999,118861938.295123,260044,2707684.0,59097388.522521,0
1599523200000,22.4428,23.42,21.2739,23.2837,5158563.98,1599609599999,115741375.127741,292313,2605925.22,58505003.019777,0
1599609600000,23.2745,24.5201,22.4139,24.4716,4016452.51,1599695999999,94841678.355233,234896,2047454.68,48348088.152061,0
1599696000000,24.4847,25.67,24.0568,24.5489,4199327.55,1599782399999,103978013.813167,259800,2148993.99,53244872.332939,0
1599782400000,24.5579,25.6969,23.0677,25.399,3622605.07,1599868799999,88276634.60726,221036,1773080.67,43215538.261204,0
1599868800000,25.4,28.5305,25.3575,28.505,6538679.83,1599955199999,175807206.95354,369608,3236697.9,87116713.593513,0
1599955200000,28.5044,32.4401,27.61,31.1656,10646215.66,1600041599999,324162248.740741,573503,5248337.48,159896857.120186,0
1600041600000,31.1656,33.3888,29.0,31.2523,9039644.32,1600127999999,282868031.265543,501957,4581525.11,143394222.339487,0
1600128000000,31.2546,31.278,26.7123,27.1181,7931354.646,1600214399999,228427870.13849887,481264,3835093.0,110470227.1737261,0
1600214400000,27.1148,28.4724,25.82,27.8695,5777419.752,1600300799999,157849897.4035884,370735,2799616.432,76526696.9776003,0
1600300800000,27.8539,28.83,26.05,27.095,4620518.874,1600387199999,125923630.0192624,310389,2302577.727,62757618.6660483,0
1600387200000,27.1106,28.75,26.5708,27.629,4243135.999,1600473599999,117188169.0834446,324521,2198281.034,60780506.6630237,0
1600473600000,27.6414,27.977,26.6591,27.2035,2431517.15,1600559999999,66209405.927378,195270,1279491.954,34846787.5760741,0
1600560000000,27.2035,27.32,25.1247,26.316,2854262.145,1600646399999,75280239.4778047,225459,1401160.881,37012503.7639927,0
1600646400000,26.3167,26.68,22.1,23.1232,5251422.243,1600732799999,127147745.4146961,356722,2491748.412,60473777.6525551,0
1600732800000,23.1273,24.565,22.6666,24.0468,3289566.923,1600819199999,78154701.5056752,201274,1678875.896,39915496.3472352,0
1600819200000,24.0468,24.3437,22.4514,22.8331,3134141.774,1600905599999,73949538.7721268,195891,1499179.854,35407523.4614373,0
1600905600000,22.8448,24.6999,22.5661,24.5745,3284994.641,1600991999999,78161095.3881934,190772,1591178.094,37854884.034191,0
1600992000000,24.5749,25.0799,23.7111,24.6924,2826869.589,1601078399999,69263025.7930358,192283,1615734.345,39599384.189824,0
1601078400000,24.6925,26.4628,24.475,26.1998,3124585.621,1601164799999,79408145.0799521,190682,1558923.604,39760595.0869246,0
1601164800000,26.1885,26.9,25.5012,26.251,2555050.062,1601251199999,67081907.1245433,202771,1321037.052,34686366.3739892,0
1601251200000,26.2435,27.72,25.8313,26.9855,3220774.85,1601337599999,86081947.2234082,231333,1667306.995,44627881.2957208,0
1601337600000,26.9969,29.0,26.86,28.8946,3642915.268,1601423999999,102019998.9212755,252789,1821336.581,51086801.6152707,0
1601424000000,28.8814,29.5646,27.8813,29.2656,3106927.077,1601510399999,89130556.7427384,196831,1514194.649,43531237.1460172,0
1601510400000,29.2696,29.3927,26.2111,27.4673,4045336.882,1601596799999,112775178.8240464,243313,1984457.406,55299236.1529016,0
1601596800000,27.4583,28.3633,25.6652,27.3369,4141965.566,1601683199999,111875266.0506752,259960,2032718.519,54937296.7591431,0
1601683200000,27.3338,28.3997,27.0701,28.1867,2946071.992,1601769599999,81824336.4915028,162910,1261009.303,35008658.7766765,0
1601769600000,28.1872,29.15,27.9658,28.9668,3102597.66,1601855999999,89029435.3627163,158215,1315479.629,37707624.697312,0
1601856000000,28.9832,29.2665,28.0687,28.6158,2268257.171,1601942399999,65226739.0045008,153121,1171594.686,33717392.2221048,0
1601942400000,28.633,28.99,27.25,27.6812,2811072.145,1602028799999,79233644.3472898,224718,1423459.901,40154671.3891042,0
1602028800000,27.6907,27.8965,26.8401,27.6898,2059951.007,1602115199999,56522074.4219916,168923,1057405.57,29023183.2170879,0
1602115200000,27.6931,27.8153,26.4999,27.7424,2476236.461,1602201599999,67563734.7917341,176594,1236967.144,33760943.7639235,0
1602201600000,27.7342,28.5368,27.4548,28.4076,2590468.083,1602287999999,72830100.2034075,181950,1357906.533,38173036.7788551,0
1602288000000,28.398,29.2814,28.0666,28.4414,2405371.457,1602374399999,68983739.7395518,168004,1246652.415,35785574.8283303,0
1602374400000,28.41,28.72,27.876,28.5271,2329452.666,1602460799999,66060639.207251,150757,942082.209,26719001.1860891,0
1602460800000,28.52,31.1299,28.4338,30.6503,4364790.221,1602547199999,131244685.6815882,313690,2241385.973,67364101.6339341,0
1602547200000,30.6503,31.7999,30.187,30.7256,3337167.877,1602633599999,103376455.255919,272993,1707199.741,52898526.7596302,0
1602633600000,30.7256,31.33,30.3733,30.838,2472670.449,1602719999999,76148974.450635,171589,1063854.331,32773285.1856133,0
1602720000000,30.838,31.6663,30.399,31.3256,2684900.014,1602806399999,83441987.7878503,170840,1506196.268,46852830.0173017,0
1602806400000,31.3256,31.9798,29.5705,30.0516,2971307.367,1602892799999,90779001.7261287,218994,1430627.919,43758492.5955024,0
1602892800000,30.051,30.564,29.6521,30.2414,1854975.623,1602979199999,56046581.6083654,101191,960389.439,29021444.7714922,0
1602979200000,30.2423,31.0354,30.165,30.6593,2267377.317,1603065599999,69506327.3062206,120261,1236938.366,37923713.6593934,0
1603065600000,30.6568,30.6766,29.7002,29.9107,1752644.999,1603151999999,52880539.7601399,146817,806797.927,24347358.2250505,0
1603152000000,29.9043,30.0892,28.5,28.8227,2583242.44,1603238399999,75672316.5113656,186067,1147971.72,33599995.1708424,0
1603238400000,28.8131,30.4074,28.6406,29.7329,2663615.889,1603324799999,78865122.0720149,202279,1398177.525,41392428.7085807,0
1603324800000,29.7355,31.3,29.6655,30.6396,2830836.337,1603411199999,86720646.8231899,204132,1490478.566,45670760.8900087,0
1603411200000,30.6334,31.2,30.0652,30.6377,2025854.801,1603497599999,62169451.0384786,130516,821754.998,25211488.740969,0
1603497600000,30.6461,30.8781,30.4243,30.6639,1625502.524,1603583999999,49794483.4465404,86612,579006.811,17734607.9038578,0
1603584000000,30.6522,30.9726,29.8805,30.128,1486538.469,1603670399999,45200159.7482249,111546,658539.912,20033815.7164314,0
1603670400000,30.1342,31.43,29.96,31.0467,2648020.165,1603756799999,81440471.6615709,175463,1404005.072,43202523.3845278,0
1603756800000,31.0436,32.3788,30.9,31.4826,2889807.64,1603843199999,91352337.2373561,213709,1524410.808,48192627.9253082,0
1603843200000,31.473,31.9375,29.8,30.3338,2208604.609,1603929599999,68301209.6143729,164283,1085044.874,33621422.5164727,0
1603929600000,30.3295,30.4272,29.47,29.8702,1977911.04,1604015999999,59517443.8081637,136168,1007348.416,30343357.1042767,0
1604016000000,29.8696,30.2596,27.5111,28.4909,3211305.358,1604102399999,91773152.8073699,231147,1553271.738,44373300.3779826,0
1604102400000,28.4969,28.888,28.1132,28.5058,1986140.314,1604188799999,56676023.1622222,118556,892183.602,25472029.5512662,0
1604188800000,28.5058,28.679,28.0,28.5318,1916131.681,1604275199999,54186354.1899447,91856,804434.812,22776506.4455096,0
1604275200000,28.5485,29.3079,27.7782,27.7983,2123599.052,1604361599999,60737427.1801497,134858,1067790.961,30578253.7579084,0
1604361600000,27.7984,27.7984,25.7499,26.8638,2591560.855,1604447999999,69103680.171422,173479,1200696.401,32013492.4878141,0
1604448000000,26.8722,26.97,25.9,26.96,2039985.34,1604534399999,54040159.9701983,150959,969017.788,25681575.7295765,0
1604534400000,26.9607,27.8947,26.6601,27.6875,2396900.822,1604620799999,65625192.2818915,172414,1236813.078,33873982.5840826,0
1604620800000,27.686,29.4692,27.6668,29.0435,2741813.969,1604707199999,78788712.4414132,215395,1462499.939,42036454.9000617,0
1604707200000,29.0391,29.899,26.85,27.7651,3091788.824,1604793599999,88745055.8082075,259798,1494116.399,42940151.1045117,0
1604793600000,27.7628,28.6943,27.449,28.4101,2298549.455,1604879999999,64871413.8250186,142614,1273716.715,35994212.2877209,0
1604880000000,28.4101,28.9691,27.3461,28.0941,2148267.466,1604966399999,60645138.3246936,186163,1087354.057,30709361.7648223,0
1604966400000,28.0836,28.488,27.6114,28.2188,2172598.769,1605052799999,61108713.3245662,155588,1121283.026,31544055.5674071,0
1605052800000,28.2183,28.5999,27.7966,28.016,1974074.31,1605139199999,55629780.2600814,135668,955251.401,26932373.7789275,0
1605139200000,28.0057,28.1599,27.3028,27.6874,1661489.286,1605225599999,46197453.3888555,123738,718057.954,19950089.519391,0
1605225600000,27.7019,28.5198,27.5284,28.1974,1934234.556,1605311999999,54174977.5643055,172193,976598.264,27358363.5979179,0
1605312000000,28.1974,28.1974,27.3684,27.9311,1503467.499,1605398399999,41716295.0042033,132361,673142.504,18666303.4211227,0
1605398400000,27.9359,28.2332,27.07,27.6786,1442022.548,1605484799999,40116215.6090173,146356,673956.423,18754846.2427647,0
1605484800000,27.6822,28.2202,27.4461,27.9451,1685368.835,1605571199999,46962028.7453876,172529,882365.089,24585231.7523663,0
1605571200000,27.9588,28.8,27.9262,28.5552,2243647.205,1605657599999,63861426.3900747,207380,1181296.679,33621059.124064,0
1605657600000,28.5552,28.838,27.5,28.0931,2220839.931,1605743999999,62538448.4686002,247361,1098227.035,30960107.1480809,0
1605744000000,28.1049,28.3666,27.6183,28.1387,2011350.337,1605830399999,56444452.2279035,162787,893776.223,25075421.3341656,0
1605830400000,28.1266,29.3516,28.0598,28.9715,2491336.079,1605916799999,71408453.4587546,213320,1364081.112,39042039.3225598,0
1605916800000,28.9722,30.8,28.2955,30.5161,3160335.472,1606003199999,93653968.6634836,297019,1672370.541,49573933.2083156,0
1606003200000,30.5168,31.12,29.0,30.0226,2842370.783,1606089599999,85423529.8039215,299851,1400117.881,42122620.504432,0
1606089600000,30.0291,31.1,29.786,30.995,2920522.887,1606175999999,88971207.3290705,302496,1421000.982,43301805.0357508,0
1606176000000,30.9994,35.14,30.7934,33.9407,7296367.369,1606262399999,240609850.8251635,572451,3757417.827,123960683.7018773,0
1606262400000,33.9451,35.4338,30.439,31.2953,4589237.082,1606348799999,152462923.2455184,416580,2325880.915,77371613.145979,0
1606348800000,31.295,31.7708,26.35,28.2356,6241853.013,1606435199999,179684915.4319223,579228,2986345.323,85941795.3593218,0
1606435200000,28.2354,28.7175,27.2042,28.4606,2317359.795,1606521599999,65177587.3842698,241590,1218099.201,34262091.4479924,0
1606521600000,28.4606,29.6175,27.9,29.1766,2636652.594,1606607999999,76333840.0852929,199459,1330936.195,38556482.9521749,0
1606608000000,29.1552,30.45,28.8544,30.1045,2857702.301,1606694399999,84748920.1725558,176612,1162678.118,34388649.3257958,0
1606694400000,30.1003,31.5999,29.723,31.4935,2978036.229,1606780799999,91534747.055381,242039,1512863.138,46472017.8179125,0
1606780800000,31.4935,31.8875,29.17,30.1996,3139022.083,1606867199999,96681205.6214727,311551,1435299.979,44193362.4619928,0
1606867200000,30.2003,30.9993,29.5306,30.2875,2360296.308,1606953599999,71525356.850704,191861,1165310.762,35323192.8874485,0
1606953600000,30.2724,30.793,29.8568,30.7065,1924462.466,1607039999999,58447530.6808109,152875,822959.118,25002819.3813699,0
1607040000000,30.7099,31.1371,28.7051,29.0231,2064574.445,1607126399999,61840679.7646827,216245,971679.158,29124178.6506524,0
1607126400000,29.0315,30.0588,28.6588,29.728,1836870.147,1607212799999,53893876.3625983,177713,872479.239,25612862.4044572,0
1607212800000,29.7296,30.1819,29.0124,29.5026,1330813.899,1607299199999,39419545.0689589,133765,611269.776,18111875.0669489,0
1607299200000,29.4912,29.6685,29.06,29.37,1219543.166,1607385599999,35795857.6573833,114943,624858.115,18341832.9326417,0
1607385600000,29.3705,29.4998,27.45,27.6705,1844102.056,1607471999999,52562094.3021941,217658,890379.541,25357260.7243902,0
1607472000000,27.6705,28.3853,26.9244,28.1452,1635344.181,1607558399999,45454697.5386896,182482,816041.729,22689360.2938392,0
1607558400000,28.144,28.2997,27.39,27.6926,1344683.627,1607644799999,37402211.1035569,118644,585650.619,16286547.5696264,0
1607644800000,27.695,27.77,26.7273,27.3419,1244803.112,1607731199999,33839924.1542774,144598,607185.235,16504169.1325074,0
1607731200000,27.349,28.23,27.2542,28.1603,1293965.518,1607817599999,36058480.5872906,112495,495849.334,13816897.5805211,0
1607817600000,28.1603,29.2628,28.0,29.1571,1639495.816,1607903999999,47146012.390196,137327,652113.422,18732608.1141783,0
1607904000000,29.1599,30.1884,28.6669,30.0338,2028334.088,1607990399999,59668479.1810639,200800,962144.732,28297532.85801,0
1607990400000,30.0338,30.379,29.3069,29.5053,1624791.814,1608076799999,48398355.2235207,176586,742663.07,22136116.5203677,0
1608076800000,29.5059,30.614,29.0265,30.5577,2161816.842,1608163199999,64494864.3794064,231879,1168336.576,34865669.0567135,0
1608163200000,30.5524,31.5489,29.6891,30.2255,3274786.131,1608249599999,100846680.8674189,320109,1677504.006,51665049.9456326,0
1608249600000,30.2254,31.2172,29.61,30.9882,2045326.343,1608335999999,62443342.4142675,200766,1036938.84,31665031.4038501,0
1608336000000,30.9858,34.2307,30.8812,33.3167,4117460.293,1608422399999,134985674.648901,356909,2175383.691,71310443.4407859,0
1608422400000,33.3018,35.69,32.5899,34.3148,4477498.818,1608508799999,153515421.8136417,346574,2400677.577,82392268.6336403,0
1608508800000,34.3072,35.6,31.4871,32.05,4558115.88,1608595199999,152823799.8311665,387995,2262210.258,75953752.2598064,0
1608595200000,32.05,33.8,30.4719,33.5151,3563635.673,1608681599999,115167307.8079382,359713,1769897.418,57240620.9843231,0
1608681600000,33.5112,34.505,30.0,31.1843,3940926.442,1608767999999,128877133.6917357,431164,1953068.546,64055386.8085537,0
1608768000000,31.1698,32.7589,30.0,32.4895,2999570.853,1608854399999,94739220.627289,317894,1510622.972,47732450.4863114,0
1608854400000,32.4947,33.4954,31.7313,33.1996,2596272.905,1608940799999,84844896.3175845,237471,1199832.98,39215113.3603179,0
1608940800000,33.1996,34.0495,32.51,33.6361,2418941.544,1609027199999,80768632.4381237,280678,1195320.551,39922638.2827846,0
1609027200000,33.651,34.99,31.8601,33.674,3747872.718,1609113599999,126569474.2263928,383603,1841524.918,62195798.2273215,0
1609113600000,33.6741,36.15,33.3105,35.951,4121783.103,1609199999999,145163638.0339237,365388,2213040.449,78000373.635263,0
1609200000000,35.9507,39.9999,35.3015,39.0667,7022548.487,1609286399999,266651443.80075312,626216,3752689.246,142503967.0938527,0
1609286400000,39.0746,39.27,36.8131,38.1558,2424623.467,1609372799999,91497596.0416403,318773,1238675.661,46748294.4897268,0
1609372800000,38.1558,38.2133,36.5157,37.3588,1887715.835,1609459199999,70486125.9625969,215191,936965.882,35002864.2094946,0
1609459200000,37.3596,38.959,36.9555,37.7762,2435989.127,1609545599999,92358608.1130839,287020,1211046.869,45917587.073385,0
1609545600000,37.7637,38.8798,36.8,38.2331,3018062.206,1609631999999,114060050.8496281,342120,1515999.029,57304776.3182929,0
1609632000000,38.2331,41.7017,37.763,41.2575,4903626.697,1609718399999,195224916.820531,499815,2538670.213,101002743.0746043,0
1609718400000,41.256,43.2039,38.02,41.1333,5306248.166,1609804799999,214835112.08725193,546562,2748524.557,111379845.6171471,0
1609804800000,41.13,41.8375,38.8014,41.8219,3513141.346,1609891199999,141831731.9587631,410985,1788689.042,72265488.7393605,0
1609891200000,41.8271,42.267,40.4531,42.2417,3784444.687,1609977599999,156404649.3163699,417519,1864717.1,77109380.974763,0
1609977600000,42.244,44.9,41.366,43.5728,5026746.669,1610063999999,216717611.7697121,523288,2535285.668,109380395.0858449,0
1610064000000,43.5728,43.722,40.2313,42.356,3548923.788,1610150399999,149951576.8513453,411558,1804018.632,76246982.4386924,0
1610150400000,42.345,44.0552,41.5,43.8479,2720363.636,1610236799999,116290473.5386175,294683,1458819.253,62429021.6118467,0
1610236800000,43.8479,45.162,40.0,42.4031,4277406.29,1610323199999,185165251.1320646,431771,2147084.162,93038871.7060966,0
1610323200000,42.4033,42.5094,35.0374,38.1674,6372598.994,1610409599999,244587641.46935233,668600,3194457.511,122527775.3519585,0
1610409600000,38.1623,40.1989,37.0,38.2541,3261261.81,1610495999999,125897888.047957,342953,1694961.868,65468036.386054,0
1610496000000,38.2703,40.4499,37.02,40.1114,3512089.385,1610582399999,135791180.057457,366040,1870527.111,72423038.8991144,0
1610582400000,40.1114,42.0,39.5739,41.8723,3306689.933,1610668799999,135085613.30355,306640,1701948.681,69561800.4605381,0
1610668800000,41.8721,42.5622,38.6616,40.8668,3431358.936,1610755199999,140633163.6256023,363002,1713572.013,70259834.053726,0
1610755200000,40.8951,44.12,40.625,43.142,3243054.414,1610841599999,138015822.2312169,362622,1631631.285,69475964.0289781,0
1610841600000,43.1413,46.7228,40.9192,45.8675,3878914.299,1610927999999,169754085.7227767,445985,1968186.291,86107135.7011905,0
1610928000000,45.8645,46.8888,44.0278,45.3412,3069449.938,1611014399999,139399114.1553898,366780,1621464.039,73628836.3248263,0
1611014400000,45.3592,47.2187,41.7,42.5241,5151546.872,1611100799999,229455474.2432518,513040,2599956.861,116002911.421183,0
1611100800000,42.5241,43.0992,40.2,42.6069,3709936.492,1611187199999,154503844.311202,424497,1925380.864,80231634.3700017,0
1611187200000,42.6056,42.7176,38.2,38.6343,3460575.242,1611273599999,140161330.8816159,436417,1731495.051,70139811.5211578,0
1611273600000,38.6596,41.528,36.8518,40.8936,3088685.295,1611359999999,122212901.7638495,382460,1590742.579,63014625.2983667,0
1611360000000,40.8938,41.88,39.4555,40.9109,2531809.648,1611446399999,103044289.6364261,244514,1342648.733,54685755.3869453,0
1611446400000,40.9113,42.2,40.3144,41.8263,2340747.623,1611532799999,97017133.5978513,217223,1318156.759,54670519.1823808,0
1611532800000,41.827,43.4241,40.5364,41.8347,2778238.02,1611619199999,117399838.4063164,336526,1437150.416,60745745.8923321,0
1611619200000,41.8347,42.598,39.6955,41.8396,2758108.622,1611705599999,113401083.8483374,336515,1412818.169,58139352.1954479,0
1611705600000,41.8397,42.0984,39.6102,40.8826,2638401.378,1611791999999,108149178.3593736,367923,1347626.69,55247217.2769438,0
1611792000000,40.8957,43.085,40.317,42.5254,2984098.651,1611878399999,125825473.6606247,366517,1605987.652,67792465.5603934,0
1611878400000,42.5277,44.0,41.8017,42.8618,3433689.484,1611964799999,147364483.4547029,481047,1728245.52,74215737.7248485,0
1611964800000,42.8653,45.1071,42.5911,44.7849,2767954.291,1612051199999,121803577.410981,408399,1380161.055,60779677.9527693,0
1612051200000,44.8022,45.8269,43.3,44.3292,2431692.198,1612137599999,107955886.1665317,356678,1272280.642,56490926.295949,0
1612137600000,44.3291,52.3736,43.4331,51.4781,6095055.413,1612223999999,294440153.8956684,674212,3139861.584,151650053.087841,0
1612224000000,51.4762,53.0,49.1572,51.0071,4675040.877,1612310399999,237619391.9434699,667934,2324364.12,118106043.9454521,0
1612310400000,51.029,52.7,49.7823,52.12,2949735.036,1612396799999,150776117.8031686,462818,1478021.885,75613932.0146984,0
1612396800000,52.12,57.0547,51.25,55.9599,4004741.294,1612483199999,215002299.8179948,579484,2009170.327,107865218.5724451,0
1612483200000,55.9593,68.73,55.9202,67.7005,5040545.223,1612569599999,306515082.6292277,682891,2553628.244,155384183.3269051,0
1612569600000,67.6217,75.5,61.7,72.8356,8482528.531,1612655999999,595983260.0097728,1151480,4308346.676,302785733.720596,0
1612656000000,72.8693,74.8199,64.1803,68.3542,5969908.442,1612742399999,413359634.3580308,851424,3021096.543,209312842.4879326,0
1612742400000,68.355,79.8823,67.6152,79.8374,7860567.389,1612828799999,573806461.5287857,1279676,4120260.435,301029214.69672287,0
1612828800000,79.8734,116.24,78.0381,107.3469,12487305.868,1612915199999,1222317019.460554,1979175,6447029.417,630568283.4422902,0
1612915200000,107.3496,148.4,107.2811,128.9711,16613534.274,1613001599999,2139218096.5096064,2836233,8398597.777,1082406763.2562406,0
1613001600000,128.9463,132.8,117.7289,124.085,5920400.255,1613087999999,737374300.5875953,1185612,3047395.251,379874522.73723775,0
1613088000000,124.1129,141.32,120.89,136.6139,5626020.824,1613174399999,740055607.987079,1155321,2942482.779,386870697.1807119,0
1613174400000,136.7321,138.5067,125.0,133.3496,3785723.402,1613260799999,497454132.37548685,936880,1928761.338,253709480.2782892,0
1613260800000,133.3498,139.0,128.4615,135.8623,4405507.885,1613347199999,588209671.8743159,919313,2232139.512,298343025.8263316,0
1613347200000,135.8623,139.369,118.0,130.303,4772752.806,1613433599999,617209050.2792228,953125,2344720.725,303521358.68746114,0
1613433600000,129.9493,133.4925,126.0,130.183,3258276.714,1613519999999,423640104.8636006,616879,1608528.808,209214194.8675469,0
1613520000000,130.183,175.9997,126.7546,165.3233,10185662.26,1613606399999,1540919651.6330936,1654588,5245414.901,792880237.8561211,0
1613606400000,165.3176,199.88,162.7969,195.6,11226893.373,1613692799999,2093727364.8790953,2106653,5657234.091,1056336845.7121124,0
1613692800000,195.5549,348.6969,194.9279,333.111,20188858.198,1613779199999,5528652618.860825,4491728,10318236.699,2828404226.3620553,0
1613779200000,333.2212,335.0,223.0,253.0,13497656.247,1613865599999,3803591547.448211,3476190,6630970.895,1870410142.65804,0
1613865600000,253.01,309.4995,249.7044,295.2597,10646422.307,1613951999999,3016515097.5884132,2525329,5465511.067,1549414473.0323377,0
1613952000000,294.9167,296.0,220.5,267.5147,12604399.402,1614038399999,3304868176.0392327,2806150,6230811.548,1634263433.5647347,0
1614038400000,267.1721,269.444,186.1,231.3646,15879767.559,1614124799999,3533975184.1142673,3227858,7774847.038,1731886938.4771376,0
1614124800000,231.3646,281.0,213.0257,254.5056,11777825.187,1614211199999,2968825220.6605544,2798601,6004023.023,1513501759.601709,0
1614211200000,254.3826,265.4014,231.5,234.9146,6871992.794,1614297599999,1718504824.0212388,1774378,3452288.397,864352539.8770038,0
1614297600000,234.7605,239.4,209.105,221.717,7410706.385,1614383999999,1673740236.8863392,1741056,3737840.02,844865944.4801531,0
1614384000000,221.9592,237.77,219.011,225.3853,4192697.152,1614470399999,956073854.7960743,1008973,2166141.723,494139830.7168909,0
1614470400000,225.4567,229.4,195.0,210.2138,5674373.249,1614556799999,1188324867.5736897,1183188,2866699.584,600250917.3107389,0
1614556800000,210.1177,260.0,209.1204,254.9637,7911568.194,1614643199999,1909672582.711924,1907462,4088744.418,987099003.8664237,0
1614643200000,254.9486,264.9,227.0,239.6841,5386013.794,1614729599999,1322863990.4305172,1328836,2745718.964,674747254.2673796,0
1614729600000,239.7204,254.8481,236.002,240.5701,4278388.733,1614815999999,1055004494.1174928,1000546,2186236.085,539390338.7125823,0
1614816000000,240.4801,249.9885,225.5308,229.6369,3999983.836,1614902399999,951344257.2707064,926776,2073150.058,493415239.00318897,0
1614902400000,229.6369,232.2,215.6439,225.4714,3654842.805,1614988799999,816218663.6047622,979892,1883684.035,420821067.06470865,0
1614988800000,225.5391,232.4996,219.1514,226.3814,2663375.536,1615075199999,600491090.2031841,746840,1364543.409,307822727.2659052,0
1615075200000,226.3812,243.95,224.9542,240.11,3519962.929,1615161599999,825683976.966841,830560,1828590.463,428612114.9730892,0
1615161600000,240.1039,243.0986,228.7029,240.5509,3045991.968,1615247999999,717450084.5848948,828116,1619678.38,381672307.0468426,0
1615248000000,240.7852,297.2962,235.6001,293.2052,7937298.708,1615334399999,2125830116.6707408,2185699,4111348.115,1100055373.809576,0
1615334400000,293.1305,295.5,263.8184,278.4499,6012304.148,1615420799999,1691967448.988708,1879085,2995946.109,843685237.1124606,0
1615420800000,278.3522,315.2855,272.12,290.0301,6598662.207,1615507199999,1921178267.9669905,1782636,3393838.692,988184772.1471714,0
1615507200000,289.786,290.5,247.5547,263.2201,5905880.87,1615593599999,1595966693.3539188,1777265,2965207.081,802465563.6129855,0
1615593600000,263.192,284.2857,255.4206,276.2822,3902398.386,1615679999999,1064357365.4788338,1080831,2007425.021,547567224.4635545,0
1615680000000,276.2892,276.8847,263.0003,263.238,2432196.535,1615766399999,656730954.5609341,784354,1243615.187,335878385.077513,0
1615766400000,263.35,267.7453,249.5327,254.5144,3362734.143,1615852799999,865778780.1144474,913171,1667663.927,429410043.5718432,0
1615852800000,254.3894,259.7847,240.199,258.5352,3013229.0,1615939199999,759878684.5077829,941686,1514276.021,382186012.61995053,0
1615939200000,258.5611,272.1787,248.2001,269.7896,2856836.919,1616025599999,734538705.6010387,710698,1469304.526,377726659.8649003,0
1616025600000,269.8578,277.8,257.01,261.4816,3152509.589,1616111999999,849612650.8889891,1367757,1579427.666,425652134.4477124,0
1616112000000,261.5157,269.0,255.0,262.935,2262870.653,1616198399999,598172787.5127919,757665,1147666.894,303458569.6988104,0
1616198400000,263.1083,274.6805,261.4,264.3023,2377018.11,1616284799999,637249236.4276834,696501,1189614.878,318991087.8723834,0
1616284800000,264.2213,268.0305,257.0001,264.6513,1973476.754,1616371199999,520164482.6716413,595243,985373.897,259804359.6084102,0
1616371200000,264.7152,277.0,252.9164,254.7976,3265655.831,1616457599999,867393890.9961793,1023992,1638252.799,435356572.156466,0
1616457600000,254.9689,262.97,251.838,255.4646,2587450.732,1616543999999,667040263.824583,693711,1319720.054,340310596.6065826,0
1616544000000,255.5191,268.7062,240.3333,248.5236,3270691.795,1616630399999,842490109.3031726,912867,1639926.078,422734582.0514395,0
1616630400000,248.5345,250.0912,224.9686,233.9466,3498082.827,1616716799999,831361532.2659025,1169645,1746529.009,415262025.1503244,0
1616716800000,234.0024,255.2113,233.8114,255.2105,2635329.155,1616803199999,650316857.7394375,866262,1391907.669,343505914.98047113,0
1616803200000,255.1201,276.0,249.5001,269.2234,3089181.848,1616889599999,804732179.3560841,897779,1609286.117,419420988.338874,0
1616889600000,269.2864,281.3939,261.0,268.4263,3272613.755,1616975999999,888837689.742223,1043000,1635934.711,444520994.04103696,0
1616976000000,268.6234,277.9813,264.4585,275.2991,2728496.99,1617062399999,743818283.8759371,715362,1348663.637,367679631.4114833,0
1617062400000,275.2986,311.5325,271.2857,311.2962,5532768.33,1617148799999,1633393562.8013515,1591484,2795755.06,825555132.6255116,0
1617148800000,311.2962,316.6997,284.0,302.3724,4719335.506,1617235199999,1432519744.2660227,1513354,2335278.292,709198524.6444328,0
1617235200000,302.4591,339.0,300.7,334.7991,4390708.581,1617321599999,1403784882.8732836,1443003,2295129.569,735483964.2745212,0
1617321600000,334.6706,356.9882,324.6162,338.2932,4205858.478,1617407999999,1449673755.0076191,1583075,2156223.006,743048296.856169,0
1617408000000,338.2932,349.1347,315.91,321.9497,3099870.848,1617494399999,1044647379.113692,1201098,1526788.222,514720353.0294948,0
1617494400000,321.9597,352.3275,316.0,348.8617,2730876.03,1617580799999,930046907.3464288,1194390,1461473.173,498289249.92964256,0
1617580800000,348.8705,380.0,335.8442,368.0263,3473780.055,1617667199999,1251830835.7298312,1685071,1753704.31,631788854.5523547,0
1617667200000,368.1506,411.755,363.8333,403.3648,4481056.436,1617753599999,1741879509.9979262,1849537,2320423.115,902260599.136916,0
1617753600000,403.2607,414.3803,356.0,375.5538,6179859.708,1617839999999,2382943130.333641,2394276,3046012.243,1174286253.3030703,0
1617840000000,375.5538,422.6323,371.78,418.7048,4092498.638,1617926399999,1657671967.081196,1572444,2068162.371,837822102.3706211,0
1617926400000,418.7047,453.9937,403.19,453.9937,3670424.433,1618012799999,1585030394.3795192,1577251,1861353.607,803881479.1693761,0
1618012800000,453.9898,487.4062,450.0,471.2975,4659107.212,1618099199999,2200226600.979932,2198963,2343990.692,1106914782.216326,0
1618099200000,471.2974,529.211,458.0165,525.9275,3644396.11,1618185599999,1776698304.8045452,1714867,1870815.494,912632086.7668072,0
1618185600000,525.9275,638.5673,515.1,596.7104,9279328.84,1618271999999,5344661902.251941,4170759,4716105.003,2717750221.9402256,0
1618272000000,596.7878,602.7871,530.2288,551.6442,5447746.544,1618358399999,3061385296.1027074,2657936,2682801.983,1507346463.339458,0
1618358400000,551.3956,590.5369,521.1313,550.0182,4213337.251,1618444799999,2356734422.954988,2098627,2104771.539,1178203841.483344,0
1618444800000,550.0182,556.9,533.7166,541.8824,2306850.045,1618531199999,1261789670.8404372,1267361,1163438.097,636442249.5718181,0
1618531200000,541.8351,547.6074,489.7356,508.2743,4192218.462,1618617599999,2179386782.467181,2268178,2039197.186,1060928077.3448288,0
1618617600000,508.2614,547.95,506.0,514.6861,2949040.221,1618703999999,1548814458.1705544,1573732,1556358.667,817486902.0443245,0
1618704000000,514.8178,520.4237,428.0,481.4367,4468597.46,1618790399999,2101748555.76068,2234515,2210527.4,1040085950.964806,0
1618790400000,481.5112,540.0,467.8846,504.0322,5031325.713,1618876799999,2572857437.0160513,2399333,2571500.16,1315476364.058136,0
1618876800000,504.0322,589.5,470.207,586.3635,5730895.325,1618963199999,3065802468.2334905,2874737,2976258.891,1594794385.6750324,0
1618963200000,586.5201,613.8975,535.9186,543.6327,5685067.894,1619049599999,3302743900.0496206,3036187,2886573.781,1678848599.171705,0
1619049600000,543.6827,582.7051,480.0,505.2411,6375583.139,1619135999999,3453990005.3750396,3046301,3176384.826,1723785781.500857,0
1619136000000,505.2282,530.0,450.0,526.5357,6855584.921,1619222399999,3382941422.360556,2895263,3413660.888,1686310183.4563494,0
1619222400000,526.4319,528.8088,482.3052,496.992,3005329.075,1619308799999,1520666084.6393692,1499659,1476100.283,746989475.7664099,0
1619308800000,496.992,517.74,478.01,505.0,2489756.6252,1619395199999,1244888360.1544836,1182658,1283024.298,642039862.3318955,0
1619395200000,505.0,550.0,501.5,535.33,3098650.6351,1619481599999,1646103488.0288882,1701752,1592736.9304,846170469.0153412,0
1619481600000,535.33,579.5,525.0,568.78,2807308.6198,1619567999999,1565140057.705096,1538945,1447392.0674,807109877.0052989,0
1619568000000,568.78,578.88,538.0,562.78,2384514.8852,1619654399999,1333087930.86344,1425704,1228432.6818,687173637.255815,0
1619654400000,562.78,615.29,554.0,599.7,4336516.3347,1619740799999,2536924856.305376,2485799,2236382.1742,1308726656.7422674,0
1619740800000,599.66,628.0,585.72,622.65,3430512.4025,1619827199999,2095245536.8241105,2128827,1754421.4092,1071764087.9153816,0
1619827200000,622.64,645.57,609.21,620.0,2427568.3909,1619913599999,1516905856.244409,1354769,1240020.8935,775012627.4961902,0
1619913600000,620.0,629.0,595.3,621.78,2066258.2844,1619999999999,1273435369.898067,1370533,1037703.4937,639746136.981755,0
1620000000000,621.77,680.0,621.22,676.15,2873379.617,1620086399999,1872406454.7114544,2014775,1469004.5141,956854947.1683825,0
1620086400000,676.15,677.71,604.14,609.3,3765315.6951,1620172799999,2400359921.759795,2347503,1862944.8449,1188203494.423859,0
1620172800000,609.41,656.67,605.0,651.1,2270137.4732,1620259199999,1454478376.495745,1360073,1168783.8181,749021456.3519449,0
1620259200000,651.1,653.77,620.0,633.99,2065376.5442,1620345599999,1318819283.775989,1354644,1018335.1388,650418298.054164,0
1620345600000,634.03,644.02,611.43,624.3,1979435.9584,1620431999999,1238889450.405969,1369842,1023006.478,640390870.792559,0
1620432000000,624.3,657.91,618.36,646.1,2186084.7749,1620518399999,1395957617.959335,1417714,1114192.3023,711486762.888775,0
1620518400000,646.07,679.0,630.54,661.74,2343402.1219,1620604799999,1543794428.062309,1617528,1212666.5187,799200153.184667,0
1620604800000,661.74,691.77,588.0,631.1,3074645.0692,1620691199999,2022592640.9284976,2016009,1509043.8868,994708866.8383896,0
1620691200000,631.16,673.0,621.11,671.91,2640713.327,1620777599999,1721298080.868251,1940771,1357590.2222,885049188.7371889,0
1620777600000,671.9,684.91,581.4,594.65,2813834.8185,1620863999999,1822055485.2286448,2117314,1389627.7527,901787059.7140249,0
1620864000000,594.2,633.5,526.6,571.1,5485323.7047,1620950399999,3209105953.1342926,2633774,2728698.5715,1597606513.209764,0
1620950400000,571.1,615.0,566.0,602.61,2187570.2996,1621036799999,1301240937.051233,1435886,1124278.9216,668729304.319616,0
1621036800000,602.61,611.31,560.0,563.41,2259793.5825,1621123199999,1322248759.387284,1401360,1136273.5495,665337271.8519031,0
1621123200000,563.42,606.78,534.88,564.32,2939528.1774,1621209599999,1678652421.17639,1661060,1494765.8709,854122611.9615711,0
1621209600000,564.66,564.66,483.0,512.07,4029118.3527,1621295999999,2087711760.249724,1900832,2005556.7267,1039684304.762441,0
1621296000000,512.06,534.0,490.0,507.88,2720596.4374,1621382399999,1404143922.109876,1350984,1399179.1958,722486297.0166739,0
1621382400000,507.9,516.5,280.0,334.8,11497731.3774,1621468799999,4527448944.4894495,3997634,5658323.6783,2229601626.3061595,0
1621468800000,334.8,423.83,284.27,391.17,8116861.4224,1621555199999,2937633738.121213,2757743,4127071.9501,1496586139.797419,0
1621555200000,391.37,415.71,274.0,326.01,8827845.3858,1621641599999,3021752642.8292913,2738049,4421100.4944,1516573333.358426,0
1621641600000,326.23,335.82,284.55,299.76,5303046.012,1621727999999,1646566206.389925,1776570,2707307.706,840911662.771988,0
1621728000000,299.75,313.45,211.7,260.72,8801148.1832,1621814399999,2229226334.873157,2747375,4298261.6572,1089403217.3530488,0
1621814400000,260.72,350.0,257.4,345.64,7794003.641,1621900799999,2371630247.307144,2644136,3979521.6528,1211042032.045568,0
1621900800000,345.64,378.12,306.61,343.18,7638986.0132,1621987199999,2568468246.869039,2679939,3858002.1658,1298178085.279542,0
1621987200000,343.18,388.28,336.21,379.16,5336916.0722,1622073599999,1962829110.773636,2082589,2673811.3373,983655102.2938089,0
1622073600000,379.16,387.56,340.0,369.67,4275801.5014,1622159999999,1564221587.83169,1704366,2140808.4699,783530313.8460209,0
1622160000000,369.83,373.68,312.3,328.82,5253443.3619,1622246399999,1767981944.157346,1933829,2598883.1262,874537314.700747,0
1622246400000,328.86,347.0,295.22,305.04,3764083.2923,1622332799999,1207409894.689486,1390377,1872279.1805,601649385.744475,0
1622332800000,305.18,338.32,291.06,325.57,3739673.1138,1622419199999,1204069134.173924,1408477,1911886.8185,615710137.730793,0
1622419200000,325.55,356.0,307.55,353.33,4110136.8744,1622505599999,1377416607.541584,1491701,2073385.13,695174322.053172,0
1622505600000,353.37,364.4,339.48,362.39,3652280.6916,1622591999999,1284873991.761273,1433677,1822516.9792,641389445.046448,0
1622592000000,362.36,419.43,350.43,401.54,4377024.6685,1622678399999,1713451718.593527,2005038,2216693.626,867266719.4426941,0
1622678400000,401.52,433.0,391.32,428.48,4214469.415,1622764799999,1752346450.735721,2025392,2186064.7368,909442960.293411,0
1622764800000,428.46,429.5,365.0,390.7,4926793.4499,1622851199999,1916201817.164444,2012318,2419380.41,941090245.734026,0
1622851200000,390.68,426.0,373.8,390.08,3977579.347,1622937599999,1595813798.745922,1821063,2003051.7862,804467032.658608,0
1622937600000,390.05,400.29,381.5,393.73,1862065.4318,1623023999999,729084366.503952,929629,930943.47,364608739.656506,0
1623024000000,393.82,407.42,353.53,357.96,3028938.8445,1623110399999,1170669919.32938,1370512,1494666.7202,578702115.745544,0
1623110400000,357.94,366.33,319.18,352.5,4986849.8512,1623196799999,1719924713.883863,1653195,2478865.2061,855494582.004821,0
1623196800000,352.5,378.77,333.56,375.54,3494285.669,1623283199999,1249840132.937438,1317443,1774863.9483,634757943.72687,0
1623283200000,375.56,377.55,344.13,351.94,2417974.6499,1623369599999,872882198.9498659,1071728,1202960.2109,434662249.103976,0
1623369600000,351.96,366.28,340.84,345.75,2215352.723,1623455999999,785929588.8141689,964635,1101601.9459,390903655.273408,0
1623456000000,345.76,348.88,325.3,343.7,2074837.0012,1623542399999,699907058.519639,802290,1029693.4534,347202094.482093,0
1623542400000,343.68,369.0,330.48,365.8,1958071.3656,1623628799999,679668875.246562,910360,1013285.3649,351794187.588347,0
1623628800000,365.81,377.33,355.07,370.19,1978613.2384,1623715199999,723637001.3751539,849339,1015484.5726,371383450.426436,0
1623715200000,370.2,379.58,363.23,366.48,1545190.4369,1623801599999,573156968.63816,724893,782583.002,290387496.021308,0
1623801600000,366.48,366.77,343.35,347.22,1531522.2062,1623887999999,543418325.492729,676336,779700.3651,276556823.124532,0
1623888000000,347.22,362.47,345.85,352.85,1239146.5273,1623974399999,439111935.571411,631605,621717.4866,220363779.215172,0
1623974400000,352.84,357.12,327.22,337.16,1583897.2791,1624060799999,543765122.851648,738607,771716.1532,264990565.829044,0
1624060800000,337.21,345.0,331.11,334.01,1067456.2119,1624147199999,361192951.851484,634365,543688.6954,183989153.63945,0
1624147200000,334.03,340.57,310.13,339.08,1618406.0051,1624233599999,529131275.11011297,792609,792261.3171,259151147.373625,0
1624233600000,339.09,342.0,268.57,270.76,3729539.0167,1624319999999,1134169839.109733,1381929,1827178.3179,556020287.403706,0
1624320000000,270.76,291.5,225.42,262.1,5570573.4851,1624406399999,1445168751.327064,1976516,2786384.568,723447909.2883619,0
1624406400000,262.1,309.75,251.41,296.25,3319089.777,1624492799999,956389175.501215,1169247,1678050.4481,483474224.49559,0
1624492800000,296.17,316.49,281.5,308.62,2635799.196,1624579199999,793593075.9976339,1009251,1385968.7086,417261352.240302,0
1624579200000,308.6,314.84,275.24,280.81,2711888.8709,1624665599999,791189610.0092831,1011830,1348854.6521,393675457.234358,0
1624665600000,280.89,290.33,264.26,279.65,2263064.3633,1624751999999,622268680.140945,979247,1122187.3484,308641877.811328,0
1624752000000,279.58,291.7,269.72,290.87,1539903.0268,1624838399999,431044973.38306093,687822,782571.1094,219139142.959866,0
1624838400000,290.89,299.96,283.55,290.0,1884580.1557,1624924799999,548496790.262426,750241,944261.8895,274761958.49379,0
1624924800000,290.0,315.6,289.19,300.79,2126079.3416,1625011199999,646844599.029175,834590,1102485.915,335427815.865861,0
1625011200000,300.79,304.88,281.53,303.71,2061866.47,1625097599999,606540123.129403,734913,1027784.8227,302523256.298881,0
1625097600000,303.75,304.0,281.0,287.43,1388151.0265,1625183999999,401830865.47626704,573928,688603.5003,199336774.047158,0
1625184000000,287.49,290.74,276.4,287.17,1003331.2269,1625270399999,282959964.051108,475079,512689.3549,144634892.715781,0
1625270400000,287.17,303.21,282.77,298.13,1016731.5662,1625356799999,299594862.737075,466472,529221.1029,155932281.290265,0
1625356800000,298.18,314.91,292.58,307.62,1309414.0255,1625443199999,401277889.880716,605689,677449.3985,207700870.224627,0
1625443200000,307.63,307.68,291.0,302.02,1403218.2408,1625529599999,421248886.193342,672197,690140.9832,207203363.968134,0
1625529600000,302.04,322.5,301.8,319.92,2066912.3595,1625615999999,650273531.159916,926280,1074874.1888,338213728.119891,0
1625616000000,319.91,340.0,318.23,327.51,1779058.2937,1625702399999,590298135.792665,886193,904080.814,299972722.159872,0
1625702400000,327.51,328.21,304.4,310.14,1644090.8501,1625788799999,519961296.569241,870608,828179.9981,261979001.80319,0
1625788800000,310.08,319.69,301.43,317.09,1106411.786,1625875199999,343735624.263496,596693,562591.0741,174766006.759253,0
1625875200000,317.09,321.44,310.57,316.12,818970.9225,1625961599999,258075549.819215,466128,422125.2851,133035620.715262,0
1625961600000,316.12,326.82,312.21,322.16,799617.835,1626047999999,256199711.968271,486889,418492.276,134081065.748826,0
1626048000000,322.17,334.37,308.57,316.12,1322836.6575,1626134399999,426623454.937474,716685,647717.2934,208968813.7391,0
1626134400000,316.11,318.33,305.2,308.94,930032.3155,1626220799999,289436636.719732,585046,471624.4206,146806397.921935,0
1626220800000,308.98,313.46,290.24,309.4,1430288.4026,1626307199999,432901624.170642,634993,709026.1883,214697217.691962,0
1626307200000,309.33,324.33,301.32,316.11,2185210.8398,1626393599999,683580014.966445,1052809,1093774.1748,342140901.256496,0
1626393600000,316.12,323.5,301.5,302.88,1456105.4019,1626479999999,452125371.767348,767224,727023.0241,225737516.36586,0
1626480000000,302.94,306.71,295.0,300.52,1030879.9611,1626566399999,309811109.644366,547784,507411.7753,152561010.560586,0
1626566400000,300.56,309.18,298.7,302.1,815497.3527,1626652799999,248310442.280799,448725,413434.355,125932857.879479,0
1626652800000,302.04,303.94,278.85,280.54,1318041.7074,1626739199999,380236625.464024,666369,647818.605,186789840.158511,0
1626739200000,280.54,283.6,254.52,264.44,1796600.5803,1626825599999,477330480.08544,746748,894982.1308,237765928.725501,0
1626825600000,264.43,298.92,261.02,293.26,1740736.0226,1626911999999,493675666.918788,757674,901974.4504,255753352.54118,0
1626912000000,293.27,298.44,287.3,293.36,1173507.9432,1626998399999,344239131.743979,674014,593027.8581,174041138.053119,0
1626998400000,293.39,301.5,281.01,299.27,1640999.5389,1627084799999,479004113.189418,898939,850635.2576,248343760.910537,0
1627084800000,299.29,307.79,295.43,301.56,1438901.3811,1627171199999,433812986.340374,681764,758287.8506,228635060.89773,0
1627171200000,301.53,304.44,292.34,302.56,1083557.277,1627257599999,324189704.048681,536267,552424.3586,165322900.00668,0
1627257600000,302.56,328.0,301.0,304.0,2575554.2802,1627343999999,814831876.350239,1245770,1309753.8291,414652245.307306,0
1627344000000,304.0,318.41,297.61,313.48,1678708.0635,1627430399999,516987151.37943906,830331,875258.4004,269512473.16026,0
1627430400000,313.47,318.68,308.0,313.8,1308249.13,1627516799999,410191599.79360706,706207,666436.1644,209021047.811072,0
1627516800000,313.84,320.31,308.6,317.03,998946.1839,1627603199999,313547925.46514,499603,521486.8805,163738229.262128,0
1627603200000,317.1,325.66,306.16,322.58,1297421.6445,1627689599999,409615592.86199,622787,674590.7763,213093536.668846,0
1627689600000,322.58,338.44,317.21,332.38,1393753.965,1627775999999,457403870.688032,678980,723600.7139,237595584.015846,0
1627776000000,332.38,347.8,328.99,332.59,1514514.2178,1627862399999,514454683.275946,848871,782348.0561,265878576.041112,0
1627862400000,332.63,338.29,326.17,330.55,1018741.3098,1627948799999,338323320.513389,554120,518450.6129,172226843.002384,0
1627948800000,330.53,334.73,317.02,323.43,1060806.3447,1628035199999,343038810.017112,498550,534938.0353,173017235.336345,0
1628035200000,323.44,337.39,319.78,334.77,969671.4228,1628121599999,318558568.225493,564546,507183.2848,166652398.554635,0
1628121600000,334.78,340.17,323.37,337.91,1263649.4926,1628207999999,419560178.09651506,675411,640386.7725,212668987.055897,0
1628208000000,337.92,347.14,331.12,342.39,1267498.9178,1628294399999,429722920.93820304,651241,643899.6525,218345512.7565,0
1628294400000,342.39,359.74,340.34,356.18,1545801.188,1628380799999,542603720.121595,783556,780105.0552,273808957.840442,0
1628380800000,356.18,359.87,337.0,341.79,1275768.154,1628467199999,445920620.983132,685710,637395.5148,222953184.976974,0
1628467200000,341.79,357.7,333.15,354.32,1284975.5132,1628553599999,448732876.95589,738182,638871.5007,223182907.116816,0
1628553600000,354.32,376.6,348.0,371.92,1660844.1918,1628639999999,604564023.905828,1108969,844331.8479,307326223.381171,0
1628640000000,371.95,408.72,371.09,390.96,1911892.6875,1628726399999,746352235.758229,1315114,994969.678,388360673.769969,0
1628726400000,390.92,406.18,371.59,385.66,1835305.9382,1628812799999,709029017.365146,1054147,913400.1935,352974806.111734,0
1628812800000,385.69,411.46,382.91,410.76,1261827.2925,1628899199999,504721884.412638,1039281,647998.6037,259244829.958551,0
1628899200000,410.74,418.8,400.0,408.67,1439286.5064,1628985599999,587011410.464729,979054,711034.7929,290044032.592885,0
1628985600000,408.66,415.16,395.88,414.05,1238115.4178,1629071999999,501360731.252956,667641,626652.3894,253881707.118168,0
1629072000000,414.05,437.0,410.79,415.72,1850324.1906,1629158399999,782937826.9759487,1005712,935148.1275,395702904.9766126,0
1629158400000,415.72,435.77,398.77,401.8,1984029.275,1629244799999,833886620.8244141,1075176,999206.4185,420382381.95838094,0
1629244800000,401.86,412.36,385.47,396.15,1750539.5385,1629331199999,698437988.862602,1008587,873118.4444,348486697.278389,0
1629331200000,396.23,431.7,390.89,431.27,1852873.4714,1629417599999,760855598.336724,1106798,948683.2212,389701706.797538,0
1629417600000,431.21,458.0,421.84,454.93,1691101.5102,1629503999999,741836933.5102249,1306013,884813.9113,388146665.315858,0
1629504000000,454.92,460.0,443.47,448.74,1426818.8978,1629590399999,646029835.594676,854002,735721.9985,333230170.543424,0
1629590400000,448.74,458.34,437.77,448.68,1135535.8076,1629676799999,509610173.147653,694269,577741.3149,259343651.621651,0
1629676800000,448.69,509.71,445.89,499.06,2660809.0219,1629763199999,1298353030.852169,1811364,1331807.7318,649326995.446275,0
1629763200000,499.06,504.2,461.12,471.62,2080297.6979,1629849599999,1005799339.791438,1544248,1053827.6492,510203090.865685,0
1629849600000,471.62,507.0,470.0,503.19,2242911.0333,1629935999999,1097153964.71357,1509519,1147940.1845,561662116.979682,0
1629936000000,503.17,518.94,471.2,478.1,2229652.231,1630022399999,1091106242.802029,1317370,1110486.0316,543630780.186364,0
1630022400000,478.2,495.0,467.1,494.5,1549790.9246,1630108799999,747871449.7962871,967190,799046.7263,385759376.19628096,0
1630108800000,494.6,497.0,482.3,486.2,891854.5838,1630195199999,434757166.85392094,647241,445617.7873,217271794.832321,0
1630195200000,486.1,495.5,475.0,479.7,910773.939,1630281599999,441423115.5593,535858,448184.594,217321228.5083,0
1630281600000,479.7,480.9,457.0,460.3,1125497.9612,1630367999999,532177068.407757,645920,560117.8346,265034573.541768,0
1630368000000,460.2,477.8,448.2,463.9,1477345.5552,1630454399999,687097552.053561,753856,731442.217,340294999.88438,0
1630454400000,463.9,490.0,455.1,489.4,1320635.94,1630540799999,627928762.5625,702925,691582.643,328993144.6141,0
1630540800000,489.5,504.7,478.0,483.7,1245680.6988,1630627199999,611758853.501436,787674,648219.1557,318489751.202876,0
1630627200000,483.6,495.0,473.0,488.5,1094104.742,1630713599999,533570500.4333,652207,559932.544,273213671.1255,0
1630713600000,488.4,509.9,485.2,497.7,1248261.6277,1630799999999,619851481.258591,713105,643245.7542,319419062.648741,0
1630800000000,497.8,505.2,488.4,504.8,878406.045,1630886399999,436390403.4393,598313,449961.164,223617413.0533,0
1630886400000,504.9,509.0,486.9,496.1,1121398.978,1630972799999,559438324.5125,718084,565681.051,282347697.9762,0
1630972800000,496.1,504.8,369.0,418.7,3358688.1229,1631059199999,1479395491.557286,1548603,1602132.4784,704689590.645824,0
1631059200000,418.7,425.5,382.3,415.0,2058507.11,1631145599999,841566323.6655,884760,991266.118,405521820.0415,0
1631145600000,415.2,436.1,403.4,421.3,1543293.221,1631231999999,644440971.8215,778617,792147.071,330788995.1246,0
1631232000000,421.3,439.4,393.2,401.4,1528906.751,1631318399999,632034252.0529,746322,760307.297,314486097.7836,0
1631318400000,401.4,415.3,399.3,405.1,922767.055,1631404799999,376762491.3478,470341,461508.387,188470359.6853,0
1631404800000,405.0,421.5,397.4,416.3,981402.883,1631491199999,405085778.0838,522393,488821.908,201820737.2838,0
1631491200000,416.4,419.7,383.0,399.1,1531654.719,1631577599999,609769200.4037,690953,769807.15,306456631.0462,0
1631577600000,399.1,414.7,395.7,414.3,930635.792,1631663999999,376195780.1579,532901,480280.307,194161253.1483,0
1631664000000,414.3,438.0,409.6,431.3,1182055.631,1631750399999,502438326.3707,635488,622747.317,264847197.7576,0
1631750400000,431.2,435.0,415.6,424.3,1037049.02,1631836799999,442117531.7271,617329,518404.577,221110736.8085,0
1631836800000,424.2,426.0,400.4,406.6,844137.727,1631923199999,349222596.7781,522901,418600.643,173221233.9268,0
1631923200000,406.8,420.0,401.5,410.7,733479.739,1632009599999,303442614.6176,506743,373050.942,154348317.6655,0
1632009600000,410.8,419.0,402.8,408.6,743095.721,1632095999999,305428364.0104,528398,366704.1,150773174.2069,0
1632096000000,408.5,410.1,353.7,364.1,1865673.9401,1632182399999,703797628.797956,977685,881923.5154,332657848.451965,0
1632182400000,364.1,376.0,336.8,344.4,1577059.1261,1632268799999,566624712.0311991,763984,791896.4408,284572679.57325,0
1632268800000,344.4,379.9,342.3,379.0,1085212.972,1632355199999,394051611.6032,597515,553884.795,201235269.5457,0
1632355200000,378.9,384.6,369.0,383.5,992215.176,1632441599999,374836991.5699,519442,493566.181,186466460.6826,0
1632441600000,383.5,385.3,333.6,355.0,1718950.219,1632527999999,611327922.318234,748096,832490.1089,295986539.32521,0
1632528000000,355.0,360.8,343.2,349.6,916797.617,1632614399999,322522702.0666,418464,453287.438,159500728.5629,0
1632614400000,349.6,353.0,320.0,344.0,1538759.1618,1632700799999,521735683.85030097,622577,746995.2385,253455370.050686,0
1632700800000,344.0,357.6,335.0,335.5,956544.069,1632787199999,332372476.5115,457187,471865.409,164032359.6946,0
1632787200000,335.5,344.6,330.0,333.0,922077.227,1632873599999,310828343.6974,417006,462640.097,156013524.1282,0
1632873600000,332.9,375.4,331.2,367.7,1696420.045,1632959999999,612547661.8839,653011,847213.725,305701063.9109,0
1632960000000,367.7,388.8,366.4,387.5,1163674.206,1633046399999,439628574.4184,551245,596095.313,225216292.8013,0
1633046400000,387.5,423.4,381.5,421.5,1440336.041,1633132799999,584311192.716,727854,745894.075,302609132.0077,0
1633132800000,421.4,438.2,410.6,427.1,1039006.518,1633219199999,441907791.7276,604611,529417.889,225199900.6896,0
1633219200000,427.0,437.2,421.5,430.5,820910.792,1633305599999,352575425.7036,519696,413794.044,177745337.3787,0
1633305600000,430.5,430.9,410.9,426.3,974423.359,1633391999999,410376184.3993,557908,494836.34,208477271.8517,0
1633392000000,426.4,444.0,424.0,442.1,883699.828,1633478399999,385403145.0597,623411,463235.919,202048232.3482,0
1633478400000,442.0,442.8,414.7,434.9,1245088.683,1633564799999,537791098.8015,758834,601184.585,259708002.9502,0
1633564800000,434.9,450.0,423.6,438.5,1159098.7447,1633651199999,509653579.8304,736772,601235.4267,264438982.3554,0
1633651200000,438.5,441.6,415.7,419.2,1505999.188,1633737599999,644030609.2269,944084,744536.978,318365991.6015,0
1633737600000,419.3,426.0,416.0,421.9,632123.526,1633823999999,266856749.2173,455659,325020.232,137240869.6649,0
1633824000000,421.9,422.3,402.0,404.1,729380.963,1633910399999,302884829.9452,500068,361493.033,150173542.0537,0
1633910400000,404.0,424.0,399.8,413.1,759924.884,1633996799999,314882971.6098,509680,387435.599,160663005.8374,0
1633996800000,413.2,444.5,392.2,444.2,1966630.183,1634083199999,829580710.1162,953219,994069.476,419640812.1219,0
1634083200000,444.1,471.8,432.3,470.8,3383303.439,1634169599999,1542057671.3891,1576761,1710530.955,779651509.732,0
1634169600000,470.7,482.8,461.2,472.7,1431305.925,1634255999999,676261023.816744,845772,742091.277,350671411.594244,0
1634256000000,472.7,478.0,450.8,474.5,1508188.787,1634342399999,702474058.1554,882619,773010.288,360145949.6193,0
1634342400000,474.5,484.7,423.0,465.8,1040477.571,1634428799999,490585492.1044,718791,518367.117,244799036.5714,0
1634428800000,465.8,472.4,454.2,470.9,890609.849,1634515199999,414577714.959,546483,441006.57,205355248.1758,0
1634515200000,471.0,487.6,466.4,484.9,1091006.031,1634601599999,518750531.8773,694852,570188.11,271176451.5119,0
1634601600000,485.0,497.6,480.3,488.1,912494.969,1634687999999,445294411.0935,685710,461125.851,225085951.4643,0
1634688000000,488.1,505.9,481.3,501.3,946412.94,1634774399999,467959376.3972,693317,499987.164,247248963.7968,0
1634774400000,501.3,504.9,466.0,470.9,1851835.929,1634860799999,900310066.4435,1225287,927933.956,451159046.0223,0
1634860800000,470.9,498.0,470.7,479.3,1118876.638,1634947199999,541705782.6395,722480,580705.769,281187181.8491,0
1634947200000,479.3,485.7,472.6,485.5,521970.795,1635033599999,250907116.8612,425737,268423.017,129058618.3186,0
1635033600000,485.5,486.5,467.8,475.8,590939.031,1635119999999,281745798.0897,483168,300455.544,143292247.6794,0
1635120000000,475.8,488.6,474.7,485.1,632116.761,1635206399999,305600064.9152,548234,332462.431,160735031.4063,0
1635206400000,485.1,489.8,473.5,478.1,702610.184,1635292799999,340191955.2634,589181,357720.978,173245847.0757,0
1635292800000,478.2,486.4,435.3,448.7,1370950.214,1635379199999,630367975.4475,973507,663457.287,305180862.5071,0
1635379200000,448.7,494.8,446.4,491.9,1523900.006,1635465599999,724786890.2403,1074597,786775.321,374277719.5819,0
1635465600000,492.0,533.61,487.6,530.3,1411851.4394,1635551999999,720241822.825672,1222937,768100.0328,391836939.857562,0
1635552000000,530.3,540.5,510.2,528.3,1095033.1264,1635638399999,575511112.876323,1048477,556476.9659,292522938.629933,0
1635638400000,528.4,535.0,508.9,524.6,1018991.819,1635724799999,532431987.4044,914156,515522.72,269374873.4912,0
1635724800000,524.6,551.9,511.0,551.3,1274272.0851,1635811199999,679389556.770091,1045678,672505.8114,358662328.211151,0
1635811200000,551.3,564.0,537.4,554.4,1153919.1399,1635897599999,635985237.925595,1103251,589617.5201,325078588.533195,0
1635897600000,554.4,570.1,537.5,568.4,1262766.5996,1635983999999,699196827.647012,1110367,667227.529,369585015.515862,0
1635984000000,568.4,568.9,543.6,558.7,1052950.033,1636070399999,584534661.6208,949944,531765.729,295260799.9798,0
1636070400000,558.8,616.9,554.1,607.3,1989945.5433,1636156799999,1187156588.997054,1493105,1031294.7765,614986723.355154,0
1636156800000,607.3,637.8,595.1,637.7,1366385.957,1636243199999,838291690.0841609,1130633,681187.6267,418001220.35598093,0
1636243200000,637.7,669.3,630.5,649.6,1476373.2487,1636329599999,968328578.1423631,1237108,735694.673,482470217.68379295,0
1636329600000,649.5,655.7,631.0,653.5,1290096.384,1636415999999,829833782.4209,1107452,643358.73,413906018.5439,0
1636416000000,653.6,656.7,631.9,635.0,879119.398,1636502399999,565719151.0885,913767,438097.252,281960401.4051,0
1636502400000,635.0,662.9,573.0,614.1,1814654.086,1636588799999,1144508386.2603,1566685,877164.774,553767086.3746,0
1636588800000,614.2,635.2,605.7,628.4,1019740.949,1636675199999,635981486.4901,964876,520136.654,324403092.2915,0
1636675200000,628.4,634.5,602.7,626.9,1012909.088,1636761599999,628792038.9268,808543,503526.29,312576942.1893,0
1636761600000,626.8,655.0,619.6,649.5,900107.757,1636847999999,574247361.3526,837297,462783.124,295324224.1481,0
1636848000000,649.5,661.0,634.5,650.8,933689.139,1636934399999,605300515.2465,849977,457605.185,296682830.3456,0
1636934400000,650.7,659.5,630.3,633.8,953989.634,1637020799999,615298900.6627,1026712,455754.644,294013379.1506,0
1637020800000,633.9,635.2,573.7,588.7,2200954.903,1637107199999,1320193365.0954,1606754,1061429.794,636121482.4142,0
1637107200000,588.8,592.6,553.7,578.0,1453408.555,1637193599999,832762537.5207,931271,727514.868,416941222.8617,0
1637193600000,577.9,588.2,510.0,531.8,1750338.428,1637279999999,965930426.1507,1064211,852835.88,471075433.5588,0
1637280000000,531.9,585.5,523.9,581.0,1300787.958,1637366399999,726611378.2376,899077,656184.833,366593185.6816,0
1637366400000,581.0,604.8,572.6,604.3,1119517.131,1637452799999,657161664.3158,879969,558042.94,327615767.3645,0
1637452800000,604.4,605.2,579.6,584.0,970133.807,1637539199999,572049351.412,813817,479850.967,282971141.0656,0
1637539200000,584.0,585.5,553.8,559.3,1141002.755,1637625599999,650028588.5166,773893,566693.965,322893754.604,0
1637625600000,559.4,605.0,557.9,591.1,1202541.917,1637711999999,700415875.4591,861890,610233.474,355485660.3154,0
1637712000000,591.1,594.3,576.8,590.3,1079667.803,1637798399999,632805869.1918,849926,542646.976,318092960.3371,0
1637798400000,590.4,650.0,587.4,639.1,1536194.042,1637884799999,958625175.4105,1281222,785388.645,489988789.4971,0
1637884800000,639.1,657.9,564.2,587.3,2413553.439,1637971199999,1447846558.5573,1595124,1190239.602,713762317.6029,0
1637971200000,587.2,621.3,582.6,599.9,1183849.36,1638057599999,712876474.9266,834017,608949.708,366634591.7336,0
1638057600000,599.9,612.9,571.6,611.3,1281130.351,1638143999999,757806021.786,850287,637614.225,377217502.8542,0
1638144000000,611.4,629.0,601.6,623.4,1090520.864,1638230399999,672538451.6903,866073,560898.356,345899573.4057,0
1638230400000,623.5,635.0,602.6,622.5,1380656.205,1638316799999,858030125.9787,1002401,698521.928,434270015.6961,0
1638316800000,622.5,649.8,618.2,627.5,1384101.087,1638403199999,879872431.1519,973369,697767.741,443639554.4136,0
1638403200000,627.5,630.9,605.5,619.9,1104596.881,1638489599999,685357094.9824,776160,542229.378,336493098.1181,0
1638489600000,619.9,628.0,574.0,595.0,1250950.167,1638575999999,758470254.7318,903964,611140.676,370745476.1359,0
1638576000000,595.1,596.0,489.2,568.6,2611783.647,1638662399999,1425050943.3721,1498320,1260304.849,688193069.5578,0
1638662400000,568.5,582.0,539.9,557.8,1258393.72,1638748799999,707167735.8036,749846,629604.781,353742720.7683,0
1638748800000,557.7,593.0,533.0,587.5,2005928.932,1638835199999,1119432809.5291,1152308,1020222.356,569630285.3942,0
1638835200000,587.5,594.1,572.2,578.7,1017363.943,1638921599999,595103047.9773,807295,519062.125,303717026.8277,0
1638921600000,578.7,607.6,567.0,607.2,1113215.449,1639007999999,651285928.0383,805159,563504.848,329800182.1351,0
1639008000000,607.3,617.0,567.7,570.2,1096635.012,1639094399999,648380380.7178,772261,537087.416,317731203.8656,0
1639094400000,570.2,595.1,550.2,552.4,1083121.564,1639180799999,621292933.926,730571,548260.331,314474588.1019,0
1639180800000,552.5,572.7,542.0,564.5,950448.474,1639267199999,529027286.0263,649423,483388.118,269008578.7261,0
1639267200000,564.6,574.8,559.3,570.3,544940.336,1639353599999,308334857.2714,476827,281070.612,159043434.4895,0
1639353600000,570.3,572.2,511.1,521.0,1037150.705,1639439999999,558660545.4829,678583,496813.632,267720996.4967,0
1639440000000,521.0,535.8,509.7,528.1,1263782.101,1639526399999,660926721.8958,832636,630971.259,330040896.6269,0
1639526400000,528.0,546.7,501.6,541.1,1147515.305,1639612799999,604825337.5588,798472,570060.033,300705526.32,0
1639612800000,541.1,545.3,524.8,526.2,735504.682,1639699199999,394779330.6026,562102,365346.472,196115463.6768,0
1639699200000,526.2,535.8,511.0,525.5,921732.763,1639785599999,484731644.0489,636038,456060.338,239896688.5116,0
1639785600000,525.5,537.8,515.0,533.9,580436.098,1639871999999,306816951.2816,429085,297913.645,157516909.2405,0
1639872000000,533.9,544.4,527.1,529.8,540256.684,1639958399999,289149894.6572,398493,272058.622,145637296.775,0
1639958400000,529.8,534.8,505.6,524.0,727454.212,1640044799999,377351552.6286,503004,355652.842,184530907.7199,0
1640044800000,524.0,535.7,509.8,528.3,686439.708,1640131199999,362435440.6159,468897,351944.821,185860057.3185,0
1640131200000,528.4,545.0,527.2,533.6,721787.109,1640217599999,386718252.4613,534390,368159.343,197287087.8335,0
1640217600000,533.6,552.6,524.3,549.0,844421.954,1640303999999,452954925.0665,601818,434852.821,233299578.792,0
1640304000000,549.0,554.4,537.4,542.1,665688.415,1640390399999,363769480.7955,514617,333593.877,182325595.9224,0
1640390400000,542.1,550.5,539.1,547.4,455399.793,1640476799999,248401383.1592,359677,229738.36,125325925.4399,0
1640476800000,547.4,549.3,535.6,546.4,536338.775,1640563199999,291474552.8352,398373,274890.311,149387990.7642,0
1640563200000,546.5,572.0,543.1,563.7,803473.155,1640649599999,448470409.7036,556328,422809.226,236068996.8477,0
1640649600000,563.7,563.7,528.4,534.2,1002556.271,1640735999999,547720713.5012,627465,488779.085,267063481.6691,0
1640736000000,534.2,540.5,510.3,514.5,740117.867,1640822399999,390415720.3118,498434,352578.627,186049723.4879,0
1640822400000,514.5,527.8,508.3,518.5,639166.717,1640908799999,331680388.3552,431967,316479.96,164269838.9279,0
1640908800000,518.6,528.3,506.0,511.4,677844.749,1640995199999,350384267.7,449243,327189.312,169196390.5897,0
1640995200000,511.5,527.9,511.4,527.3,446171.541,1641081599999,231696121.2996,329538,228746.06,118795531.093,0
1641081600000,527.4,533.9,518.0,531.0,404475.541,1641167999999,212693827.9376,346252,201215.689,105821746.9582,0
1641168000000,531.0,532.8,510.0,511.9,663841.021,1641254399999,345896511.2778,463331,307248.318,160218591.7212,0
1641254400000,511.9,520.0,502.0,506.9,687436.638,1641340799999,351709153.0318,481805,339618.046,173854830.3378,0
1641340800000,506.9,516.0,457.0,474.1,985152.004,1641427199999,487039058.787,629399,468264.457,231667717.7675,0
1641427200000,474.2,481.3,458.8,472.6,986669.9,1641513599999,462959866.6669,543241,483572.536,226927150.9018,0
1641513600000,472.6,473.9,437.5,448.1,1331260.03,1641599999999,600028684.1946,615848,651085.365,293413191.1806,0
1641600000000,448.1,459.7,415.0,429.9,1062788.589,1641686399999,464082732.8109,512468,512118.122,223858210.4121,0
1641686400000,429.8,444.5,427.0,438.7,688777.347,1641772799999,299514285.4251,367892,350251.38,152326150.6956,0
1641772800000,438.8,445.5,405.6,424.7,1221504.738,1641859199999,518143646.508,550883,598982.046,254094710.5416,0
1641859200000,424.8,467.7,421.3,463.6,1266092.819,1641945599999,571335667.7927,670993,633684.189,285974081.1136,0
1641945600000,463.6,489.9,456.6,487.8,836124.928,1642031999999,395395226.9867,542753,423686.855,200326634.2946,0
1642032000000,487.8,489.8,466.5,475.2,908052.937,1642118399999,434855256.5301,574157,444646.22,212967489.4348,0
1642118400000,475.1,492.3,467.6,490.0,797022.181,1642204799999,383070562.1503,532865,399272.612,191940595.492,0
1642204800000,489.9,500.9,485.0,494.5,548626.203,1642291199999,270831128.9543,408859,273845.493,135196757.8088,0
1642291200000,494.5,506.0,488.6,498.6,507042.332,1642377599999,251862226.2236,389752,255573.101,126955976.8741,0
1642377600000,498.6,499.1,466.9,475.2,757806.035,1642463999999,363254557.7459,517026,366529.219,175776792.5506,0
1642464000000,475.1,479.6,457.2,471.4,707501.577,1642550399999,330240013.3563,451974,347746.444,162364731.6517,0
1642550400000,471.5,473.1,453.7,461.9,585750.3,1642636799999,272375832.0181,397483,288526.101,134181496.3553,0
1642636800000,461.9,478.7,438.2,440.2,1137854.894,1642723199999,528565003.8169,688607,571148.567,265571291.5449,0
1642723200000,440.2,444.6,373.7,383.9,1891179.594,1642809599999,780737529.9346,871503,924044.423,381743544.5111,0
1642809600000,383.8,389.6,336.3,358.3,2635609.386,1642895999999,949889475.2338,1039653,1301920.156,469510550.9883,0
1642896000000,358.3,389.0,356.3,383.9,1297043.923,1642982399999,486432084.5722,564987,648942.742,243330333.4258,0
1642982400000,384.0,384.0,336.0,371.3,1900214.42,1643068799999,674434639.6883,747043,939454.975,333557486.5505,0
1643068800000,371.2,389.5,357.4,385.1,1006111.155,1643155199999,374436795.3877,496841,508732.792,189366617.1185,0
1643155200000,385.1,402.4,366.4,375.1,1073520.172,1643241599999,413788334.1036,609665,541547.803,208804261.6785,0
1643241600000,375.1,393.8,360.0,389.9,962060.888,1643327999999,358493434.8504,530658,471171.641,175473344.5241,0
1643328000000,389.9,395.9,375.8,385.9,752320.615,1643414399999,290426869.6174,439977,386443.382,149191637.3446,0
1643414400000,385.9,397.3,380.7,389.3,534573.782,1643500799999,207593040.2279,342125,263033.259,102193937.2444,0
1643500800000,389.4,389.6,372.2,377.2,536436.123,1643587199999,204652766.3272,322360,256880.767,98025189.9016,0
1643587200000,377.2,385.4,365.2,374.3,620113.734,1643673599999,232898450.6479,360853,299825.668,112651437.3032,0
1643673600000,374.4,388.4,373.7,384.2,555347.277,1643759999999,212697945.1107,333563,287877.37,110293234.4083,0
1643760000000,384.1,386.1,366.1,366.9,572340.04,1643846399999,215596317.4431,346326,273049.822,102886669.806,0
1643846400000,367.1,372.4,359.6,372.3,495715.227,1643932799999,181299666.3064,300375,241325.244,88275011.5879,0
1643932800000,372.2,399.7,369.5,399.5,849825.828,1644019199999,326468411.3554,412637,456265.076,175306007.4232,0
1644019200000,399.6,431.0,396.3,413.7,1031046.87,1644105599999,429828793.049,526783,520603.252,216978975.2392,0
1644105600000,413.8,422.5,407.0,419.9,542631.176,1644191999999,225211627.8565,345411,277772.083,115280470.3142,0
1644192000000,419.9,439.0,413.3,433.5,758247.667,1644278399999,326074842.5938,475365,391186.266,168228778.1696,0
1644278400000,433.5,445.4,406.2,407.8,1148555.321,1644364799999,484080748.7926,608313,555684.262,234349470.0003,0
1644364800000,407.9,427.7,407.1,422.9,633880.431,1644451199999,265055577.1978,390401,325445.133,136102659.7955,0
1644451200000,422.9,434.9,410.0,414.7,956240.339,1644537599999,403767915.0088,518995,476629.455,201393978.0868,0
1644537600000,414.7,418.9,390.5,400.0,700843.2,1644623999999,286858834.3641,438186,340126.872,139329643.6746,0
1644624000000,400.0,407.1,393.3,403.6,521080.237,1644710399999,208673604.9611,338979,257919.186,103312876.227,0
1644710400000,403.6,407.8,394.7,397.9,388657.052,1644796799999,156144929.8226,267677,185921.683,74722055.676,0
1644796800000,398.0,404.5,390.6,403.4,472210.318,1644883199999,187826631.9452,281617,236504.48,94111239.337,0
1644883200000,403.4,443.0,402.7,432.4,1184143.99,1644969599999,505124380.0128,555199,606900.857,258975010.5524,0
1644969600000,432.4,433.5,422.2,427.3,606252.493,1645055999999,259874383.3159,376834,300138.378,128700291.5079,0
1645056000000,427.3,431.1,400.0,402.4,661874.717,1645142399999,275709832.7181,399164,319535.092,133101455.9761,0
1645142400000,402.4,411.0,392.2,399.2,611936.679,1645228799999,245671823.9169,332933,291905.747,117197127.9116,0
1645228800000,399.2,406.4,393.0,399.8,410279.304,1645315199999,164154087.3112,253423,201734.291,80728447.7264,0
1645315200000,399.8,400.0,375.0,380.6,624148.525,1645401599999,239051430.9718,344722,293980.502,112546478.8921,0
1645401600000,380.7,393.7,355.0,356.6,1219652.481,1645487999999,457114758.2113,537899,579699.365,217373414.3592,0
1645488000000,356.7,375.4,348.7,374.3,940456.822,1645574399999,340225406.7727,395255,470479.765,170275677.3903,0
1645574400000,374.3,384.2,365.3,365.6,698692.661,1645660799999,262913145.3207,340110,356294.522,134116946.4908,0
1645660800000,365.6,371.3,323.5,361.2,1949035.935,1645747199999,670530462.9295,727590,959743.748,330345418.9014,0
1645747200000,361.2,377.2,356.8,375.0,783242.16,1645833599999,286459035.4918,383154,397797.573,145493287.0121,0
1645833600000,375.0,386.1,370.5,373.7,548687.941,1645919999999,206711446.3645,304302,270133.865,101772066.8921,0
1645920000000,373.7,381.2,358.1,360.1,677364.949,1646006399999,249999154.4557,354177,324168.593,119749407.2912,0
1646006400000,360.1,397.2,355.8,395.6,773064.48,1646092799999,289850493.0347,417256,393947.475,147870067.6049,0
1646092800000,395.7,424.9,390.4,408.7,1403695.832,1646179199999,570619625.5918,680260,715912.6,291123112.7624,0
1646179200000,408.7,415.7,403.8,409.3,788499.443,1646265599999,323372980.944,430117,393840.401,161530363.1923,0
1646265600000,409.3,413.2,397.4,402.6,577002.325,1646351999999,233991241.5175,320905,275591.5,111773034.2541,0
1646352000000,402.6,403.5,372.0,374.2,756176.61,1646438399999,294267657.1117,366024,368155.709,143396928.6144,0
1646438400000,374.1,387.3,367.2,384.7,453970.242,1646524799999,171261274.7136,269443,227740.15,85923287.0657,0
1646524800000,384.8,387.3,371.6,375.0,489079.158,1646611199999,185729892.8404,260216,240559.334,91373487.9699,0
1646611200000,375.0,385.9,362.8,380.6,949294.91,1646697599999,356471656.4455,394557,466027.949,175096096.3562,0
1646697600000,380.6,388.7,375.3,381.4,647492.047,1646783999999,247897754.6279,298402,321339.939,123046986.7479,0
1646784000000,381.4,402.7,381.0,393.2,1012850.747,1646870399999,399432781.3146,464185,516724.027,203772734.0077,0
1646870400000,393.2,394.5,363.0,372.0,791332.984,1646956799999,296391848.9077,385923,381234.878,142819545.6778,0
1646956800000,372.1,380.0,364.7,371.9,510174.586,1647043199999,189829352.1348,273544,258177.217,96095000.8736,0
1647043200000,371.9,379.2,371.1,372.4,402475.646,1647129599999,151304077.1742,227739,206364.926,77590495.6075,0
1647129600000,372.4,377.2,360.1,361.4,424762.642,1647215999999,157468699.6473,252852,209382.038,77654359.6298,0
1647216000000,361.4,373.9,359.5,373.4,467814.984,1647302399999,171918309.3804,250927,236309.416,86863054.0619,0
1647302400000,373.4,374.7,361.7,371.7,440890.823,1647388799999,162504505.4955,232435,227304.245,83812528.144,0
1647388800000,371.7,386.6,367.8,385.4,668878.615,1647475199999,252390066.8971,348707,345771.544,130532391.6677,0
1647475200000,385.3,393.5,381.7,391.8,569457.408,1647561599999,220668680.0061,292447,297233.249,115192595.5742,0
1647561600000,391.9,400.0,384.0,397.2,553763.586,1647647999999,216435335.2584,309939,291640.236,114017596.6064,0
1647648000000,397.2,406.4,394.9,399.9,459996.613,1647734399999,184226934.2762,285223,235946.934,94497270.1491,0
1647734400000,399.9,400.8,386.2,390.8,398984.429,1647820799999,156927918.921,265148,200256.33,78795336.6725,0
1647820800000,390.8,399.5,384.8,396.0,541479.78,1647907199999,213220417.4339,282212,280819.68,110626614.5818,0
1647907200000,396.0,410.0,394.8,404.3,609034.607,1647993599999,246686059.4737,315030,321120.295,130032629.1414,0
1647993600000,404.3,411.7,397.9,408.4,535891.79,1648079999999,216596978.3039,283766,275486.295,111394004.2289,0
1648080000000,408.4,416.6,405.0,414.2,598366.115,1648166399999,246062725.2176,312271,308800.729,126972659.0136,0
1648166400000,414.2,421.5,405.5,410.3,609691.876,1648252799999,252564500.671,324808,316541.494,131186491.2242,0
1648252800000,410.3,416.4,407.5,415.8,280157.687,1648339199999,115642732.4925,197760,145489.149,60059598.8606,0
1648339200000,415.9,431.6,411.7,430.5,490998.1,1648425599999,206354927.6384,302985,245098.373,102988732.0453,0
1648425600000,430.6,441.0,427.6,430.2,719102.183,1648511999999,312557900.7517,410910,355592.439,154621914.4427,0
1648512000000,430.2,441.6,429.4,434.2,629773.894,1648598399999,274292494.9875,372204,321151.616,139912799.5996,0
1648598400000,434.2,449.3,425.5,442.1,768982.427,1648684799999,337640530.5811,435588,398548.919,174996873.4687,0
1648684800000,442.1,452.3,423.9,428.9,957924.695,1648771199999,420218726.6781,511531,486530.998,213573720.5281,0
1648771200000,428.9,448.2,412.8,447.7,971822.655,1648857599999,420007037.5609,502046,497087.025,214905535.8364,0
1648857600000,447.8,454.2,435.7,437.2,827864.885,1648943999999,369703437.968,416135,409039.962,182727591.2409,0
1648944000000,437.3,455.7,432.2,450.4,676230.892,1649030399999,300737395.2241,362521,349456.437,155431719.6767,0
1649030400000,450.4,450.5,433.4,447.6,736637.271,1649116799999,326915235.4488,380099,364002.038,161560425.5014,0
1649116800000,447.6,460.0,444.1,444.7,761168.725,1649203199999,344439007.4977,424545,382016.051,172926288.293,0
1649203200000,444.7,448.6,418.3,420.1,928930.806,1649289599999,401489681.8239,504090,453024.853,195831892.6871,0
1649289600000,420.1,450.0,416.2,436.0,717661.036,1649375999999,308674406.1649,400142,363836.868,156569023.9122,0
1649376000000,436.1,442.0,418.4,421.5,684600.074,1649462399999,294837274.727,363605,338638.552,145901958.467,0
1649462400000,421.5,428.2,419.6,426.6,356426.659,1649548799999,151083668.0967,207253,177707.148,75323075.1574,0
1649548800000,426.6,429.5,417.0,418.1,386650.883,1649635199999,164022002.1582,212728,187094.844,79381884.4048,0
1649635200000,418.1,419.7,391.2,394.6,856354.224,1649721599999,348015114.8186,361757,419909.415,170639466.928,0
1649721600000,394.6,417.1,392.4,413.6,729790.918,1649807999999,297678247.1116,364735,373607.765,152391191.9849,0
1649808000000,413.7,424.6,410.3,423.4,630077.277,1649894399999,263365818.4243,338150,327657.058,136975423.9552,0
1649894400000,423.4,426.9,411.3,414.7,464220.208,1649980799999,194192225.9607,264015,230637.767,96489642.9877,0
1649980800000,414.7,420.0,412.5,417.3,331730.773,1650067199999,138219013.2094,192015,163769.93,68239067.5465,0
1650067200000,417.3,419.0,411.6,417.3,237289.02,1650153599999,98579512.0048,153106,119501.728,49654933.4751,0
1650153600000,417.3,418.2,405.5,406.6,302390.726,1650239999999,125179818.3567,167160,148023.219,61294861.2011,0
1650240000000,406.7,418.0,396.2,416.8,628747.772,1650326399999,255406129.1018,298174,319292.217,129776528.0202,0
1650326400000,416.9,424.7,414.6,422.3,567586.931,1650412799999,238184351.9582,299856,286508.984,120241238.0221,0
1650412800000,422.3,431.4,414.9,418.4,677255.09,1650499199999,286561981.3284,355369,350316.783,148255259.396,0
1650499200000,418.4,426.0,401.2,404.9,771718.154,1650585599999,322432006.8005,323273,386689.718,161626483.3927,0
1650585600000,404.9,413.9,403.3,406.6,563521.049,1650671999999,230501976.6605,255825,279971.409,114526893.6731,0
1650672000000,406.6,408.1,397.3,401.1,339347.45,1650758399999,137157329.9267,187741,164295.63,66414494.8026,0
1650758400000,401.2,405.5,397.1,398.8,322889.805,1650844799999,129744963.581,172618,156078.513,62722447.7397,0
1650844800000,398.8,405.7,382.3,404.3,849798.678,1650931199999,334326205.4269,337734,424015.146,166883667.5986,0
1650931200000,404.4,407.5,380.8,385.9,629808.812,1651017599999,248264999.2856,297370,307679.474,121285209.71,0
1651017600000,386.0,394.8,383.3,391.3,567371.495,1651103999999,221200838.1662,250590,284226.882,110818405.6121,0
1651104000000,391.4,408.6,388.5,407.1,946336.334,1651190399999,379597709.6867,390114,465097.666,186576996.0813,0
1651190400000,407.2,410.7,389.7,393.0,694888.526,1651276799999,277495560.7687,343294,343813.041,137322409.224,0
1651276800000,393.0,399.9,376.3,377.1,574905.822,1651363199999,224484821.4371,278317,267721.173,104604833.6433,0
1651363200000,377.1,391.4,375.5,389.9,564144.673,1651449599999,216874708.715,285078,280692.675,107936479.1682,0
1651449600000,389.9,392.6,382.1,389.5,454918.112,1651535999999,176653828.6666,242777,235079.619,91309022.8112,0
1651536000000,389.5,392.3,379.8,383.9,388317.42,1651622399999,150137733.5287,213156,195560.343,75628380.2958,0
1651622400000,383.9,403.1,382.7,402.6,599066.682,1651708799999,235145614.8909,290822,316097.483,124075722.1498,0
1651708800000,402.6,413.6,370.7,378.4,1224114.512,1651795199999,480461812.5141,535227,604361.768,237456908.8888,0
1651795200000,378.5,383.3,370.6,379.1,702441.419,1651881599999,265287421.9414,322398,355770.688,134356330.3265,0
1651881600000,379.1,380.6,360.1,365.5,554852.531,1651967999999,207175988.6536,265003,255703.789,95472635.978,0
1651968000000,365.5,367.0,349.5,355.9,785184.087,1652054399999,280783573.4153,311749,367939.264,131568845.2526,0
1652054400000,355.9,359.3,295.4,296.1,2137566.8702,1652140799999,689731241.244785,691845,1049804.04,339070962.92553,0
1652140800000,296.1,332.8,289.0,319.1,2160654.1754,1652227199999,681797899.107798,770073,1058434.735,333845499.6589,0
1652227200000,319.1,323.0,260.8,271.5,3387753.9826,1652313599999,994453854.0525911,1310616,1663800.4496,488499968.93179,0
1652313600000,271.4,285.0,218.8,269.0,4499625.6033,1652399999999,1160044030.817458,1678892,2192767.9657,566248059.64429,0
1652400000000,269.0,313.5,265.4,290.6,1912387.361,1652486399999,570629505.735,777961,972518.566,289992223.5829,0
1652486400000,290.7,299.5,272.1,296.9,1092874.023,1652572799999,313368698.1198,518046,556608.948,159620134.9104,0
1652572800000,296.9,312.6,285.7,312.4,774709.231,1652659199999,231142840.1901,392238,389103.506,116104553.4209,0
1652659200000,312.4,312.5,290.3,297.2,967622.834,1652745599999,288647095.5697,416224,484101.387,144389234.9869,0
1652745600000,297.3,310.7,295.8,306.2,702265.607,1652831999999,213433635.73,340424,347041.057,105444987.7964,0
1652832000000,306.2,308.6,286.8,287.7,731091.091,1652918399999,217141792.4776,327144,361142.33,107330288.0432,0
1652918400000,287.8,308.9,286.8,307.1,685238.844,1653004799999,205598123.8996,352294,346082.627,103884240.365,0
1653004800000,307.1,316.1,294.1,302.2,918118.177,1653091199999,281005765.1526,374986,464156.396,141978227.0217,0
1653091200000,302.3,314.2,299.3,312.4,470778.483,1653177599999,144965150.0549,233370,230272.195,70901802.1093,0
1653177600000,312.5,323.7,311.5,319.4,640675.573,1653263999999,203402231.0268,264728,325208.812,103255997.6852,0
1653264000000,319.3,337.0,315.3,317.2,1016212.871,1653350399999,332787923.2211,403707,509179.981,166761026.4765,0
1653350400000,317.1,330.4,312.1,328.3,1087140.698,1653436799999,350658423.566,360566,537662.604,173422460.3828,0
1653436800000,328.3,337.9,324.0,325.7,1057736.755,1653523199999,348647272.3531,324800,530208.977,174746230.1103,0
1653523200000,325.7,331.8,296.7,303.0,1539437.598,1653609599999,482675425.1862,472567,747810.221,234494191.2053,0
1653609600000,303.0,309.8,290.6,301.6,1460549.008,1653695999999,439011128.0486,485013,713409.448,214453050.0109,0
1653696000000,301.5,310.5,296.9,307.5,601654.504,1653782399999,182686636.394,238331,298145.657,90552519.2608,0
1653782400000,307.6,308.2,298.6,305.8,519507.747,1653868799999,157551407.3438,223923,260088.838,78883001.3772,0
1653868800000,305.9,324.0,303.9,321.8,1006928.231,1653955199999,318483358.1724,359039,521569.372,164970707.8702,0
1653955200000,321.8,324.8,313.5,320.9,701746.39,1654041599999,224420165.5609,351755,348392.686,111439808.4767,0
1654041600000,321.0,324.5,297.6,300.4,817984.609,1654127999999,254597660.7454,352811,399937.208,124452671.4438,0
1654128000000,300.5,309.2,298.2,308.3,477670.4,1654214399999,144758528.4928,245840,239176.989,72491925.9285,0
1654214400000,308.4,310.3,293.3,298.6,468996.677,1654300799999,140826605.1582,240420,230771.492,69269731.2435,0
1654300800000,298.6,302.9,294.8,301.3,293533.108,1654387199999,87900097.3429,170227,151480.095,45365466.3185,0
1654387200000,301.4,302.5,295.0,299.1,269695.901,1654473599999,80515666.7129,172367,134680.715,40214711.4824,0
1654473600000,299.1,312.3,288.0,295.1,758590.86,1654559999999,229336066.1504,357412,373799.032,113119808.0166,0
1654560000000,295.1,295.9,273.5,290.3,969784.619,1654646399999,276622300.0833,415694,473595.14,135155330.3518,0
1654646400000,290.3,294.6,283.9,288.5,509510.455,1654732799999,147774213.8302,267476,264647.471,76767359.4464,0
1654732800000,288.5,293.4,286.3,289.9,335495.073,1654819199999,97246541.1366,191304,180648.997,52363493.5402,0
1654819200000,289.9,298.9,283.2,286.4,817523.364,1654905599999,236828890.8988,339014,428427.936,124191348.8107,0
1654905600000,286.4,290.6,265.2,269.9,584351.456,1654991999999,161677600.7792,269404,282490.702,78108324.821,0
1654992000000,269.9,272.0,251.1,254.8,827755.035,1655078399999,215061279.4901,344673,401769.922,104428494.9121,0
1655078400000,254.8,257.8,213.2,223.0,2377589.4089,1655164799999,546805495.733613,738817,1158626.7144,266643449.16123,0
1655164800000,222.9,231.4,204.1,223.0,1922025.0844,1655251199999,422925306.5654336,587234,954336.2071,210152823.37454,0
1655251200000,223.1,234.7,198.4,233.6,2105397.5515,1655337599999,448547539.3195364,667284,1042847.422,222543475.5724,0
1655337600000,233.6,237.2,207.7,210.2,975592.873,1655423999999,214986177.6497,356855,476983.002,105063970.1662,0
1655424000000,210.3,222.1,207.7,215.8,690834.308,1655510399999,149392114.506,249702,349047.83,75507206.0331,0
1655510400000,215.8,219.0,183.4,197.0,1404690.4959,1655596799999,279072472.256769,457262,668746.69,132878870.4645,0
1655596800000,197.0,217.0,189.7,215.1,1102166.171,1655683199999,224920974.6115,354926,569294.167,116236550.8208,0
1655683200000,215.1,219.8,204.8,216.5,880400.844,1655769599999,187322962.2861,315623,437645.957,93089774.7158,0
1655769600000,216.5,228.4,213.1,220.1,829003.565,1655855999999,183872676.7358,302528,436736.138,96923457.7983,0
1655856000000,220.2,221.0,211.2,214.4,690466.465,1655942399999,149052138.7577,251238,349225.642,75374483.4944,0
1656028800000,229.0,243.3,228.3,240.2,707275.387,1656115199999,166839422.1564,313643,361206.928,85202384.1711,0
1656115200000,240.3,242.1,229.7,239.7,490948.31,1656201599999,116387757.5903,238844,243254.481,57694557.1703,0
1656201600000,239.7,245.2,233.2,233.9,456762.547,1656287999999,109213172.7113,231565,228341.531,54625539.9365,0
1656288000000,234.0,241.0,230.0,233.8,483616.798,1656374399999,113847391.7689,224326,243099.513,57244635.8679,0
1656374400000,233.9,242.8,225.9,226.9,632626.779,1656460799999,149006957.8704,295208,325512.672,76739636.2322,0
1656460800000,227.0,229.8,215.4,219.7,711780.691,1656547199999,157422165.4455,286457,364354.108,80612008.2383,0
1656547200000,219.7,220.3,205.4,219.6,791526.898,1656633599999,168111073.7277,312512,401490.663,85253514.2265,0
1656633600000,219.6,226.8,213.5,216.9,816261.885,1656719999999,179748144.2187,292502,426482.119,93850534.8584,0
1656720000000,216.9,219.7,213.8,218.3,342712.099,1656806399999,74221672.5156,171343,176393.79,38212489.3049,0
1656806400000,218.4,220.1,213.9,219.2,361103.065,1656892799999,78551392.8071,151738,187666.58,40820488.864,0
1656892800000,219.2,232.2,214.8,231.5,514662.946,1656979199999,115095649.762,210928,271546.953,60707607.7633,0
1656979200000,231.6,236.6,222.9,230.8,684927.621,1657065599999,157531502.5575,260306,327209.981,75214403.7669,0
1657065600000,230.8,240.0,229.0,238.6,644951.713,1657151999999,152035811.0107,246590,332247.796,78314880.8626,0
1657152000000,238.6,243.8,230.0,241.4,488193.225,1657238399999,116889808.366,215455,243710.449,58374918.0635,0
1657238400000,241.4,247.7,237.0,240.7,643936.034,1657324799999,155410733.435,250004,330125.782,79694194.8757,0
1657324800000,240.7,245.0,240.4,243.3,267778.165,1657411199999,65028839.7307,139755,143342.71,34815885.6153,0
1657411200000,243.3,243.5,231.7,234.7,396712.237,1657497599999,93608353.6637,163249,197805.72,46684945.2197,0
1657497600000,234.7,235.0,225.1,225.6,419335.067,1657583999999,96787885.921,194203,204467.196,47197503.5514,0
1657584000000,225.7,228.3,220.2,220.6,410220.066,1657670399999,92021837.1589,179212,203288.701,45612940.6251,0
1657670400000,220.6,231.3,216.4,230.5,714589.61,1657756799999,159664486.6001,276741,365499.985,81707454.2351,0
1657756800000,230.5,240.0,227.1,238.5,577524.874,1657843199999,134737102.3693,238148,295097.434,68883474.5904,0
1657843200000,238.6,242.7,235.4,238.5,446513.822,1657929599999,106441090.036,199251,233080.702,55567725.5287,0
1657929600000,238.6,251.5,233.9,249.8,423399.994,1658015999999,103010813.2741,212250,220960.658,53772155.5355,0
1658016000000,249.8,256.1,246.4,247.8,436448.547,1658102399999,109732342.9723,222746,222793.677,56021336.8921,0
1658102400000,247.8,265.6,247.6,264.1,747067.029,1658188799999,193593760.8025,328943,382392.944,99092025.3114,0
1658188800000,264.1,274.8,255.8,268.6,946386.94,1658275199999,250265863.908,385068,486261.027,128667701.3476,0
1658275200000,268.6,272.0,256.4,258.2,771496.808,1658361599999,205390008.9628,327966,402550.85,107213788.2242,0
1658361600000,258.3,266.0,250.7,265.6,545140.272,1658447999999,140726770.2612,253381,267768.693,69149066.3308,0
1658448000000,265.6,271.4,261.1,262.4,508542.317,1658534399999,135732971.3766,239833,257841.085,68827786.3076,0
1658534400000,262.5,272.6,252.7,259.2,488326.247,1658620799999,127285476.3853,238809,254518.392,66334523.6189,0
1658620800000,259.2,266.2,257.1,261.4,333902.611,1658707199999,87651122.8448,182151,167953.902,44088808.8838,0
1658707200000,261.4,262.7,243.8,244.6,458768.533,1658793599999,116542520.9678,220899,218400.984,55534465.7193,0
1658793600000,244.7,249.6,239.6,249.4,365533.647,1658879999999,88956040.5187,194887,183348.935,44639465.9834,0
1658880000000,249.5,272.0,247.5,271.6,656773.695,1658966399999,170925448.3281,301321,337068.498,87678800.9717,0
1658966400000,271.6,280.8,263.6,277.2,669832.4,1659052799999,182039983.1174,332186,354243.824,96274862.0941,0
1659052800000,277.2,302.0,274.8,293.6,1077799.221,1659139199999,311584621.6715,509567,531209.658,153518901.1069,0
1659139200000,293.6,300.2,285.1,287.8,683111.103,1659225599999,200155642.0377,363041,334891.151,98140963.6308,0
1659225600000,287.8,297.1,282.1,283.4,564727.273,1659311999999,164338264.5006,280830,282605.3,82271494.6735,0
1659312000000,283.5,290.5,277.9,283.2,493847.804,1659398399999,140529914.4358,261018,241883.273,68838042.319,0
1659398400000,283.3,291.1,274.2,283.8,627814.081,1659484799999,176987241.0335,306105,314870.809,88776883.4588,0
1659484800000,283.8,305.7,278.2,297.5,685924.62,1659571199999,201744069.5699,335122,340181.591,100033333.1958,0
1659571200000,297.6,313.4,297.2,311.8,808604.152,1659657599999,246396755.5475,399568,412768.592,125804089.7002,0
1659657600000,311.9,321.5,308.1,315.9,641807.573,1659743999999,202413461.716,365140,323449.69,102013504.579,0
1659744000000,315.9,322.9,312.6,315.2,394288.536,1659830399999,124933875.7491,231660,199268.631,63149678.3152,0
1659830400000,315.3,325.9,308.2,322.8,415090.183,1659916799999,132021308.2209,228765,214960.311,68400765.1852,0
1659916800000,322.7,334.0,320.8,324.9,580206.607,1660003199999,189929679.9716,295236,299088.346,97925928.1535,0
1660003200000,324.9,328.3,312.4,324.4,500589.395,1660089599999,160641901.4976,263966,246886.675,79247623.9538,0
1660089600000,324.5,336.8,313.6,328.8,831222.11,1660175999999,270943686.2168,409323,433849.267,141507395.5338,0
1660176000000,328.8,334.7,322.0,323.6,549578.328,1660262399999,181136080.2977,278221,278636.78,91856158.6494,0
1660262400000,323.5,328.1,317.7,327.9,384848.843,1660348799999,124362903.4881,218231,198713.625,64222450.5871,0
1660348800000,327.9,333.0,322.8,324.3,405066.252,1660435199999,132869331.8471,224352,206565.369,67769192.8233,0
1660435200000,324.3,331.0,315.8,317.6,378353.918,1660521599999,122468812.6467,228743,191971.358,62151799.5573,0
1660521600000,317.6,327.4,313.6,319.5,455916.278,1660607999999,145530995.0574,252870,229110.764,73129317.0748,0
1660608000000,319.4,322.4,312.0,316.1,370975.919,1660694399999,117467178.0101,227257,184011.773,58274145.4932,0
1660694400000,316.0,324.0,304.2,306.9,504236.732,1660780799999,157961439.048,286770,239100.592,74883234.873,0
1660780800000,306.8,311.0,295.8,298.1,409051.886,1660867199999,124617178.5225,230569,202439.479,61702056.4053,0
1660867200000,298.1,298.2,276.2,279.1,870296.511,1660953599999,248082923.959,383884,424221.572,120956775.7544,0
1660953600000,279.0,289.4,277.0,283.7,513021.106,1661039999999,145936114.3889,243765,258578.916,73591792.6028,0
1661040000000,283.8,304.2,283.4,301.9,528156.209,1661126399999,156019516.1688,258953,275912.113,81499382.6048,0
1661126400000,301.9,304.9,288.8,300.0,638895.985,1661212799999,189310375.0873,290633,328198.162,97277924.4861,0
1661212800000,300.0,301.7,293.8,299.3,403374.952,1661299199999,120215414.4346,228509,210055.986,62606876.568,0
1661299200000,299.3,300.5,294.3,296.4,344126.265,1661385599999,102349780.4904,207549,177421.771,52780013.394,0
1661385600000,296.4,307.5,296.0,301.2,398617.06,1661471999999,120297663.2465,222146,202888.235,61225645.0005,0
1661472000000,301.2,302.3,277.2,279.6,594770.355,1661558399999,173560709.7524,304980,292738.216,85476518.7092,0
1661558400000,279.6,284.8,273.3,277.9,412732.716,1661644799999,115381037.0048,219867,205156.875,57351069.3692,0
1661644800000,277.9,284.1,275.6,276.5,312819.026,1661731199999,87346870.5846,172326,156812.121,43789473.1212,0
1661731200000,276.5,286.7,272.3,285.9,481690.832,1661817599999,134656813.5535,228169,244827.966,68456022.9285,0
1661817600000,285.9,292.0,276.1,281.6,436765.765,1661903999999,124426031.0398,232772,221652.054,63133925.7957,0
1661904000000,281.7,290.0,277.7,279.2,388909.545,1661990399999,110661963.1834,219850,196876.975,56014732.5641,0
1661990400000,279.3,280.3,270.7,278.3,415193.212,1662076799999,114562125.8134,203985,207240.233,57183318.3698,0
1662076800000,278.3,283.4,273.7,277.5,321409.948,1662163199999,89625526.057,171642,164264.718,45823678.6888,0
1662163200000,277.4,278.8,274.2,277.8,148504.883,1662249599999,41095391.7466,99878,74554.537,20635475.0677,0
1662249600000,277.8,280.6,275.0,279.1,193440.808,1662335999999,53790499.5637,112267,97496.409,27114986.0483,0
1662336000000,279.1,282.0,273.4,276.9,258958.149,1662422399999,71532780.1941,140956,128488.214,35502512.1034,0
1662422400000,276.9,286.3,261.0,262.5,640922.531,1662508799999,176536165.5361,292600,317981.582,87620767.1671,0
1662508800000,262.5,280.4,258.6,278.9,431827.218,1662595199999,115857094.2042,209484,221009.342,59330679.0733,0
1662595200000,279.0,282.9,275.4,280.5,385559.749,1662681599999,107680601.8348,191459,200862.923,56109645.2548,0
1662681600000,280.6,295.9,280.0,293.4,541869.409,1662767999999,157120633.6617,285673,290221.162,84155122.319,0
1662768000000,293.4,298.6,290.3,296.7,328332.542,1662854399999,96679858.8381,196432,172829.461,50901392.9545,0
1662854400000,296.7,298.1,289.7,295.3,261093.945,1662940799999,76921681.903,156918,130056.046,38322814.4042,0
1662940800000,295.3,300.0,290.8,294.1,408686.168,1663027199999,120574133.5628,218099,209984.982,61960609.0136,0
1663027200000,294.1,298.6,275.4,277.4,578322.33,1663113599999,165715028.3164,309903,287087.397,82286357.8706,0
1663113600000,277.5,282.8,273.3,279.3,424974.985,1663199999999,118512336.0126,229057,206637.249,57639181.4483,0
1663200000000,279.4,280.5,266.3,271.1,520635.261,1663286399999,142604951.8573,236907,258796.214,70890579.6148,0
1663286400000,271.1,276.6,268.5,274.9,311737.818,1663372799999,85275040.4255,173202,157405.651,43064157.8784,0
1663372800000,274.9,279.9,274.7,279.1,189707.951,1663459199999,52624982.8163,121435,99464.713,27595032.5107,0
1663459200000,279.1,280.3,263.1,266.2,327883.908,1663545599999,89585859.6556,179827,163832.083,44771064.4219,0
1663545600000,266.3,273.0,256.7,271.9,508029.19,1663631999999,134393256.6133,243379,254860.678,67433802.3566,0
1663632000000,272.0,273.7,265.2,266.3,335455.454,1663718399999,90215570.1637,163030,164772.564,44323027.4349,0
1663718400000,266.3,276.4,260.3,264.0,535775.821,1663804799999,143451738.2075,259759,275548.622,73783424.242,0
1663804800000,264.0,276.7,263.5,275.3,339390.821,1663891199999,91412188.4338,176775,176427.58,47535209.1058,0
1663891200000,275.4,277.9,268.3,276.7,363390.805,1663977599999,99381888.094,213243,186613.196,51042455.3275,0
1663977600000,276.7,285.0,274.2,274.4,324988.432,1664063999999,90927137.7213,181474,168697.737,47213244.665,0
1664064000000,274.4,280.0,270.9,274.3,220895.598,1664150399999,60865798.2227,132247,109679.497,30226067.8602,0
1664150400000,274.3,276.9,270.8,276.1,267919.665,1664236799999,73404700.587,172376,132077.339,36197095.6617,0
1664236800000,276.1,286.6,269.2,272.3,406749.835,1664323199999,113664496.2136,236540,209801.753,58652824.8554,0
1664323200000,272.3,283.7,266.3,281.6,357981.397,1664409599999,98283085.9797,213123,187974.077,51650683.6739,0
1664409600000,281.6,285.6,277.1,284.1,301167.344,1664495999999,84839263.8185,195346,154148.735,43436828.1508,0
1664496000000,284.2,289.8,280.5,284.8,391981.587,1664582399999,111674332.3233,220309,201616.888,57447129.7915,0
1664582400000,284.9,285.4,277.7,282.9,196754.497,1664668799999,55536687.6329,129933,98406.534,27776186.8921,0
1664668800000,282.9,287.9,279.4,284.7,200690.251,1664755199999,56846715.143,142252,102140.923,28939540.7795,0
1664755200000,284.7,289.1,283.1,286.9,275974.883,1664841599999,78973348.1578,168995,140275.824,40154180.8288,0
1664841600000,287.0,298.2,286.3,296.2,321841.165,1664927999999,94248616.7074,175277,167595.087,49075418.9608,0
1664928000000,296.3,296.4,289.2,294.2,221018.685,1665014399999,64737577.4074,144677,108829.183,31881009.7165,0
1665014400000,294.2,298.1,278.6,287.0,450036.833,1665100799999,130215244.4347,217636,215351.773,62314213.4533,0
1665100800000,286.9,287.0,279.1,282.3,354485.961,1665187199999,100481529.2893,180046,169708.762,48113930.5505,0
1665187200000,282.2,282.7,275.4,276.4,183653.119,1665273599999,51392337.1387,112079,81925.861,22933751.9103,0
1665273600000,276.3,279.4,275.1,278.2,171008.247,1665359999999,47459488.889,97320,84210.88,23374148.5834,0
1665360000000,278.2,279.2,271.3,271.5,216924.869,1665446399999,59605624.9216,136810,101062.062,27772368.7927,0
1665446400000,271.5,274.0,267.2,271.4,222137.683,1665532799999,60175430.3276,148423,102971.172,27904638.3857,0
1665532800000,271.3,272.9,269.2,270.9,167816.904,1665619199999,45523630.5199,125444,80040.432,21716263.478,0
1665619200000,270.9,273.7,256.8,271.6,540797.212,1665705599999,143118801.2493,279132,262348.672,69443422.3613,0
1665705600000,271.6,276.8,267.6,269.4,298386.918,1665791999999,81413111.8451,186956,151842.599,41460128.582,0
1665792000000,269.4,271.4,267.4,268.2,144084.716,1665878399999,38892821.9386,130152,73960.29,19967198.8675,0
1665878400000,268.2,273.9,267.9,272.5,185597.074,1665964799999,50273799.9495,146014,95524.066,25875908.5972,0
1665964800000,272.4,275.9,269.8,275.6,187187.58,1666051199999,51151085.5275,131740,104433.567,28542738.3773,0
1666051200000,275.7,276.0,270.1,273.1,195691.117,1666137599999,53473915.4375,142151,97458.573,26636646.243,0
1666137600000,273.2,273.9,270.3,272.0,153657.96,1666223999999,41810731.1332,130028,75458.031,20534860.0769,0
1666224000000,271.9,273.4,267.3,269.0,166135.496,1666310399999,44986069.5486,136960,79110.775,21428301.5199,0
1666310400000,269.0,271.2,263.4,270.1,195432.212,1666396799999,52360415.0981,143664,95208.094,25518337.344,0
1666396800000,270.1,271.1,268.4,270.4,84044.883,1666483199999,22665745.2842,88522,43120.468,11630349.4434,0
1666483200000,270.5,276.8,268.7,276.0,134390.843,1666569599999,36579876.7559,106749,72586.747,19762563.6748,0
1666569600000,275.9,277.4,271.6,274.1,154182.094,1666655999999,42223946.5416,115565,77680.711,21274217.912,0
1666656000000,274.2,289.9,272.0,284.2,387523.125,1666742399999,109424124.6145,229772,207967.388,58696626.341,0
1666742400000,284.2,292.0,284.1,290.2,316408.936,1666828799999,91230142.3111,191039,172846.082,49836361.0052,0
1666828800000,290.3,293.3,284.7,286.7,315734.808,1666915199999,91136079.963,212121,160724.45,46408569.9147,0
1666915200000,286.8,301.1,285.7,297.9,416648.243,1667001599999,122109397.9691,231909,218431.485,64043304.9397,0
1667001600000,297.9,308.4,295.6,304.4,553646.125,1667087999999,167868011.2647,328111,287141.706,87069969.9132,0
1667088000000,304.5,318.8,302.3,313.5,538624.403,1667174399999,167660898.3786,346158,277904.975,86506944.3398,0
1667174400000,313.6,337.9,306.5,325.7,1047801.477,1667260799999,340425554.6015,505854,539333.423,175228417.9892,0
1667260800000,325.8,334.6,317.4,323.9,550045.706,1667347199999,179160222.0247,318787,273447.497,89100136.4694,0
1667347200000,323.8,330.0,315.3,320.2,561329.564,1667433599999,180869023.3075,363030,276469.903,89098851.5386,0
1667433600000,320.2,338.7,318.0,329.5,622354.86,1667519999999,205277326.0489,391376,316277.731,104283266.7803,0
1667520000000,329.6,358.9,328.3,354.6,751709.582,1667606399999,261103572.5566,487998,389525.811,135267062.4756,0
1667606400000,354.7,361.3,346.1,349.2,411760.064,1667692799999,145635881.7737,327478,212743.446,75242430.762,0
1667692800000,349.1,356.0,337.7,337.9,390974.879,1667779199999,136745098.0347,297770,196723.476,68867009.8424,0
1667779200000,337.8,344.4,326.4,337.0,740465.512,1667865599999,248017900.2622,460314,376989.165,126319572.4136,0
1667865600000,337.0,398.3,298.0,327.4,3103916.384,1667951999999,1055852274.3117,1739886,1607449.901,547128771.8921,0
1667952000000,327.4,333.1,260.2,267.3,1901075.899,1668038399999,567664075.6822,1257192,918494.673,274884125.2292,0
1668038400000,267.1,313.0,263.2,304.0,1411238.91,1668124799999,406358146.7639,1001855,706517.782,203341188.9076,0
1668124800000,304.1,306.0,279.0,290.4,695145.641,1668211199999,202402540.8252,573830,340716.948,99209173.4669,0
1668211200000,290.4,294.5,271.6,282.8,545359.355,1668297599999,154906443.4621,379895,256687.722,72861759.7858,0
1668297600000,282.9,286.5,273.2,276.4,442278.921,1668383999999,123589124.7321,403102,221313.404,61850601.6895,0
1668384000000,276.4,292.0,268.0,279.0,818725.897,1668470399999,227994916.626,570233,408350.535,113745934.8928,0
1668470400000,279.0,282.4,273.2,277.0,445565.664,1668556799999,123903312.1649,331878,223048.595,62049799.7608,0
1668556800000,277.0,280.2,268.8,271.8,402896.799,1668643199999,110278982.5105,283812,195395.704,53508942.4804,0
1668643200000,271.9,273.5,262.9,267.9,367805.83,1668729599999,98606467.4681,246309,188376.882,50501119.9623,0
1668729600000,268.0,274.8,267.7,274.1,277946.366,1668815999999,75643996.6943,195714,144211.493,39248045.7681,0
1668816000000,274.1,274.6,268.9,272.6,194104.28,1668902399999,52728944.3301,152108,96683.793,26263998.5852,0
1668902400000,272.6,273.8,261.8,264.2,306587.581,1668988799999,82401745.4219,264496,148698.214,39981365.3269,0
1668988800000,264.2,265.3,250.0,253.9,581026.19,1669075199999,149844873.5876,366884,285889.948,73747928.7341,0
1669075200000,254.0,267.8,252.0,266.7,357164.445,1669161599999,92786743.4638,257583,183777.146,47765237.2508,0
1669161600000,266.8,301.8,264.8,298.8,1224050.689,1669247999999,356516355.7052,531600,607062.897,176643929.8567,0
1669248000000,298.9,304.1,293.9,300.2,550792.655,1669334399999,164566994.1052,308749,270127.901,80708837.8153,0
1669334400000,300.3,306.6,294.1,300.8,465733.483,1669420799999,139382821.9341,271666,228038.17,68248738.2981,0
1669420800000,300.8,317.8,299.9,311.4,569578.773,1669507199999,177387113.6638,327917,303883.164,94647730.9049,0
1669507200000,311.4,316.7,306.3,307.6,310095.845,1669593599999,96997226.2788,230926,152499.368,47715617.9838,0
1669593600000,307.7,309.6,286.6,293.5,603763.83,1669679999999,178312004.9909,347819,308587.679,91151266.5342,0
1669680000000,293.5,305.3,289.0,295.4,422502.385,1669766399999,126128219.769,260714,214663.044,64073397.6161,0
1669766400000,295.4,305.5,292.5,300.6,467009.694,1669852799999,139979947.1509,298833,233728.706,70081871.0821,0
1669852800000,300.6,302.0,290.0,292.3,798867.735,1669939199999,236380803.0174,404475,403746.239,119480598.6943,0
1669939200000,292.3,293.9,285.4,293.4,364102.285,1670025599999,105520413.5547,231895,188591.036,54669912.9931,0
1670025600000,293.4,294.4,289.0,290.4,234377.055,1670111999999,68292872.5588,162327,112982.813,32928499.0266,0
1670112000000,290.4,292.8,287.4,291.8,244356.783,1670198399999,70996837.0021,165792,122002.296,35454304.778,0
1670198400000,291.8,297.2,286.1,288.4,294958.79,1670284799999,86363781.9795,198197,149268.198,43729207.923,0
1670284800000,288.5,290.8,286.5,290.2,247911.347,1670371199999,71585088.9535,171228,132638.962,38304899.86,0
1670371200000,290.2,290.9,281.1,284.2,361435.528,1670457599999,102858804.3378,206560,177263.584,50444954.2613,0
1670457600000,284.2,292.0,282.4,290.4,281655.085,1670543999999,80842697.122,160530,147391.85,42309260.0989,0
1670544000000,290.4,292.0,284.4,286.0,308418.725,1670630399999,89037369.8403,152673,151688.357,43810389.1172,0
1670630400000,286.1,289.9,285.7,288.2,148922.633,1670716799999,42834452.8982,103954,77875.899,22401246.2968,0
1670716800000,288.2,291.4,283.3,284.4,206340.146,1670803199999,59514080.2258,120575,100254.073,28935054.9132,0
1670803200000,284.5,285.8,271.7,276.1,507509.835,1670889599999,140940803.1346,239070,242679.034,67396000.6992,0
1670889600000,276.1,282.0,255.6,272.2,1309642.684,1670975999999,351955870.3631,496233,643463.835,173081963.8399,0
1670976000000,272.2,278.4,265.5,267.7,580082.911,1671062399999,157826873.8852,272183,284886.669,77562173.2661,0
1671062400000,267.7,268.1,256.5,258.8,350889.164,1671148799999,92233729.9022,180516,162098.049,42618751.143,0
1671148800000,258.9,264.7,224.7,231.2,876900.031,1671235199999,214869517.089,410142,406407.546,99637643.4038,0
1671235200000,231.2,245.0,220.0,242.1,788798.493,1671321599999,183930176.9859,346154,403472.917,94150271.1725,0
1671321600000,242.1,254.6,239.5,251.0,526139.427,1671407999999,130305766.1496,250104,277461.245,68731269.4234,0
1671408000000,251.1,253.3,236.8,240.4,408787.202,1671494399999,100662869.9923,224923,201060.558,49527441.0489,0
1671494400000,240.3,253.5,239.1,251.4,320509.026,1671580799999,79574286.8066,174192,173157.299,42982679.4612,0
1671580800000,251.4,251.5,245.2,246.2,195051.385,1671667199999,48447186.3344,129860,98032.73,24355596.8349,0
1671667200000,246.2,248.3,240.1,245.8,246104.196,1671753599999,60207564.1979,142323,127101.354,31107099.9128,0
1671753600000,245.9,248.7,243.7,246.2,175280.013,1671839999999,43130222.3537,107007,92247.864,22702890.0053,0
1671840000000,246.2,246.3,243.4,244.5,96773.731,1671926399999,23688074.9905,73104,45328.557,11095473.6879,0
1671926400000,244.6,245.8,241.4,243.2,125016.877,1672012799999,30456150.2055,85421,60084.124,14637488.9176,0
1672012800000,243.2,244.9,242.0,244.3,117117.968,1672099199999,28483521.2211,80435,58323.781,14186977.4799,0
1672099200000,244.3,248.9,242.1,246.7,196642.12,1672185599999,48123719.9723,112213,103176.022,25261026.9831,0
1672185600000,246.7,247.4,241.5,244.5,208632.342,1672271999999,50890930.807,137193,101995.45,24885728.5902,0
1672272000000,244.6,246.9,243.3,246.3,161959.266,1672358399999,39764426.9632,113446,86879.801,21332847.4379,0
1672358400000,246.3,246.7,242.7,245.8,128406.533,1672444799999,31413152.0195,105503,64693.613,15828789.906,0
1672444800000,245.8,248.0,244.8,246.3,134141.311,1672531199999,33031138.6588,87386,68584.582,16893016.2128,0
1672531200000,246.3,246.7,243.4,244.4,109450.117,1672617599999,26767261.7192,79606,53389.919,13056172.4363,0
1672617600000,244.5,247.9,240.7,245.2,173452.9,1672703999999,42566621.7265,118257,88934.903,21832049.1827,0
1672704000000,245.3,247.0,244.4,246.1,115059.991,1672790399999,28259473.5323,98320,55910.334,13735808.9432,0
1672790400000,246.2,261.0,245.6,258.9,370055.082,1672876799999,94459376.8191,193907,193375.971,49340799.8654,0
1672876800000,258.9,259.2,255.2,256.7,145297.963,1672963199999,37361134.4044,110069,70478.936,18128067.2373,0
1672963200000,256.7,260.7,254.2,259.9,199497.076,1673049599999,51368774.9927,133584,101288.346,26087898.2697,0
1673049600000,259.9,263.9,259.4,261.3,115152.77,1673135999999,30088933.4458,101015,59770.648,15620335.8998,0
1673136000000,261.3,276.5,260.1,274.9,237308.89,1673222399999,63256842.6863,159558,125570.72,33500845.9422,0
1673222400000,274.9,283.5,271.3,272.6,437828.428,1673308799999,121659068.738,296847,234500.873,65166641.529,0
1673308800000,272.6,278.8,270.2,277.1,259938.562,1673395199999,71544603.7047,193227,133367.131,36713650.0757,0
1673395200000,277.2,287.7,274.1,284.8,266107.304,1673481599999,74166049.4177,185244,140191.653,39110383.2313,0
1673481600000,284.9,288.6,278.5,287.7,391553.641,1673567999999,111464592.0418,279121,199530.386,56827412.5341,0
1673568000000,287.8,296.0,284.9,293.7,313541.811,1673654399999,90714499.3465,254385,163406.462,47281616.3212,0
1673654400000,293.7,314.4,293.1,305.1,706402.087,1673740799999,215777694.13,544551,374279.614,114302715.6501,0
1673740800000,305.2,306.1,291.8,302.2,288696.868,1673827199999,86365136.017,269807,143852.102,43025652.5905,0
1673827200000,302.2,308.1,293.1,299.0,350990.993,1673913599999,105546343.5522,282785,184211.261,55377643.3174,0
1673913600000,299.0,305.8,294.9,299.4,279993.876,1673999999999,84301030.8981,242595,142831.987,43017682.5338,0
1674000000000,299.4,305.3,281.1,286.7,621064.665,1674086399999,182302178.0608,424163,302494.965,88879935.2442,0
1674086400000,286.7,295.5,286.1,294.6,215522.146,1674172799999,62586318.1561,188757,115752.378,33621204.1711,0
1674172800000,294.6,305.4,286.6,305.1,423829.136,1674259199999,124835179.1299,273051,223710.018,65921980.3982,0
1674259200000,305.1,309.9,298.4,299.0,508000.024,1674345599999,154262036.4891,335988,255840.436,77722693.9156,0
1674345600000,299.1,311.4,298.5,303.0,388815.192,1674431999999,118074364.3441,296818,196176.904,59600607.8585,0
1674432000000,303.1,307.8,300.8,305.1,301946.005,1674518399999,92048016.7507,263527,155960.642,47553823.4512,0
1674518400000,305.2,323.5,299.2,300.3,629758.279,1674604799999,197286790.1894,403898,309769.774,97067733.7981,0
1674604800000,300.3,314.0,293.4,306.9,447238.539,1674691199999,135182951.9563,317506,227118.78,68644674.9363,0
1674691200000,306.9,309.5,301.6,304.7,342344.705,1674777599999,104832628.0488,263764,170220.665,52132060.2226,0
1674777600000,304.8,310.5,298.8,308.0,271326.79,1674863999999,82710629.2353,240434,138274.598,42165021.3342,0
1674864000000,308.0,313.6,303.6,306.1,229517.8,1674950399999,70543615.9629,186520,115277.086,35430779.0794,0
1674950400000,306.2,320.5,304.8,317.2,430698.673,1675036799999,135402894.4623,262551,212574.344,66831680.9454,0
1675036800000,317.1,320.8,302.0,307.2,413716.212,1675123199999,128037381.1261,310394,202140.896,62572558.2932,0
1675123200000,307.2,314.4,305.3,312.0,278061.958,1675209599999,86537029.2093,225513,138639.833,43148294.6845,0
1675209600000,312.1,319.4,305.6,317.0,390978.523,1675295999999,121820323.1709,286200,192140.134,59890551.6748,0
1675296000000,317.1,334.4,316.3,323.5,587655.881,1675382399999,192390747.6579,380701,297338.994,97314912.3924,0
1675382400000,323.5,335.5,318.3,332.2,579577.162,1675468799999,190507194.7902,341331,291079.658,95651028.8502,0
1675468800000,332.3,334.1,327.0,330.4,212109.626,1675555199999,70050858.8377,194840,109723.674,36236495.9642,0
1675555200000,330.4,337.8,324.0,327.8,396514.711,1675641599999,130706234.816,303406,199932.405,65908041.9954,0
1675641600000,327.8,331.5,320.7,324.3,290965.0,1675727999999,95098301.3522,223884,144140.518,47117808.6852,0
1675728000000,324.4,333.7,323.2,333.0,265904.833,1675814399999,87505720.4959,253444,134740.202,44360441.111,0
1675814400000,333.1,335.8,323.6,328.2,286865.867,1675900799999,94531270.4592,253535,139576.048,46007091.4697,0
1675900800000,328.2,329.3,302.0,306.2,564612.572,1675987199999,178897753.6956,347884,268605.793,85151477.1438,0
1675987200000,306.2,309.2,302.5,305.8,295784.976,1676073599999,90651947.9341,216851,148040.0,45375918.56,0
1676073600000,305.9,311.4,305.1,310.4,154488.761,1676159999999,47628388.9448,134396,78224.37,24117160.9681,0
1676160000000,310.5,321.0,306.0,312.6,291500.27,1676246399999,91485948.2107,197310,145272.969,45597299.2137,0
1676246400000,312.6,315.7,282.8,294.3,1065985.594,1676332799999,314960864.8088,466340,519155.781,153358925.9178,0
1676332800000,294.3,301.7,289.8,296.2,494698.654,1676419199999,145777145.5391,271930,243795.774,71913189.3497,0
1676419200000,296.2,317.7,294.0,317.4,465921.943,1676505599999,142051141.657,261857,248783.126,75882418.3134,0
1676505600000,317.5,327.8,303.9,304.4,858141.89,1676591999999,273631508.4029,477037,435583.817,139023786.5625,0
1676592000000,304.4,317.5,302.8,313.0,508736.193,1676678399999,157933829.2178,314781,257841.995,80061812.1005,0
1676678400000,313.0,319.2,312.9,316.5,282485.39,1676764799999,89264567.9837,210115,139079.916,43957198.7306,0
1676764800000,316.6,318.9,310.3,311.5,336004.274,1676851199999,105898919.4869,271165,169820.995,53546464.6191,0
1676851200000,311.5,319.8,308.0,315.4,514483.797,1676937599999,162561577.7291,332108,264832.096,83707489.7971,0
1676937600000,315.5,317.4,309.3,311.5,385161.297,1677023999999,120775804.8529,299905,184687.744,57928308.5635,0
1677024000000,311.5,312.9,303.2,312.4,368344.986,1677110399999,113217908.5172,285011,177386.44,54520900.6867,0
1677110400000,312.5,315.3,305.8,308.3,300641.241,1677196799999,93188074.383,225358,150722.693,46739597.1384,0
1677196800000,308.3,312.1,298.6,302.3,328726.4,1677283199999,100468727.7221,249902,158161.003,48357381.4362,0
1677283200000,302.3,303.0,295.5,302.4,178538.408,1677369599999,53640769.2159,166704,85688.24,25750544.3041,0
1677369600000,302.5,309.8,300.7,308.7,151419.166,1677455999999,46179503.1808,141711,79483.073,24245196.4823,0
1677456000000,308.7,309.4,300.5,304.6,234405.821,1677542399999,71433037.0652,187654,117385.554,35769446.4424,0
1677542400000,304.7,305.7,300.0,301.4,186649.192,1677628799999,56536923.3419,172220,90548.374,27434976.9722,0
1677628800000,301.5,306.4,300.5,302.7,200883.893,1677715199999,60900584.0673,172485,98201.352,29781376.3015,0
1677715200000,302.6,303.8,295.8,299.8,200964.842,1677801599999,60082927.5113,167725,96477.488,28847544.9432,0
1677801600000,299.8,300.0,286.6,290.4,266627.564,1677887999999,77375815.2097,231651,122861.964,35650839.9794,0
1677888000000,290.5,291.5,285.8,289.6,127846.865,1677974399999,36979790.81,127605,63472.637,18363457.2926,0
1677974400000,289.6,292.8,287.4,288.7,128456.559,1678060799999,37300395.7492,123618,65382.777,18988295.1705,0
1678060800000,288.8,289.7,283.3,287.8,205220.757,1678147199999,58782996.2149,156193,102980.02,29502304.9785,0
1678147200000,287.9,290.5,283.4,289.3,200611.357,1678233599999,57609359.9966,167501,99790.549,28660841.4316,0
1678233600000,289.3,294.3,285.1,287.1,260938.374,1678319999999,75356809.0494,203992,125910.148,36361291.8915,0
1678320000000,287.1,291.4,271.2,277.1,318996.851,1678406399999,90265165.2206,256816,149606.078,42347601.9766,0
1678406400000,277.1,278.1,265.0,277.4,404292.972,1678492799999,110074568.5416,282834,211108.872,57482240.5037,0
1678492800000,277.5,281.8,270.5,276.0,370350.207,1678579199999,102108722.7581,293358,198406.655,54715550.7608,0
1678579200000,276.0,288.8,273.2,288.1,316243.117,1678665599999,88260912.9764,254109,168370.451,47001055.5555,0
1678665600000,288.1,314.1,286.1,307.9,991752.464,1678751999999,299509993.6058,567663,515453.313,155671853.7215,0
1678752000000,307.9,319.5,302.0,308.4,703702.208,1678838399999,218821745.4102,464036,377779.868,117510125.76,0
1678838400000,308.5,312.7,300.0,306.3,413251.773,1678924799999,126907786.4302,356984,207126.381,63629752.6627,0
1678924800000,306.3,332.8,302.8,329.4,1251303.89,1679011199999,401797064.6412,637265,646507.68,207473815.7145,0
1679011200000,329.4,340.0,325.0,338.9,726737.468,1679097599999,241644682.8438,450807,382204.46,127116929.1082,0
1679097600000,339.0,346.3,328.0,331.0,662698.511,1679183999999,224183709.7316,443659,339915.774,115042995.5619,0
1679184000000,331.1,341.7,330.3,336.7,401972.619,1679270399999,135490968.039,328802,211805.33,71396425.802,0
1679270400000,336.7,339.1,331.3,332.5,511504.522,1679356799999,171843370.7453,404307,261312.479,87807132.2454,0
1679356800000,332.5,339.9,327.1,334.4,477443.689,1679443199999,159793741.7808,373604,260571.938,87233393.7533,0
1679443200000,334.5,339.5,316.0,321.1,1286215.777,1679529599999,422715609.9451,650526,668519.39,219771408.2535,0
1679529600000,321.2,332.1,318.9,329.4,383094.591,1679615999999,124802181.3147,289519,194336.276,63312018.7801,0
1679616000000,329.4,330.0,316.9,322.1,307030.002,1679702399999,99151865.5545,243287,156216.266,50442885.3579,0
1679702400000,322.1,324.9,319.0,322.4,317118.332,1679788799999,102246368.2079,203195,174392.846,56221565.0687,0
1679788800000,322.4,329.5,321.7,328.6,204700.193,1679875199999,66827422.6814,162414,112658.235,36779657.5278,0
1679875200000,328.6,329.8,305.9,310.6,578039.555,1679961599999,182769703.624,355933,288712.46,91269442.2372,0
1679961600000,310.6,315.8,306.8,313.2,329398.424,1680047999999,102362254.1103,241330,169630.241,52731940.9131,0
1680048000000,313.3,319.9,312.4,313.7,327282.226,1680134399999,103404307.0787,241108,169149.339,53451408.0427,0
1680134400000,313.8,320.8,309.1,316.4,496156.738,1680220799999,156327197.1435,313975,266465.626,83963718.2965,0
1680220800000,316.4,319.8,311.8,316.9,266270.064,1680307199999,84310535.1086,232669,134980.388,42750137.0652,0
1680307200000,317.0,319.0,313.0,314.9,185904.183,1680393599999,58599155.1467,171578,92978.82,29307198.7504,0
1680393600000,314.9,316.2,310.7,313.7,149805.667,1680479999999,47006464.2186,161171,71968.317,22585583.4672,0
1680480000000,313.8,314.1,299.5,308.8,450976.973,1680566399999,138921574.7271,327217,231307.252,71281709.1581,0
1680566400000,308.8,312.7,308.2,310.8,305980.475,1680652799999,95018482.4739,220230,151255.815,46971882.2831,0
1680652800000,310.8,316.8,310.2,313.9,320350.363,1680739199999,100571771.7011,220568,166172.924,52182799.5108,0
1680739200000,314.0,315.2,310.6,312.3,232647.147,1680825599999,72725957.587,184035,114694.896,35856458.2918,0
1680825600000,312.3,312.8,309.7,310.3,179863.362,1680911999999,55926512.0497,147735,89598.249,27860064.8893,0
1680912000000,310.4,312.7,310.1,310.5,165372.944,1680998399999,51514644.4441,141077,81973.095,25535653.1926,0
1680998400000,310.6,313.7,309.5,312.8,163948.725,1681084799999,50986008.2501,144294,84882.611,26400810.9379,0
1681084800000,312.8,318.7,311.5,318.5,271539.24,1681171199999,85205066.9365,175548,143046.187,44893804.0393,0
1681171200000,318.6,333.0,317.8,322.3,661117.672,1681257599999,215980918.4731,317339,356965.828,116587946.7733,0
1681257600000,322.3,323.3,316.7,319.9,354216.724,1681343999999,113135820.0564,213232,194158.26,62014559.2811,0
1681344000000,319.9,325.1,317.7,324.7,348151.945,1681430399999,112173084.698,200762,179251.628,57771804.5901,0
1681430400000,324.6,335.5,323.2,328.9,679955.061,1681516799999,224793151.2458,376483,343388.846,113510825.6671,0
1681516800000,328.8,336.0,326.9,333.0,418311.143,1681603199999,138970386.8544,241027,213073.676,70803772.5497,0
1681603200000,333.1,350.0,330.1,347.7,632598.777,1681689599999,216486510.2014,350958,332445.911,113750726.6009,0
1681689600000,347.7,350.0,337.5,340.0,556356.468,1681775999999,191176774.9373,311025,279476.547,96042141.9695,0
1681776000000,340.0,346.7,337.0,343.1,391677.437,1681862399999,134225841.056,248408,200766.377,68811179.3491,0
1681862400000,343.1,343.7,320.1,322.4,537444.082,1681948799999,177241467.3572,377615,259895.51,85707690.9659,0
1681948800000,322.5,326.8,315.3,318.1,367453.933,1682035199999,118367527.8226,282354,182358.968,58759888.6503,0
1682035200000,318.0,334.6,315.3,321.2,910773.894,1682121599999,296370164.1481,464111,450235.497,146513695.7578,0
1682121600000,321.3,333.1,319.9,332.2,381882.032,1682207999999,124850258.756,242770,189031.266,61827455.8135,0
1682208000000,332.2,332.5,327.4,330.7,384622.154,1682294399999,126958680.0237,253287,198520.911,65536757.0345,0
1682294400000,330.6,334.0,327.7,331.2,442775.294,1682380799999,146556327.1712,293748,215530.087,71350901.5727,0
1682380800000,331.2,340.0,328.6,338.4,436704.883,1682467199999,145152623.7318,281066,218956.537,72813340.5979,0
1682467200000,338.4,345.0,321.5,330.6,679551.584,1682553599999,228450745.9855,420823,336287.251,113145858.4602,0
1682553600000,330.6,336.6,328.2,330.9,482850.957,1682639999999,160502346.0046,309196,244838.391,81395173.0893,0
1682640000000,330.9,330.9,318.7,324.1,991210.156,1682726399999,320507877.1316,476247,482866.042,156190387.6741,0
1682726400000,324.1,325.0,320.6,321.9,226488.689,1682812799999,73126327.3959,164539,113421.488,36619261.5527,0
1682812800000,321.9,338.3,320.4,337.5,711720.726,1682899199999,236115558.3166,351564,365146.806,121110455.4867,0
1682899200000,337.5,339.6,326.1,328.5,719404.912,1682985599999,239751288.9926,383022,355780.521,118553849.839,0
1682985600000,328.4,328.5,321.4,321.5,437446.281,1683071999999,141881359.3589,262049,212959.132,69071294.8659,0
1683072000000,321.4,327.6,320.4,325.9,608765.389,1683158399999,196905763.1719,347629,290424.924,93965222.7025,0
1683158400000,325.9,327.5,323.2,323.8,195370.268,1683244799999,63593785.5551,159089,97221.824,31650168.8526,0
1683244800000,323.9,329.1,322.8,326.5,284536.108,1683331199999,92825871.0679,231130,146684.745,47860041.2884,0
1683331200000,326.6,328.5,319.5,321.9,275367.716,1683417599999,89101595.9636,220414,128174.459,41481933.2518,0
1683417600000,322.0,325.4,320.4,321.0,203577.219,1683503999999,65809878.4767,171930,101279.058,32746240.3142,0
1683504000000,321.0,322.1,311.1,313.8,379192.119,1683590399999,119876329.8087,289748,176850.74,55903767.2048,0
1683590400000,313.8,315.8,311.2,312.1,260672.045,1683676799999,81747989.2856,197989,122738.202,38495320.3325,0
1683676800000,312.2,316.7,308.0,314.3,360146.811,1683763199999,112722393.2851,275137,173189.577,54220760.1555,0
1683763200000,314.3,314.5,304.4,307.5,291854.667,1683849599999,90369005.2504,224468,138170.306,42772204.5958,0
1683849600000,307.5,309.1,301.2,308.5,327008.927,1683935999999,99784360.6959,243015,162091.882,49468034.9796,0
1683936000000,308.6,311.8,307.5,310.7,151642.554,1684022399999,47001910.5018,152139,74156.497,22983373.631,0
1684022400000,310.8,314.8,309.5,312.1,192884.821,1684108799999,60226626.9218,145453,99140.648,30954851.8346,0
1684108800000,312.1,316.3,310.5,313.4,202895.171,1684195199999,63792308.8934,160410,109605.343,34467296.9742,0
1684195200000,313.4,314.0,309.3,311.4,182668.214,1684281599999,56874167.0213,151812,92475.406,28796093.642,0
1684281600000,311.4,314.4,307.0,314.3,221274.514,1684367999999,68799773.1488,195941,111208.612,34583508.0041,0
1684368000000,314.3,314.9,306.1,309.3,236575.286,1684454399999,73619131.9768,186767,115463.909,35934863.9,0
1684454400000,309.3,311.5,307.5,308.9,191704.812,1684540799999,59286887.5964,132472,92839.089,28710345.6239,0
1684540800000,308.9,312.0,307.8,310.6,104485.905,1684627199999,32347642.8651,99906,52742.464,16330781.5209,0
1684627200000,310.7,311.6,305.7,306.4,143182.429,1684713599999,44293374.5127,119687,66006.806,20417511.1436,0
1684713600000,306.4,311.1,304.4,309.0,222082.435,1684799999999,68557813.5485,139171,106146.423,32760056.8691,0
1684800000000,309.1,315.4,309.0,313.5,225830.19,1684886399999,70763611.1608,152082,116335.819,36452810.4496,0
1684886400000,313.5,313.6,303.6,306.0,292692.62,1684972799999,90018222.503,180354,141966.214,43651404.8728,0
1684972800000,305.9,306.9,302.2,304.5,287322.502,1685059199999,87562770.5034,154669,131228.325,39997523.9241,0
1685059200000,304.6,308.5,301.4,306.8,398588.895,1685145599999,121756770.7794,159790,192121.637,58694916.2288,0
1685145600000,306.9,307.7,304.0,307.4,144742.086,1685231999999,44281243.2841,95235,71407.328,21848960.5166,0
1685232000000,307.4,314.6,306.7,314.1,257233.179,1685318399999,79600097.6225,145064,137157.049,42452076.1185,0
1685318400000,314.2,317.3,310.4,311.6,461485.115,1685404799999,145062337.2295,222698,243279.748,76457516.48,0
1685404800000,311.7,314.2,310.8,311.5,291304.59,1685491199999,91013362.1095,172794,156279.841,48828481.8348,0
1685491200000,311.4,311.9,305.0,306.8,437132.418,1685577599999,134239500.3593,178902,212891.71,65371868.2701,0
1685577600000,306.8,307.7,303.1,304.9,255618.722,1685663999999,77928559.171,129905,135642.877,41355830.8976,0
1685664000000,304.9,308.4,303.1,307.2,300583.675,1685750399999,92203727.6039,132865,166480.148,51079797.3853,0
1685750400000,307.3,308.2,303.0,306.6,158805.926,1685836799999,48684741.5621,97573,81020.274,24841048.2299,0
1685836800000,306.6,307.6,304.5,305.0,187805.427,1685923199999,57537980.8857,102322,99926.503,30614511.7728,0
1685923200000,305.1,305.1,272.0,276.9,1096020.019,1686009599999,314258039.4391,437688,547537.118,156970390.5923,0
1686009600000,277.0,285.8,273.2,281.2,708685.58,1686095999999,197599700.3864,255103,359172.388,100177506.0346,0
1686096000000,281.2,281.8,253.4,259.3,1188263.837,1686182399999,313838020.5865,380071,589851.208,155659372.5066,0
1686182400000,259.3,267.5,257.1,262.0,579854.02,1686268799999,152323676.7111,212359,286521.57,75277760.64,0
1686268800000,261.9,264.4,255.7,260.5,509660.501,1686355199999,132789115.8495,199563,249603.552,65019651.7757,0
1686355200000,260.6,260.7,228.4,238.7,1603602.202,1686441599999,384973615.933,607880,805703.423,193208299.5207,0
1686441600000,238.8,239.3,233.4,235.4,402562.359,1686527999999,95102654.1768,171910,214079.867,50567675.7573,0
1686528000000,235.4,239.3,220.4,231.3,1579141.84,1686614399999,362057778.294,496137,804829.346,184508769.7859,0
1686614400000,231.3,247.0,228.7,244.2,1230681.021,1686700799999,294375872.3018,405087,620086.812,148207626.3314,0
1686700800000,244.1,252.8,232.9,237.9,970411.718,1686787199999,237940592.4737,395122,487942.451,119631230.4318,0
1686787200000,237.9,240.8,230.6,236.4,602141.969,1686873599999,141722725.8756,270067,297244.64,69951955.224,0
1686873600000,236.5,243.8,232.2,239.3,562586.529,1686959999999,133825112.4104,220946,277471.641,66011144.2974,0
1686960000000,239.4,249.8,237.2,244.5,491313.272,1687046399999,120377348.1879,199901,241300.423,59108434.3848,0
1687046400000,244.5,248.7,242.3,244.1,359878.981,1687132799999,88378391.2806,156387,172251.42,42294933.4622,0
1687132800000,244.1,245.0,238.3,243.1,425074.269,1687219199999,102961755.5535,160308,204946.579,49645218.0753,0
1687219200000,243.0,248.1,238.7,247.7,639069.672,1687305599999,154968378.054,212388,328442.68,79667003.2592,0
1687305600000,247.8,254.7,245.0,248.8,1006328.557,1687391999999,250959168.5731,351390,494956.687,123415002.8752,0
1687392000000,248.9,257.0,239.4,240.8,1032630.471,1687478399999,256876559.6921,347973,529090.855,131693617.386,0
1687478400000,240.8,249.8,239.7,244.3,638290.193,1687564799999,156124995.5926,254147,327143.028,80025859.2735,0
1687564800000,244.4,248.7,230.4,236.4,791496.05,1687651199999,189462664.4101,284687,392239.987,93855838.9816,0
1687651200000,236.4,244.0,235.0,238.8,513198.598,1687737599999,122634105.4772,217281,261521.086,62508918.2631,0
1687737600000,238.9,241.3,233.6,236.1,526248.09,1687823999999,124675274.7049,225519,264273.287,62618313.3008,0
1687824000000,236.1,240.8,234.5,237.5,360259.85,1687910399999,85834675.0653,161086,185324.969,44148400.8195,0
1687910400000,237.5,237.6,224.6,230.6,643304.047,1687996799999,149305878.0527,257544,309073.117,71767593.4307,0
1687996800000,230.6,236.7,230.4,233.1,352025.974,1688083199999,82245042.8293,158038,181468.311,42397611.6568,0
1688083200000,233.2,241.7,230.7,240.3,843439.594,1688169599999,200483756.0175,350192,427265.714,101565505.7267,0
1688169600000,240.4,249.0,240.0,247.9,723099.401,1688255999999,176868834.7547,256708,338381.688,82783943.5956,0
1688256000000,247.8,248.5,242.9,246.5,598172.063,1688342399999,146687214.6501,220931,287430.284,70475757.6486,0
1688342400000,246.5,254.7,245.3,246.5,873992.727,1688428799999,217329353.3851,297949,438235.451,109002380.9201,0
1688428800000,246.5,246.9,240.4,242.5,488909.055,1688515199999,119449633.3821,190012,233298.321,57016600.4894,0
1688515200000,242.5,243.9,235.8,238.9,520015.694,1688601599999,124699717.6546,209992,250400.742,60040657.6584,0
1688601600000,239.0,244.5,231.5,232.2,673275.441,1688687999999,160660353.281,301503,321744.885,76829919.1372,0
1688688000000,232.3,236.2,231.1,235.6,431534.586,1688774399999,101015451.0578,190499,204932.178,47968271.9661,0
1688774400000,235.7,237.6,234.2,236.3,259727.721,1688860799999,61331779.1567,174447,133142.524,31442092.4836,0
1688860800000,236.3,237.0,232.9,234.1,235123.329,1688947199999,55224068.3752,131348,127138.036,29861136.3439,0
1688947200000,234.1,247.0,231.3,246.2,1193826.524,1689033599999,288577761.4019,359254,585177.519,141457667.8846,0
1689033600000,246.2,249.5,244.6,248.6,660141.384,1689119999999,163092161.7441,242536,334947.059,82774540.6229,0
1689120000000,248.6,250.5,242.6,243.9,599390.712,1689206399999,148023554.2427,195472,301270.155,74438275.1052,0
1689206400000,243.9,257.8,242.7,256.1,1037831.391,1689292799999,260503840.2724,344039,530562.595,133157522.8151,0
1689292800000,256.2,261.7,243.4,248.1,1071118.696,1689379199999,272238529.481,412390,505097.662,128466957.4574,0
1689379200000,248.1,252.5,246.9,251.1,383772.673,1689465599999,95944881.0894,173161,200997.277,50246761.8643,0
1689465600000,251.1,252.1,242.0,242.3,433016.609,1689551999999,107159359.2207,192136,202852.33,50228870.5948,0
1689552000000,242.3,244.9,239.8,244.1,792745.158,1689638399999,192369763.5855,310213,409154.577,99313058.5003,0
1689638400000,244.1,246.7,237.5,240.2,932504.771,1689724799999,225023659.9072,285888,452088.618,109099355.515,0
1689724800000,240.3,244.1,239.6,240.8,444676.507,1689811199999,107568712.1823,168531,223876.819,54155949.4662,0
1689811200000,240.9,245.0,240.3,242.8,449387.8,1689897599999,109089115.4593,167896,231406.874,56195573.4019,0
1689897600000,242.8,245.4,242.0,243.7,295187.787,1689983999999,71997856.2745,115561,144496.141,35247903.2731,0
1689984000000,243.8,244.9,240.1,241.1,184432.523,1690070399999,44760549.9083,90058,94053.016,22825730.9761,0
1690070400000,241.1,244.0,240.4,242.5,171931.133,1690156799999,41687540.333,91330,87020.845,21103199.4473,0
1690156800000,242.4,243.1,235.0,238.9,463451.698,1690243199999,110753533.6528,159881,226149.39,54039129.5205,0
1690243200000,238.9,239.8,236.2,237.7,307201.312,1690329599999,73053333.6086,107229,156370.554,37183286.2754,0
1690329600000,237.8,240.4,236.3,239.0,318667.814,1690415999999,75848956.2839,114421,158928.268,37834330.8512,0
1690416000000,239.0,244.5,238.4,240.6,310179.989,1690502399999,74869479.8343,114564,157649.177,38054688.3539,0
1690502400000,240.7,242.9,239.7,241.9,232739.179,1690588799999,56207693.5292,90466,120293.304,29059001.5413,0
1690588800000,241.9,242.9,241.1,242.4,102406.899,1690675199999,24773023.5502,62770,53979.5,13060335.6073,0
1690675200000,242.5,243.8,240.3,242.5,255246.532,1690761599999,61858999.839,104881,133774.706,32425557.7581,0
1690761600000,242.6,244.5,240.5,241.0,333099.771,1690847999999,80865567.5508,115043,165964.955,40299708.8845,0
1690848000000,241.0,247.8,237.3,247.7,813075.175,1690934399999,198363744.4037,210585,428826.66,104630014.9097,0
1690934400000,247.8,248.8,235.7,240.7,630364.599,1691020799999,153020165.131,199916,295889.782,71849702.4601,0
1691020800000,240.7,242.8,238.3,241.1,303966.677,1691107199999,73117107.9969,110921,160266.192,38557111.8809,0
1691107200000,241.1,243.4,240.2,241.7,274715.344,1691193599999,66497124.776,100909,141660.915,34294005.1934,0
1691193600000,241.7,243.3,240.1,243.2,176422.282,1691279999999,42649651.4073,84157,96413.122,23310134.206,0
1691280000000,243.3,245.5,242.8,243.2,278149.257,1691366399999,67888359.9973,100370,144601.124,35296228.3856,0
1691366400000,243.1,244.9,239.7,242.1,302098.545,1691452799999,73178128.2102,128831,149148.52,36139827.2787,0
1691452800000,242.0,248.0,241.5,245.2,377607.574,1691539199999,92356948.4678,135737,197826.001,48382607.5957,0
1691539200000,245.2,245.5,242.8,243.8,294212.606,1691625599999,71894705.2311,113372,135769.467,33180056.0979,0
1691625600000,243.9,244.1,240.5,241.5,261873.92,1691711999999,63443697.9964,98678,128008.866,31025335.532,0
1691712000000,241.5,242.3,238.0,239.7,287357.204,1691798399999,68977336.0305,127336,136265.188,32720564.3628,0
1691798400000,239.8,241.4,239.3,240.3,114025.156,1691884799999,27423424.2774,69513,63913.79,15372470.2757,0
1691884800000,240.3,241.8,239.8,240.2,132878.878,1691971199999,31960464.0307,75227,67456.525,16230436.6076,0
1691971200000,240.2,241.5,239.7,240.4,201261.953,1692057599999,48426294.7964,96139,101261.467,24372616.801,0
1692057600000,240.5,240.8,234.0,236.7,397828.347,1692143999999,94739230.1,179671,174194.762,41484011.3717,0
1692144000000,236.8,237.4,230.7,232.0,427014.475,1692230399999,99874060.8179,175185,196968.217,46068077.5861,0
1692230400000,232.1,232.4,212.5,218.1,1023773.861,1692316799999,229457143.1452,334802,492253.927,110215372.8604,0
1692316800000,218.1,220.3,213.5,216.1,674545.267,1692403199999,146556115.4077,215489,334292.711,72650797.5988,0
1692403200000,216.0,219.2,213.6,216.8,323294.673,1692489599999,69900741.1019,126865,160932.681,34801974.5699,0
1692489600000,216.9,218.0,215.4,216.5,190457.433,1692575999999,41243951.0211,87786,89880.883,19468084.9954,0
1692576000000,216.6,216.9,206.2,210.4,782096.622,1692662399999,164823491.5976,207968,352488.7,74228471.4781,0
1692662400000,210.4,213.0,203.4,210.9,875925.591,1692748799999,182093302.0157,209257,452265.644,94048005.3417,0
1692748800000,210.9,218.8,210.8,216.6,646096.521,1692835199999,139100814.0227,167841,330532.643,71162156.7611,0
1692835200000,216.7,221.2,215.6,219.0,368866.011,1692921599999,80590240.5933,128152,192447.101,42055393.5906,0
1692921600000,219.0,219.6,213.7,218.4,380692.105,1693007999999,82490314.6667,133953,197743.61,42862909.8911,0
1693008000000,218.5,219.3,216.1,216.5,146835.271,1693094399999,31896070.8349,78993,70541.547,15322495.2645,0
1693094400000,216.4,219.8,215.9,218.4,186853.184,1693180799999,40689386.502,76224,97789.883,21297803.6691,0
1693180800000,218.4,219.5,215.1,218.8,310319.442,1693267199999,67502658.0164,106546,162238.476,35298716.5801,0
1693267200000,218.8,234.8,217.0,226.9,666199.649,1693353599999,151324979.9833,237969,328483.425,74592289.2608,0
1693353600000,226.9,227.3,221.7,223.8,305094.438,1693439999999,68404012.6529,112391,145196.307,32553765.3936,0
1693440000000,223.8,226.0,214.4,216.7,452017.913,1693526399999,99599187.5856,138667,214352.718,47245309.4371,0
1693526400000,216.7,218.4,211.2,213.7,461833.238,1693612799999,98906602.8881,134151,224866.923,48150330.7881,0
1693612800000,213.7,215.9,213.0,214.4,207729.726,1693699199999,44541640.1152,89521,106735.228,22889512.8875,0
1693699200000,214.4,215.2,213.2,214.4,168458.242,1693785599999,36078852.7499,69591,82525.559,17677133.6363,0
1693785600000,214.4,216.5,213.1,215.2,305315.445,1693871999999,65652259.4118,103483,153805.696,33081600.7584,0
1693872000000,215.3,216.1,213.5,214.6,242764.079,1693958399999,52156121.7649,88960,120561.668,25905560.3874,0
1693958400000,214.6,218.8,211.8,215.2,300823.424,1694044799999,64596754.8989,99800,152770.207,32810054.7916,0
1694044800000,215.2,217.9,213.6,217.1,247735.496,1694131199999,53365435.3813,92251,122055.253,26299882.7723,0
1694131200000,217.1,218.8,213.4,214.7,235244.296,1694217599999,50731186.8383,99112,113377.066,24460512.5463,0
1694217600000,214.7,215.4,214.1,214.1,94752.246,1694303999999,20356350.875,54570,46878.516,10073343.2311,0
1694304000000,214.2,214.3,211.1,212.4,281482.379,1694390399999,59840295.3424,94220,136703.034,29063981.4295,0
1694390400000,212.4,212.7,203.9,206.1,580093.123,1694476799999,120460067.2959,147921,271233.951,56296191.5593,0
1694476800000,206.2,214.3,204.9,210.7,523734.999,1694563199999,110321515.4203,157384,270369.875,56966916.178,0
1694563200000,210.8,213.3,209.3,212.5,301454.875,1694649599999,63746181.0503,102406,146225.312,30928577.121,0
1694649600000,212.5,215.0,211.0,212.2,354022.553,1694735999999,75291908.9119,112928,179219.203,38122912.5409,0
1694736000000,212.2,215.0,210.9,214.1,312856.997,1694822399999,66528306.9665,111625,168397.937,35819316.7541,0
1694822400000,214.1,216.0,213.3,214.9,288697.085,1694908799999,61955726.2993,111652,162269.151,34832018.6399,0
1694908800000,214.9,216.8,213.3,216.5,333002.468,1694995199999,71700223.6748,110946,183565.985,39529882.3361,0
1694995200000,216.4,221.3,214.9,216.0,600156.61,1695081599999,130735805.9995,147171,304635.259,66378332.2952,0
1695081600000,216.0,219.9,215.3,217.2,347261.748,1695167999999,75480968.3979,109534,170394.893,37038636.1557,0
1695168000000,217.2,217.8,213.3,214.4,368825.746,1695254399999,79474917.4956,112115,179607.68,38714425.746,0
1695254400000,214.3,215.1,209.1,210.8,412312.209,1695340799999,87294414.1873,118272,208710.055,44199538.1668,0
1695340800000,210.8,213.0,209.6,211.1,237677.235,1695427199999,50135472.3992,83886,124775.72,26324289.5454,0
1695427200000,211.1,211.7,209.9,210.5,117618.21,1695513599999,24779090.2678,59523,58951.247,12421098.9527,0
1695513600000,210.4,211.2,206.5,208.3,185179.502,1695599999999,38827637.9994,73786,89976.809,18871100.9621,0
1695600000000,208.3,210.6,206.5,209.9,272401.465,1695686399999,56924678.2105,91720,144283.079,30155136.7938,0
1695686400000,210.0,213.7,209.7,212.6,280709.589,1695772799999,59488753.5475,98698,143627.073,30440271.9623,0
1695772800000,212.6,216.0,210.5,212.0,409367.397,1695859199999,87213295.6396,128013,195206.2,41604114.1814,0
1695859200000,212.1,217.0,211.5,215.0,394085.543,1695945599999,84416215.6065,124590,198013.558,42433594.6337,0
1695945600000,215.0,217.6,214.3,215.2,371923.961,1696031999999,80287231.0222,114040,194657.85,42027073.8885,0
1696032000000,215.2,216.5,214.1,214.6,179075.156,1696118399999,38525653.0438,77924,92828.095,19972757.2303,0
1696118400000,214.6,219.4,213.1,218.2,415044.578,1696204799999,89726682.2753,133268,207718.652,44923446.503,0
1696204800000,218.2,221.6,213.1,214.6,565949.136,1696291199999,123112092.6423,159392,282923.955,61572992.0376,0
1696291200000,214.6,215.8,212.4,213.5,294511.083,1696377599999,63065028.0602,103256,145717.838,31208885.8563,0
1696377600000,213.5,213.8,210.8,213.4,328882.49,1696463999999,69819488.4664,114823,165906.826,35226466.7412,0
1696464000000,213.4,213.9,210.2,210.6,259374.039,1696550399999,54965499.6337,100475,128002.356,27126126.9323,0
1696550400000,210.7,214.6,210.1,213.4,258866.553,1696636799999,54945455.1705,93058,131036.88,27819644.6018,0
1696636800000,213.4,213.8,211.5,212.3,125590.792,1696723199999,26739226.3039,89421,55267.111,11767929.0639,0
1696723200000,212.2,212.8,208.8,211.4,225258.305,1696809599999,47548210.2222,91197,104395.143,22040330.7164,0
1696809600000,211.3,212.2,202.0,205.8,572318.205,1696895999999,118525638.8665,158170,269037.518,55736773.9215,0
1696896000000,205.9,213.1,205.5,208.6,577725.014,1696982399999,120399736.9274,167912,301178.214,62773959.1828,0
1696982400000,208.6,208.8,204.3,206.6,397200.817,1697068799999,81917381.5586,121586,194268.707,40065633.1995,0
1697068800000,206.6,207.3,202.8,205.1,355516.958,1697155199999,72953132.7042,123101,176983.045,36321896.2228,0
1697155200000,205.1,208.3,204.3,206.1,331300.92,1697241599999,68240940.6759,99854,165890.439,34172154.7253,0
1697241600000,206.1,207.1,205.7,206.5,142741.132,1697327999999,29452373.0415,73474,71862.609,14829794.1879,0
1697328000000,206.5,213.0,206.3,209.7,365630.554,1697414399999,76238355.8478,127761,194419.439,40551762.6306,0
1697414400000,209.8,219.0,209.6,214.6,773179.81,1697500799999,165487571.0136,208429,403147.508,86281126.1938,0
1697500800000,214.7,215.0,209.0,211.4,372808.016,1697587199999,79111066.0669,134897,180068.913,38216371.9165,0
1697587200000,211.4,213.9,209.9,210.2,260942.338,1697673599999,55325763.0858,99848,127902.202,27132915.4308,0
1697673600000,210.3,211.5,208.2,211.2,274491.489,1697759999999,57695328.7046,104718,141564.274,29767507.1873,0
1697760000000,211.2,216.6,210.5,212.1,344927.206,1697846399999,73664939.3665,137055,179525.833,38342871.7572,0
1697846400000,212.1,215.8,211.4,214.2,263182.512,1697932799999,56232405.6178,116485,137267.023,29332319.7661,0
1697932800000,214.2,218.4,213.6,217.8,291845.069,1698019199999,62866183.9462,117293,151833.733,32712482.0557,0
1698019200000,217.8,231.0,216.9,228.5,841393.165,1698105599999,187556172.7312,277300,457375.196,101956079.6189,0
1698105600000,228.6,238.1,221.2,225.2,1011409.17,1698191999999,231896447.9067,349790,494759.77,113550721.1776,0
1698192000000,225.2,229.1,221.5,222.1,624789.777,1698278399999,140855130.8811,218394,281733.155,63558498.699,0
1698278400000,222.1,228.1,219.2,223.2,726200.668,1698364799999,162660929.0755,235180,348408.455,78070970.292,0
1698364800000,223.2,231.6,219.9,224.1,970917.489,1698451199999,219332548.5696,299099,483222.573,109224748.3628,0
1698451200000,224.2,228.4,224.1,225.7,347691.437,1698537599999,78745361.1092,140074,179854.796,40737896.3574,0
1698537600000,225.7,228.1,223.6,227.1,269033.796,1698623999999,60824339.7271,130944,131676.357,29776486.397,0
1698624000000,227.1,229.2,224.6,228.0,397120.276,1698710399999,90262886.821,158941,195184.245,44370237.0703,0
1698710400000,228.0,229.3,223.9,226.2,465273.268,1698796799999,105313164.8925,185256,215309.293,48755602.7675,0
1698796800000,226.3,229.5,222.3,227.9,578647.208,1698883199999,130526151.8536,215933,274736.253,62003959.5085,0
1698883200000,228.0,233.7,227.5,231.9,829216.687,1698969599999,191104853.8685,265823,426094.541,98213202.6697,0
1698969600000,231.9,232.4,225.6,230.2,501371.786,1699055999999,114768431.2497,235911,240908.126,55162306.2058,0
1699056000000,230.3,238.7,229.3,237.1,391480.947,1699142399999,91700260.481,187294,214391.95,50226161.6929,0
1699142400000,237.2,245.5,236.1,244.0,613299.473,1699228799999,148461728.7971,317197,322985.524,78200009.6573,0
1699228800000,244.0,256.1,241.5,255.1,844924.324,1699315199999,210620058.5931,345075,455485.862,113561831.6267,0
1699315200000,255.1,255.6,242.1,246.2,865045.808,1699401599999,214554466.2946,299474,444129.476,110096774.4129,0
1699401600000,246.2,248.3,244.0,246.7,500403.192,1699487999999,123208657.9482,196425,263636.62,64919974.9874,0
1699488000000,246.7,255.9,240.0,251.6,1320420.474,1699574399999,328534543.7581,485471,649017.01,161547072.769,0
1699574400000,251.7,258.0,248.1,251.0,814936.218,1699660799999,205904335.778,317560,408837.114,103338973.974,0
1699660800000,251.1,255.2,246.0,251.5,738756.911,1699747199999,185242581.1229,289654,362060.305,90812534.5674,0
1699747200000,251.6,252.0,244.5,247.4,637126.209,1699833599999,158268647.2047,240726,295420.252,73397742.0234,0
1699833600000,247.5,250.2,240.3,241.1,953917.532,1699919999999,234087272.3777,315939,454166.03,111475658.6737,0
1699920000000,241.1,249.4,233.7,242.3,992864.124,1700006399999,241108612.3373,350365,487028.929,118309344.555,0
1700006400000,242.3,254.5,242.1,253.7,911316.433,1700092799999,227361551.2316,298377,466531.623,116398204.3073,0
1700092800000,253.7,256.0,240.0,242.7,1090149.24,1700179199999,270933175.081,330942,525561.354,130691382.1657,0
1700179200000,242.7,245.9,238.3,244.9,757117.698,1700265599999,184229112.2533,252405,382094.29,93000809.1881,0
1700265600000,244.9,245.2,238.5,244.8,485737.217,1700351999999,118012503.5516,161972,240860.919,58522782.9086,0
1700352000000,244.8,246.9,241.8,246.4,379101.104,1700438399999,92591222.5672,140883,190090.822,46435035.3789,0
1700438400000,246.5,268.4,238.6,253.1,1523794.58,1700524799999,385938132.7184,541413,765111.195,193813337.6285,0
1700524800000,253.1,271.9,224.0,225.5,4050392.778,1700611199999,1011993817.7675,1330065,1969967.5,492994985.2965,0
1700611200000,225.5,238.5,224.6,236.1,1791363.245,1700697599999,417655559.5203,450957,901861.731,210342377.4722,0
1700697600000,236.2,239.2,230.2,233.8,718114.377,1700783999999,168197253.3751,212606,363116.189,85053853.1119,0
1700784000000,233.8,236.7,231.6,232.7,616904.315,1700870399999,144657214.7094,194380,306527.044,71899705.963,0
1700870400000,232.8,235.7,232.1,234.4,313338.264,1700956799999,73311189.6661,131778,164247.33,38430673.0236,0
1700956800000,234.5,234.5,227.9,231.7,437624.722,1701043199999,101501869.2893,164960,202363.838,46951378.3434,0
1701043200000,231.8,232.9,222.5,227.2,831147.034,1701129599999,188795151.7685,240758,398758.925,90571903.8631,0
1701129600000,227.3,231.7,224.3,229.6,547422.862,1701215999999,124990569.2474,180702,282766.206,64567685.3371,0
1701216000000,229.6,231.2,226.1,227.3,416529.001,1701302399999,95227304.2401,143396,206209.457,47150899.7085,0
1701302400000,227.3,229.2,225.9,227.6,360874.419,1701388799999,82134829.4554,133792,191855.829,43674223.6113,0
1701388800000,227.6,230.0,227.0,228.5,425879.275,1701475199999,97377363.7116,132047,213403.805,48795583.8125,0
1701475200000,228.5,230.1,224.8,229.0,456196.933,1701561599999,104181500.1925,157045,226488.371,51736447.8712,0
1701561600000,229.1,231.9,225.9,228.1,594689.614,1701647999999,135571793.4611,192981,284960.322,64988510.2669,0
1701648000000,228.1,237.4,224.8,233.5,1475825.971,1701734399999,340713237.4163,398485,762901.097,176199949.9779,0
1701734400000,233.5,234.9,227.9,231.2,861796.38,1701820799999,199321079.6331,296404,423860.087,98045091.1708,0
1701820800000,231.3,234.8,228.6,229.4,858794.132,1701907199999,198533925.8919,304002,429552.893,99325514.6611,0
1701907200000,229.5,234.8,228.3,232.6,793571.247,1701993599999,183986311.039,256861,396748.042,92032449.9493,0
1701993600000,232.6,240.0,232.2,238.9,764638.52,1702079999999,179932210.9931,257312,392759.324,92443782.2475,0
1702080000000,238.8,245.5,236.3,237.7,838098.223,1702166399999,202267145.4988,294258,422571.252,101991167.3731,0
1702166400000,237.8,241.4,236.8,239.8,433591.534,1702252799999,103874632.9652,175456,218613.255,52385567.8558,0
1702252800000,239.8,248.2,228.0,246.4,2010717.772,1702339199999,481507074.9227,580215,1015231.382,243359670.6632,0
1702339200000,246.4,257.3,245.5,254.6,1877670.629,1702425599999,474066909.6198,551262,950699.862,240131842.8647,0
1702425600000,254.6,255.9,244.1,252.0,1149182.339,1702511999999,287346449.3793,366113,568589.168,142190537.3935,0
1702512000000,252.1,254.0,247.7,253.3,818946.787,1702598399999,205663878.7038,272248,408807.8,102683981.0496,0
1702598400000,253.2,253.4,242.6,244.9,655654.892,1702684799999,162781619.0281,257518,302836.845,75226455.1885,0
1702684800000,244.9,248.4,242.7,244.4,444080.33,1702771199999,109276324.5659,193517,215235.724,52962457.1007,0
1702771200000,244.4,244.5,238.8,238.8,464957.446,1702857599999,112451147.5021,209731,213837.191,51734063.1358,0
1702857600000,238.9,241.7,232.0,241.7,876189.244,1702943999999,207558062.952,305327,433973.887,102811874.9011,0
1702944000000,241.7,254.8,241.3,252.9,1569167.394,1703030399999,392788601.6509,489304,809183.949,202597360.2492,0
1703030400000,252.8,261.9,250.1,260.3,1116951.002,1703116799999,286414435.3106,354980,560070.047,143622371.5864,0
1703116800000,260.4,274.9,256.2,272.1,1286767.653,1703203199999,344882938.8172,448177,646712.034,173375537.775,0
1703203200000,272.1,276.5,264.9,271.1,967819.921,1703289599999,261603644.0307,362492,478736.599,129487216.9621,0
1703289600000,271.1,272.0,265.6,271.0,408213.412,1703375999999,109797737.1071,207044,199755.849,53735662.5251,0
1703376000000,271.0,272.9,261.9,264.5,572645.135,1703462399999,153772670.7267,285531,274447.876,73726007.9595,0
1703462400000,264.4,268.2,261.5,266.9,469743.423,1703548799999,124678355.3422,255423,237721.237,63107533.9666,0
1703548800000,266.8,303.2,264.0,297.7,2356245.345,1703635199999,677051118.3951,891624,1200526.832,344891185.4636,0
1703635200000,297.7,324.4,285.1,324.1,2126454.61,1703721599999,645877189.4539,724654,1098849.743,333911748.1211,0
1703721600000,324.0,338.3,320.0,322.6,2249136.219,1703807999999,737870670.9829,742279,1130946.383,371085068.5641,0
1703808000000,322.6,325.6,307.0,313.7,1407022.74,1703894399999,444941733.1464,501778,685666.098,216869490.4733,0
1703894400000,313.7,320.8,312.2,317.1,561853.413,1703980799999,177942240.5332,255800,282265.078,89420731.2861,0
1703980800000,317.0,325.5,307.4,311.8,667097.557,1704067199999,212735142.2708,291013,329561.065,105164615.0165,0
1704067200000,311.9,316.0,307.0,313.5,619455.158,1704153599999,192732706.8128,261880,312400.892,97214140.2231,0
1704153600000,313.5,321.3,305.8,312.2,937764.737,1704239999999,295174406.4809,344903,471173.263,148344765.2339,0
1704240000000,312.3,334.3,293.6,315.8,2132158.122,1704326399999,676220588.2609,799701,1070778.977,339887095.8676,0
1704326400000,315.9,324.3,310.9,323.7,1133774.957,1704412799999,361837483.3215,418424,589998.906,188350930.1773,0
1704412800000,323.6,327.3,308.6,317.5,1157056.276,1704499199999,368222963.7918,388664,559873.425,178251922.3723,0
1704499200000,317.6,317.6,300.2,307.5,909358.183,1704585599999,278569949.9934,329261,421363.67,129040715.7017,0
1704585600000,307.6,310.0,300.0,302.4,498367.089,1704671999999,152361829.1541,206206,242009.588,74016497.5836,0
1704672000000,302.5,308.1,290.0,303.7,984590.842,1704758399999,295303747.6348,351442,477182.073,143133820.6223,0
1704758400000,303.6,306.8,295.7,301.1,1401490.155,1704844799999,422526207.0798,423666,716638.006,216123361.9907,0
1704844800000,301.1,310.0,288.8,305.8,1032565.477,1704931199999,308162176.0144,366664,522038.784,155900208.6422,0
1704931200000,305.7,316.8,301.4,308.2,1179601.543,1705017599999,365379468.0055,410105,597028.446,184955724.591,0
1705017600000,308.2,313.0,289.1,296.6,1003340.774,1705103999999,306490270.7949,353574,474977.834,145172579.0755,0
1705104000000,296.7,303.1,290.8,302.2,436784.239,1705190399999,130482656.592,186167,224230.592,67000300.4416,0
1705190400000,302.2,306.7,298.7,299.5,393054.947,1705276799999,119385412.0975,193008,196080.583,59580825.1694,0
1705276800000,299.4,320.6,299.4,317.5,1704540.89,1705363199999,538168739.2421,507633,887606.757,280192675.3126,0
1705363200000,317.6,319.4,313.0,315.2,951149.445,1705449599999,301098425.262,285324,457692.814,144902769.228,0
1705449600000,315.1,316.3,306.8,309.4,1071343.496,1705535999999,334015672.2177,303286,494017.993,154031037.3089,0
1705536000000,309.3,315.6,305.7,313.0,921121.889,1705622399999,286764675.8662,300608,463402.869,144275322.9484,0
1705622400000,313.0,316.2,305.0,314.7,835724.4,1705708799999,260212056.1142,262620,419343.066,130624389.9313,0
1705708800000,314.7,317.3,312.2,317.2,326090.187,1705795199999,102587302.7284,139000,177514.843,55853013.4118,0
1705795200000,317.3,321.7,316.1,318.6,359764.313,1705881599999,114699882.2174,142612,195370.878,62290778.6228,0
1705881600000,318.7,320.3,303.6,305.9,704437.647,1705967999999,219981142.9426,239986,344481.873,107583504.1446,0
1705968000000,305.9,311.7,290.3,298.8,928195.378,1706054399999,277158407.7849,301539,457369.214,136605551.0961,0
1706054400000,298.8,300.7,290.3,293.1,802312.815,1706140799999,236068964.3331,228147,396152.81,116598307.2188,0
1706140800000,293.0,296.7,287.5,292.1,1004156.719,1706227199999,293393842.1302,277782,489592.884,143066643.554,0
1706227200000,292.1,304.2,290.7,302.2,709942.404,1706313599999,212965430.5951,214719,373678.096,112057331.3426,0
1706313600000,302.2,307.7,301.9,305.6,285357.667,1706399999999,86914329.9027,124410,143495.008,43710407.5125,0
1706400000000,305.7,309.1,303.1,305.3,409403.057,1706486399999,125348980.2823,146852,203215.165,62237128.3635,0
1706486400000,305.3,311.0,304.4,310.7,442799.505,1706572799999,136398210.8905,168366,233486.144,71922009.7183,0
1706572800000,310.7,313.1,306.3,307.6,386375.467,1706659199999,119841147.8526,153482,193079.451,59899819.1959,0
1706659200000,307.7,308.2,298.6,300.5,459007.698,1706745599999,139453769.9253,181983,204858.178,62242699.7283,0
1706745600000,300.5,302.2,296.4,300.2,373269.789,1706831999999,111693886.0914,148954,179146.978,53614855.6062,0
1706832000000,300.2,305.2,299.8,301.4,309501.649,1706918399999,93531533.3372,132879,152342.555,46043106.3825,0
1706918400000,301.4,303.8,299.5,299.7,198730.962,1707004799999,59934756.239,100715,92656.197,27948436.6825,0
1707004800000,299.6,307.7,298.0,304.7,503405.323,1707091199999,153038899.9585,160913,256113.11,77859776.1094,0
1707091200000,304.7,306.8,299.5,301.2,488672.271,1707177599999,148229310.0409,156913,229922.517,69752159.6926,0
1707177600000,301.2,304.1,300.9,302.7,260762.321,1707263999999,78912339.4264,127238,132573.771,40120041.4509,0
1707264000000,302.8,308.7,300.7,307.3,352421.789,1707350399999,107278134.5215,142539,170806.92,52000528.6135,0
1707350400000,307.4,320.6,307.3,319.2,921496.502,1707436799999,290495868.1278,283799,471539.292,148643337.6357,0
1707436800000,319.2,326.3,317.9,324.0,739178.081,1707523199999,238469149.4622,246723,365848.872,118030881.3977,0
1707523200000,324.0,325.4,318.9,323.0,321477.064,1707609599999,103609947.2204,149800,155513.135,50125339.244,0
1707609600000,323.0,324.9,320.1,320.7,280308.105,1707695999999,90370119.2085,137326,135466.997,43685102.5896,0
1707696000000,320.6,332.2,315.6,327.8,576734.162,1707782399999,186477781.445,222424,292443.076,94585670.5609,0
1707782400000,327.9,329.2,318.6,324.7,441545.83,1707868799999,143321078.2164,203711,221167.149,71805986.2089,0
1707868800000,324.6,334.6,323.4,333.9,452466.98,1707955199999,149740983.6118,200782,231164.766,76491751.7666,0
1707955200000,333.9,366.6,333.3,354.2,1361590.403,1708041599999,478646206.0905,448821,680704.874,239274487.3521,0
1708041600000,354.3,366.8,349.1,360.4,1061855.986,1708127999999,380862085.144,360598,526744.009,188978532.3136,0
1708128000000,360.4,363.7,348.2,352.9,630266.52,1708214399999,224091913.1848,244807,295506.719,105137200.1646,0
1708214400000,352.9,358.1,349.1,349.8,495667.634,1708300799999,174916562.0411,224130,224377.788,79205083.5564,0
1708300800000,349.8,356.2,349.3,351.6,830917.534,1708387199999,292956743.1504,345997,414590.471,146196834.0431,0
1708387200000,351.7,361.6,344.8,354.6,972650.558,1708473599999,344718252.3894,339802,477822.292,169438066.6968,0
1708473600000,354.6,379.3,350.9,379.2,1701415.313,1708559999999,622522220.3496,514587,840914.698,307706688.4333,0
1708560000000,379.2,387.3,373.7,382.6,1409647.481,1708646399999,536344338.408,444044,687873.961,261809299.7221,0
1708646400000,382.7,385.8,369.0,375.5,1027891.295,1708732799999,386866756.7837,369744,481409.98,181259570.1996,0
1708732800000,375.5,383.3,371.7,381.7,444587.481,1708819199999,168773631.0203,205659,223853.011,84995464.7152,0
1708819200000,381.6,391.0,377.6,388.5,643002.671,1708905599999,247170192.0434,254167,323037.568,124237693.019,0
1708905600000,388.5,404.9,382.0,401.6,1196262.204,1708991999999,470452539.8288,439494,603448.974,237386073.8552,0
1708992000000,401.5,403.7,389.6,394.6,915873.073,1709078399999,364167988.7186,359085,453326.359,180285597.1777,0
1709078400000,394.6,427.3,394.1,414.6,1348008.995,1709164799999,552001541.8641,632216,683791.98,280131088.2702,0
1709164800000,414.7,419.7,391.1,399.4,1146024.362,1709251199999,469627729.0748,580983,525888.683,215574904.4918,0
1709251200000,399.3,408.6,398.8,407.4,586580.611,1709337599999,237860266.1338,311204,285002.928,115581867.389,0
1709337600000,407.4,414.8,405.8,410.9,590018.543,1709423999999,241430398.0742,317270,291005.339,119093267.2262,0
1709424000000,410.9,416.8,402.2,414.5,838274.346,1709510399999,344938583.2117,383839,415127.006,170878289.8182,0
1709510400000,414.5,423.8,410.6,418.4,1045414.001,1709596799999,436000270.4003,477914,512280.831,213699810.3019,0
1709596800000,418.5,427.2,356.1,394.1,2073303.79,1709683199999,842880032.1611,919160,1002333.24,407656759.5141,0
1709683200000,394.1,434.7,385.6,429.4,1804741.112,1709769599999,751515764.4224,770778,909402.515,379211335.5499,0
1709769600000,429.4,476.8,423.2,474.6,1672134.41,1709855999999,749769224.1366,665523,892164.719,399906260.0902,0
1709856000000,474.6,489.6,462.5,485.8,1660311.361,1709942399999,791088261.862612,706558,819263.008,390417132.543612,0
1709942400000,485.8,493.8,480.7,488.3,852029.241,1710028799999,414533147.6676,433520,423776.867,206221495.0206,0
1710028800000,488.3,537.5,484.8,528.9,1944137.084,1710115199999,1008148996.342,909899,981900.426,508822537.7983,0
1710115200000,528.9,533.8,505.5,523.0,1608146.397,1710201599999,837717178.0817,729133,799348.505,416480285.1778,0
1710201600000,523.0,548.5,519.0,537.5,1924767.687,1710287999999,1029803000.1368,974595,970287.545,519132454.8384,0
1710288000000,537.4,633.5,531.7,630.5,2526002.564,1710374399999,1472173679.0133,1265237,1299773.56,757460406.7681,0
1710374400000,630.5,631.5,565.5,603.2,2119540.3,1710460799999,1276710945.0094,1038297,1024242.995,617049992.1553,0
1710460800000,603.2,635.2,540.9,632.7,3066312.788,1710547199999,1801522551.2584,1365283,1511465.039,888741399.1454,0
1710547200000,632.7,645.2,567.2,576.4,1811838.042,1710633599999,1089990828.5325,1025452,887759.658,534198536.3274,0
1710633600000,576.4,590.5,548.6,571.7,1712920.341,1710719999999,984797926.6451,802297,842602.718,484581547.2104,0
1710720000000,571.7,587.7,540.1,555.4,2284301.814,1710806399999,1280062076.3232,994512,1105043.033,619415247.5823,0
1710806400000,555.4,560.6,495.8,507.7,2551361.512,1710892799999,1331115169.0283,1213572,1264212.907,659751785.4936,0
1710892800000,507.7,559.0,500.0,556.8,1425296.579,1710979199999,749188287.3,809335,722627.974,379956281.8959,0
1710979200000,556.7,571.0,540.6,553.8,953921.372,1711065599999,530484956.5965,563996,490822.159,273124065.471,0
1711065600000,553.8,588.1,535.5,553.8,1181298.51,1711151999999,665146195.2231,712381,597088.425,336453582.3686,0
1711152000000,553.8,567.7,543.4,551.9,608753.329,1711238399999,338703185.9031,381050,300426.231,167212492.7134,0
1711238400000,551.9,573.0,548.7,567.7,442930.35,1711324799999,247685878.078,316278,228019.045,127551786.5182,0
1711324800000,567.8,598.0,564.4,587.0,802695.512,1711411199999,469579231.5133,583070,419512.15,245519376.5017,0
1711411200000,587.1,597.0,571.9,580.4,569324.079,1711497599999,332801887.0926,435915,283964.015,165946829.6306,0
1711497600000,580.4,585.6,560.3,574.3,531668.402,1711583999999,305741133.052,425362,266798.086,153468831.5803,0
1711584000000,574.2,591.7,574.1,583.4,503901.624,1711670399999,294749471.6428,417770,270251.482,158116207.351,0
1711670400000,583.4,620.0,582.1,612.5,1042401.169,1711756799999,635441895.7802,774967,556926.889,339337933.2212,0
1711756800000,612.5,612.9,596.9,600.7,501020.148,1711843199999,303309397.2959,418779,239371.052,144936419.2649,0
1711843200000,600.7,608.8,600.4,606.7,325136.967,1711929599999,196801011.3464,281965,165444.873,100153752.1936,0
1711929600000,606.7,607.7,568.7,575.8,723114.09,1712015999999,422232040.5397,550127,335240.836,195706037.7081,0
1712016000000,575.8,578.2,546.3,551.4,998260.814,1712102399999,557890803.7339,619723,492854.584,275426760.2362,0
1712102400000,551.4,567.9,539.0,561.5,683925.233,1712188799999,380450017.1563,403926,344570.763,191753422.4773,0
1712188800000,561.6,597.6,560.8,585.5,879640.68,1712275199999,513029443.1814,573215,461868.584,269312881.6054,0
1712275200000,585.4,591.5,564.4,577.8,634206.619,1712361599999,367049671.0699,487996,305955.904,177073383.8347,0
1712361600000,577.8,591.3,575.1,585.4,226975.996,1712447999999,132278897.6139,224088,117560.105,68527939.5872,0
1712448000000,585.5,591.1,578.0,583.9,263849.216,1712534399999,154585203.3597,251758,134389.436,78735702.5665,0
1712534400000,583.8,601.1,577.7,586.4,483568.312,1712620799999,285425656.2693,439330,264174.242,155965427.2645,0
1712620800000,586.3,590.3,571.2,580.5,596275.792,1712707199999,345991219.2587,482272,290685.323,168702490.9461,0
1712707200000,580.4,610.6,573.4,609.7,816050.7,1712793599999,483100690.5672,590395,429234.13,254236844.9012,0
1712793600000,609.7,618.4,592.0,604.6,579678.194,1712879999999,350892798.4008,473253,299213.701,181290589.2599,0
1712880000000,604.6,634.5,571.0,595.6,1517722.658,1712966399999,922093314.9389,1060352,767444.378,467016131.489,0
1712966400000,595.6,600.2,508.0,553.1,1761628.473,1713052799999,988296299.5608,1267107,866685.166,486598854.6995,0
1713052800000,553.0,576.0,536.1,566.4,965488.003,1713139199999,533164946.8269,692805,491692.341,271628980.7253,0
1713139200000,566.4,585.5,544.7,552.7,698443.303,1713225599999,395592622.7526,596403,345855.785,195898509.3883,0
1713225600000,552.7,554.2,522.8,537.6,623668.813,1713311999999,336470058.8908,452185,304922.909,164565873.9593,0
1713312000000,537.5,547.9,512.6,534.1,657909.358,1713398399999,350644262.6027,464395,320981.626,171208365.5097,0
1713398400000,534.0,555.9,527.0,552.1,589697.296,1713484799999,322107047.8927,470350,316463.902,172896600.2909,0
1713484800000,552.0,564.3,524.0,554.0,545504.183,1713571199999,299560802.6402,367418,269449.714,148051208.0069,0
1713571200000,554.1,574.3,548.8,570.9,242132.859,1713657599999,136141960.463,214259,125243.222,70460483.2102,0
1713657600000,570.9,582.6,566.3,579.6,277755.724,1713743999999,159867167.9353,259682,145080.318,83541997.5142,0
1713744000000,579.6,608.7,578.4,604.5,522892.157,1713830399999,312535591.8883,421292,264368.717,157917800.3098,0
1713830400000,604.4,618.3,598.7,606.2,556883.344,1713916799999,338016342.9297,467839,289972.312,176045137.6259,0
1713916800000,606.2,618.5,592.6,608.8,656953.677,1714003199999,398136610.0393,544681,332901.77,201750686.7526,0
1714003200000,608.8,617.9,600.7,613.2,453745.517,1714089599999,276456819.9268,353114,234863.894,143112189.8331,0
1714089600000,613.3,615.0,597.0,598.0,302119.884,1714175999999,182921811.3128,269508,141042.767,85400758.9125,0
1714176000000,598.0,599.7,585.0,596.2,268783.912,1714262399999,159075524.0425,233820,126172.269,74683729.5193,0
1714262400000,596.2,609.0,596.2,600.2,258059.431,1714348799999,155563327.3273,206703,133451.225,80443610.8682,0
1714348800000,600.2,602.8,581.3,592.8,330474.005,1714435199999,194895190.9459,271926,160573.306,94733598.0797,0
1714435200000,592.8,604.3,555.7,578.4,766513.446,1714521599999,442024066.4745,486465,381771.833,220252556.348,0
1714521600000,578.4,580.4,536.7,561.8,669027.318,1714607999999,371042856.3967,427425,334188.496,185280961.6754,0
1714608000000,561.8,565.9,539.5,560.5,359794.315,1714694399999,200004508.9447,250921,186000.362,103351107.6153,0
1714694400000,560.5,590.0,558.9,587.0,342906.433,1714780799999,196300747.86,257575,174598.706,99981862.0715,0
1714780800000,587.0,593.6,582.5,585.7,197129.251,1714867199999,115907821.4002,210303,100754.273,59247616.8803,0
1714867200000,585.7,595.0,579.3,592.0,180458.236,1714953599999,106025278.2271,180794,90484.952,53184948.6463,0
1714953600000,592.0,602.3,583.1,588.2,278669.005,1715039999999,164915187.6334,248490,141943.918,84020361.3779,0
1715040000000,588.2,600.4,576.0,576.5,289488.709,1715126399999,170615635.1222,266127,145582.53,85855848.6096,0
1715126400000,576.5,590.0,574.4,588.6,297016.617,1715212799999,173445200.0971,249379,154885.801,90466411.8001,0
1715212800000,588.6,605.8,586.3,596.8,464857.601,1715299199999,277461169.032,332988,235310.802,140497811.2041,0
1715299200000,596.8,597.0,581.5,585.6,296215.516,1715385599999,174757720.3065,243047,149140.719,88000174.0173,0
1715385600000,585.7,594.5,580.8,592.2,210698.305,1715471999999,123879065.4674,176392,110856.406,65157095.5809,0
1715472000000,592.2,600.1,587.3,594.8,191190.562,1715558399999,113647065.6195,197594,99884.344,59380608.4101,0
1715558400000,594.8,598.4,585.2,591.7,389810.286,1715644799999,231181529.9276,289913,202020.782,119809450.1196,0
1715644800000,591.7,593.1,562.0,567.1,453308.316,1715731199999,260670269.0921,326414,197408.495,113573835.747,0
1715731200000,567.1,587.3,560.0,581.0,402812.993,1715817599999,231640318.7261,368277,205975.6,118462827.9614,0
1715817600000,581.0,586.6,565.1,569.2,411937.056,1715903999999,237940982.045,353258,200161.003,115716516.0659,0
1715904000000,569.2,584.5,568.6,580.9,236919.616,1715990399999,136736066.0091,229514,129057.135,74481741.5922,0
1715990400000,580.9,581.9,574.2,580.3,168074.711,1716076799999,97276169.0784,147254,79240.404,45864409.1382,0
1716076800000,580.3,581.9,571.3,574.5,142157.485,1716163199999,82153015.5064,136817,65461.052,37839102.3222,0
1716163200000,574.6,602.0,568.8,599.6,469252.806,1716249599999,273916587.4838,329460,260534.379,152354885.3875,0
1716249600000,599.6,631.4,593.3,618.5,1023559.613,1716335999999,629680133.3534,714176,542593.388,333817937.525,0
1716336000000,618.5,626.3,610.1,614.8,404848.487,1716422399999,250112541.59,358849,203014.344,125467545.8543,0
1716422400000,614.8,617.5,580.0,599.3,607671.947,1716508799999,365408323.5065,452702,287636.088,172962658.4532,0
1716508800000,599.4,605.5,588.3,600.3,251965.176,1716595199999,150540221.747,234072,122857.327,73448527.3408,0
1716595200000,600.3,606.7,599.5,602.4,121538.958,1716681599999,73238183.6787,152418,60656.817,36555098.0264,0
1716681600000,602.3,605.4,598.0,600.2,122983.66,1716767999999,73993292.513,136737,58421.592,35157440.7011,0
1716768000000,600.3,614.4,599.6,603.9,229302.377,1716854399999,138990897.2628,213322,115446.802,70007104.617,0
1716854400000,603.9,606.0,593.8,601.7,284862.985,1716940799999,170866428.7429,276265,138252.741,82947402.7281,0
1716940800000,601.7,603.6,593.1,595.7,212706.254,1717027199999,127314783.2932,297215,104306.507,62443538.1662,0
1717027200000,595.7,602.2,586.5,595.1,225452.344,1717113599999,134058231.5414,247441,114106.631,67879041.8406,0
1717113600000,595.1,599.0,590.0,593.7,168608.054,1717199999999,100127890.5189,192563,84038.113,49915396.241,0
1717200000000,593.8,608.4,593.1,601.9,156464.894,1717286399999,93807304.5433,168039,88983.017,53373596.0617,0
1717286400000,601.9,606.0,596.0,602.9,198299.996,1717372799999,119216586.139,205029,101463.434,61013044.4188,0
1717372800000,602.8,638.8,601.2,626.4,654161.467,1717459199999,408619568.5288,445986,350949.958,219117294.8507,0
1717459200000,626.4,688.2,624.8,685.7,736322.6803,1717545599999,480618195.60853,560841,403884.7589,263870217.18372,0
1717545600000,685.7,716.0,684.7,698.8,673820.5652,1717631999999,471592896.6752871,516891,346403.5397,242379830.2925071,0
1717632000000,698.8,721.8,692.0,711.2,544042.9592,1717718399999,383971667.0546109,424589,274383.6301,193735352.29719087,0
1717718400000,711.1,712.0,658.9,684.0,594753.99,1717804799999,411647370.9832,467676,271049.464,187511996.088,0
1717804800000,684.0,694.9,677.9,682.7,216849.473,1717891199999,148522259.267,226469,105309.814,72154973.4764,0
1717891200000,682.7,684.8,670.3,673.0,173565.78,1717977599999,117580243.2205,205290,81637.726,55313473.7177,0
1717977600000,673.1,674.8,613.3,625.1,692122.616,1718063999999,443628428.2456,698508,310647.874,199216779.4713,0
1718064000000,625.1,629.0,595.8,602.5,640655.92,1718150399999,392329646.8744,607996,301131.195,184508015.7614,0
1718150400000,602.5,635.4,591.3,619.4,454148.661,1718236799999,280606534.9802,418125,228189.544,141034295.8502,0
1718236800000,619.4,619.9,595.6,599.8,313465.472,1718323199999,189807512.1516,444439,148302.882,89820260.2499,0
1718323200000,599.8,612.5,590.0,603.3,279802.085,1718409599999,168377597.5893,579504,140105.517,84383515.8454,0
1718409600000,603.3,609.7,601.3,608.2,122650.197,1718495999999,74376625.4952,239966,62007.241,37603630.4145,0
1718496000000,608.2,611.8,601.1,610.8,104827.154,1718582399999,63655028.5963,157731,53108.608,32259444.9821,0
1718582400000,610.9,612.6,591.4,604.3,235509.028,1718668799999,141794445.7183,287903,110663.528,66617756.0167,0
1718668800000,604.3,605.2,575.0,588.6,459142.573,1718755199999,269411551.1401,723050,247053.992,144990083.6423,0
1718755200000,588.6,605.9,586.6,599.3,260529.062,1718841599999,155686523.0016,302529,138838.99,82950824.8666,0
1718841600000,599.3,608.0,584.6,587.7,289498.772,1718927999999,172878669.7902,300306,147839.834,88273735.1507,0
1718928000000,587.7,589.3,577.8,586.1,191182.614,1719014399999,111683509.5204,231903,93121.849,54398247.658,0
1719014400000,586.2,591.4,581.0,591.1,100439.584,1719100799999,58889744.9883,146230,45174.853,26491386.451,0
1719100800000,591.1,593.2,576.0,577.5,141025.834,1719187199999,82700074.1585,187493,62626.815,36737322.3308,0
1719187200000,577.5,582.0,551.2,568.1,356915.248,1719273599999,201975223.9453,476485,162563.581,92015443.5071,0
1719273600000,568.1,580.0,566.4,578.2,177300.699,1719359999999,101775508.7125,223077,90984.067,52242939.8064,0
1719360000000,578.3,584.7,567.4,573.0,154770.344,1719446399999,89021816.7667,223761,73108.195,42061839.1508,0
1719446400000,573.1,584.7,566.4,581.7,199582.231,1719532799999,114879067.5068,224133,102042.235,58708751.2042,0
1719532800000,581.8,585.3,565.6,567.4,210308.565,1719619199999,120971213.4525,236220,104011.505,59848910.8901,0
1719619200000,567.4,573.9,566.9,570.0,99951.169,1719705599999,57037745.3195,184735,55534.326,31690070.2945,0
1719705600000,570.0,585.3,568.3,582.2,169894.148,1719791999999,98063504.92,272102,100982.093,58291561.3152,0
1719792000000,582.3,588.3,576.2,576.9,188481.951,1719878399999,109661771.2101,255430,100389.281,58428465.0761,0
1719878400000,576.9,582.0,573.9,580.1,144561.934,1719964799999,83595650.9873,307060,73594.557,42560198.8327,0
1719964800000,580.1,581.0,550.5,556.7,288318.808,1720051199999,162074388.468,294233,140331.933,78834004.8301,0
1720051200000,556.7,558.1,511.6,513.6,511359.494,1720137599999,271362063.6033,527426,240501.419,127567491.8048,0
1720137600000,513.5,516.1,454.8,497.7,992708.164,1720223999999,477944738.996,850494,484298.105,233016332.0654,0
1720224000000,497.8,530.7,496.0,526.0,226597.141,1720310399999,116325464.473,290569,116253.706,59659035.1984,0
1720310400000,526.0,526.6,488.4,490.7,279027.459,1720396799999,141525511.5082,318001,126961.718,64382611.742,0
1720396800000,490.7,524.2,471.0,510.6,580970.096,1720483199999,290874412.6181,660754,284892.084,142598645.7194,0
1720483200000,510.5,520.8,506.5,516.9,203358.601,1720569599999,104783981.2704,271013,104243.307,53743420.1159,0
1720569600000,516.9,529.4,511.3,524.7,205460.208,1720655999999,107482904.158,292550,103989.259,54420845.0399,0
1720656000000,524.7,545.1,520.1,524.8,262788.577,1720742399999,139656345.3707,416058,128694.693,68426446.5915,0
1720742400000,524.9,537.5,517.0,533.8,207870.778,1720828799999,109277155.6752,396773,100392.81,52804342.1963,0
1720828800000,533.9,539.4,527.3,532.4,161128.431,1720915199999,85959545.6284,281396,79500.686,42421231.6063,0
1720915200000,532.5,547.7,531.2,544.8,148566.273,1721001599999,79894219.4869,284131,77489.592,41688962.2775,0
1721001600000,544.9,586.8,543.8,585.3,335372.772,1721087999999,189865878.4188,573071,179866.455,101808951.0437,0
1721088000000,585.3,587.5,554.4,576.2,347825.03,1721174399999,198747610.3712,506046,167683.955,95785537.9101,0
1721174400000,576.3,584.0,564.3,568.9,198271.205,1721260799999,114191416.2815,380173,95261.729,54893933.6591,0
1721260800000,568.9,579.6,561.6,571.9,153121.784,1721347199999,87460889.8859,381280,75653.046,43232124.7743,0
1721347200000,572.0,598.7,565.0,593.4,331877.529,1721433599999,194179639.0283,580567,169982.644,99473966.9172,0
1721433600000,593.4,597.9,586.7,593.1,144679.404,1721519999999,85733754.6122,226000,75833.918,44950408.2787,0
1721520000000,593.2,603.4,581.5,602.5,243931.763,1721606399999,145514213.204,301302,137654.345,82196722.1271,0
1721606400000,602.5,605.6,580.3,587.2,212452.69,1721692799999,126474838.8711,418597,99386.202,59218056.2018,0
1721692800000,587.3,593.5,577.2,581.9,214355.311,1721779199999,125103987.1786,305938,103985.685,60704853.9016,0
1721779200000,582.0,589.1,570.4,574.9,160535.208,1721865599999,93548644.6785,209580,76442.271,44570590.1227,0
1721865600000,574.9,576.6,553.1,570.6,286997.522,1721951999999,161664095.8419,331659,137395.304,77412925.5323,0
1721952000000,570.7,582.8,570.2,580.9,155492.92,1722038399999,89808484.418,189339,78652.357,45428084.8212,0
1722038400000,580.9,592.8,572.6,581.6,184468.855,1722124799999,107622930.3255,229095,90689.814,52929207.6631,0
1722124800000,581.6,584.9,574.5,583.9,92606.642,1722211199999,53762708.786,131654,45934.882,26669496.3725,0
1722211200000,583.9,598.0,572.2,574.3,213824.089,1722297599999,125254349.9433,303558,104271.085,61157594.7612,0
1722297600000,574.3,588.3,566.6,588.2,165024.413,1722383999999,94752452.1439,288160,82571.952,47456719.21,0
1722384000000,588.1,592.9,574.7,576.5,194701.723,1722470399999,113838698.8411,297654,93988.407,54989504.6238,0
1722470400000,576.5,578.0,553.7,575.1,280418.865,1722556799999,158920157.6353,463264,129509.122,73374507.3018,0
1722556800000,575.2,577.6,540.2,542.9,283605.001,1722643199999,158973647.91,431920,128684.107,72122137.0859,0
1722643200000,542.9,545.3,521.3,529.6,245777.525,1722729599999,131076763.6382,376792,113448.997,60513581.0246,0
1722729600000,529.7,532.2,486.5,496.9,390238.285,1722815999999,198331072.8714,521749,180912.742,91921638.9926,0
1722816000000,496.9,499.9,400.0,464.2,2114679.75,1722902399999,936709946.2717,1999683,991325.443,439439578.564,0
1722902400000,464.3,494.4,463.5,484.8,458815.007,1722988799999,221910821.6103,588215,228954.244,110735193.2277,0
1722988800000,484.9,497.7,468.1,475.0,322182.487,1723075199999,155878721.2477,490829,155038.709,75075556.4366,0
1723075200000,475.0,521.7,467.5,517.1,286744.608,1723161599999,142644959.0329,396134,153399.824,76408441.5165,0
1723161600000,517.2,518.4,498.7,508.7,195125.106,1723247999999,99252951.0151,300036,87638.316,44592603.0384,0
1723248000000,508.7,525.4,507.2,523.1,126212.238,1723334399999,65106264.4061,188096,69339.074,35767820.3178,0
1723334400000,523.2,535.8,502.3,503.4,206038.714,1723420799999,107396614.4,327297,98236.251,51266008.8394,0
1723420800000,503.5,524.0,499.2,518.2,285951.347,1723507199999,146276671.4102,434495,146689.817,75094982.7524,0
1723507200000,518.3,527.0,513.1,524.2,255029.497,1723593599999,132679939.5935,350436,134962.119,70235963.366,0
1723593600000,524.2,531.9,515.4,523.4,220850.011,1723679999999,115904285.2938,379215,112167.631,58880894.1084,0
1723680000000,523.4,533.9,510.0,519.2,229628.306,1723766399999,119729441.4465,405281,115831.877,60442003.2224,0
1723766400000,519.2,524.5,509.9,519.7,174036.141,1723852799999,90234466.8196,351806,86807.487,45026778.6494,0
1723852800000,519.7,547.7,518.3,541.6,196365.586,1723939199999,104648859.6598,304316,101830.016,54272526.5887,0
1723939200000,541.7,542.6,530.8,531.2,148890.018,1724025599999,80080999.4861,279357,76081.308,40936215.3885,0
1724025600000,531.3,560.7,529.1,558.4,233275.352,1724111999999,126752012.1447,369716,119969.847,65225669.1925,0
1724112000000,558.5,574.9,558.2,569.4,422053.693,1724198399999,239532350.7605,605130,211329.27,119969051.7913,0
1724198400000,569.4,575.1,546.1,570.1,345601.77,1724284799999,194150513.2876,460388,164997.587,92723372.394,0
1724284800000,570.2,590.0,559.7,582.9,365020.284,1724371199999,211506200.4228,618404,185013.464,107195458.0855,0
1724371200000,583.0,600.6,574.3,591.7,387772.663,1724457599999,226667831.476,587037,204719.794,119771913.911,0
1724457600000,591.7,592.4,574.6,580.5,325168.897,1724543999999,189230078.1068,604105,148297.546,86348526.9589,0
1724544000000,580.5,583.9,569.0,573.9,195984.559,1724630399999,112871783.1875,381566,95831.383,55206448.0626,0
1724630400000,573.9,575.6,546.7,548.2,280985.576,1724716799999,157546934.309,560769,128590.021,72136958.7617,0
1724716800000,548.3,558.3,520.5,533.3,298073.974,1724803199999,162636857.1307,597897,147268.469,80417440.2792,0
1724803200000,533.3,546.8,522.4,537.0,269794.777,1724889599999,144652361.6358,558357,129669.718,69542603.2742,0
1724889600000,537.0,545.5,530.9,536.4,166187.113,1724975999999,89803592.1243,462298,77052.598,41641444.6054,0
1724976000000,536.4,543.4,522.0,535.2,197825.895,1725062399999,105438037.1851,457496,97274.24,51843427.4808,0
1725062400000,535.2,541.5,531.1,532.9,95954.072,1725148799999,51436756.3339,235799,48390.078,25944121.377,0
1725148800000,532.9,533.2,507.7,512.4,203698.867,1725235199999,105736484.8896,499073,97996.318,50875125.9821,0
1725235200000,512.3,530.2,501.5,526.3,262984.426,1725321599999,135310263.7192,517693,122427.645,63115913.2727,0
1725321600000,526.4,538.4,517.9,518.7,224481.65,1725407999999,118957795.679,491809,109995.696,58332590.4177,0
1725408000000,518.8,523.7,495.8,507.6,435892.306,1725494399999,220932561.9079,813796,211512.052,107250257.916,0
1725494400000,507.6,512.9,496.7,502.4,177237.32,1725580799999,89376836.949,499358,86738.569,43744933.7859,0
1725580800000,502.4,509.9,471.3,487.2,357704.727,1725667199999,176434177.2464,786352,172277.427,85029143.5838,0
1725667200000,487.3,499.5,482.9,493.5,140367.312,1725753599999,69061059.8594,355628,69462.508,34197391.8569,0
1725753600000,493.6,506.9,490.7,503.1,135677.173,1725839999999,67747241.9683,363517,65943.965,32934866.095,0
1725840000000,503.2,525.7,501.7,518.7,207528.54,1725926399999,106181387.9937,510008,104448.207,53463562.1751,0
1725926400000,518.7,524.3,509.2,517.0,161417.812,1726012799999,83683310.8278,390632,76377.956,39607041.6398,0
1726012800000,517.0,535.4,506.5,530.1,204079.602,1726099199999,106177105.3379,568921,104929.495,54622625.4037,0
1726099200000,530.2,548.7,530.0,544.5,273877.8,1726185599999,148485556.5668,596092,144631.252,78413199.5573,0
1726185600000,544.6,559.7,538.7,556.4,276743.273,1726271999999,151886434.1994,558805,150764.068,82776453.6452,0
1726272000000,556.4,559.2,547.5,553.3,138432.964,1726358399999,76552118.0914,259051,68935.464,38125941.4174,0
1726358400000,553.4,561.9,546.0,553.4,205254.79,1726444799999,114158887.1805,413854,108382.04,60299565.067,0
1726444800000,553.4,555.2,527.0,533.7,267953.69,1726531199999,145272204.9542,581589,122959.275,66684496.9539,0
1726531200000,533.7,552.7,529.0,546.2,195288.36,1726617599999,106087089.093,449287,98806.948,53670562.8864,0
1726617600000,546.2,559.7,536.8,559.5,201182.985,1726703999999,109823535.9459,510408,104124.677,56878897.8002,0
1726704000000,559.5,572.2,553.0,567.0,308427.742,1726790399999,173555626.4165,558489,159138.29,89525211.6546,0
1726790400000,566.9,577.1,555.0,569.0,257077.709,1726876799999,146299260.296,568811,128566.994,73190922.8287,0
1726876800000,569.1,590.0,566.4,588.6,208752.23,1726963199999,121144029.985,399532,117387.893,68095101.4992,0
1726963200000,588.7,594.6,576.4,588.7,202978.791,1727049599999,118527723.4824,418231,106161.368,62017516.5721,0
1727049600000,588.7,616.0,583.4,604.5,376010.207,1727135999999,225838917.1862,659028,207878.546,124862780.7577,0
1727136000000,604.5,613.4,598.5,605.9,261622.131,1727222399999,158406716.9744,565904,128330.003,77746137.6457,0
1727222400000,605.8,608.3,584.2,587.4,220793.948,1727308799999,131577137.9882,447562,103334.172,61610721.0774,0
1727308800000,587.5,609.0,580.8,596.3,334337.474,1727395199999,199000531.3556,646729,164202.419,97755734.6761,0
1727395200000,596.3,614.7,596.0,606.8,356901.64,1727481599999,216600653.3691,639779,183915.119,111611796.7323,0
1727481600000,606.9,618.6,594.5,601.1,262593.381,1727567999999,159074265.4612,469042,126538.93,76720055.7231,0
1727568000000,601.1,602.8,592.4,595.6,160103.084,1727654399999,95653191.0634,328313,80456.12,48073936.1964,0
1727654400000,595.6,595.8,563.5,567.4,324086.737,1727740799999,187098291.1132,704335,161689.321,93395442.3885,0
1727740800000,567.4,583.1,536.8,547.3,476372.945,1727827199999,266084992.2632,1024113,226523.528,126778022.9245,0
1727827200000,547.2,558.3,535.4,542.5,282193.663,1727913599999,154229595.0561,567076,138035.902,75550263.6899,0
1727913600000,542.5,550.8,534.3,544.8,220702.342,1727999999999,119668355.7484,609573,108719.145,58982532.7294,0
1728000000000,544.8,557.8,541.8,555.3,186169.628,1728086399999,102741705.8821,484523,102959.109,56839978.9469,0
1728086400000,555.3,565.2,551.6,563.0,124906.382,1728172799999,70050933.4191,328254,60761.266,34078593.0021,0
1728172800000,563.0,571.9,561.1,570.3,106787.34,1728259199999,60348493.1096,289826,55204.846,31211053.1098,0
1728259200000,570.4,581.8,563.5,564.3,213046.676,1728345599999,122157732.7852,603464,105010.105,60250453.0234,0
1728345600000,564.4,586.8,559.5,580.8,286276.177,1728431999999,164556094.6575,687832,145094.706,83413211.8147,0
1728432000000,580.8,586.0,566.2,570.7,324396.054,1728518399999,187764600.0406,706841,154596.095,89492357.7299,0
1728518400000,570.8,572.9,551.5,563.9,178198.309,1728604799999,100625398.3754,627366,83662.164,47242329.7708,0
1728604800000,563.8,577.5,560.1,573.6,185095.358,1728691199999,105075683.8837,494403,93541.93,53121267.587,0
1728691200000,573.7,579.2,573.6,576.6,135773.959,1728777599999,78315432.7874,350037,69184.051,39905229.8223,0
1728777600000,576.6,578.5,564.9,572.2,118779.976,1728863999999,67955148.4416,349095,55469.559,31738308.1918,0
1728864000000,572.3,592.3,558.9,589.1,252803.176,1728950399999,147353933.5377,622130,130768.055,76269272.016,0
1728950400000,589.0,599.9,577.7,594.5,324305.897,1729036799999,191193163.4713,935703,163870.926,96649890.7733,0
1729036800000,594.6,605.5,589.7,600.9,259951.129,1729123199999,155177541.6939,732070,140185.652,83719054.9534,0
1729123200000,601.0,606.3,585.1,592.9,194199.416,1729209599999,115638450.5871,574860,93570.265,55747742.5572,0
1729209600000,592.9,602.4,591.8,599.2,136743.669,1729295999999,81756722.0332,421335,70549.63,42179490.179,0
1729296000000,599.3,601.4,595.4,597.7,78940.239,1729382399999,47206621.5769,208927,39529.225,23642332.8671,0
1729382400000,597.8,607.3,593.1,605.9,123572.057,1729468799999,74016985.857,306415,66012.894,39554372.6899,0
1729468800000,605.9,611.8,591.5,598.8,275880.778,1729555199999,166472429.799,627019,142994.75,86318025.8585,0
1729555200000,598.8,609.0,587.0,593.8,203756.934,1729641599999,121183814.7858,418879,101024.42,60105547.3211,0
1729641600000,593.8,595.0,573.0,584.9,225698.465,1729727999999,131627008.0264,572617,102668.321,59858983.5429,0
1729728000000,584.9,598.0,583.3,594.5,145781.537,1729814399999,86192860.0254,463329,75688.053,44752330.6708,0
1729814400000,594.5,597.6,565.8,575.3,254214.693,1729900799999,148562012.6002,783030,123137.129,71922679.152,0
1729900800000,575.3,587.1,571.6,583.4,119987.437,1729987199999,69636988.2744,422862,63340.996,36756986.0152,0
1729987200000,583.4,591.0,581.7,589.2,94455.099,1730073599999,55358950.4306,270337,49282.811,28883808.9192,0
1730073600000,589.3,604.6,585.5,601.1,189815.882,1730159999999,112841110.9841,592169,99008.208,58878740.2281,0
1730160000000,601.1,612.2,599.9,606.3,301555.357,1730246399999,183028445.4459,684113,152630.668,92661284.6918,0
1730246400000,606.3,606.7,594.1,595.6,186706.281,1730332799999,111921261.7247,532438,84981.261,50946899.7961,0
1730332800000,595.5,596.5,571.1,576.6,279156.175,1730419199999,162569407.1743,570966,129369.026,75304570.0217,0
1730419200000,576.5,585.5,567.7,573.1,242255.184,1730505599999,139653646.5376,699407,113435.933,65396861.9703,0
1730505600000,573.1,577.2,562.4,568.6,143716.603,1730591999999,81923716.4734,368434,66975.219,38194128.5369,0
1730592000000,568.6,569.3,547.0,557.7,217508.468,1730678399999,121252911.9394,701156,91016.788,50727921.6929,0
1730678400000,557.7,564.8,543.6,552.5,264951.833,1730764799999,147460854.17364,773496,122080.264,67955779.67501,0
1730764800000,552.51,572.8,551.22,563.21,211437.753,1730851199999,118914324.13832,803821,106907.212,60146719.16516,0
1730851200000,563.21,595.0,563.0,592.22,535934.927,1730937599999,312142762.64576,1406733,267207.469,155681528.9718,0
1730937600000,592.22,611.2,587.01,598.26,377600.506,1731023999999,226127478.91521,957275,187894.314,112588476.23204,0
1731024000000,598.27,605.9,588.1,597.82,318752.718,1731110399999,190252650.44896,840005,150398.012,89805835.67393,0
1731110400000,597.82,638.0,597.51,624.66,772172.655,1731196799999,481873005.65544,1360388,393130.433,245155471.87992,0
1731196800000,624.67,644.2,611.62,627.33,812783.747,1731283199999,513661217.73232,1433530,405539.871,256363759.66709,0
1731283200000,627.34,665.54,613.0,659.63,1006384.738,1731369599999,635276133.39284,1851229,505902.411,319874186.99025,0
1731369600000,659.63,667.4,610.0,625.33,1166459.013,1731455999999,743633998.7370499,2169201,542848.44,346378141.73403,0
1731456000000,625.42,638.06,598.6,620.68,1034672.114,1731542399999,638914920.75909,1679578,480284.3,296893774.81949,0
1731542400000,620.68,660.4,610.5,622.3,1060649.7,1731628799999,673257806.86197,2073886,519531.979,329976993.20338,0
1731628800000,622.3,628.3,603.4,619.37,654908.221,1731715199999,403836027.70154,1675202,324324.27,200060279.65834,0
1731715200000,619.37,633.7,617.5,622.69,447887.923,1731801599999,279947693.94271,1380269,221546.114,138498321.05379,0
1731801600000,622.69,647.6,605.2,618.9,595820.376,1731887999999,373035601.88046,1620884,288897.063,180940155.29964,0
1731888000000,618.93,630.91,612.1,618.93,483382.136,1731974399999,300412598.77804,1390991,234583.25,145827909.52436,0
1731974400000,618.93,621.41,605.21,615.5,420441.21,1732060799999,258923024.56484,1223765,186002.965,114554397.07854,0
1732060800000,615.49,620.78,600.0,605.39,411142.628,1732147199999,251205966.08475,1233524,187375.332,114598586.84172,0
1732147200000,605.39,629.37,593.05,621.86,647295.158,1732233599999,397863790.46244,1655881,320718.299,197260778.45904,0
1732233600000,621.86,639.64,615.05,633.0,582665.923,1732319999999,366036815.39355,1632171,285301.917,179275565.005,0
1732320000000,633.0,680.0,631.1,650.42,1071184.972,1732406399999,704006630.9684,2402894,545730.226,358584310.38748,0
1732406400000,650.42,687.75,637.08,659.65,914571.368,1732492799999,603815106.11156,1960144,456675.81,301687205.83291,0
1732492800000,659.65,676.79,626.43,636.2,783511.29,1732579199999,511818189.88482,1737341,359913.344,235289862.43321,0
1732579200000,636.16,645.57,600.02,613.51,814621.938,1732665599999,506683169.58735,1691253,394958.021,245607153.06301,0
1732665600000,613.5,646.75,607.79,644.14,629623.885,1732751999999,395138256.51757,1463772,315840.028,198260274.5852,0
1732752000000,644.15,664.68,639.79,653.83,684789.628,1732838399999,447310382.25311,1584912,325572.213,212721133.3188,0
1732838400000,653.84,663.8,648.42,654.67,429893.73,1732924799999,281863687.62204,1180985,204696.955,134234843.73461,0
1732924800000,654.67,677.2,648.0,653.43,545812.569,1733011199999,360781212.65124,1370197,263584.841,174291002.50955,0
1733011200000,653.44,664.17,645.16,655.99,434417.253,1733097599999,284736496.31933,1206704,195821.472,128387762.395,0
1733097600000,656.0,667.2,627.99,647.82,771630.192,1733183999999,496814257.59973,1857659,363671.599,234274750.57894,0
1733184000000,647.83,750.01,622.85,734.64,1575647.798,1733270399999,1065360654.902801,2481338,813609.7899,551323768.5420071,0
1733270400000,734.64,793.86,720.0,739.53,2092976.428,1733356799999,1585363383.638898,3385203,1051263.0157,796586187.5691519,0
1733356800000,739.54,739.9,690.0,717.1,1159099.388,1733443199999,833940195.14058,2206192,583465.147,420106905.27894,0
1733443200000,717.1,745.93,705.06,730.22,747138.475,1733529599999,543354617.64708,1495972,355694.727,258817011.76313,0
1733529600000,730.22,761.0,729.69,749.72,445276.173,1733615999999,332521641.55229,1244934,224356.293,167564901.52504,0
1733616000000,749.71,757.26,727.47,742.0,343120.564,1733702399999,254746861.56089,1046084,164748.556,122380952.30374,0
1733702400000,742.0,742.5,642.0,689.19,1068109.724,1733788799999,750478040.89311,2260664,474036.514,333554568.83544,0
1733788800000,689.2,704.92,649.13,676.8,984801.75,1733875199999,668829820.38149,2146483,479352.549,325795018.51865,0
1733875200000,676.8,713.0,658.54,711.21,526819.302,1733961599999,363578391.09084,1217954,278015.74,191999589.39284,0
1733961600000,711.2,725.61,699.36,705.77,576876.965,1734047999999,412636064.68138,1423605,296442.694,212129080.62271,0
1734048000000,705.77,729.88,696.8,725.72,548598.294,1734134399999,392046785.60903,1149982,299496.895,214113892.33372,0
1734134400000,725.73,732.11,705.01,715.79,341929.145,1734220799999,246341704.54359,1010826,172172.599,124078459.28453,0
1734220800000,715.8,724.08,702.66,718.87,282457.795,1734307199999,201977197.65233,1024397,128732.123,92056168.2886,0
1734307200000,718.87,730.0,704.16,720.58,483844.553,1734393599999,346826686.35011,1382058,244520.142,175289935.07308,0
1734393600000,720.58,737.37,712.24,717.69,502868.872,1734479999999,364062746.7002,1442171,255819.813,185253993.065,0
1734480000000,717.7,722.0,681.0,686.38,726576.022,1734566399999,513577858.41071,1405247,356090.641,251864338.6831,0
1734566400000,686.39,705.57,648.63,665.62,840266.48,1734652799999,570986179.2514,1697188,398098.964,270872593.92203,0
1734652800000,665.61,680.58,618.69,678.6,982349.406,1734739199999,641954913.39672,1975278,466892.492,305587748.98379,0
1734739200000,678.6,693.39,652.0,663.49,529437.789,1734825599999,356262914.98044,1047124,253611.575,170754688.1054,0
1734825600000,663.5,669.71,639.37,649.77,333704.376,1734911999999,219106651.6007,818883,164511.436,108044083.47998,0
1734912000000,649.77,698.5,638.1,694.16,606364.091,1734998399999,407676502.73876,1250928,302806.233,203690336.82751,0
1734998400000,694.16,699.0,682.68,696.9,386936.217,1735084799999,267684126.6879,801176,190475.377,131820617.59587,0
1735084800000,696.89,713.28,695.94,702.72,232510.25,1735171199999,163663370.11294,619252,118137.789,83167971.71496,0
1735171200000,702.71,719.99,683.0,689.4,381100.002,1735257599999,266171547.7022,983804,182600.079,127585679.34142,0
1735257600000,689.4,718.88,685.73,691.85,347156.043,1735343999999,241387898.60907,994784,165844.938,115403423.51757,0
1735344000000,691.86,731.24,691.3,722.13,344251.861,1735430399999,246552528.75129,873546,188079.92,134796278.5762,0
1735430400000,722.13,724.7,690.0,694.71,241528.144,1735516799999,170580495.58564,611981,120436.012,85026437.36164,0
1735516800000,694.71,712.2,687.75,705.36,297267.103,1735603199999,207719498.60121,862172,147887.077,103363994.49342,0
1735603200000,705.35,714.99,698.48,702.3,235464.832,1735689599999,166146690.59762,685689,116968.61,82555416.37537,0
1735689600000,702.31,711.5,700.3,707.84,135703.339,1735775999999,95912659.04516,450993,71288.596,50393053.58082,0
1735776000000,707.84,715.8,698.04,706.25,292533.811,1735862399999,206642127.74701,715222,148984.461,105250999.91415,0
1735862400000,706.24,715.69,697.03,714.88,291701.675,1735948799999,206214578.80261,703090,159091.006,112481688.30507,0
1735948800000,714.87,721.84,707.82,713.41,167274.262,1736035199999,119663318.91078,477042,86559.128,61934765.70646,0
1736035200000,713.41,713.93,702.51,709.29,115144.345,1736121599999,81589551.0974,357365,58981.298,41793844.90639,0
1736121600000,709.29,745.29,705.91,729.42,357347.859,1736207999999,259202689.33863,797928,184530.506,133801847.42062,0
1736208000000,729.42,733.33,691.2,698.01,436096.682,1736294399999,311205654.41287,1160929,209418.604,149719600.5228,0
1736294400000,698.0,707.46,674.72,696.03,427277.957,1736380799999,295988402.30722,1190705,207307.09,143686573.49684,0
1736380800000,696.03,701.72,675.12,685.48,331906.578,1736467199999,229395154.56301,939316,162954.004,112702855.91574,0
1736467200000,685.47,700.69,683.18,693.21,234590.487,1736553599999,162476464.702,738587,126493.746,87614375.51518,0
1736553600000,693.21,701.47,690.39,696.7,87734.79,1736639999999,61027521.95983,334776,47204.381,32838208.15294,0
1736640000000,696.71,698.63,689.8,693.34,78211.295,1736726399999,54271115.40096,300207,40615.258,28184055.631,0
1736726400000,693.35,700.0,660.0,688.64,386629.943,1736812799999,260749933.34469,1119948,172285.456,116338970.72958,0
1736812800000,688.64,699.97,686.3,698.89,159723.609,1736899199999,110907862.84401,486074,87445.141,60736371.70723,0
1736899200000,698.89,715.0,688.45,714.59,282718.752,1736985599999,198505959.43022,792835,154387.94,108432389.39035,0
1736985600000,714.59,717.5,700.5,708.1,268104.726,1737071999999,190449199.40963,799246,139424.475,99040945.60188,0
1737072000000,708.1,729.97,708.1,721.76,289751.278,1737158399999,208863892.21405,802129,151672.499,109373336.98918,0
1737158400000,721.76,723.32,695.0,709.52,370480.456,1737244799999,261042036.22393,837865,176895.96,124655335.76936,0
1737244800000,709.52,714.6,676.0,683.19,712985.298,1737331199999,494826558.77689,1623738,336374.465,233420915.57247,0
1737331200000,683.2,709.38,671.0,682.51,668236.487,1737417599999,460253770.23451,2049759,335402.821,231130283.09146,0
1737417600000,682.51,697.0,675.01,692.21,294203.471,1737503999999,201877994.17057,1220430,151859.771,104214564.66133,0
1737504000000,692.21,704.13,689.93,695.52,218410.233,1737590399999,152163801.08273,778968,110909.472,77263294.85262,0
1737590400000,695.52,697.65,680.26,689.74,331191.456,1737676799999,227449444.31795,1136767,172713.457,118625872.17482,0
1737676800000,689.73,691.31,678.75,680.45,280584.305,1737763199999,192311060.58876,722265,140230.18,96140355.31464,0
1737763200000,680.45,689.56,677.68,686.4,140203.276,1737849599999,96002980.7489,398257,75622.007,51781308.20444,0
1737849600000,686.4,690.82,664.64,667.37,195887.168,1737935999999,133335964.38517,468081,88543.098,60403895.56732,0
1737936000000,667.36,680.53,637.79,679.74,486667.795,1738022399999,319943135.41218,1736427,226266.429,149018305.19618,0
1738022400000,679.75,682.88,659.4,661.29,202591.474,1738108799999,136320412.20259,698982,89814.28,60466034.76642,0
1738108800000,661.28,680.01,659.37,667.97,255536.138,1738195199999,171429451.13217,829325,114764.854,76940439.0441,0
1738195200000,667.97,682.99,666.0,677.53,145419.421,1738281599999,98572665.66848,458024,76496.6,51850998.53154,0
1738281600000,677.53,689.44,673.5,677.47,190707.861,1738367999999,129837529.78904,578966,99029.159,67426140.07513,0
1738368000000,677.48,681.56,650.73,652.94,177371.372,1738454399999,118479169.50354,572608,86308.997,57699722.53868,0
1738454400000,652.94,663.22,600.0,617.8,506728.603,1738540799999,319686544.33016,2193785,229809.49,145092458.96521,0
1738540800000,617.8,619.19,500.0,617.21,1340856.885,1738627199999,761429704.70862,4325820,636341.473,361857690.74544,0
1738627200000,617.21,619.24,557.88,572.69,549571.473,1738713599999,320290589.1865,1769343,269099.031,156835668.31843,0
1738713600000,572.69,580.0,561.22,569.55,227055.225,1738799999999,129716884.83023,925294,113084.949,64633093.80792,0
1738800000000,569.55,589.99,568.87,571.72,334342.953,1738886399999,193969742.34818,1102386,169914.165,98604723.94882,0
1738886400000,571.71,589.9,570.58,577.71,222673.88,1738972799999,129451341.96099,857222,110350.646,64202024.93827,0
1738972800000,577.7,633.73,573.62,612.39,490805.546,1739059199999,297489199.61406,1061209,252755.308,153206110.80392,0
1739059200000,612.39,648.13,602.4,615.81,774091.071,1739145599999,486494461.58509,1655609,387923.387,243583255.93883,0
1739145600000,615.81,622.42,596.24,618.65,360129.038,1739231999999,218954195.88323,1383830,181866.326,110643924.08079,0
1739232000000,618.65,646.94,615.08,642.11,488539.291,1739318399999,310084181.73871,1641560,257131.664,163284133.28169,0
1739318400000,642.12,705.48,626.88,696.93,822216.623,1739404799999,547344272.16887,2332162,457236.551,305075608.5668,0
1739404800000,696.92,732.0,658.28,664.72,1766921.695,1739491199999,1235503153.47365,4414763,913886.039,639994821.09695,0
1739491200000,664.73,684.86,652.0,659.71,650460.875,1739577599999,435455485.36749,1781548,330709.762,221466576.10648,0
1739577600000,659.72,671.43,653.46,662.21,255950.897,1739663999999,169188074.94996,994231,126083.904,83327781.69396,0
1739664000000,662.21,686.04,653.11,673.1,362205.963,1739750399999,242885041.45402,1291598,181474.264,121707666.57568,0
1739750400000,673.1,682.29,657.99,667.51,323350.276,1739836799999,217073600.40769,1237030,165338.553,111023518.19536,0
1739836800000,667.52,668.3,629.65,648.18,366356.988,1739923199999,237605531.27277,1391692,177257.309,115012941.00804,0
1739923200000,648.19,664.44,636.99,653.38,352798.243,1740009599999,230093608.31893,1191211,193133.819,125969321.17783,0
1740009600000,653.38,659.03,645.88,656.36,215894.368,1740095999999,140683645.98812,881876,106050.773,69114738.66123,0
1740096000000,656.36,668.5,635.0,647.47,317327.155,1740182399999,207737127.35011,1188753,147783.357,96718918.23002,0
1740182400000,647.47,679.9,645.21,668.57,297923.184,1740268799999,197901565.80744,943929,155840.869,103524783.65619,0
1740268800000,668.57,671.1,648.49,658.42,166658.013,1740355199999,110014935.59318,575895,84848.026,56019771.32977,0
1740355200000,658.41,659.56,610.6,614.2,360147.153,1740441599999,228275603.70987,1455350,166933.094,105832570.00856,0
1740441600000,614.19,628.7,586.0,623.49,647434.612,1740527999999,393335861.56722,2577232,318885.089,193882659.92564,0
1740528000000,623.49,632.14,594.07,611.57,428035.431,1740614399999,263292239.55094,1692118,219184.862,134818476.5011,0
1740614400000,611.57,619.77,595.84,605.41,295518.116,1740700799999,180214548.10665,1226636,148033.753,90303218.43496,0
1740700800000,605.41,606.33,559.71,588.07,600999.319,1740787199999,348100030.61127,2432030,290649.36,168356328.2758,0
1740787200000,588.07,609.48,586.4,607.93,292254.356,1740873599999,174627265.35593,907408,138923.865,83069359.86372,0
1740873600000,607.94,635.01,601.5,623.94,469069.23,1740959999999,290922261.43101,1562454,245101.1,152067918.41563,0
1740960000000,623.94,624.36,567.5,576.1,497949.879,1741046399999,296931073.33352,1973288,241553.666,144072117.41662,0
1741046400000,576.09,588.75,546.83,584.01,488869.851,1741132799999,277254366.05704,2272449,239364.916,135969624.60744,0
1741132800000,584.01,606.06,580.57,598.24,206205.988,1741219199999,122536170.87545,1100570,109983.898,65363592.43801,0
1741219200000,598.25,612.9,589.2,596.5,223701.39,1741305599999,134753375.22754,988783,115838.986,69810960.69956,0
1741305600000,596.49,610.2,577.23,594.77,289363.933,1741391999999,172750428.92419,1444209,139088.377,83079063.06782,0
1741392000000,594.77,602.77,590.11,593.1,117220.631,1741478399999,69991200.96482,584699,61572.326,36775210.39153,0
1741478400000,593.1,593.1,550.2,554.65,246382.904,1741564799999,140015234.56134,1116177,114473.664,65068828.59632,0
1741564800000,554.65,573.4,523.01,531.49,410154.62,1741651199999,225187261.71934,1870843,180204.628,99065035.02858,0
1741651200000,531.49,566.0,507.0,551.61,691870.521,1741737599999,377448189.6883,2542958,356080.306,194509409.31414,0
1741737600000,551.61,574.95,544.63,569.87,367224.211,1741823999999,205368085.28517,1256293,193847.468,108461303.66392,0
1741824000000,569.87,613.71,567.99,579.8,647497.028,1741910399999,379822302.22007,1747273,334188.046,196105919.06673,0
1741910400000,579.8,589.81,576.61,587.76,213012.082,1741996799999,124194131.58567,762657,119668.704,69802426.5705,0
1741996800000,587.76,619.96,587.49,619.83,254324.009,1742083199999,153638521.26638,782849,145822.969,88061716.82361,0
1742083200000,619.82,622.8,593.06,602.2,255774.316,1742169599999,154620391.15023,894863,128315.116,77571862.18962,0
1742169600000,602.21,643.72,602.04,631.69,591668.184,1742255999999,372213621.75484,1356953,315023.627,198094659.14582,0
1742256000000,631.68,643.33,620.28,627.81,443437.833,1742342399999,280327124.87383,1122369,234818.226,148510772.63949,0
1742428800000,618.71,637.75,616.55,630.47,578472.125,1742515199999,363283126.57964,1595124,303161.499,190477016.38663,0
1742515200000,630.47,637.8,624.92,635.17,262205.569,1742601599999,165876355.89652,898550,142825.787,90374452.49758,0
1742601600000,635.16,636.1,623.79,627.01,140206.083,1742687999999,88175594.70204,553359,72429.096,45550910.32958,0
1742688000000,627.01,629.14,619.5,623.79,155602.578,1742774399999,96944430.59188,554919,74107.911,46168947.43786,0
1742774400000,623.8,639.5,618.0,637.08,307575.991,1742860799999,193512028.36247,946889,159195.813,100185500.4603,0
1742860800000,637.08,644.88,627.05,629.82,554571.557,1742947199999,353137599.65513,1145565,279526.624,178017544.75809,0
1742947200000,629.82,634.01,615.3,617.99,222093.835,1743033599999,139017120.22607,598142,107003.361,67014650.57561,0
1743033600000,618.0,642.5,617.2,637.36,743401.847,1743119999999,471692258.54266,1409175,404853.991,257031844.97872,0
1743120000000,637.36,637.51,616.0,619.81,317817.16,1743206399999,199721001.67967,815115,162209.954,102012816.82467,0
1743206400000,619.81,623.84,596.97,602.99,254422.261,1743292799999,154421898.07789,821221,117317.848,71147891.75337,0
1743292800000,603.0,613.37,593.58,602.2,195649.405,1743379199999,118304368.03307,645314,94617.905,57226801.24544,0
1743379200000,602.2,608.89,587.26,604.81,254764.269,1743465599999,152922764.81958,884465,124962.911,75032301.51448,0
1743465600000,604.81,618.54,604.46,611.13,565603.069,1743551999999,346421089.82224,1089355,290668.752,178031689.04563,0
1743552000000,611.12,614.0,584.85,590.68,399507.957,1743638399999,240612013.9548,1295784,193292.74,116485587.68892,0
1743638400000,590.67,610.58,578.46,592.67,507928.514,1743724799999,303406596.77059,1371430,249191.245,148930615.97128,0
1743724800000,592.68,600.0,585.0,597.71,177145.405,1743811199999,105181815.22505,810433,90706.293,53859108.42922,0
1743811200000,597.71,599.0,588.71,593.13,85938.079,1743897599999,51106827.24289,380314,42255.817,25136751.779,0
1743897600000,593.13,593.78,544.17,555.54,332256.265,1743983999999,189035699.70554,1118055,158081.268,89897358.89043,0
1743984000000,555.55,567.6,520.0,554.6,727293.86,1744070399999,397028708.94978,2220788,359672.824,196528892.59089,0
1744070400000,554.6,566.0,547.64,553.72,212191.86,1744156799999,118512835.45122,1049822,108115.704,60396930.94729,0
1744156800000,553.72,585.97,534.3,582.32,378370.127,1744243199999,213004910.74643,1609476,193982.128,109219970.2604,0
1744243200000,582.32,583.58,566.17,578.03,369219.863,1744329599999,212832786.45699,1138171,186081.31,107293864.22683,0
1744329600000,578.03,590.36,575.7,585.93,174700.72,1744415999999,101866043.54306,606797,96173.418,56083928.04283,0
1744416000000,585.93,600.48,584.0,597.29,151268.708,1744502399999,89655284.516,557934,86887.103,51515080.10647,0
1744502400000,597.3,598.67,580.32,584.28,144896.285,1744588799999,85200185.56801,690159,76113.352,44756998.9664,0
1744588800000,584.29,593.1,583.14,584.54,153827.795,1744675199999,90513576.06251,734997,80178.549,47177512.21977,0
1744675200000,584.53,590.84,579.38,579.52,141640.579,1744761599999,83039414.125,536522,73221.639,42939464.38349,0
1744761600000,579.52,587.0,576.0,582.8,174537.948,1744847999999,101484755.50647,657295,86959.904,50570922.85495,0
1744848000000,582.8,592.97,581.0,590.49,151848.259,1744934399999,89134723.84238,484906,80958.213,47523386.93926,0
1744934400000,590.5,596.08,587.08,591.71,191575.748,1745020799999,113223034.09646,437839,103011.453,60878054.0929,0
1745020800000,591.7,594.49,587.7,591.73,96609.003,1745107199999,57098589.6793,302829,47094.893,27841129.52672,0
1745107200000,591.74,595.23,587.5,592.77,115343.598,1745193599999,68276647.28278,355346,61438.772,36373336.59498,0
1745193600000,592.77,608.52,592.53,597.34,171926.422,1745279999999,103304762.56314,606843,96639.431,58078847.87047,0
1745280000000,597.32,619.9,595.0,618.51,285468.164,1745366399999,173308242.979,720292,143772.387,87320127.76024,0
1745366400000,618.5,619.99,601.38,605.71,314125.448,1745452799999,191839028.68921,931184,154607.709,94425950.10554,0
1745452800000,605.72,606.78,592.59,601.55,204214.28,1745539199999,122518204.22908,688342,100792.489,60468356.25663,0
1745539200000,601.56,610.35,597.2,599.91,257426.554,1745625599999,155796837.88555,804129,125451.263,75941840.30518,0
1745625600000,599.9,609.25,599.34,607.23,137533.142,1745711999999,83138818.02772,496928,67820.807,40997359.68962,0
1745712000000,607.23,608.68,597.0,603.46,121784.476,1745798399999,73282794.69697,445823,59758.166,35960993.53884,0
1745798400000,603.46,608.27,598.2,606.16,143778.008,1745884799999,86833971.50822,558813,76423.695,46165668.28541,0
1745884800000,606.16,610.75,598.1,601.0,236809.997,1745971199999,143146651.13683,618674,115028.198,69546774.25076,0
1745971200000,601.0,604.44,591.42,599.88,210580.664,1746057599999,126352033.11528,579043,102515.522,61516465.80972,0
1746057600000,599.88,605.28,598.14,599.63,156229.229,1746143999999,94008927.36652,462918,76624.754,46106226.36805,0
1746144000000,599.64,603.61,595.12,600.69,141344.865,1746230399999,84772654.30253,400361,75828.994,45473472.17316,0
1746230400000,600.69,601.2,595.23,599.36,100770.294,1746316799999,60296742.70511,302618,47275.805,28287838.71476,0
1746316800000,599.36,600.49,584.7,586.03,143960.835,1746403199999,85298964.66439,425251,56633.176,33528296.63366,0
1746403200000,586.02,599.98,583.55,597.61,201100.589,1746489599999,119371782.25071,493859,121764.427,72279230.42811,0
1746489600000,597.61,603.18,593.23,602.57,214613.107,1746575999999,128368850.19364,557571,110867.174,66320706.46383,0
1746576000000,602.57,609.07,597.89,602.7,194088.591,1746662399999,117132375.09366,519932,95123.861,57386101.54186,0
1746662400000,602.7,629.33,600.8,629.17,384267.525,1746748799999,236647691.95012,939619,213749.387,131672616.58335,0
1746748800000,629.17,671.15,623.12,666.29,480734.869,1746835199999,306980185.05931,1362546,267177.721,170693063.01934,0
1746835200000,666.29,678.95,648.83,663.9,444595.43,1746921599999,294150052.77147,1321115,205655.434,136104919.11429,0
1746921600000,663.9,668.49,647.83,651.15,319998.959,1747007999999,210577921.77225,965437,161132.058,106081184.90481,0
1747008000000,651.15,693.0,647.31,660.07,586386.945,1747094399999,392542282.91301,1658320,295553.825,197899426.73381,0
1747094400000,660.08,672.0,640.66,664.13,416309.75,1747180799999,272901658.76016,1236144,202178.273,132530521.2148,0
1747180800000,664.12,667.33,647.15,652.47,290029.994,1747267199999,190546608.72786,986450,132285.555,86895899.86184,0
1747267200000,652.47,661.0,642.29,651.88,313560.813,1747353599999,204057655.69996,1164772,155958.471,101509971.87388,0
1747353600000,651.88,659.97,644.0,646.76,200793.607,1747439999999,131210358.66972,766260,99557.406,65094079.1123,0
1747440000000,646.76,646.9,635.05,639.51,141777.711,1747526399999,90893253.2512,656073,65178.49,41795523.47777,0
1747526400000,639.5,655.19,634.39,651.53,189475.296,1747612799999,122348372.20883,690151,96290.237,62221467.1999,0
1747612800000,651.54,653.53,633.51,649.62,210901.52,1747699199999,135603856.35643,806175,106737.212,68647027.87929,0
1747699200000,649.62,653.75,640.14,650.0,169584.291,1747785599999,109772099.60261,632029,85465.73,55334610.84733,0
1747785600000,650.0,678.0,648.49,673.31,470531.895,1747871999999,311660393.95119,1133569,250336.215,165844964.38723,0
1747872000000,673.31,690.02,673.0,686.57,390007.996,1747958399999,266404901.15309,992245,218945.112,149577785.12489,0
1747958400000,686.57,691.35,652.19,656.98,343668.707,1748044799999,231427488.3675,1142401,158745.455,107053575.69443,0
1748044800000,656.99,677.47,655.4,668.01,165142.039,1748131199999,110606139.47037,627945,86453.281,57901683.06552,0
1748131200000,668.0,671.67,657.1,669.44,169208.322,1748217599999,112315213.63574,606622,79479.263,52774960.16916,0
1748217600000,669.45,678.33,668.22,674.29,180148.252,1748303999999,121339916.24473,575205,93070.041,62697205.16877,0
1748304000000,674.3,697.73,666.56,686.91,326163.491,1748390399999,223248228.18154,914236,172052.347,117719891.80567,0
1748390400000,686.9,689.22,680.04,686.89,211875.743,1748476799999,145022738.54658,713128,101541.228,69514686.82641,0
1748476800000,686.89,691.24,673.33,675.02,260985.136,1748563199999,178247626.81514,844624,127245.772,86956236.96873,0
1748563200000,675.02,678.5,653.22,655.36,218723.509,1748649599999,146064088.43998,990495,103160.773,68918403.8607,0
1748649600000,655.36,661.42,645.04,658.01,158379.39,1748735999999,103495185.93207,770569,79462.083,51951227.40387,0
1748736000000,658.01,662.48,647.58,660.77,131807.448,1748822399999,86198532.12636,571836,65702.628,42976218.78148,0
1748822400000,660.77,667.0,650.05,665.93,143785.605,1748908799999,94585715.4531,676770,76180.348,50141238.09459,0
1748908800000,665.93,673.43,657.11,661.59,158377.459,1748995199999,105542302.93054,615491,80831.241,53866672.0269,0
1748995200000,661.6,671.76,660.84,663.23,124473.802,1749081599999,83119492.0917,514423,63265.708,42246496.19477,0
1749081600000,663.24,670.92,625.44,633.32,271543.149,1749167999999,176686621.86037,1013492,123287.944,80275011.91504,0
1749168000000,633.33,651.51,629.38,642.7,169535.957,1749254399999,108901056.43203,625128,83399.453,53596316.79005,0
1749254400000,642.71,653.81,639.69,650.82,90666.37,1749340799999,58781736.18277,329816,49907.574,32350539.12435,0
1749340800000,650.82,656.39,646.49,652.0,72300.314,1749427199999,47052170.18367,304842,36504.743,23761407.7351,0
1749427200000,652.0,667.74,648.01,665.58,127272.158,1749513599999,83644611.37634,508179,71132.304,46751967.88595,0
1749513600000,665.58,674.0,657.26,673.51,176645.056,1749599999999,117408553.72931,713456,94622.168,62906912.08037,0
1749600000000,673.51,674.8,662.2,667.43,177934.085,1749686399999,119080780.42267,642930,93709.304,62726358.54729,0
1749686400000,667.42,669.93,651.91,654.75,152793.975,1749772799999,101339742.7784,651576,78906.502,52350087.72165,0
1749772800000,654.76,659.42,639.01,655.35,223303.917,1749859199999,145072177.3044,954080,109433.385,71125227.6146,0
1749859200000,655.35,655.36,639.0,645.61,93690.143,1749945599999,60587334.88062,370153,43548.354,28172901.36118,0
1749945600000,645.61,652.0,642.77,648.19,79324.646,1750031999999,51386018.57671,346804,43002.477,27862311.42077,0
1750032000000,648.19,659.46,646.26,650.74,124203.787,1750118399999,81319264.39316,476014,66639.21,43639278.63302,0
1750118400000,650.74,659.0,640.11,648.08,182982.263,1750204799999,119391370.60418,708532,93305.68,60896545.51886,0
1750204800000,648.09,654.31,637.35,644.77,143725.674,1750291199999,92747657.02993,604528,68928.378,44521329.66059,0
1750291200000,644.77,646.5,638.66,644.65,80404.985,1750377599999,51715724.58785,340969,41891.758,26943480.56684,0
1750377600000,644.65,651.02,638.0,641.61,143279.622,1750463999999,92391446.73424,479084,73593.981,47472329.10628,0
1750464000000,641.61,644.84,621.94,628.97,143508.116,1750550399999,91039970.44005,502284,63032.846,40017461.26449,0
1750550400000,628.98,635.51,601.25,615.81,243515.033,1750636799999,150461464.40226,908458,122960.512,76010086.43996,0
1750636800000,615.81,642.79,615.05,640.49,219674.329,1750723199999,137434002.16861,824397,124908.767,78171326.59485,0
1750723200000,640.5,644.09,636.17,643.53,131607.231,1750809599999,84247712.66687,495451,70736.207,45289926.30111,0
1750809600000,643.53,652.64,641.85,646.07,169433.154,1750895999999,109446216.98338,588673,88789.139,57364110.64727,0
1750896000000,646.06,650.0,641.12,642.3,103057.286,1750982399999,66552033.67641,455413,52458.679,33883609.08383,0
1750982400000,642.3,648.44,639.16,645.71,81302.955,1751068799999,52434499.65195,393437,42624.895,27493903.09161,0
1751068800000,645.72,649.18,644.25,648.6,57714.965,1751155199999,37311567.0011,219864,33296.17,21525993.96798,0
1751155200000,648.61,656.0,646.72,654.9,73235.796,1751241599999,47617946.51691,274297,41366.507,26905582.17645,0
1751241600000,654.9,660.0,651.17,656.9,110702.196,1751327999999,72511068.06305,424941,61584.054,40347533.51983,0
1751328000000,656.9,659.1,644.0,646.33,85803.055,1751414399999,55853408.99266,381179,43354.558,28218323.51521,0
1751414400000,646.34,664.85,643.71,659.71,112807.955,1751500799999,74257373.93229,413737,60680.488,39942211.09364,0
1751500800000,659.7,664.57,656.7,663.59,99001.436,1751587199999,65465622.82548,401632,53387.419,35307661.39323,0
1751587200000,663.58,664.17,650.21,653.6,89027.412,1751673599999,58469301.0502,377665,45990.386,30213865.09146,0
1751673600000,653.6,656.75,652.0,656.16,51648.289,1751759999999,33813242.68712,217046,27125.56,17759606.18324,0
1751760000000,656.17,664.99,653.54,663.13,82399.119,1751846399999,54387999.31117,299084,43769.749,28891139.34737,0
1751846400000,663.13,663.5,656.77,661.06,83232.984,1751932799999,55019317.81961,316562,46158.134,30512777.27437,0
1751932800000,661.06,662.6,657.36,660.63,86374.042,1752019199999,57014603.7036,333828,45563.488,30079117.88889,0
1752019200000,660.63,671.5,659.05,668.68,123551.595,1752105599999,82087015.33234,421990,68125.236,45265314.99711,0
1752105600000,668.69,687.7,667.25,685.8,214967.536,1752191999999,145245124.55052,623891,122022.416,82421428.01374,0
1752192000000,685.8,697.24,682.83,689.99,268353.904,1752278399999,185244954.90644,951072,139119.038,96075578.59943,0
1752278400000,689.98,697.0,679.63,685.86,134785.185,1752364799999,92906122.92625,632277,65050.928,44843700.45464,0
1752364800000,685.86,694.12,685.12,692.0,84925.723,1752451199999,58641223.00475,420139,46825.281,32334806.12707,0
1752451200000,692.01,707.54,686.05,689.12,253634.996,1752537599999,177173266.8273,916315,134377.942,93874042.34544,0
1752537600000,689.13,693.21,675.3,689.92,188962.491,1752623999999,129048003.51493,862340,89996.592,61473697.73873,0
1752624000000,689.93,715.56,685.2,708.61,238334.938,1752710399999,167032328.53935,890354,133975.782,93916445.27647,0
1752710400000,708.61,727.85,706.14,720.65,409572.675,1752796799999,294063734.31481,1476504,214098.341,153742987.20536,0
1752796800000,720.64,765.56,718.73,729.92,556430.085,1752883199999,412241488.29112,1898312,288947.069,214026467.4416,0
1752883200000,729.92,742.5,718.76,733.2,188095.81,1752969599999,137599574.21818,852649,97498.014,71328905.63282,0
1752969600000,733.2,761.29,731.5,756.82,253255.203,1753055999999,189589685.25925,1009318,136482.485,102190298.31837,0
1753056000000,756.82,781.99,746.06,766.22,338419.952,1753142399999,259224085.92258,1384348,175311.776,134309474.71688,0
1753142400000,766.22,788.35,745.0,786.68,359074.056,1753228799999,274410540.66907,1533013,189051.432,144596434.92893,0
1753228800000,786.69,809.84,752.47,776.74,709087.1566,1753315199999,558758062.2097089,2200934,363308.6893,286636589.352119,0
1753315200000,776.74,786.16,742.62,770.74,363436.737,1753401599999,279037336.76837,1671053,177916.133,136701763.8453,0
1753401600000,770.74,786.0,752.22,785.45,284068.121,1753487999999,218078862.99362,1384684,143185.404,109985208.90641,0
1753488000000,785.44,798.0,778.28,793.29,128764.391,1753574399999,101212044.16622,550872,67212.865,52833457.7638,0
1753574400000,793.3,847.12,791.04,844.0,397296.2555,1753660799999,324733711.4765263,1227811,223367.1295,182603893.10905632,0
1753660800000,844.0,861.1,820.64,824.07,517734.6912,1753747199999,436930876.44892704,1777923,270394.3298,228409553.048597,0
1753747200000,824.07,835.06,800.12,805.1,427366.132,1753833599999,349478646.03652,1731840,200895.06,164406656.81907,0
1753833600000,805.11,811.64,766.21,793.51,369598.736,1753919999999,292598414.78571,1494587,185037.996,146591446.45198,0
1753920000000,793.51,814.8,781.38,783.14,335026.145,1754006399999,268061917.80243,1282644,170066.862,136035312.43748,0
1754006400000,783.13,795.4,744.69,757.08,393831.558,1754092799999,303104688.78998,1865479,182408.196,140519509.09347,0
1754092800000,757.08,770.11,732.36,736.42,209282.992,1754179199999,157038728.0959,1112572,99390.666,74658809.81908,0
1754179200000,736.43,755.53,730.01,751.21,142700.965,1754265599999,106592055.52365,668939,67936.621,50736940.57058,0
1754265600000,751.21,770.0,750.47,768.63,171505.406,1754351999999,130422799.09016,719115,85212.824,64806460.40334,0
1754352000000,768.62,769.79,745.11,755.13,179458.96,1754438399999,135631922.09486,978941,90442.157,68318390.94219,0
1754438400000,755.13,774.84,746.26,769.55,163684.71,1754524799999,124894215.68082,768132,90487.242,69129781.73795,0
1754524800000,769.55,788.68,764.17,788.67,188106.802,1754611199999,145543031.21357,691791,95229.39,73741019.20331,0
1754611200000,788.67,798.5,780.74,793.5,195309.718,1754697599999,154082425.69663,900983,102280.523,80686328.59771,0
1754697600000,793.5,819.44,792.81,798.83,202384.753,1754783999999,163260549.46883,747875,106002.525,85496702.02823,0
1754784000000,798.83,815.5,793.68,807.22,162735.303,1754870399999,130869121.4424,744916,84194.255,67729891.56969,0
1754870400000,807.22,827.59,792.0,805.09,316220.572,1754956799999,255934175.20574,1304619,159105.54,128905517.82569,0
1754956800000,805.09,839.9,797.73,832.47,268762.259,1755043199999,219773129.75768,1077867,136756.863,111921691.07628,0
1755043200000,832.48,858.89,828.23,848.01,395861.313,1755129599999,334799833.79984,1373115,213368.7,180437594.27409,0
1755129600000,848.02,869.4,820.6,840.42,592656.9793,1755215999999,502655557.96402895,2131970,307421.7693,260924537.574609,0
1755216000000,840.42,853.53,812.57,827.81,252091.108,1755302399999,210411186.81867,1250650,125371.357,104746279.14708,0
1755302400000,827.8,839.79,825.06,838.71,114512.1,1755388799999,95367308.35974,558186,57741.789,48092809.98405,0
1755388800000,838.71,864.0,838.04,855.38,164953.856,1755475199999,140814256.94088,711532,85941.178,73361835.19066,0
1755475200000,855.38,858.51,825.0,846.99,233741.603,1755561599999,196010871.99911,1162125,112962.378,94741227.49797,0
1755561600000,847.0,851.95,823.0,824.11,211802.026,1755647999999,177598520.77224,1210799,101328.613,85012948.38965,0
1755648000000,824.1,881.02,818.57,869.05,392159.8615,1755734399999,332759264.4561456,1503538,229884.3725,195163841.0113056,0
1755734400000,869.05,883.86,833.46,839.49,277889.676,1755820799999,237896920.484744,1224435,134901.034,115559615.091434,0
1755820800000,839.49,900.71,839.23,900.21,430842.5317,1755907199999,375716244.24275506,1822909,229741.1065,200771625.313155,0
1755907200000,900.2,900.21,875.55,880.42,209279.872,1755993599999,185676260.6218,1034502,103983.507,92276333.96207,0
1755993600000,880.42,886.66,859.34,876.51,289492.317,1756079999999,252241190.9115,1153575,140966.984,122826473.16471,0
1756080000000,876.51,880.75,832.76,839.32,320570.155,1756166399999,275451434.76334,1681385,150312.587,129269289.85963,0
1756166400000,839.32,868.0,829.59,863.7,194882.089,1756252799999,164870874.5443,1093286,100778.366,85259956.41962,0
1756252800000,863.7,867.1,852.9,855.18,135243.457,1756339199999,116374619.66615,889218,67510.656,58101264.69142,0
1756339200000,855.18,881.36,850.85,873.47,232414.922,1756425599999,202249121.93069,1156281,119041.244,103607827.66997,0
1756425600000,873.48,878.0,850.19,862.3,180524.219,1756511999999,155483294.41144,1018319,89373.108,76991374.71728,0
1756512000000,862.3,864.0,851.61,862.0,101039.981,1756598399999,86722431.33024,565600,50717.436,43534276.9814,0
1756598400000,862.0,867.7,857.0,857.65,94241.193,1756684799999,81214520.85845,556584,46655.065,40207234.55687,0
1756684800000,857.66,869.15,840.0,845.68,254185.715,1756771199999,217105498.75903,1222034,122408.211,104558867.42947,0
1756771200000,845.68,856.68,840.71,851.8,164333.169,1756857599999,139702195.82979,786975,83243.64,70781670.94246,0
1756857600000,851.8,864.06,848.91,854.76,116453.022,1756943999999,99662265.22545,518178,58595.216,50147647.78493,0
1756944000000,854.76,856.72,841.1,843.63,108195.902,1757030399999,91679289.64725,512461,52506.212,44499283.92529,0
1757030400000,843.62,857.73,842.22,850.14,120856.951,1757116799999,102670054.02438,515156,61679.728,52394158.76185,0
1757116800000,850.14,865.0,849.55,860.85,144234.054,1757203199999,123901879.62194,468263,79139.511,67983868.76774,0
1757203200000,860.86,884.05,860.55,880.05,136538.058,1757289599999,118996279.84708,463226,78818.684,68690117.28428,0
1757289600000,880.05,885.85,870.01,878.08,177574.781,1757375999999,156027069.01887,604041,88857.799,78090749.53226,0
1757376000000,878.08,884.83,871.38,880.01,150610.03,1757462399999,132237315.63281,534537,77396.475,67956595.57889,0
1757462400000,880.0,907.38,877.04,893.77,306830.178,1757548799999,274181538.835692,870907,167609.242,149803130.191702,0
1757548800000,893.77,904.53,888.38,902.77,179913.182,1757635199999,161378078.80814,594895,97118.251,87126782.63552,0
1757635200000,902.77,929.9,901.41,924.8,240267.9372,1757721599999,219285340.43978608,864607,137603.5602,125603906.3691561,0
1757721600000,924.81,943.86,922.11,933.68,251751.2324,1757807999999,234836986.2596412,951149,136074.6784,126943924.0752412,0
1757808000000,933.68,944.95,921.91,926.51,159814.975,1757894399999,149043322.80995,733414,78121.958,72879175.20157,0
1757894400000,926.51,935.72,910.64,919.68,175249.087,1757980799999,161428141.25427,887020,83975.303,77357811.00672,0
1757980800000,919.68,959.0,916.66,955.65,284918.8385,1758067199999,267637447.7470392,1095803,155360.5685,146006363.5283392,0
1758067200000,955.65,995.44,946.1,989.98,362193.1958,1758153599999,348652678.6945979,1312915,193355.2128,186224816.39194793,0
1758153600000,989.97,1006.88,979.48,981.04,402672.5617,1758239999999,400199947.4299975,1191548,210970.1108,209746900.34663847,0
1758240000000,981.05,1002.99,973.9,984.1,333582.761,1758326399999,329790921.50354,1203920,161324.09,159544427.46312,0
1758326400000,984.1,1048.0,982.9,1043.77,380966.0766,1758412799999,385737171.3124027,1387842,204009.3126,206539358.8270727,0
1758412800000,1043.77,1083.47,1039.2,1047.8,464411.2823,1758499199999,492520656.67600095,1957353,234433.9103,248564632.999053,0
1758499200000,1047.8,1050.55,976.89,992.9,588730.396,1758585599999,596953882.44591,2238187,302464.673,306745884.65365,0
1758585600000,992.9,1027.37,962.38,1015.98,420071.07,1758671999999,421467277.89249,1841480,206907.383,207590168.43541,0
1758672000000,1015.98,1034.5,991.46,1018.49,363049.882,1758758399999,369092358.89094,1604582,175023.361,177929332.39975,0
1758758400000,1018.49,1019.9,939.55,945.9,635121.254,1758844799999,621318167.97413,2137489,341635.077,333745502.85461,0
1758844800000,945.9,966.23,932.01,960.8,384757.514,1758931199999,364408611.11634,1633419,188127.474,178247962.08749,0
1758931200000,960.81,985.79,955.56,968.45,245246.415,1759017599999,238037235.70271,1042251,129612.976,125820005.85085,0
1759017600000,968.46,993.65,962.68,993.01,188486.48,1759103999999,183624760.07743,890962,97493.143,95003694.12573,0
1759104000000,993.01,1036.0,991.12,1029.79,291982.5,1759190399999,295253054.46815,1569259,152387.587,154108704.62624,0
1759190400000,1029.79,1034.01,992.93,1008.51,258830.971,1759276799999,261981911.10553,1437959,125550.314,127115998.78195,0
1759276800000,1008.51,1036.2,1003.35,1026.5,269007.811,1759363199999,274516783.81454,1361838,134619.181,137409284.13043,0
1759363200000,1026.5,1099.22,1022.01,1090.22,380679.445,1759449599999,401900249.30658,1876448,206307.66,217870288.54631,0
1759449600000,1090.22,1192.42,1083.84,1189.4,744996.7206,1759535999999,842965061.361557,3184974,382953.0906,433406447.509357,0
1759536000000,1189.4,1190.47,1134.93,1150.75,337438.509,1759622399999,390930674.94389,1735291,168230.68,194923733.44062,0
1759622400000,1150.75,1189.0,1143.14,1167.38,306730.178,1759708799999,357420641.03322,1748354,156620.124,182505689.04852,0
1759708800000,1167.38,1239.94,1161.85,1223.19,587477.5601,1759795199999,711781233.380627,2594739,322533.0891,390607090.402837,0
1759795200000,1223.17,1349.99,1204.61,1304.43,1351678.4887,1759881599999,1737403256.538668,5035273,692309.3967,889580569.553248,0
1759881600000,1304.43,1334.19,1264.32,1307.4,826555.123,1759967999999,1076913281.89229,3491480,400565.316,522191363.78719,0
1759968000000,1307.4,1320.0,1224.38,1255.35,925627.604,1760054399999,1178510754.12517,3147403,461892.518,588360855.32562,0
1760054400000,1255.35,1278.52,860.11,1102.47,1505025.673,1760140799999,1738588911.96338,4860775,711133.822,823393500.64635,0
1760140800000,1102.57,1182.76,1073.0,1135.07,1050905.245,1760227199999,1181376420.04246,4839241,519123.14,583886221.52459,0
1760227200000,1135.07,1319.8,1107.43,1302.65,1205248.016,1760313599999,1490023746.48351,5001950,639014.778,790166542.3460301,0
1760313600000,1302.65,1375.11,1251.28,1294.55,1483076.9719,1760399999999,1944702007.14038,5971974,736421.5489,966457857.04594,0
1760400000000,1294.54,1318.26,1143.01,1208.52,1398659.782,1760486399999,1691229151.13683,6244627,704859.515,851941399.37234,0
1760486400000,1208.55,1222.76,1148.92,1162.57,707327.747,1760572799999,836699442.9499699,3590517,345787.78,408999532.8602,0
1760572800000,1162.57,1195.0,1122.31,1144.83,716826.497,1760659199999,835695242.85643,3898793,365700.312,426479644.71843,0
1760659200000,1144.83,1156.3,1021.0,1071.15,1066221.771,1760745599999,1143128765.33737,5122105,517215.239,553985769.84914,0
1760745600000,1071.15,1131.05,1069.41,1092.43,419996.517,1760831999999,462124290.22768,2270208,211480.182,232741879.61023,0
1760832000000,1092.42,1133.76,1068.04,1109.88,409987.572,1760918399999,451830662.14455,2153017,200360.571,220873346.28155,0
1760918400000,1109.88,1143.2,1088.19,1100.19,481311.055,1761004799999,535214259.16311,2579921,240131.899,267060352.48514,0
1761004800000,1100.2,1114.53,1052.46,1057.16,541524.501,1761091199999,586956054.55562,2763340,274216.398,297231090.64,0
1761091200000,1057.16,1083.8,1053.25,1071.82,397249.062,1761177599999,424924796.09075,2326963,199920.66,213900404.13212,0
1761177600000,1071.83,1161.9,1071.83,1126.72,774946.718,1761263999999,864047274.9668701,3416697,404035.954,450611405.9494,0
1761264000000,1126.71,1144.17,1097.39,1109.01,342712.642,1761350399999,385108586.81592,1924437,163399.027,183665207.63432,0
1761350400000,1109.0,1120.89,1100.96,1116.53,162716.583,1761436799999,181193804.95172,845838,83427.024,92946786.86058,0
1761436800000,1116.53,1143.35,1114.48,1138.19,240939.545,1761523199999,272038928.2965,1275693,126021.899,142331655.24916,0
1761523200000,1138.19,1182.6,1131.44,1138.88,494467.695,1761609599999,569610822.72901,2424722,244914.989,282359009.8745,0
1761609600000,1138.88,1148.94,1074.0,1103.45,351579.17,1761695999999,395192652.3363,2071891,166518.049,187396501.34634,0
1761696000000,1103.45,1121.35,1082.59,1107.7,459713.496,1761782399999,510072430.34674,2344960,239150.865,265443635.42243,0
1761782400000,1107.7,1129.55,1043.48,1079.05,508291.657,1761868799999,554615753.48928,2818780,235298.16,257309667.9614,0
1761868800000,1079.06,1104.93,1071.43,1088.9,537669.646,1761955199999,584994779.09792,2726472,274414.773,298625330.04871,0
1761955200000,1088.9,1096.93,1081.8,1094.53,163493.548,1762041599999,178160836.27944,851250,83188.166,90662232.28008,0
1762041600000,1094.54,1094.92,1071.74,1083.25,132402.548,1762127999999,143615965.50532,808562,62500.153,67818669.70905,0
1762128000000,1083.25,1087.24,960.18,993.54,685198.885,1762214399999,695307374.09516,3297405,309069.793,313383637.02508,0
1762214400000,993.54,1002.12,880.8,936.77,985275.518,1762300799999,924046511.24224,4907198,470001.869,441064484.81879,0
1762300800000,936.79,969.27,900.39,959.33,526144.027,1762387199999,497402208.36976,2910960,260609.721,246595929.00892,0
1762387200000,959.32,965.23,925.07,950.4,312622.425,1762473599999,295927015.25126,1985255,145839.988,138115238.75317,0
1762473600000,950.4,995.6,925.7,991.15,452713.504,1762559999999,434871852.02567,2719761,229360.696,220497299.67699,0
1762560000000,991.14,1007.41,980.05,991.03,301705.689,1762646399999,300155965.29685,1766264,157480.253,156707937.67593,0
1762646400000,991.01,1007.16,975.84,996.63,256660.748,1762732799999,254503411.11084,1363066,127015.174,126001516.43329,0
1762732800000,996.63,1019.56,976.22,991.98,281128.796,1762819199999,280689673.13887,1713723,142152.536,142012713.98966,0
1762819200000,991.99,1008.6,956.08,958.08,283951.869,1762905599999,278122345.76054,1791482,137190.324,134393641.90685,0
1762905600000,958.08,978.61,937.9,952.86,216987.116,1762991999999,207895272.16893,1541836,103578.757,99314240.33867,0
1762992000000,952.87,972.2,905.72,927.15,334345.078,1763078399999,314259121.5093,2155736,157981.142,148567800.50126,0
1763078400000,927.15,934.04,887.88,915.25,438193.008,1763164799999,401204627.31223,2900970,212559.627,194718210.24603,0
1763164800000,915.26,945.22,914.91,932.28,161984.705,1763251199999,151171632.97185,1147540,83545.162,77975615.54439,0
1763251200000,932.27,949.77,908.16,926.56,252157.877,1763337599999,233987143.9429,1826002,123974.103,115036406.07924,0
1763337600000,926.59,939.55,891.72,907.36,332891.856,1763423999999,305134278.30436,2543671,164328.162,150687378.48676,0
1763424000000,907.36,939.99,884.4,932.79,357275.458,1763510399999,326663851.75577,2340875,174818.151,160001834.86441,0
1763510400000,932.79,941.06,872.38,897.77,296358.274,1763596799999,268307936.85822,2057310,140186.734,127014889.22146,0
1763596800000,897.78,917.0,865.57,866.51,301802.981,1763683199999,269032673.70796,2087055,145347.842,129622654.84345,0
1763683200000,866.51,877.33,790.79,830.46,654486.049,1763769599999,542979217.98351,3636424,295511.992,244915626.95955,0
1763769600000,830.47,842.93,813.77,833.78,167225.62,1763855999999,138427266.23421,1454706,85229.796,70577104.07508,0
1763856000000,833.78,855.46,833.28,843.6,167524.177,1763942399999,141704290.78926,1017588,85621.415,72427378.55116,0
1763942400000,843.6,876.3,830.01,864.92,248464.802,1764028799999,211511619.02536,1555651,122761.453,104595413.37978,0
1764028800000,864.9,867.66,837.47,862.57,158750.859,1764115199999,135823380.71101,1086897,81815.914,70017508.5813,0
1764115200000,862.58,897.25,851.72,891.78,159649.392,1764201599999,139460353.89772,1047100,85460.975,74679484.24214,0
1764201600000,891.77,904.86,883.8,895.74,141249.084,1764287999999,126273074.47225,811084,70142.174,62702913.74777,0
1764288000000,895.75,906.5,876.15,887.19,174843.677,1764374399999,155822041.55361,1120706,86675.713,77279996.72268,0
1764374400000,887.2,889.0,868.25,872.9,80059.932,1764460799999,70344820.67889,540333,40731.398,35789496.16716,0
1764460800000,872.9,899.75,869.56,875.31,106230.587,1764547199999,94178228.95986,654131,49757.223,44105291.16189,0
1764547200000,875.3,877.12,801.7,826.61,342746.385,1764633599999,283999640.0346,1933181,163235.526,135225010.56878,0
1764633600000,826.6,885.0,820.46,876.61,233149.68,1764719999999,199034705.02779,1487908,114697.369,97959855.65734,0
1764720000000,876.6,922.63,873.6,920.76,227309.929,1764806399999,204499249.05121,1408052,119458.345,107497858.30637,0
1764806400000,920.77,928.24,886.79,899.92,165779.563,1764892799999,150836824.66394,1257410,77610.018,70634698.06641,0
1764892800000,899.92,907.92,870.18,883.57,137493.999,1764979199999,122346994.84129,1186200,66251.008,58961517.16322,0
1764979200000,883.57,897.9,878.01,890.38,81289.981,1765065599999,72211284.20858,708493,41775.598,37113496.91795,0
1765065600000,890.38,906.0,870.23,894.37,131888.814,1765151999999,117366943.71489,1094327,63160.206,56211422.09879,0
1765152000000,894.38,913.29,888.93,897.12,121354.06,1765238399999,109535418.55455,1140074,60892.304,54967902.64749,0
1765238400000,897.13,928.0,881.78,897.3,209645.573,1765324799999,189336040.76546,1384532,106836.521,96534270.99141,0
1765324800000,897.3,915.0,884.27,893.43,186333.021,1765411199999,166693561.34981,1320366,91267.131,81682306.99892,0
1765411200000,893.43,894.7,859.54,885.91,182476.864,1765497599999,159114587.16925,1436206,89551.251,78087246.61168,0
1765497600000,885.92,896.07,870.58,881.58,110640.466,1765583999999,97852155.11364,973955,55359.369,48960825.04721,0
1765584000000,881.59,904.22,880.32,896.82,92401.054,1765670399999,82431393.00693,650049,45648.034,40719760.75081,0
1765670400000,896.82,899.5,870.11,877.27,110914.028,1765756799999,98442378.82563,858682,53288.164,47297859.89274,0
1765756800000,877.27,895.42,840.75,858.6,210867.871,1765843199999,182971113.85925,1586386,102082.212,88569487.21228,0
1765843200000,858.61,878.44,847.0,875.63,240835.336,1765929599999,208552022.88205,1573030,120674.012,104517730.37088,0
1765929600000,875.64,876.16,833.39,843.07,378073.209,1766015999999,324665474.7502,2026373,186513.854,160271429.96388,0
1766016000000,843.07,853.49,818.39,830.07,432024.878,1766102399999,361452776.1874,2203650,212515.734,177839240.82406,0
1766102400000,830.08,862.33,822.38,856.17,1227346.957,1766188799999,1035735760.17278,2543581,611085.359,515719442.03958,0
1766188800000,856.17,859.7,850.9,854.17,57015.132,1766275199999,48685094.40048,389041,26548.828,22671232.73591,0
1766275200000,854.17,859.91,845.5,858.64,69986.817,1766361599999,59650811.23645,577502,36114.111,30794152.845,0
1766361600000,858.63,871.0,850.85,858.66,147275.988,1766447999999,127026489.4655,994531,73524.19,63422387.81425,0
1766448000000,858.67,861.46,838.24,844.3,103894.874,1766534399999,88114840.52677,770380,49716.2,42169275.33845,0
1766534400000,844.3,850.0,835.21,846.58,84917.781,1766620799999,71413872.14449,769130,38828.17,32662728.83526,0
1766620800000,846.57,847.99,826.81,829.64,72777.087,1766707199999,61067016.30325,602493,32470.977,27255146.58131,0
1766707200000,829.63,847.16,821.21,834.72,120232.786,1766793599999,100443874.53481,1020709,58978.158,49269471.08936,0
1766793600000,834.72,846.54,834.0,845.04,89882.366,1766879999999,75505665.25729,602676,44539.639,37414508.36878,0
1766880000000,845.05,867.22,839.2,859.32,91601.986,1766966399999,78245545.48423,640033,49261.813,42081221.77039,0
1766966400000,859.32,872.12,846.0,852.46,127151.447,1767052799999,109137090.48325,901806,67983.02,58347935.3399,0
1767052800000,852.46,864.05,848.7,861.65,73233.047,1767139199999,62791986.8921,583039,36371.56,31187458.21071,0
1767139200000,861.66,877.29,857.69,864.3,149994.618,1767225599999,129779137.07024,803509,76703.12,66376872.20347,0
1767225600000,864.31,874.51,856.14,864.39,80713.662,1767311999999,69705177.29618,492045,38671.274,33399332.81613,0
1767312000000,864.4,891.14,859.64,881.25,129071.742,1767398399999,112918887.64463,855739,65998.248,57744814.80021,0
1767398400000,881.25,884.24,868.65,878.63,79965.205,1767484799999,70042659.0416,496690,40425.968,35412887.44276,0
1767484800000,878.64,902.85,878.47,895.43,118687.107,1767571199999,105626153.85529,679228,61488.124,54729999.20338,0
1767571200000,895.43,916.55,890.59,910.31,140352.785,1767657599999,126791973.03969,902286,76401.107,69035346.07709,0
1767657600000,910.31,923.93,891.66,917.64,166897.189,1767743999999,152112813.16727,980125,85118.886,77620429.52403,0
1767744000000,917.64,920.27,892.64,900.3,148651.79,1767830399999,135043755.77855,945321,77070.016,70047482.07327,0
1767830400000,900.31,905.0,875.1,892.26,134522.755,1767916799999,119360812.46211,864836,67296.322,59719521.70349,0
1767916800000,892.27,901.06,885.28,896.86,81581.367,1768003199999,72871176.25689,626159,44058.998,39362730.00733,0
1768003200000,896.87,915.91,896.81,907.93,124912.493,1768089599999,113143829.40285,720398,60489.086,54780867.73386,0
1768089600000,907.93,917.33,898.75,904.32,98621.081,1768175999999,89755695.35323,551818,48956.102,44564691.69234,0
1768176000000,904.32,910.81,894.0,905.78,108522.173,1768262399999,98140526.01559,729122,58438.712,52870006.46245,0
1768262400000,905.79,952.96,902.25,943.73,311914.997,1768348799999,287537661.4946,1182451,171151.84,157938319.61699,0
1768348800000,943.73,954.68,928.5,948.47,183208.698,1768435199999,172676671.03025,1013997,93058.324,87776302.34324,0
1768435200000,948.48,948.85,924.05,931.2,131201.468,1768521599999,122818352.97477,838980,64545.323,60443814.79394,0
1768521600000,931.21,939.43,923.69,938.16,77470.383,1768607999999,72238110.191,542202,39861.235,37172331.41307,0
1768608000000,938.17,959.52,935.5,947.12,86187.331,1768694399999,81544127.02514,486259,47898.476,45314044.36417,0
1768694400000,947.11,953.33,931.7,932.51,76848.25,1768780799999,72695033.76926,500379,38693.922,36627876.08985,0
1768780800000,932.51,932.51,901.0,923.6,209440.56,1768867199999,193182830.06014,1093909,106777.172,98514086.74366,0
1768867200000,923.6,933.13,884.0,884.2,163760.229,1768953599999,148812503.80793,1078653,80329.911,73067904.95212,0
1768953600000,884.19,893.69,864.54,883.36,201618.221,1769039999999,177017116.38232,1266425,95725.14,84080128.93753,0
1769040000000,883.35,897.58,878.18,888.06,98786.472,1769126399999,87897354.20676,652610,48146.366,42831815.33447,0
1769126400000,888.06,904.99,883.1,891.63,96135.61,1769212799999,85731004.65856,744307,49308.358,43971852.13853,0
1769212800000,891.62,894.24,886.53,887.17,51272.563,1769299199999,45676993.9904,323050,24974.232,22249623.64456,0
1769299200000,887.18,887.75,856.0,866.02,120780.226,1769385599999,105238816.20596,741112,57269.775,49889322.25928,0
1769385600000,866.02,881.44,864.91,879.41,102700.704,1769471999999,89665450.66266,629068,50373.112,43985430.34772,0
1769472000000,879.41,901.22,876.2,898.36,138529.639,1769558399999,122795528.3296,712731,58333.252,51753928.57541,0
1769558400000,898.35,909.43,894.41,902.91,110273.24,1769644799999,99488384.44138,638568,52283.922,47172863.83388,0
1769644800000,902.92,906.67,852.81,868.69,270228.686,1769731199999,238573056.22689,1294083,137421.519,121392282.76294,0
1769731200000,868.69,869.77,831.83,858.81,295951.354,1769817599999,250705099.01046,1700475,142775.004,120939279.88237,0
1769817600000,858.81,860.85,750.0,781.38,407306.151,1769903999999,325750149.78876,2051467,187865.876,150274368.06224,0
1769904000000,781.39,789.72,739.63,758.54,259125.52,1769990399999,197918631.20065,1778205,129427.893,98914837.09684,0
1769990400000,758.54,781.58,728.44,773.94,306663.484,1770076799999,231808183.90377,2070386,148561.588,112412565.06347,0
1770076800000,773.94,783.57,736.08,754.78,243948.823,1770163199999,186179880.26269,2021233,114966.792,87854784.81936,0
1770163200000,754.78,765.33,687.3,697.27,424472.167,1770249599999,307855228.98581,2681978,189408.598,137616590.7343,0
1770249600000,697.27,703.0,602.17,608.3,799178.67,1770335999999,522394593.78958,3847910,359020.409,234284590.32864,0
1770336000000,608.3,669.65,570.06,657.21,593322.593,1770422399999,372108743.10323,3501250,297410.542,186921669.411,0
1770422400000,657.21,663.88,630.83,647.0,217520.601,1770508799999,140501322.95354,1196386,109075.411,70477301.57061,0
1770508800000,647.01,653.0,632.3,639.93,124172.092,1770595199999,79946063.82796,868821,63666.146,40999988.6418,0
1770595200000,639.93,646.15,616.01,636.39,148751.241,1770681599999,94018464.11116,1033241,78085.959,49352728.60872,0
1770681600000,636.38,642.0,613.8,619.85,153549.27,1770767999999,96192842.4738,931193,77740.169,48700880.80463,0
1770768000000,619.85,624.14,587.14,608.11,236351.539,1770854399999,141941652.44398,1068249,114159.871,68578559.51766,0
1770854400000,608.11,620.87,600.6,614.29,121298.457,1770940799999,74239627.08287,792593,64829.559,39695942.72187,0
1770940800000,614.29,622.81,592.49,618.94,211419.814,1771027199999,128466424.29734,992789,108867.452,66171421.4498,0
1771027200000,618.93,637.24,615.7,632.77,113845.924,1771113599999,71434358.34732,625588,61221.915,38421104.00124,0
1771113600000,632.77,642.49,608.82,615.16,132426.591,1771199999999,82705229.27905,756921,65706.854,41092268.67469,0
1771200000000,615.17,631.24,604.49,627.19,105660.883,1771286399999,65167083.27991,836758,55988.259,34538802.00807,0
1771286400000,627.19,631.86,609.3,617.74,91934.084,1771372799999,57071374.85841,770283,48525.957,30160097.78351,0
1771372800000,617.76,626.57,601.3,604.8,97256.01,1771459199999,59649032.64721,862456,47484.445,29130528.63074,0
1771459200000,604.8,614.8,596.0,607.83,109354.363,1771545599999,66119479.69708,824023,51640.436,31216282.37697,0
1771545600000,607.82,629.74,601.23,625.91,159590.806,1771631999999,98064976.15346,985248,75778.138,46615647.40158,0
1771632000000,625.9,634.8,624.0,625.61,81656.565,1771718399999,51308152.44786,503212,43774.738,27514880.68335,0
1771718400000,625.61,626.87,610.02,614.8,68568.879,1771804799999,42391475.19087,466567,31889.434,19719586.75707,0
1771804800000,614.8,616.0,583.13,596.41,245062.961,1771891199999,146545469.16557,1469415,114413.037,68417536.89703,0
1771891200000,596.4,602.9,577.06,583.6,168285.85,1771977599999,98873700.15517,1203900,78272.846,46052177.21092,0
1771977600000,583.61,640.55,581.51,629.42,221645.31,1772063999999,136172252.02719,1359372,124716.099,76678293.53571,0
1772064000000,629.42,633.83,614.2,625.74,126675.344,1772150399999,79116947.84255,1008924,64688.181,40421758.98041,0
1772150400000,625.74,633.65,605.25,614.03,128167.72,1772236799999,79378256.08238,886221,63885.779,39558362.21918,0
1772236800000,614.03,621.49,588.64,617.14,172105.1,1772323199999,103755874.89134,1145377,82383.075,49732121.22371,0
1772323200000,617.14,632.16,610.89,617.96,169960.927,1772409599999,105952441.96004,1101195,87315.211,54443759.01198,0
1772409600000,617.96,652.87,612.96,637.79,202581.15,1772495999999,128306008.70904,1277251,105311.698,66713094.88404,0
1772496000000,637.79,643.29,621.0,633.56,150191.056,1772582399999,94808877.57976,1181455,78791.274,49749845.71896,0
1772582400000,633.57,666.16,626.2,657.99,199919.683,1772668799999,130078197.81306,1379237,106214.829,69131342.60862,0
1772668800000,658.0,665.42,646.14,647.85,128037.624,1772755199999,83739149.22326,954090,61449.194,40204681.79691,0
1772755200000,647.85,651.62,624.77,627.31,115031.736,1772841599999,73307014.99299,903096,57903.719,36897628.61791,0
1772841600000,627.31,630.19,617.8,620.26,63118.814,1772927999999,39462409.22281,456293,31244.936,19539378.11573,0
1772928000000,620.27,624.27,607.86,611.98,81939.554,1773014399999,50532305.7637,657174,41554.107,25632345.58437,0
1773014400000,611.99,643.0,611.01,634.64,121341.376,1773100799999,76493957.24374,1099006,59072.789,37234896.23416,0
1773100800000,634.64,652.36,634.38,642.0,100783.446,1773187199999,64968408.80016,971812,53258.328,34329214.18758,0
1773187200000,642.01,656.29,635.02,651.46,120145.814,1773273599999,77493770.03519,1000059,62833.49,40545197.0885,0
1773273600000,651.47,657.7,641.63,651.72,101534.056,1773359999999,65966807.13229,787034,53538.813,34784828.93979,0
1773360000000,651.72,679.0,650.34,655.73,231981.0,1773446399999,153973279.25295,1473573,116308.576,77197706.62064,0
1773446400000,655.72,658.27,650.11,657.7,55240.265,1773532799999,36131084.10072,457430,30084.507,19678036.25633,0
1773532800000,657.7,679.0,654.46,673.77,92999.094,1773619199999,61797092.11362,790417,44476.913,29538546.62711,0
1773619200000,673.77,687.82,670.13,679.71,226915.256,1773705599999,153962533.22807,1802402,110443.52,74943136.37934,0
1773705600000,679.7,686.53,663.4,668.61,147117.033,1773791999999,99192451.22816,1289121,68853.62,46425270.15593,0
1773792000000,668.62,676.47,644.43,652.27,144505.186,1773878399999,95190668.30481,1183940,70992.681,46830093.309,0
1773878400000,652.28,656.4,633.32,639.15,117679.658,1773964799999,75669936.48842,953730,56869.091,36574968.0778,0
1773964800000,639.16,647.65,636.38,642.11,96688.002,1774051199999,62031631.98012,844392,52552.968,33721028.04522,0
1774051200000,642.11,646.38,627.76,630.7,54236.699,1774137599999,34733011.0993,443462,25162.098,16127699.75214,0
1774137600000,630.7,637.7,622.16,626.41,102353.579,1774223999999,64477538.30602,887185,50973.12,32113262.95012,0
1774224000000,626.41,650.85,620.33,639.11,257556.874,1774310399999,164379521.08965,1612426,142531.885,91004577.00664,0
1774310400000,639.12,640.17,626.99,638.3,101174.299,1774396799999,64099145.5025,888237,49362.184,31276892.84959,0
1774396800000,638.31,652.8,637.5,647.66,117518.94,1774483199999,75925439.33003,837175,57922.912,37427284.64707,0
1774483200000,647.67,648.47,623.01,628.86,94718.073,1774569599999,59890896.60571,817433,44468.832,28123235.1086,0
1774569600000,628.86,631.87,605.86,613.95,131734.63,1774655999999,81092767.4862,886722,62179.081,38256554.18599,0
1774656000000,613.95,619.0,609.9,611.08,70087.882,1774742399999,43031613.67827,442352,34968.112,21470993.65479,0
1774742400000,611.08,615.3,596.42,606.09,83411.719,1774828799999,50783703.52176,565759,34998.234,21336298.40136,0
1774828800000,606.09,621.4,605.09,609.29,122880.083,1774915199999,75659973.45205,816091,55878.607,34405822.37683,0
1774915200000,609.29,619.77,598.82,617.43,139130.615,1775001599999,84997108.68721,949176,63421.954,38752299.77295,0
1775001600000,617.42,621.9,609.58,610.81,126557.565,1775087999999,77893570.08412,890781,55813.274,34364028.55033,0
1775088000000,610.81,613.6,570.31,583.52,297618.319,1775174399999,174048190.49806,1538408,133822.686,78138129.91235,0
1775174400000,583.52,590.31,581.93,588.31,76506.375,1775260799999,44847916.33419,560310,38956.596,22840686.46553,0
1775260800000,588.32,592.25,587.1,589.9,32432.776,1775347199999,19128063.149,187135,15479.623,9127911.72549,0
