datetime,open,high,low,close,volume,close_time,quote_volume,count,taker_buy_volume,taker_buy_quote_volume,ignore
1562284800000,0.00449,0.0046,0.00355,0.0038701,1928297660.0,1562371199999,7506289.3981729,18589,858403324.0,3336426.0115192,0
1562371200000,0.0038741,0.0039426,0.0033652,0.0035,1010744287.0,1562457599999,3692804.0887838,17250,522724122.0,1908499.5096496,0
1562457600000,0.003504,0.00365,0.0034,0.0035377,530613992.0,1562543999999,1860353.0716839,9394,275110757.0,965093.409773,0
1562544000000,0.0035378,0.0035618,0.0034,0.003458,308445688.0,1562630399999,1078072.0056618,4958,159456967.0,558024.1758627,0
1562630400000,0.003462,0.003582,0.0033564,0.0034545,253375582.0,1562716799999,878528.3337763,5690,115809520.0,402047.295067,0
1562716800000,0.0034576,0.0035294,0.003251,0.0033421,241274866.0,1562803199999,824623.2566485,4797,115599196.0,396266.6942069,0
1562803200000,0.0033358,0.0033395,0.0030909,0.003209,202811394.0,1562889599999,648510.3219133,3721,98379770.0,314616.4800941,0
1562889600000,0.0032105,0.0033598,0.0031562,0.0032622,228622573.0,1562975999999,747823.3548409,3638,116069740.0,379630.5577197,0
1562976000000,0.0032626,0.0032653,0.0031358,0.0032532,110731940.0,1563062399999,354130.9919463,2494,53400546.0,170896.9227031,0
1563062400000,0.0032474,0.0032788,0.0029008,0.0029175,216658454.0,1563148799999,671776.7078685,3994,101956045.0,315829.9500623,0
1563148800000,0.0029175,0.0031354,0.0028011,0.0030712,220027648.0,1563235199999,648584.7204098,4003,111586491.0,330128.1843474,0
1563235200000,0.0030624,0.0031009,0.0027323,0.0027994,159080438.0,1563321599999,461906.8700423,2878,75423056.0,218381.8185068,0
1563321600000,0.0027995,0.002986,0.0027063,0.0028822,320691294.0,1563407999999,919480.3057747,4607,157213703.0,450241.2393662,0
1563408000000,0.0028663,0.0031251,0.0027797,0.0030979,263423204.0,1563494399999,774480.1838155,4024,147238010.0,433720.7725546,0
1563494400000,0.0031008,0.0031068,0.0029202,0.0030232,101195703.0,1563580799999,304506.8227047,2002,48305815.0,145836.6616752,0
1563580800000,0.0030131,0.0031528,0.003,0.0030787,106012025.0,1563667199999,326290.2279813,2009,55467651.0,170926.7213509,0
1563667200000,0.0030701,0.0031272,0.0029872,0.0030468,59882988.0,1563753599999,182107.796684,1259,28260290.0,85936.6678577,0
1563753600000,0.0030533,0.0030816,0.00292,0.0029567,92581872.0,1563839999999,278105.8869385,1458,39485392.0,118643.4226921,0
1563840000000,0.0029567,0.0029567,0.002816,0.0028192,161810410.0,1563926399999,464551.6009363,2183,96609156.0,277344.3934598,0
1563926400000,0.0028195,0.0028819,0.0027629,0.0028741,68490381.0,1564012799999,192993.7931772,1510,28513143.0,80354.7054276,0
1564012800000,0.0028555,0.0029487,0.0028476,0.0028656,149944114.0,1564099199999,432899.4548801,1845,71585309.0,206678.2918024,0
1564099200000,0.0028656,0.0029033,0.0028177,0.0028798,29517748.0,1564185599999,84631.765541,921,13656950.0,39211.6467321,0
1564185600000,0.00289,0.00296,0.0027551,0.0028047,86758314.0,1564271999999,246314.3610014,1669,48053925.0,136783.2358612,0
1564272000000,0.0027973,0.0028137,0.002726,0.0027932,49225120.0,1564358399999,137249.2673918,1132,22612996.0,63163.9227703,0
1564358400000,0.0027884,0.002884,0.0027637,0.0027663,65013586.0,1564444799999,182414.3384964,1331,32052641.0,90060.0466795,0
1564444800000,0.0027663,0.00288,0.0027457,0.0027885,60008976.0,1564531199999,166683.8136127,1134,38774373.0,107773.6698705,0
1564531200000,0.0027949,0.0028761,0.0027889,0.0028583,58120004.0,1564617599999,164406.1593939,1227,26902228.0,76102.1809617,0
1564617600000,0.0028571,0.0030617,0.0028248,0.0029004,85256838.0,1564703999999,244823.4964215,1721,45103860.0,129715.1979381,0
1564704000000,0.0029004,0.0029272,0.002861,0.0028996,64329108.0,1564790399999,186215.9253597,1269,28365733.0,82145.9183727,0
1564790400000,0.0028951,0.002949,0.0028768,0.0028994,54942112.0,1564876799999,160178.9665178,1042,27971749.0,81589.9888384,0
1564876800000,0.0028999,0.0029985,0.0028424,0.0029222,88247046.0,1564963199999,256618.2061217,1636,43242916.0,125944.285972,0
1564963200000,0.0029196,0.0031998,0.0029196,0.0030428,213937390.0,1565049599999,653683.4162101,3709,112866823.0,344834.5809016,0
1565049600000,0.0030443,0.003084,0.0029124,0.0029557,128970146.0,1565135999999,386490.7698691,2161,66674955.0,199533.1690807,0
1565136000000,0.0029569,0.0030399,0.0028759,0.0029856,116634874.0,1565222399999,344429.3492764,2185,57935185.0,171072.3230798,0
1565222400000,0.0029972,0.0029972,0.0028544,0.0029635,72936578.0,1565308799999,212916.7999943,1388,37782894.0,110320.9739721,0
1565308800000,0.0029725,0.0029725,0.0028375,0.002913,53069425.0,1565395199999,153392.1416535,1265,24509418.0,70987.2845453,0
1565395200000,0.0029211,0.0029432,0.0028085,0.00285,40358430.0,1565481599999,115277.3644961,1086,17310101.0,49469.6090239,0
1565481600000,0.00285,0.0028995,0.0028281,0.0028874,48121732.0,1565567999999,138096.3126889,985,26626739.0,76451.5995869,0
1565568000000,0.0028893,0.0028999,0.0028455,0.0028516,37974663.0,1565654399999,108677.3690065,672,18614453.0,53251.8616545,0
1565654400000,0.0028527,0.0028643,0.0027802,0.0028339,47685418.0,1565740799999,134777.4417494,925,24076128.0,68051.637853,0
1565740800000,0.0028343,0.0028399,0.0027,0.0027161,89470204.0,1565827199999,247232.6691252,1687,48983752.0,135540.1857227,0
1565827200000,0.002723,0.0027695,0.0025578,0.0025916,83406275.0,1565913599999,220382.7517671,1354,44318420.0,117282.4571997,0
1565913600000,0.0025813,0.002718,0.0025112,0.002651,71483283.0,1565999999999,186165.5802512,1375,34134411.0,89124.9976005,0
1566000000000,0.002648,0.0026632,0.0025778,0.0026251,48842468.0,1566086399999,128498.7044777,925,27953594.0,73624.1396305,0
1566086400000,0.0026254,0.0027214,0.002587,0.002695,101432503.0,1566172799999,269985.3732027,1432,47621558.0,126570.208493,0
1566172800000,0.0026922,0.0028146,0.0026676,0.0027816,111202618.0,1566259199999,307142.0015209,1670,62623575.0,173058.8668313,0
1566259200000,0.0027787,0.002785,0.0026798,0.002712,29889824.0,1566345599999,81475.615874,753,13999582.0,38144.1837212,0
1566345600000,0.002712,0.0027153,0.0025633,0.0026398,67428707.0,1566431999999,176725.5390195,1134,32304205.0,84517.608553,0
1566432000000,0.0026404,0.0027165,0.0025527,0.0026458,70942538.0,1566518399999,185986.4321207,1186,39652676.0,104055.0580092,0
1566518400000,0.0026486,0.002693,0.0026153,0.0026668,49673949.0,1566604799999,131663.6106386,979,24982744.0,66133.4073626,0
1566604800000,0.0026644,0.0026785,0.0025647,0.0026222,61164375.0,1566691199999,159646.9680027,1084,26064762.0,68080.9558284,0
1566691200000,0.0026274,0.002666,0.002582,0.0026237,59937736.0,1566777599999,157023.8600297,1005,30150245.0,79021.0947207,0
1566777600000,0.0026192,0.0027048,0.0025931,0.0026409,75309430.0,1566863999999,199016.8301209,1363,39939745.0,105636.4549087,0
1566864000000,0.002637,0.00264,0.0025763,0.0025993,57813268.0,1566950399999,150603.5090185,1029,29665173.0,77288.4956203,0
1566950400000,0.0026014,0.0026014,0.0024772,0.0024965,73252773.0,1567036799999,185903.6828395,1271,39887013.0,101190.4853638,0
1567036800000,0.0024956,0.0024958,0.002339,0.0024244,101148551.0,1567123199999,244083.9718115,1554,52805669.0,127275.5867799,0
1567123200000,0.0024421,0.0024939,0.0023879,0.0024449,37512207.0,1567209599999,91452.165737,661,20265814.0,49416.7184398,0
1567209600000,0.0024517,0.0024878,0.0024118,0.0024528,36338319.0,1567295999999,88910.901217,759,18196773.0,44490.5285461,0
1567296000000,0.002452,0.0024851,0.0024109,0.0024603,35956148.0,1567382399999,87955.0629917,624,15398215.0,37721.2764636,0
1567382400000,0.0024635,0.0026167,0.0024377,0.0025882,53572010.0,1567468799999,134993.7509008,784,34330329.0,86550.5199261,0
1567468800000,0.002591,0.0026054,0.0025313,0.0025593,64679806.0,1567555199999,165657.4630955,676,40919056.0,104743.9151272,0
1567555200000,0.0025647,0.0025711,0.0025,0.0025097,32789886.0,1567641599999,83028.1243305,623,18233761.0,46212.0366386,0
1567641600000,0.0025221,0.0025221,0.0024589,0.0024909,44318276.0,1567727999999,110317.6478277,610,25318695.0,63108.1791865,0
1567728000000,0.0024897,0.0025054,0.0024,0.00247,81836503.0,1567814399999,201290.7073895,1064,34315321.0,84311.476395,0
1567814400000,0.0024504,0.002507,0.0024029,0.0024542,79415288.0,1567900799999,194294.9956682,1016,42597153.0,104308.5844456,0
1567900800000,0.002465,0.0025306,0.0024,0.0024585,89538969.0,1567987199999,221365.3086316,1243,47136134.0,117036.676376,0
1567987200000,0.0024453,0.0024692,0.0024,0.0024351,61000344.0,1568073599999,148246.672559,749,26396847.0,64194.4023711,0
1568073600000,0.0024351,0.0024612,0.0023849,0.0024185,33219768.0,1568159999999,80278.7880638,576,8802499.0,21371.822714,0
1568160000000,0.0024193,0.0024386,0.0023601,0.0023892,52887165.0,1568246399999,126276.4375278,822,23445260.0,56106.4879151,0
1568246400000,0.0023912,0.002431,0.0023265,0.0023928,48542765.0,1568332799999,114902.0050849,836,28548489.0,67698.0950077,0
1568332800000,0.0023906,0.0024128,0.00236,0.002399,35317492.0,1568419199999,84321.8782152,489,20415640.0,48776.4000814,0
1568419200000,0.0024089,0.002437,0.0023701,0.0024192,33725888.0,1568505599999,80951.362747,592,17475943.0,41983.4141298,0
1568505600000,0.0024233,0.0024851,0.00239,0.002426,68647235.0,1568591999999,168207.4389437,959,35335324.0,86692.3643848,0
1568592000000,0.0024249,0.0024765,0.0023978,0.0024309,53894420.0,1568678399999,131496.9055907,794,32795931.0,80182.7923836,0
1568678400000,0.0024316,0.00262,0.00241,0.002594,135069011.0,1568764799999,340342.5003018,2007,71673119.0,180451.8056386,0
1568764800000,0.0025972,0.0028103,0.0025527,0.0027015,344364326.0,1568851199999,939384.6812023,4313,160780261.0,437178.9622168,0
1568851200000,0.0027028,0.0027322,0.00254,0.0027083,161540615.0,1568937599999,424854.3858168,3053,82047561.0,215620.7749821,0
1568937600000,0.0027062,0.0027062,0.0026147,0.0026497,70347331.0,1569023999999,186885.2290101,1070,35553217.0,94424.7437644,0
1569024000000,0.0026497,0.0026619,0.002539,0.0025772,76693753.0,1569110399999,198082.9465368,1410,40747967.0,105373.2689065,0
1569110400000,0.00257,0.002599,0.0025173,0.002562,92043003.0,1569196799999,234727.5137176,1153,36641846.0,93417.7668212,0
1569196800000,0.0025697,0.0025719,0.0024474,0.0024474,76897524.0,1569283199999,192843.4630472,1293,38876388.0,97502.1784812,0
1569283200000,0.0024474,0.0024731,0.0019317,0.00219,155910476.0,1569369599999,355810.893788,2672,70657852.0,160866.2688585,0
1569369600000,0.0021893,0.0022241,0.0020665,0.0021757,110825983.0,1569455999999,238611.5297814,1228,59252512.0,127545.6010898,0
1569456000000,0.0021693,0.0022375,0.0020185,0.0021396,204393624.0,1569542399999,440500.0095894,3252,87367866.0,188901.0575036,0
1569628800000,0.002176,0.002232,0.0021401,0.0021974,75661286.0,1569715199999,164946.4913098,806,37003848.0,80767.8806947,0
1569715200000,0.0022033,0.0022399,0.0021235,0.0021854,79511131.0,1569801599999,173236.9316626,1077,39809282.0,86754.2768914,0
1569801600000,0.002203,0.0024733,0.0021264,0.0023747,263988602.0,1569887999999,611055.3974284,2920,113818708.0,262777.9597201,0
1569888000000,0.0023791,0.0025001,0.0023473,0.0023503,151860063.0,1569974399999,366404.8683536,1975,63798897.0,153955.0098558,0
1569974400000,0.0023561,0.0023692,0.0022809,0.002323,88034436.0,1570060799999,203689.2773743,1232,44212062.0,102405.3030231,0
1570060800000,0.002323,0.002325,0.0022353,0.0022977,81022529.0,1570147199999,184522.7664885,1075,39396275.0,89914.0889017,0
1570147200000,0.002298,0.002325,0.0022398,0.0022893,52314904.0,1570233599999,119067.2010393,1186,23017886.0,52497.2155361,0
1570233600000,0.0022882,0.0023051,0.0022614,0.0022922,53899895.0,1570319999999,123029.7429155,933,23281345.0,53213.0519147,0
1570320000000,0.0022993,0.0023048,0.0022275,0.0022677,72718151.0,1570406399999,165193.8709228,1056,25991148.0,58849.2295011,0
1570406400000,0.0022659,0.0023654,0.0022368,0.002331,69936960.0,1570492799999,161417.5445744,1166,31175619.0,72019.6917282,0
1570492800000,0.0023298,0.0023649,0.0022783,0.0023096,89953557.0,1570579199999,207768.8431194,1304,47160671.0,108959.2667365,0
1570579200000,0.0023096,0.0023652,0.0022467,0.0023522,128533706.0,1570665599999,298466.548583,1676,68205157.0,158941.2365731,0
1570665600000,0.002346,0.0023512,0.0022927,0.0023,74485978.0,1570751999999,172919.975521,1201,40428413.0,93949.6567108,0
1570752000000,0.002297,0.0023411,0.002225,0.0022909,61631506.0,1570838399999,140068.5202548,1152,29447646.0,67036.4572743,0
1570838400000,0.002288,0.002331,0.0022751,0.0023196,70374904.0,1570924799999,162044.5857652,1085,38880487.0,89627.3063475,0
1570924800000,0.002319,0.0026349,0.0023096,0.0024317,506106744.0,1571011199999,1269755.040071,5970,239922065.0,602593.8095331,0
1571011200000,0.0024312,0.00275,0.0024067,0.0025415,1281613616.0,1571097599999,3277165.7663431,7451,455085703.0,1161638.1694823,0
1571097600000,0.0025482,0.00258,0.0024652,0.0024964,142270876.0,1571183999999,359498.2938966,2048,75553590.0,190965.6178925,0
1571184000000,0.0024957,0.0026228,0.0024851,0.0026162,271043906.0,1571270399999,694195.3357253,3538,154292868.0,395446.6137445,0
1571270400000,0.0026117,0.002974,0.0025778,0.0027405,673256287.0,1571356799999,1866457.9199916,9098,350314859.0,971676.5805664,0
1571356800000,0.002735,0.0028665,0.0026311,0.0026952,262101555.0,1571443199999,719205.8273501,3979,132107248.0,363277.363512,0
1571443200000,0.0026944,0.0027949,0.0026467,0.0027176,103435078.0,1571529599999,282136.0536796,1978,48407940.0,131975.5097055,0
1571529600000,0.0027179,0.0027575,0.0026407,0.0027151,113305480.0,1571615999999,305690.1649745,2079,58108437.0,156893.2850188,0
1571616000000,0.0027079,0.00295,0.0025758,0.0026879,287285773.0,1571702399999,759359.4142949,4533,140270871.0,371095.0608747,0
1571702400000,0.0026884,0.0027297,0.0025085,0.0025311,948366683.0,1571788799999,2480669.5558579,6894,460416017.0,1198319.8319538,0
1571788800000,0.0025386,0.002565,0.0021,0.0024746,399964920.0,1571875199999,973322.7552559,4450,240546064.0,584522.1353157,0
1571875200000,0.0024805,0.00255,0.0024,0.0025183,176236372.0,1571961599999,437753.4574939,2560,86681279.0,214928.9992715,0
1571961600000,0.0025183,0.0027799,0.0024652,0.0026694,330206126.0,1572047999999,868998.1752594,5006,205470327.0,542710.452373,0
1572048000000,0.0026694,0.002898,0.0025577,0.0025925,327792551.0,1572134399999,888681.3213306,6416,188167547.0,512057.6811057,0
1572134400000,0.0026061,0.0029542,0.00256,0.00264,203666784.0,1572220799999,543525.1141082,4041,115513944.0,309003.8893296,0
1572220800000,0.00264,0.00275,0.0026234,0.0026265,179647401.0,1572307199999,479667.3773259,2826,94978753.0,254014.3373575,0
1572307200000,0.0026379,0.0026952,0.002615,0.002625,136659517.0,1572393599999,363775.995419,2059,69688058.0,185389.069814,0
1572393600000,0.002625,0.0026649,0.0025584,0.0025936,202095484.0,1572479999999,527918.3331954,3272,94321204.0,246602.2196047,0
1572480000000,0.0025891,0.0026357,0.0025473,0.0025844,93293235.0,1572566399999,241478.350839,1735,54248983.0,140378.3521414,0
1572566400000,0.0025811,0.002675,0.0025522,0.0025932,48308176.0,1572652799999,124717.2067407,1051,24951607.0,64561.095848,0
1572652800000,0.0025994,0.0026114,0.0025463,0.0025773,136199748.0,1572739199999,350689.0206989,1623,78567136.0,202405.2334817,0
1572739200000,0.0025966,0.0026369,0.0025427,0.0025861,94348909.0,1572825599999,242668.8448301,1684,48795040.0,125648.066793,0
1572825600000,0.0025803,0.0026,0.002538,0.0025751,89131455.0,1572911999999,229169.3569459,1509,35659217.0,91565.6354339,0
1572912000000,0.0025751,0.0026045,0.0025501,0.0025927,89896615.0,1572998399999,232074.105944,1408,43030737.0,111152.0659321,0
1572998400000,0.0025881,0.00261,0.00255,0.0025952,78525806.0,1573084799999,203331.1711664,1246,44387668.0,115093.5659026,0
1573084800000,0.0025942,0.0027449,0.0025694,0.0026982,389579342.0,1573171199999,1036428.7445475,4923,193095515.0,513862.7566431,0
1573171200000,0.002704,0.0027096,0.002535,0.0026381,140343464.0,1573257599999,369370.7242137,2342,74409167.0,195842.2430189,0
1573257600000,0.0026442,0.0027351,0.0026079,0.0027126,355378242.0,1573343999999,952818.4790796,4385,209633710.0,563235.6580784,0
1573344000000,0.0027078,0.0027849,0.0026647,0.0027565,305203814.0,1573430399999,832966.0225998,3994,181860959.0,496395.9704946,0
1573430400000,0.0027653,0.0027687,0.002646,0.002705,145629942.0,1573516799999,392033.9468769,2111,88333183.0,237874.3848196,0
1573516800000,0.0027042,0.0027244,0.0026456,0.0027078,116799812.0,1573603199999,315123.3743982,1946,81283184.0,219691.1656843,0
1573603200000,0.0027078,0.0027078,0.0026316,0.0026821,140516822.0,1573689599999,374483.9162879,1735,79228683.0,211207.4690783,0
1573689600000,0.0026751,0.0026862,0.0025991,0.002662,99444648.0,1573775999999,263406.6324299,1271,65594335.0,174066.455341,0
1573776000000,0.002665,0.00271,0.0025767,0.002658,196496664.0,1573862399999,518197.3872271,2630,104953111.0,277505.1019213,0
1573862400000,0.0026504,0.0027,0.0026164,0.0026606,184465713.0,1573948799999,487015.1983086,1694,105085882.0,277551.0110447,0
1573948800000,0.0026517,0.0026619,0.0025893,0.0026258,81768446.0,1574035199999,214911.4953511,2029,37051167.0,97484.6561432,0
1574035200000,0.0026159,0.0026299,0.0025002,0.0025395,72203979.0,1574121599999,184812.4387132,1361,35892322.0,91990.3674549,0
1574121600000,0.0025351,0.0025381,0.0024883,0.0025165,60867796.0,1574207999999,152878.5207749,1082,30342346.0,76223.072656,0
1574208000000,0.0025206,0.00259,0.0025065,0.0025225,51326120.0,1574294399999,129835.1923574,929,28095699.0,71119.688213,0
1574294400000,0.0025209,0.0025302,0.0023,0.0024063,139844659.0,1574380799999,338044.3620159,2384,73153388.0,177083.8615467,0
1574380800000,0.0024059,0.0024426,0.0021733,0.0023524,165526781.0,1574467199999,381962.221009,2959,85272043.0,197006.5731859,0
1574467200000,0.0023528,0.0024,0.0022612,0.0023994,172491867.0,1574553599999,404092.1891281,2226,88120560.0,204546.7282263,0
1574553600000,0.0023892,0.0023892,0.0022323,0.002233,116673800.0,1574639999999,268427.1344049,2037,57022563.0,131083.2719603,0
1574640000000,0.0022368,0.0023206,0.002081,0.0022539,150700812.0,1574726399999,331627.6040853,2489,74694518.0,164819.7927703,0
1574726400000,0.0022474,0.0023128,0.0022267,0.0022663,46658505.0,1574812799999,105199.0760522,962,25271979.0,56973.1994894,0
1574812800000,0.0022663,0.00236,0.0021866,0.0023208,98287760.0,1574899199999,224926.865487,1829,60589567.0,138862.1076635,0
1574899200000,0.0023153,0.00236,0.0022614,0.002272,98429449.0,1574985599999,227564.266978,1370,49694451.0,115032.3494822,0
1574985600000,0.0022735,0.0023733,0.0022722,0.0023593,98438924.0,1575071999999,228861.4707533,1704,59957327.0,139436.5313913,0
1575072000000,0.0023593,0.0023607,0.0022711,0.0022918,59323424.0,1575158399999,137880.7716394,1208,31052197.0,72149.0424659,0
1575158400000,0.002292,0.0023041,0.0022323,0.0022648,71868565.0,1575244799999,162403.8794169,1197,38388165.0,86757.3502035,0
1575244800000,0.0022708,0.0022708,0.0021588,0.0022194,163746405.0,1575331199999,359449.3427011,2008,106700242.0,233971.2618436,0
1575331200000,0.0022209,0.0022366,0.0021504,0.0021782,189360213.0,1575417599999,413673.081481,1729,118094043.0,258133.0267773,0
1575417600000,0.0021731,0.002245,0.0021123,0.0021682,259311714.0,1575503999999,558513.7885279,2651,162039847.0,348408.4742728,0
1575504000000,0.0021717,0.0022199,0.0021406,0.0021755,75250597.0,1575590399999,163409.8635672,1366,41482541.0,90164.4356461,0
1575590400000,0.0021705,0.0022416,0.0021001,0.0021944,132923213.0,1575676799999,285321.6160095,1932,58128604.0,125219.4841263,0
1575676800000,0.0021894,0.0022504,0.0021601,0.002184,61735171.0,1575763199999,135374.7733582,1149,30447648.0,66908.2573885,0
1575763200000,0.0021834,0.0022499,0.00215,0.0021971,56793315.0,1575849599999,123777.9293823,927,31565560.0,68782.6945734,0
1575849600000,0.0021968,0.0022182,0.0021624,0.0021699,56493155.0,1575935999999,123320.3295068,1079,31946236.0,69741.2964986,0
1575936000000,0.0021635,0.002215,0.0020903,0.0021368,116186991.0,1576022399999,250651.549806,1939,55399555.0,119643.3255572,0
1576022400000,0.0021402,0.002174,0.0021079,0.0021379,86454061.0,1576108799999,185263.8907547,1437,43411097.0,93091.9016854,0
1576108800000,0.0021515,0.0021688,0.0021166,0.0021344,55721062.0,1576195199999,119010.2052586,1215,29351507.0,62727.408857,0
1576195200000,0.0021348,0.0022245,0.0021051,0.0021321,105233189.0,1576281599999,225284.5446188,1649,57307473.0,122837.6728028,0
1576281600000,0.0021274,0.0022933,0.002048,0.0021127,97345597.0,1576367999999,207398.5168396,1957,55888787.0,119456.1274902,0
1576368000000,0.0021127,0.0022,0.0020938,0.0021363,61190730.0,1576454399999,130328.0996293,1147,35398261.0,75482.7617143,0
1576454400000,0.0021363,0.002177,0.0020705,0.002087,99814375.0,1576540799999,211390.3050799,1807,49686398.0,105343.0359657,0
1576540800000,0.0020835,0.0021318,0.0019349,0.0019772,209772941.0,1576627199999,424578.7954269,3011,122592593.0,248239.5849154,0
1576627200000,0.0019772,0.0020868,0.0019,0.0020483,444442268.0,1576713599999,870348.0472402,4342,267719004.0,524307.7217295,0
1576713600000,0.0020541,0.00218,0.0019819,0.0020205,91905080.0,1576799999999,186094.5631342,1918,48387110.0,98222.7031711,0
1576800000000,0.0020241,0.002065,0.0019933,0.0020273,58972845.0,1576886399999,119422.2809564,1333,31260270.0,63344.540396,0
1576886400000,0.0020275,0.0020676,0.0020091,0.00204,83070907.0,1576972799999,168837.0797789,988,35817271.0,72918.8840244,0
1576972800000,0.00204,0.0020859,0.00202,0.0020808,97517875.0,1577059199999,200685.0407088,1293,49743816.0,102486.9206408,0
1577059200000,0.0020848,0.0021261,0.0020276,0.002051,187366372.0,1577145599999,387064.5566676,2449,97540391.0,201849.7777304,0
1577145600000,0.002047,0.0020546,0.002002,0.0020184,61042421.0,1577231999999,124019.5488345,828,27366987.0,55610.7750192,0
1577232000000,0.002017,0.0020591,0.0019938,0.00204,108851438.0,1577318399999,219272.8519508,1431,52444870.0,105748.1565838,0
1577318400000,0.0020331,0.0020545,0.0020013,0.0020245,81831506.0,1577404799999,166144.9421372,1315,42352355.0,86092.7034534,0
1577404800000,0.0020172,0.0020426,0.0019901,0.0020277,145246366.0,1577491199999,292897.111266,2662,68800739.0,138843.2310778,0
1577491200000,0.0020277,0.0020624,0.0020277,0.0020458,48401004.0,1577577599999,98985.7019813,840,29001655.0,59337.6106018,0
1577577600000,0.0020458,0.0020609,0.0020259,0.0020329,50528679.0,1577663999999,103109.251072,1206,25715413.0,52511.2973966,0
1577664000000,0.0020391,0.0020585,0.0020123,0.0020264,76749919.0,1577750399999,155865.050563,1253,39394616.0,80064.948783,0
1577750400000,0.002019,0.0020299,0.0019862,0.0020135,131083309.0,1577836799999,263669.5438729,1701,66332079.0,133493.4038552,0
1577836800000,0.0020136,0.002039,0.0020001,0.0020245,31462868.0,1577923199999,63641.7243588,594,15348147.0,31023.0570235,0
1577923200000,0.0020245,0.00204,0.0019485,0.0019951,191887309.0,1578009599999,383678.683621,3047,102172168.0,204688.967802,0
1578009600000,0.0019986,0.0020359,0.0019675,0.0020236,109005714.0,1578095999999,219205.8720154,1585,56166206.0,112959.6802205,0
1578096000000,0.0020185,0.0021035,0.002015,0.0020579,123468609.0,1578182399999,252973.4196484,1739,70521098.0,144561.8982931,0
1578182400000,0.0020589,0.0020922,0.0020361,0.0020696,66437147.0,1578268799999,137479.8748634,1381,31852955.0,65947.573882,0
1578268800000,0.0020722,0.0021345,0.0020692,0.0021344,108507039.0,1578355199999,228574.117152,2069,59217977.0,124803.5767535,0
1578355200000,0.0021333,0.0021847,0.0020777,0.002175,121470207.0,1578441599999,260701.1627782,2594,56593615.0,121419.3090671,0
1578441600000,0.0021687,0.0022263,0.0020701,0.0020886,205791636.0,1578527999999,445699.4791268,3049,92466492.0,200579.3611742,0
1578528000000,0.0020934,0.0021633,0.0020642,0.0021282,80515080.0,1578614399999,170069.0357442,1607,36239021.0,76549.006783,0
1578614400000,0.0021323,0.0022024,0.0020983,0.0021973,222205607.0,1578700799999,479342.4052965,2424,112086291.0,241673.1072134,0
1578700800000,0.0022007,0.002225,0.0021651,0.0021754,94223943.0,1578787199999,206824.576257,1601,52429060.0,115152.8045705,0
1578787200000,0.0021671,0.0022133,0.002155,0.0021963,49775170.0,1578873599999,109076.8642685,959,30275936.0,66456.3537814,0
1578873600000,0.0022026,0.0022049,0.0021652,0.0021704,66668055.0,1578959999999,145441.6378037,1120,34594026.0,75431.8615618,0
1578960000000,0.0021656,0.0023955,0.0021653,0.0023581,297610208.0,1579046399999,673174.5182545,6853,121254002.0,274763.0204674,0
1579046400000,0.0023493,0.0024913,0.0023204,0.0023669,262905054.0,1579132799999,629428.8752113,5310,141875440.0,339257.066242,0
1579132800000,0.002376,0.0023768,0.0022871,0.0023276,98583989.0,1579219199999,229189.4602076,2232,54289576.0,126127.9139599,0
1579219200000,0.0023343,0.0025035,0.0023159,0.0024868,280388650.0,1579305599999,674329.9143101,6904,128793395.0,309884.6327333,0
1579305600000,0.0024855,0.0025225,0.0024441,0.0025115,191378707.0,1579391999999,476043.3281316,3616,86044864.0,213902.7682058,0
1579392000000,0.0025137,0.0025833,0.0023269,0.0023982,161012185.0,1579478399999,396644.3206246,3300,82691120.0,204665.2107387,0
1579478400000,0.0023999,0.002427,0.0023468,0.002376,95126694.0,1579564799999,226674.7070272,1602,59577227.0,142046.5394141,0
1579564800000,0.002376,0.0023952,0.0023206,0.0023673,130661575.0,1579651199999,309571.9669503,1817,63084309.0,149443.3313589,0
1579651200000,0.0023583,0.0023904,0.0023353,0.0023434,72204081.0,1579737599999,170050.3534049,1239,38752080.0,91302.7805245,0
1579737600000,0.002343,0.0023478,0.002225,0.0022514,120187526.0,1579823999999,274071.6614037,1882,51316192.0,117320.3503528,0
1579824000000,0.002255,0.0022885,0.0021968,0.0022698,72913429.0,1579910399999,164349.3331685,1288,42138496.0,94997.1027482,0
1579910400000,0.0022706,0.0022708,0.0022265,0.002251,74227952.0,1579996799999,166763.0941735,1107,30730825.0,69078.8490914,0
1579996800000,0.0022497,0.0023091,0.0022364,0.0022854,62787676.0,1580083199999,142883.1090959,978,40284694.0,91743.2956507,0
1580083200000,0.002291,0.0024271,0.002256,0.0023594,189983953.0,1580169599999,448297.5406082,3060,100608505.0,237610.1170519,0
1580169600000,0.0023594,0.0024437,0.00235,0.0024412,132996335.0,1580255999999,318112.7270321,2589,63775844.0,152551.9159062,0
1580256000000,0.0024427,0.0024477,0.002371,0.0023865,113185519.0,1580342399999,273563.7715825,1949,52906123.0,128043.3674751,0
1580342400000,0.0023865,0.0024243,0.0023544,0.002414,78294104.0,1580428799999,187151.2974131,1711,31644906.0,75692.8318411,0
1580428800000,0.0024164,0.002445,0.002362,0.0023776,106455643.0,1580515199999,255257.4029701,2084,45145112.0,108218.1756227,0
1580515200000,0.0023776,0.002417,0.002373,0.002417,69780779.0,1580601599999,167435.213174,1349,32658146.0,78419.1408647,0
1580601600000,0.0024118,0.0025018,0.0023985,0.0024406,140214787.0,1580687999999,343316.6552992,2226,56920625.0,139563.7818249,0
1580688000000,0.0024397,0.0024999,0.0024133,0.0024156,147181393.0,1580774399999,359020.9142825,1896,80209311.0,195779.1328204,0
1580774400000,0.0024167,0.0025178,0.002398,0.0025169,243323349.0,1580860799999,597908.7975405,3153,124473781.0,305988.1297993,0
1580860800000,0.0025169,0.0026334,0.0024723,0.0025826,456737744.0,1580947199999,1176603.1873283,5776,221786984.0,571258.6557018,0
1580947200000,0.0025823,0.0026896,0.0025696,0.0026654,245310854.0,1581033599999,647962.0531427,3356,124388643.0,328635.144487,0
1581033600000,0.0026642,0.0028,0.00265,0.0027888,266969073.0,1581119999999,727141.7084975,3890,128194714.0,349520.8100111,0
1581120000000,0.0027997,0.0032674,0.0027214,0.003171,1122954168.0,1581206399999,3427065.4437997,14093,573670264.0,1747555.1508871,0
1581206400000,0.0031745,0.00489,0.003078,0.0032235,1307461248.0,1581292799999,4387183.3386601,16911,659280377.0,2223402.970175,0
1581292800000,0.0032155,0.0032819,0.0028417,0.0029663,810781064.0,1581379199999,2442801.1223181,11186,372633432.0,1125818.0776842,0
1581379200000,0.0029618,0.0030946,0.0028388,0.00303,584824864.0,1581465599999,1735903.9708484,7190,279728230.0,831419.6839544,0
1581465600000,0.00303,0.0031568,0.003,0.0030589,621222834.0,1581551999999,1921241.1247386,8907,293056889.0,907110.4566485,0
1581552000000,0.0030599,0.00321,0.0029443,0.0030132,570152846.0,1581638399999,1746493.5171208,8474,262389262.0,803545.7102928,0
1581638400000,0.0030098,0.0031383,0.0029756,0.0031067,305515579.0,1581724799999,936964.8970276,4295,154533808.0,475710.9795639,0
1581724800000,0.0031099,0.0031769,0.00284,0.0029031,320372009.0,1581811199999,962924.255486,5427,159843459.0,481774.6770404,0
1581811200000,0.0028981,0.0029621,0.0026023,0.0027522,417846263.0,1581897599999,1166207.4591773,5864,195610034.0,547012.2095336,0
1581897600000,0.0027475,0.0027561,0.0025241,0.0026999,273787797.0,1581983999999,722781.1652419,4589,129278540.0,341642.3069446,0
1581984000000,0.0026819,0.0028656,0.0026538,0.0028286,344021674.0,1582070399999,952560.353294,4662,168004893.0,465619.2352602,0
1582070400000,0.0028349,0.0028615,0.0025623,0.0026085,156007562.0,1582156799999,431022.9693632,2608,69678148.0,193487.8352804,0
1582156800000,0.002603,0.0029909,0.0025415,0.002653,268076623.0,1582243199999,701142.8013234,4598,125678208.0,330442.7768195,0
1582243200000,0.00265,0.002712,0.0025891,0.0026481,153113913.0,1582329599999,405653.1389199,2756,59935279.0,159011.2308794,0
1582329600000,0.0026469,0.0026533,0.0025719,0.0025887,107733066.0,1582415999999,280373.3504366,1609,47882326.0,124550.663775,0
1582416000000,0.0025905,0.00268,0.0025905,0.0026772,85158189.0,1582502399999,226037.1647182,1835,42237105.0,112164.3122622,0
1582502400000,0.0026744,0.0026822,0.0025436,0.0025769,123771852.0,1582588799999,322457.2711818,2154,46703493.0,121508.834449,0
1582588800000,0.0025831,0.0025831,0.0023977,0.0024734,256619298.0,1582675199999,640168.5477847,3161,141340178.0,352123.4767552,0
1582675200000,0.0024733,0.0024864,0.0021862,0.0023439,305716693.0,1582761599999,716963.186265,4029,167633061.0,392748.8766161,0
1582761600000,0.0023406,0.0024164,0.0023,0.0023255,164177168.0,1582847999999,385248.6092808,2746,75956402.0,178526.1348445,0
1582848000000,0.0023255,0.00237,0.0022161,0.0022823,99076087.0,1582934399999,227185.2019179,1865,48802552.0,111799.4655224,0
1582934400000,0.0022823,0.0023197,0.0022112,0.0022153,84399218.0,1583020799999,192113.0657465,1606,40973405.0,93256.5466491,0
1583020800000,0.0022202,0.00231,0.0022004,0.0022794,116810334.0,1583107199999,261897.3306336,1557,52896394.0,118801.9146784,0
1583107200000,0.0022688,0.0023792,0.0022205,0.0023471,96449244.0,1583193599999,222718.1405257,1415,42165238.0,97528.7350739,0
1583193600000,0.002358,0.0025355,0.0023082,0.0024985,276081118.0,1583279999999,671112.0769997,3421,131204416.0,318390.6725231,0
1583280000000,0.0025031,0.0025033,0.00237,0.0024187,201587827.0,1583366399999,489659.1410787,2916,85450311.0,207249.5240007,0
1583366400000,0.0024251,0.00253,0.0024222,0.0024771,122219349.0,1583452799999,303298.6443776,1845,55206704.0,137019.6213601,0
1583452800000,0.0024773,0.0024999,0.0024374,0.0024862,63303104.0,1583539199999,156581.8282267,1067,25596262.0,63345.7275331,0
1583539200000,0.0024862,0.002494,0.0023922,0.0024066,112331024.0,1583625599999,274065.4933689,1874,48070577.0,117254.5601499,0
1583625600000,0.0024029,0.0024039,0.00215,0.0021671,181080658.0,1583711999999,409495.1145693,2318,68252750.0,154507.490498,0
1583712000000,0.0021714,0.0022269,0.00208,0.0022203,229780847.0,1583798399999,495505.1597539,3073,98324498.0,212399.4977691,0
1583798400000,0.0022261,0.0022641,0.0021533,0.0022053,225779527.0,1583884799999,497417.6637588,2034,128382146.0,282636.651873,0
1583884800000,0.0022021,0.0022181,0.0020911,0.0021716,128060172.0,1583971199999,276757.0683378,1922,54042557.0,116969.1805489,0
1583971200000,0.0021759,0.0021805,0.0014003,0.0015996,770809996.0,1584057599999,1371747.4750542,8233,298827193.0,536306.4636122,0
1584057600000,0.0014971,0.0017957,0.0011345,0.001746,372647948.0,1584143999999,576891.4279804,5736,165002399.0,256917.7481613,0
1584144000000,0.0017226,0.0017771,0.001633,0.0016632,224230347.0,1584230399999,383070.6883629,2570,113011091.0,192932.3996337,0
1584230400000,0.0016603,0.0018329,0.0016295,0.0016932,183272920.0,1584316799999,312321.6671357,2228,105445263.0,179977.8074434,0
1584316800000,0.0016903,0.0017,0.0013478,0.0015817,232810549.0,1584403199999,363940.060302,3201,117277111.0,185008.0257331,0
1584403200000,0.0015927,0.0016873,0.001546,0.0016219,120269653.0,1584489599999,195460.5793496,2139,56583422.0,92081.2062138,0
1584489600000,0.0016219,0.0016428,0.0015442,0.0016002,153194705.0,1584575999999,243416.0466868,1861,78146263.0,124116.3031028,0
1584576000000,0.0016002,0.0018395,0.001565,0.00177,315677300.0,1584662399999,542036.5792307,4300,156973994.0,269742.4517667,0
1584662400000,0.00176,0.0019361,0.0016412,0.0017802,301406598.0,1584748799999,549712.7336175,3612,167763401.0,306544.5251922,0
1584748800000,0.0017758,0.0018533,0.0016964,0.0017849,120948576.0,1584835199999,214116.8143742,1811,56027500.0,99270.2001977,0
1584835200000,0.0017897,0.0018447,0.0017155,0.0017264,156027627.0,1584921599999,276867.3134478,2134,61021473.0,108601.4925732,0
1584921600000,0.0017222,0.0018576,0.0016843,0.0018192,180308460.0,1585007999999,317423.7698743,2691,104275343.0,183514.3441944,0
1585008000000,0.001826,0.001916,0.0018047,0.0018641,283137113.0,1585094399999,528507.2082652,3263,182678714.0,341241.2770047,0
1585094400000,0.0018511,0.0018947,0.00179,0.0018296,170824524.0,1585180799999,311397.448818,2213,88562637.0,161102.880478,0
1585180800000,0.0018296,0.0018673,0.0018111,0.0018519,151160373.0,1585267199999,278189.0635489,2052,84382039.0,155361.8110795,0
1585267200000,0.001847,0.00187,0.0017408,0.0017766,195811269.0,1585353599999,357772.1882257,2423,98393181.0,179965.6915194,0
1585353600000,0.0017754,0.001809,0.0016981,0.001783,314932329.0,1585439999999,551695.2037164,2993,154392823.0,270128.3245363,0
1585440000000,0.001793,0.0018001,0.0017018,0.0017099,156054263.0,1585526399999,274235.5002347,1521,58376992.0,102685.8947689,0
1585526400000,0.0017202,0.0019,0.001709,0.0017957,116199882.0,1585612799999,209005.1621196,1781,57608670.0,104171.0586277,0
1585612800000,0.0017994,0.0018286,0.001792,0.0018041,67786701.0,1585699199999,122640.6495089,1031,38149100.0,69067.0764511,0
1585699200000,0.0018,0.0018743,0.0017659,0.0018631,152034474.0,1585785599999,275018.0521159,2214,78512589.0,142361.4702263,0
1585785600000,0.0018637,0.00195,0.0018405,0.0018777,146749302.0,1585871999999,275878.2067717,2664,77032493.0,144800.5445225,0
1585872000000,0.0018701,0.0019048,0.0018205,0.0018467,97617758.0,1585958399999,182682.9173681,1707,43852459.0,82019.8319762,0
1585958400000,0.0018467,0.0019085,0.001828,0.0018697,92364705.0,1586044799999,171975.0423738,1878,54002067.0,100797.4068527,0
1586044800000,0.0018745,0.0018817,0.0018381,0.00185,55344996.0,1586131199999,102948.0755909,1117,23573321.0,43890.3974148,0
1586131200000,0.0018469,0.0019901,0.0018443,0.0019896,210552139.0,1586217599999,404969.9438537,2889,103512353.0,198799.2432785,0
1586217600000,0.0019894,0.0020209,0.0019501,0.0019943,202961221.0,1586303999999,404348.0515124,3286,100021884.0,199375.3651197,0
1586304000000,0.0019966,0.0020426,0.001967,0.0020038,90384907.0,1586390399999,181433.6588447,1875,43566251.0,87514.5644541,0
1586390400000,0.0020037,0.0020454,0.0019852,0.0020151,89094012.0,1586476799999,178788.6917034,1581,46357849.0,93145.1930731,0
1586476800000,0.0020226,0.0020356,0.001873,0.001965,212989247.0,1586563199999,415612.1065842,2868,100514388.0,196242.8541851,0
1586563200000,0.0019654,0.00201,0.0019349,0.0019645,76732837.0,1586649599999,150870.2622808,1405,40303855.0,79283.3916935,0
1586649600000,0.001968,0.002012,0.0019392,0.0019673,114627907.0,1586735999999,227211.0937112,1606,54749551.0,108729.6260477,0
1586736000000,0.0019641,0.001976,0.0018598,0.0019533,185252284.0,1586822399999,353876.4873966,1979,69547628.0,133667.0609121,0
1586822400000,0.0019533,0.001977,0.0019315,0.0019656,67401911.0,1586908799999,131813.2255334,1039,27342132.0,53502.3959444,0
1586908800000,0.0019646,0.0019731,0.00189,0.0019061,143735234.0,1586995199999,276627.8513691,1612,59657499.0,115045.2532929,0
1586995200000,0.001903,0.00203,0.0018722,0.001995,151063706.0,1587081599999,298010.705173,2639,98535097.0,194830.1970578,0
1587081600000,0.0020002,0.0020047,0.001974,0.001983,55401970.0,1587167999999,110154.4382993,991,29927418.0,59517.3253389,0
1587168000000,0.0019886,0.0020962,0.00198,0.0020445,92775767.0,1587254399999,187867.640744,1569,51711430.0,105005.3303955,0
1587254400000,0.0020463,0.0020722,0.0019977,0.0020313,70450538.0,1587340799999,142682.7817103,1323,42992610.0,87128.5605277,0
1587340800000,0.0020311,0.0020499,0.0019354,0.0019787,180876115.0,1587427199999,359046.4892506,2253,109229530.0,216799.4883095,0
1587427200000,0.0019688,0.002,0.00193,0.00195,85730979.0,1587513599999,168119.8724752,1413,46309662.0,90866.2366661,0
1587513600000,0.0019497,0.00205,0.0019425,0.0019957,72581197.0,1587599999999,144374.9979777,1422,38036544.0,75751.171964,0
1587600000000,0.002,0.0021612,0.0019886,0.0020512,243115927.0,1587686399999,503945.5755465,3169,120741431.0,250108.3216804,0
1587686400000,0.0020449,0.0021075,0.0020431,0.0020832,75266362.0,1587772799999,156359.207153,1643,35391081.0,73602.9924199,0
1587772800000,0.002083,0.0021533,0.0020682,0.0021245,173120551.0,1587859199999,365457.6335329,2340,78231859.0,164967.4620008,0
1587859200000,0.0021303,0.0024479,0.0021283,0.0024076,804586311.0,1587945599999,1862979.6169068,8348,355489962.0,823850.07139,0
1587945600000,0.0024032,0.0024137,0.0022821,0.0023456,475335023.0,1588031999999,1116917.3411549,5459,210683770.0,495448.6610778,0
1588032000000,0.0023459,0.0023565,0.0023,0.002327,168260399.0,1588118399999,392514.4222182,2497,71838882.0,167751.8591988,0
1588118400000,0.0023178,0.002542,0.0023066,0.0024912,354821868.0,1588204799999,862062.2319087,5628,184081744.0,447858.8807117,0
1588204800000,0.0024912,0.0026904,0.0023585,0.002433,551825570.0,1588291199999,1385867.5402929,7570,253952146.0,644139.8715608,0
1588291200000,0.0024225,0.0025466,0.0024176,0.0024749,220229951.0,1588377599999,546004.6852572,3070,96241370.0,238612.7184556,0
1588377600000,0.0024782,0.0025574,0.0024501,0.002542,148558121.0,1588463999999,370503.1706736,2607,64835448.0,162092.5786242,0
1588464000000,0.0025393,0.00258,0.00246,0.0025001,167590125.0,1588550399999,420950.8543186,2798,94111022.0,236199.6512164,0
1588550400000,0.0025011,0.0025094,0.0023375,0.0024605,151515338.0,1588636799999,368279.2105878,2903,67820793.0,164932.2121065,0
1588636800000,0.0024717,0.0025183,0.0024266,0.0024738,83336304.0,1588723199999,205477.6291481,1966,41646732.0,102794.1598668,0
1588723200000,0.0024776,0.0025623,0.0024572,0.0024801,180927494.0,1588809599999,453917.8332488,3001,86680455.0,217645.1784881,0
1588809600000,0.00248,0.0026975,0.002459,0.0026627,366483103.0,1588895999999,948174.8280381,4978,218754642.0,565682.3288133,0
1588896000000,0.0026632,0.0026894,0.00257,0.0026052,259386572.0,1588982399999,677557.1479049,3922,115214156.0,301838.9451704,0
1588982400000,0.0026157,0.0026453,0.00251,0.0026075,216543474.0,1589068799999,562426.0916558,3182,107743348.0,279999.1367796,0
1589068800000,0.0025986,0.0025986,0.0022425,0.0024602,321215093.0,1589155199999,783225.2741246,5494,171675909.0,418956.9968388,0
1589155200000,0.0024432,0.0025373,0.0022957,0.0024125,192928752.0,1589241599999,468213.1042754,3659,84616853.0,205571.1628199,0
1589241600000,0.0024045,0.0025132,0.0023993,0.0024606,107312600.0,1589327999999,264048.687036,2209,54463153.0,134482.9341949,0
1589328000000,0.0024605,0.0025425,0.0024433,0.0025245,168041623.0,1589414399999,418515.0146847,2559,88108305.0,219765.5881027,0
1589414400000,0.0025191,0.00265,0.0025,0.0025813,315454837.0,1589500799999,811373.9757881,3986,155597498.0,399995.6875917,0
1589500800000,0.0025727,0.0025828,0.00246,0.0024888,126538135.0,1589587199999,318661.5576809,2278,65332812.0,164833.0174858,0
1589587200000,0.0025005,0.0025345,0.0024728,0.0025098,82487862.0,1589673599999,206933.3920906,1624,43809644.0,109977.9737429,0
1589673600000,0.0025084,0.00258,0.002502,0.0025331,103697263.0,1589759999999,264196.2481452,1773,40868966.0,104139.1984374,0
1589760000000,0.002525,0.0025899,0.0024987,0.0025379,93527053.0,1589846399999,237501.3709998,1726,42453762.0,108029.4020194,0
1589846400000,0.00254,0.0025775,0.0024903,0.0025487,90146889.0,1589932799999,227798.7734264,1954,42269362.0,106981.8159372,0
1589932800000,0.0025394,0.002566,0.0024588,0.0025002,152417725.0,1590019199999,383866.5324658,2223,78418309.0,197023.0733261,0
1590019200000,0.0025012,0.0025514,0.0024215,0.0024774,205051270.0,1590105599999,511507.0032261,3300,100262311.0,250565.2870387,0
1590105600000,0.002477,0.00255,0.0024627,0.0025175,107093984.0,1590191999999,269970.584408,2059,52669974.0,132880.3255174,0
1590192000000,0.0025199,0.0025631,0.0024936,0.0025271,160030526.0,1590278399999,405837.2017885,2278,83716219.0,212171.6760649,0
1590278400000,0.0025356,0.002563,0.002435,0.0024461,160499199.0,1590364799999,403733.5330536,2733,74487346.0,187534.3059406,0
1590364800000,0.0024379,0.002548,0.00242,0.0025324,280489252.0,1590451199999,702077.5953126,3411,145436766.0,363768.7443236,0
1590451200000,0.0025251,0.0025329,0.0024571,0.0024781,186936703.0,1590537599999,466997.7642974,2897,84191634.0,210247.2307608,0
1590537600000,0.002478,0.0025186,0.0024499,0.0024998,176177359.0,1590623999999,437824.3907332,2777,93556675.0,232599.9406322,0
1590624000000,0.0024998,0.0025599,0.0024816,0.002523,256317241.0,1590710399999,645907.8753635,4064,138106070.0,348172.0343313,0
1590710400000,0.0025265,0.0025533,0.0024995,0.0025303,142622163.0,1590796799999,359681.1037209,2714,69419445.0,175158.5875219,0
1590796800000,0.0025302,0.0026299,0.002526,0.002618,217499962.0,1590883199999,560631.0386615,3622,113725711.0,293282.93794,0
1590883200000,0.0026181,0.0026822,0.002543,0.0025599,164715811.0,1590969599999,425526.4192976,2690,78642062.0,203270.2197961,0
1590969600000,0.0025492,0.0027,0.0024997,0.0026452,291813951.0,1591055999999,756638.4100097,3732,144464920.0,376036.8585188,0
1591056000000,0.0026565,0.0026647,0.0024696,0.0025666,325981114.0,1591142399999,841648.8315524,4088,149373848.0,386189.2500216,0
1591142400000,0.002561,0.002596,0.0025177,0.0025867,130101538.0,1591228799999,333715.9715711,2049,61186368.0,157084.5714838,0
1591228800000,0.0025805,0.0026679,0.0025656,0.002623,326193437.0,1591315199999,853836.6994264,4436,184261625.0,482827.330924,0
1591315200000,0.002623,0.0026288,0.00258,0.0025907,114071897.0,1591401599999,296241.1084868,1687,46513918.0,120944.9703925,0
1591401600000,0.0025834,0.0025999,0.0025507,0.0025926,101549796.0,1591487999999,261860.9801569,1585,34871220.0,89935.9349742,0
1591488000000,0.0025899,0.0026135,0.00255,0.0025987,132911616.0,1591574399999,342257.8998906,2050,59647331.0,153752.1063184,0
1591574400000,0.0025912,0.0026038,0.0025505,0.0025786,121989865.0,1591660799999,314335.926134,1793,53508508.0,137942.2472783,0
1591660800000,0.0025848,0.0025888,0.00249,0.0025586,116938419.0,1591747199999,298457.6589451,1995,50839254.0,129928.3019336,0
1591747200000,0.0025586,0.0025953,0.0025409,0.0025761,113128228.0,1591833599999,289821.6848484,1804,51171698.0,131175.1848158,0
1591833600000,0.00258,0.0025938,0.0023801,0.0024463,169023974.0,1591919999999,421840.1084492,3029,78137778.0,195338.1708021,0
1591920000000,0.0024463,0.002525,0.0024351,0.0025,133287436.0,1592006399999,331958.4995403,1833,59442145.0,147987.0562246,0
1592006400000,0.002514,0.0025338,0.0024869,0.0025241,93631744.0,1592092799999,235195.5829396,1318,50975623.0,128144.0844419,0
1592092800000,0.0025135,0.0025319,0.002482,0.0024972,65658290.0,1592179199999,164610.2118627,1324,28062106.0,70365.7025008,0
1592179200000,0.0024886,0.0024941,0.0023963,0.0024743,147058752.0,1592265599999,357761.1497187,2370,63493846.0,154571.5603739,0
1592265600000,0.0024701,0.0024999,0.0024087,0.0024855,219496367.0,1592351999999,539262.6337821,2327,132045016.0,323799.1137507,0
1592352000000,0.0024856,0.0025024,0.0024445,0.0024806,136091681.0,1592438399999,336718.9780542,1868,53283355.0,131940.0150905,0
1592438400000,0.0024788,0.0024919,0.0024322,0.0024575,59137982.0,1592524799999,146070.5429987,1973,26969343.0,66639.8709844,0
1592524800000,0.002457,0.002468,0.0024256,0.0024399,84566591.0,1592611199999,206576.6209316,1773,34705192.0,84752.0176186,0
1592611200000,0.0024399,0.0024516,0.0023921,0.0024419,59266072.0,1592697599999,144330.9942659,1049,31751694.0,77365.9142396,0
1592697600000,0.0024466,0.0024658,0.0024277,0.0024295,84555177.0,1592783999999,207128.3528245,1193,41527255.0,101771.263642,0
1592784000000,0.0024357,0.0025001,0.002432,0.0024731,118270150.0,1592870399999,291759.9292755,1709,68293696.0,168430.5209767,0
1592870400000,0.0024828,0.0024909,0.0024615,0.0024686,96686433.0,1592956799999,239484.9837968,1508,44490142.0,110183.8487007,0
1592956800000,0.0024775,0.0024867,0.0023772,0.0024193,124832546.0,1593043199999,303149.3226385,1852,54508415.0,132218.7363399,0
1593043200000,0.0024247,0.0024288,0.002378,0.0024081,73502899.0,1593129599999,176637.5662861,1271,35314009.0,85011.084627,0
1593129600000,0.0024111,0.002417,0.0023465,0.0023593,69665977.0,1593215999999,164907.9763022,1377,26453948.0,62526.4085396,0
1593216000000,0.0023515,0.0023635,0.00227,0.0023045,94867690.0,1593302399999,219390.5136092,1775,48016684.0,110894.4045177,0
1593302400000,0.0023041,0.0023459,0.0022784,0.0023142,116394661.0,1593388799999,269144.6225921,1378,59001893.0,136432.5914998,0
1593388800000,0.0023194,0.00233,0.0022908,0.0023077,85385099.0,1593475199999,197138.5829113,1278,49211848.0,113651.2386773,0
1593475200000,0.002303,0.0023257,0.0022821,0.0023185,58330225.0,1593561599999,134528.6093107,1307,28474323.0,65709.1911423,0
1593561600000,0.0023101,0.0023709,0.0023,0.0023203,120676078.0,1593647999999,279624.2740791,1728,54584545.0,126584.8715152,0
1593648000000,0.0023251,0.0023498,0.0022839,0.002322,97986311.0,1593734399999,227145.1767734,1569,49965419.0,115951.2744217,0
1593734400000,0.0023172,0.0023345,0.0022882,0.0023139,76387879.0,1593820799999,176631.6846083,1385,40656226.0,94079.3371978,0
1593820800000,0.0023155,0.0023312,0.0022993,0.0023012,60368775.0,1593907199999,139621.3407288,1682,30183523.0,69854.225613,0
1593907200000,0.0023033,0.002319,0.0022787,0.0023029,88706470.0,1593993599999,203511.940083,1812,49680739.0,113927.1325958,0
1593993600000,0.0022988,0.002622,0.002293,0.0026193,461294907.0,1594079999999,1145683.7076717,5806,258399449.0,644620.5329319,0
1594080000000,0.0026191,0.0032953,0.0025999,0.003136,3965388549.0,1594166399999,11296654.2796901,38231,2056214157.0,5852862.3034077,0
1594166400000,0.003136,0.0055999,0.00291,0.0047657,23657008079.0,1594252799999,101506480.1454668,249147,11491107761.0,49384109.1051318,0
1594252800000,0.0047626,0.0050594,0.00405,0.0043214,8645375967.0,1594339199999,39396921.9196507,101738,4232648469.0,19305135.2323477,0
1594339200000,0.0043225,0.0043334,0.0034001,0.0035313,7536784753.0,1594425599999,28616762.4320576,78683,3530282370.0,13395776.2661177,0
1594425600000,0.0035313,0.0039634,0.0034555,0.0038041,3661361202.0,1594511999999,13597638.0074029,43223,1806017447.0,6709832.6681427,0
1594512000000,0.0038109,0.0038501,0.0035799,0.0036358,1546255634.0,1594598399999,5732308.1072014,22147,776052002.0,2876653.0920957,0
1594598400000,0.0036357,0.0036408,0.0029767,0.0031677,4007164536.0,1594684799999,13240577.8039092,44346,1772719694.0,5862741.3309792,0
1594684800000,0.0031587,0.00339,0.0030302,0.0032888,2316802022.0,1594771199999,7460255.248298,25055,1149566448.0,3709610.4161763,0
1594771200000,0.0032911,0.0032911,0.003056,0.0030868,1386310052.0,1594857599999,4373658.419156,14159,633177694.0,2000055.1223164,0
1594857600000,0.0030954,0.003096,0.0028525,0.0029808,2070197756.0,1594943999999,6142528.434345,22399,948541077.0,2816038.5536318,0
1594944000000,0.0029808,0.00309,0.0029169,0.0030528,1885382230.0,1595030399999,5696096.9511496,20631,954430687.0,2887244.3873348,0
1595030400000,0.0030528,0.00368,0.003013,0.003449,8332776850.0,1595116799999,28742129.4304675,78567,4204783315.0,14494627.8147242,0
1595116800000,0.0034488,0.0037789,0.0033104,0.0033811,3659586603.0,1595203199999,12865942.9511564,39495,1835121148.0,6458134.8264708,0
1595203200000,0.0033811,0.0034315,0.00314,0.0032201,1636615889.0,1595289599999,5349671.3886051,20224,782528139.0,2560178.6409645,0
1595289600000,0.0032192,0.0033659,0.0031377,0.0032979,1188848956.0,1595375999999,3864934.8707007,16473,594603270.0,1934200.4750925,0
1595376000000,0.0032978,0.003305,0.0032089,0.0032868,591711751.0,1595462399999,1919262.4792835,8618,281468048.0,913514.2959591,0
1595462400000,0.0032917,0.003337,0.0032598,0.0032997,792908063.0,1595548799999,2614505.8742008,10427,410561585.0,1354380.4129567,0
1595548800000,0.0033035,0.0033114,0.0031465,0.0032113,824558980.0,1595635199999,2649236.9666265,11301,386401969.0,1241163.058176,0
1595635200000,0.0032173,0.0033433,0.0031761,0.0032475,867588133.0,1595721599999,2807891.5361998,13236,427121081.0,1384079.3237517,0
1595721600000,0.003249,0.0032898,0.0031728,0.0032323,888157925.0,1595807999999,2862719.2834422,11216,439625936.0,1417092.9297258,0
1595808000000,0.0032374,0.0032441,0.0030019,0.0031694,1339892681.0,1595894399999,4208685.6063935,19472,708386039.0,2224518.8115289,0
1595894400000,0.00317,0.003225,0.0031238,0.003188,649930752.0,1595980799999,2058669.3336146,9254,323991255.0,1026689.862959,0
1595980800000,0.0031886,0.0033,0.0031542,0.0031663,675383829.0,1596067199999,2172422.1423591,9617,367519248.0,1182961.4967483,0
1596067200000,0.0031707,0.00325,0.0031334,0.0032281,523325865.0,1596153599999,1672086.1434204,7163,282843503.0,904094.477718,0
1596153600000,0.0032304,0.0032412,0.0031713,0.003224,632319202.0,1596239999999,2028272.1757877,8136,340487032.0,1092689.048465,0
1596240000000,0.0032204,0.0039,0.0032001,0.0037144,4298724372.0,1596326399999,15649896.4345169,54095,2233622863.0,8130299.6538551,0
1596326400000,0.0037096,0.0037754,0.0031,0.0033312,2337347018.0,1596412799999,8071547.8496419,31924,1204967963.0,4167315.8748227,0
1596412800000,0.0033351,0.0034468,0.0032995,0.0033818,859800460.0,1596499199999,2913667.2908861,11674,432019864.0,1465451.6262953,0
1596499200000,0.0033828,0.0035746,0.0033608,0.0035458,1247440791.0,1596585599999,4314999.3460969,18131,612650572.0,2119399.4954376,0
1596585600000,0.0035459,0.0035871,0.003449,0.0035028,1099317757.0,1596671999999,3870838.1560359,11922,571792610.0,2014493.2632798,0
1596672000000,0.0035024,0.00365,0.00345,0.00356,908946142.0,1596758399999,3214795.5584259,11915,445388468.0,1575248.5836467,0
1596758400000,0.0035602,0.003617,0.003317,0.003496,886076044.0,1596844799999,3111647.7448727,12418,465349884.0,1633329.4371676,0
1596844800000,0.0034961,0.0035249,0.0033981,0.0035134,624969060.0,1596931199999,2177104.3180651,8728,312652265.0,1089392.3611316,0
1596931200000,0.0035179,0.00353,0.0034103,0.0034664,587442093.0,1597017599999,2034641.8548864,7965,283452000.0,981975.6336712,0
1597017600000,0.0034677,0.0035559,0.0034089,0.0034952,826540351.0,1597103999999,2884467.9623053,12588,404705136.0,1413322.2952088,0
1597104000000,0.0034947,0.0035778,0.0033168,0.0033906,1215986149.0,1597190399999,4194766.145394,16427,623840234.0,2151665.9261325,0
1597190400000,0.0033873,0.0034965,0.0033165,0.0034606,829060692.0,1597276799999,2848256.4723717,12181,411682463.0,1415224.2860358,0
1597276800000,0.0034599,0.0035208,0.003335,0.0034877,1141424689.0,1597363199999,3933847.5470325,15982,556805117.0,1920056.5363024,0
1597363200000,0.0034877,0.00359,0.0034334,0.0035731,852114289.0,1597449599999,2975855.6089809,12567,413341234.0,1444626.3343672,0
1597449600000,0.0035736,0.0036243,0.0034617,0.0035328,1065565878.0,1597535999999,3787913.7584651,14904,523955759.0,1863501.1583409,0
1597536000000,0.0035319,0.0035583,0.0034382,0.0035302,756283319.0,1597622399999,2651576.1684257,9673,364369083.0,1277959.9706634,0
1597622400000,0.003526,0.0037238,0.0034927,0.0035877,1596549440.0,1597708799999,5773809.2790098,28754,795517613.0,2878820.0113498,0
1597708800000,0.0035821,0.0037165,0.0034297,0.003476,1122350625.0,1597795199999,4004406.767029,22262,586485719.0,2093002.8703134,0
1597795200000,0.0034795,0.0035374,0.0033341,0.0034196,865075768.0,1597881599999,2954690.3556467,20199,469338865.0,1603194.5124302,0
1597881600000,0.0034197,0.0035043,0.0033711,0.0034399,483184322.0,1597967999999,1662882.312253,8666,239862424.0,825464.8688421,0
1597968000000,0.0034386,0.0035651,0.0033622,0.0033776,1082335183.0,1598054399999,3757250.4948844,16479,556493834.0,1929343.3673653,0
1598054400000,0.0033808,0.0034605,0.0033201,0.0034331,663901289.0,1598140799999,2251536.3415581,9515,370051953.0,1255665.6281223,0
1598140800000,0.003431,0.0034562,0.0033607,0.0033955,449353268.0,1598227199999,1532571.0136298,7322,219428433.0,748338.700207,0
1598227200000,0.0033977,0.0034689,0.0033715,0.0034116,697239432.0,1598313599999,2378653.7568736,11380,331983237.0,1132890.5821332,0
1598313600000,0.003407,0.0034261,0.0032092,0.0032907,804352786.0,1598399999999,2676804.7130931,12375,423163805.0,1408176.0654361,0
1598400000000,0.0032896,0.0033461,0.0032323,0.0032939,573094887.0,1598486399999,1888107.7696452,9453,274201803.0,903369.0676061,0
1598486400000,0.0032916,0.0033078,0.0031427,0.0031997,811879341.0,1598572799999,2609215.1911322,11821,412745303.0,1326335.5858913,0
1598572800000,0.0032017,0.0032687,0.0031678,0.0032637,414648220.0,1598659199999,1338117.1540403,6087,194387876.0,627531.5667201,0
1598659200000,0.0032636,0.0032973,0.0032285,0.0032749,443081651.0,1598745599999,1447550.3207351,6459,224853469.0,734568.8667083,0
1598745600000,0.0032751,0.003348,0.003261,0.0032981,456619299.0,1598831999999,1504546.8232153,7491,223120004.0,735379.7063365,0
1598832000000,0.0032981,0.0033054,0.0031841,0.0032073,792397030.0,1598918399999,2573557.4867629,11098,398645594.0,1294435.8344929,0
1598918400000,0.0032061,0.0032784,0.0031519,0.0032411,728992095.0,1599004799999,2356677.4557427,11798,354370929.0,1145911.1235001,0
1599004800000,0.0032398,0.0032626,0.0030101,0.0031161,758139570.0,1599091199999,2369224.2622862,13948,384368222.0,1200881.6697507,0
1599091200000,0.0031185,0.0031265,0.0027,0.0027692,1202524192.0,1599177599999,3562917.9593444,20893,623124253.0,1846802.4873173,0
1599177600000,0.0027704,0.0029632,0.0027006,0.0028797,1128781264.0,1599263999999,3174925.3487933,17045,549429247.0,1546071.7223927,0
1599264000000,0.0028789,0.0029269,0.0026786,0.002764,1058743832.0,1599350399999,2978479.7580831,16157,523679282.0,1472057.5299256,0
1599350400000,0.0027505,0.0028068,0.0026875,0.0027859,1165434272.0,1599436799999,3204635.2102014,14684,572446129.0,1574318.07587,0
1599436800000,0.0027814,0.0028373,0.002688,0.0028151,930536034.0,1599523199999,2567211.936954,14173,488885206.0,1349260.8949063,0
1599523200000,0.0028188,0.0028386,0.0026742,0.002747,602845165.0,1599609599999,1655447.6132549,11497,303352497.0,833080.4507476,0
1599609600000,0.0027455,0.002805,0.0026863,0.002779,603901405.0,1599695999999,1663114.6217744,9284,303079987.0,834860.4814465,0
1599696000000,0.0027779,0.002848,0.0027522,0.0028077,589054621.0,1599782399999,1648875.7554617,10331,310244523.0,869138.2692939,0
1599782400000,0.002806,0.00282,0.0027364,0.0027956,633511688.0,1599868799999,1758441.8354963,8993,311760772.0,865664.9273757,0
1599868800000,0.0027952,0.0028321,0.00276,0.0028141,538072324.0,1599955199999,1501887.9754189,8718,277225901.0,774322.3315438,0
1599955200000,0.002814,0.0028199,0.0027403,0.002783,736932793.0,1600041599999,2049607.0627069,11723,326504871.0,908539.1871563,0
1600041600000,0.0027836,0.0028143,0.0027334,0.0027851,622069203.0,1600127999999,1725639.7525465,10167,324788143.0,901562.5805092,0
1600128000000,0.0027876,0.0028699,0.0027751,0.0028278,837946931.0,1600214399999,2365715.4890741,15850,489493782.0,1382378.9698136,0
1600214400000,0.002827,0.00285,0.00278,0.0028053,718768350.0,1600300799999,2026840.4931084,11484,364930014.0,1029695.5363861,0
1600300800000,0.0028079,0.0028577,0.0027625,0.0028078,708422584.0,1600387199999,1984643.6543185,10988,348802593.0,977504.0894731,0
1600387200000,0.0028047,0.002815,0.0027468,0.0027892,596841059.0,1600473599999,1665094.3326415,9387,294772414.0,822735.6084873,0
1600473600000,0.0027876,0.0028099,0.0027635,0.0027901,896333697.0,1600559999999,2499702.9878142,9964,448922652.0,1252296.3588328,0
1600560000000,0.0027918,0.0028009,0.0027234,0.0027729,893231406.0,1600646399999,2473479.8999428,11573,432806491.0,1198871.8742165,0
1600646400000,0.0027732,0.0028035,0.0025688,0.0025972,1374012637.0,1600732799999,3696051.3004661,17357,693724834.0,1865858.6571336,0
1600732800000,0.0025946,0.0026588,0.0025802,0.0026432,695672800.0,1600819199999,1823237.6238216,9391,344019429.0,902386.8731791,0
1600819200000,0.002641,0.0026493,0.0025364,0.0025444,499113155.0,1600905599999,1296563.690616,9153,247889614.0,644301.0786117,0
1600905600000,0.0025403,0.0026612,0.0025277,0.0026297,388768314.0,1600991999999,1012883.2684491,7154,210545456.0,548653.7948106,0
1600992000000,0.0026297,0.0027192,0.0026146,0.0027015,513362397.0,1601078399999,1371685.0867377,8468,289038118.0,772487.3219167,0
1601078400000,0.0027044,0.002761,0.0026724,0.0026972,311169397.0,1601164799999,843037.9304019,5603,167644708.0,454299.9161789,0
1601164800000,0.0026973,0.0027351,0.0026581,0.0026954,236020657.0,1601251199999,636286.326072,4693,125454959.0,338384.1542652,0
1601251200000,0.0026989,0.002744,0.0026183,0.0026504,360127848.0,1601337599999,971226.4224299,6506,184370978.0,497757.9430971,0
1601337600000,0.0026474,0.0027049,0.0026307,0.0026727,412130695.0,1601423999999,1103937.3813013,6981,220907788.0,591909.5361957,0
1601424000000,0.0026726,0.0026767,0.0026158,0.002635,347857639.0,1601510399999,919617.4751447,5485,164666101.0,435409.2573536,0
1601510400000,0.0026361,0.002682,0.0025575,0.0026246,647138169.0,1601596799999,1709785.0826221,9569,339921827.0,898295.5346387,0
1601596800000,0.0026272,0.0026273,0.0025307,0.0025902,1051902545.0,1601683199999,2716587.3480998,13793,540189337.0,1394748.8080354,0
1601683200000,0.0025902,0.002637,0.0025737,0.0025955,344780813.0,1601769599999,897849.0769505,5473,165926504.0,432014.8352126,0
1601769600000,0.0025964,0.00268,0.0025893,0.002633,362664249.0,1601855999999,954724.2166042,6657,194451850.0,511995.3375457,0
1601856000000,0.0026328,0.0026577,0.0025983,0.0026182,293823603.0,1601942399999,771803.6410384,5473,145980736.0,383514.7957151,0
1601942400000,0.00262,0.0026285,0.0025687,0.002597,535191865.0,1602028799999,1390631.5272547,9155,267685002.0,695461.4553967,0
1602028800000,0.0025969,0.0026111,0.002556,0.0025895,748742886.0,1602115199999,1938349.3577428,10946,370205486.0,958201.7356147,0
1602115200000,0.0025881,0.00263,0.002541,0.0026098,612786395.0,1602201599999,1587798.9064013,10179,320960209.0,831519.6479853,0
1602201600000,0.0026097,0.0026701,0.0025891,0.0026556,497901615.0,1602287999999,1315405.2347598,8899,238154721.0,629255.9489132,0
1602288000000,0.002657,0.0027291,0.0026472,0.0026621,445615862.0,1602374399999,1195729.5499949,8741,224543957.0,602895.0805588,0
1602374400000,0.0026583,0.0027065,0.0026499,0.0026701,251041495.0,1602460799999,671745.7768219,4919,131641454.0,352181.7341066,0
1602460800000,0.0026711,0.0027069,0.0026251,0.002667,421633283.0,1602547199999,1128703.3337628,6897,231033666.0,619062.7014131,0
1602547200000,0.0026669,0.0026745,0.0026285,0.0026385,283366623.0,1602633599999,751356.3028867,5795,135384850.0,358949.9474664,0
1602633600000,0.0026353,0.0026609,0.0026173,0.002639,216681797.0,1602719999999,571355.9811264,4306,118874877.0,313666.4123578,0
1602720000000,0.002639,0.0026391,0.0025648,0.0025953,311443948.0,1602806399999,810766.7631847,5706,140758526.0,366362.9802545,0
1602806400000,0.0025953,0.0026243,0.0025511,0.002604,445955018.0,1602892799999,1149309.2557391,6545,227387290.0,586176.0383594,0
1602892800000,0.0026029,0.0026091,0.0025733,0.0025834,142653202.0,1602979199999,368781.5176136,3261,73240810.0,189374.7743109,0
1602979200000,0.0025842,0.0026055,0.00258,0.0025874,159785875.0,1603065599999,414026.9375506,3822,89059019.0,230791.0435363,0
1603065600000,0.0025884,0.002622,0.002569,0.0025921,477390409.0,1603151999999,1238983.092381,7043,239680005.0,622167.5260249,0
1603152000000,0.002592,0.0026252,0.0025792,0.0025944,417212777.0,1603238399999,1083832.2759072,6829,218261706.0,567132.4971108,0
1603238400000,0.0025956,0.00266,0.002593,0.002623,436248066.0,1603324799999,1144267.6216778,6863,223498340.0,586266.2996992,0
1603324800000,0.002623,0.002693,0.0026159,0.002646,323059048.0,1603411199999,859245.8045868,6050,162299741.0,431810.8061109,0
1603411200000,0.0026453,0.0026889,0.0026225,0.0026423,242563993.0,1603497599999,644441.2320783,4709,126014193.0,334816.1399106,0
1603497600000,0.0026423,0.002647,0.00261,0.0026365,212440872.0,1603583999999,558952.5186044,4210,113585393.0,298865.4118769,0
1603584000000,0.0026354,0.0026749,0.002617,0.0026528,297054117.0,1603670399999,787423.5357913,4718,156029853.0,413780.9533963,0
1603670400000,0.0026529,0.0029115,0.002632,0.002665,1878752405.0,1603756799999,5215509.5535593,22872,948068145.0,2630006.3811104,0
1603756800000,0.0026658,0.0027076,0.002615,0.0026702,577987198.0,1603843199999,1544514.2414427,7294,296212856.0,791534.2871694,0
1603843200000,0.0026719,0.0026907,0.0025628,0.0025801,437955580.0,1603929599999,1149211.1849274,6161,199637303.0,524210.1264538,0
1603929600000,0.00258,0.0026117,0.0025061,0.0025733,289596529.0,1604015999999,744454.4179578,4905,164574595.0,423228.5381601,0
1604016000000,0.0025726,0.0026002,0.002501,0.0025833,440794399.0,1604102399999,1129277.3757226,7284,246824550.0,632620.1107555,0
1604102400000,0.0025833,0.0026004,0.00255,0.0025666,260150933.0,1604188799999,668851.5578158,3460,118493282.0,304837.2367634,0
1604188800000,0.0025676,0.002586,0.0025521,0.0025745,132635410.0,1604275199999,340878.567419,2266,69011852.0,177461.6775504,0
1604275200000,0.0025765,0.0025887,0.0025065,0.0025162,291742975.0,1604361599999,741026.4434721,4825,143441387.0,364495.5340381,0
1604361600000,0.0025164,0.002531,0.0024519,0.0025141,332644991.0,1604447999999,830857.8961369,7479,204188925.0,510046.7974637,0
1604448000000,0.0025189,0.002565,0.002486,0.002546,279402291.0,1604534399999,705809.1219687,3942,145351410.0,367426.2971712,0
1604534400000,0.0025467,0.0026769,0.0025467,0.0026347,341107854.0,1604620799999,889799.9919871,5755,197104787.0,515038.8497653,0
1604620800000,0.002635,0.0028201,0.0026298,0.002757,922020782.0,1604707199999,2531149.7647877,14796,483321966.0,1327665.4480975,0
1604707200000,0.0027578,0.0028424,0.002592,0.00267,748360033.0,1604793599999,2045744.3230889,9852,383623048.0,1050004.6646886,0
1604793600000,0.0026724,0.002739,0.0026513,0.002707,244213598.0,1604879999999,662169.1675075,3867,132305329.0,358917.5880105,0
1604880000000,0.002707,0.0028095,0.002657,0.002672,438097273.0,1604966399999,1189760.976234,6048,209980585.0,570899.5089247,0
1604966400000,0.0026671,0.0029198,0.0026536,0.002761,807091404.0,1605052799999,2248327.0777726,11410,449866266.0,1253623.5084597,0
1605052800000,0.0027601,0.00295,0.0027419,0.002758,560505263.0,1605139199999,1574204.4922901,8478,310132343.0,871339.6821261,0
1605139200000,0.00276,0.002802,0.0027253,0.0027788,209777176.0,1605225599999,580208.5179924,3772,98910727.0,273660.14112,0
1605225600000,0.0027791,0.0028483,0.0027666,0.0028114,373289403.0,1605311999999,1049225.8315283,5922,189170984.0,531824.5329858,0
1605312000000,0.0028156,0.0028239,0.002708,0.0027689,308002702.0,1605398399999,851733.6880383,4813,159863004.0,442374.5193147,0
1605398400000,0.0027731,0.0028285,0.0027221,0.0027718,323892550.0,1605484799999,900636.2102863,6298,175149232.0,487127.613165,0
1605484800000,0.0027715,0.0030452,0.0027522,0.00289,1345726687.0,1605571199999,3903185.7132453,23554,686137035.0,1986935.3482099,0
1605571200000,0.0028936,0.0030094,0.0028832,0.0029398,920887323.0,1605657599999,2698140.6671777,19852,535851121.0,1571323.9694187,0
1605657600000,0.0029385,0.003021,0.00281,0.0029085,1015668627.0,1605743999999,2954140.2190957,18163,504527937.0,1467747.2930029,0
1605744000000,0.002909,0.0029689,0.0028549,0.0029068,567308685.0,1605830399999,1653221.39565,12913,270444698.0,788507.2127286,0
1605830400000,0.0029096,0.0030245,0.0029005,0.002987,880383945.0,1605916799999,2617077.0284611,18511,443726483.0,1319574.8148068,0
1605916800000,0.0029872,0.0036062,0.0029796,0.0035132,3288496045.0,1606003199999,11006146.2801592,60568,1681156030.0,5622921.1317436,0
1606003200000,0.0035091,0.00369,0.0031507,0.0033415,2121938713.0,1606089599999,7138244.4298618,38353,1020587275.0,3434915.3067795,0
1606089600000,0.0033416,0.0037,0.0032201,0.0036845,1981374929.0,1606175999999,6753129.0998743,34157,1069358808.0,3657117.9946306,0
1606176000000,0.0036894,0.0042925,0.0035,0.0042592,5893223305.0,1606262399999,23011987.5302894,115442,2953244764.0,11552910.1965183,0
1606262400000,0.0042589,0.0042978,0.003581,0.0037081,2828578294.0,1606348799999,11278180.0588712,58223,1359483741.0,5432762.6340769,0
1606348800000,0.0037139,0.0037979,0.0029395,0.0032492,3248357755.0,1606435199999,10590441.9014754,46115,1668504519.0,5426662.9314637,0
1606435200000,0.003256,0.0033656,0.0030763,0.0032752,1019204144.0,1606521599999,3282279.3653502,18204,536083240.0,1728026.4491597,0
1606521600000,0.0032752,0.0034841,0.003236,0.0033945,715333106.0,1606607999999,2417430.2704767,15261,365305305.0,1234872.9331068,0
1606608000000,0.0033946,0.0035384,0.00335,0.0034365,577062454.0,1606694399999,1979919.1431838,12154,282443568.0,969503.3594897,0
1606694400000,0.0034427,0.0035955,0.0034001,0.003561,847539304.0,1606780799999,2978863.9840838,18732,429298285.0,1509740.4068251,0
1606780800000,0.0035597,0.00358,0.0032276,0.0033211,1033683299.0,1606867199999,3545536.2363682,20048,505772589.0,1737363.3830478,0
1606867200000,0.003324,0.0034423,0.0032642,0.0033624,591501037.0,1606953599999,1993771.4788427,13106,279723953.0,943027.2820971,0
1606953600000,0.003365,0.0035481,0.003345,0.003429,662685216.0,1607039999999,2274893.6327512,14034,331985962.0,1140706.0880017,0
1607040000000,0.003423,0.0034484,0.0032705,0.003283,572169239.0,1607126399999,1921422.6848918,11419,267820125.0,899449.2242686,0
1607126400000,0.0032821,0.0034153,0.00325,0.0033917,369424898.0,1607212799999,1243315.4757197,8991,181929564.0,612502.45271,0
1607212800000,0.003392,0.0034424,0.0033461,0.0033857,285729554.0,1607299199999,970035.6821282,6171,142542347.0,484142.8127281,0
1607299200000,0.0033881,0.0033985,0.0033,0.003336,312605787.0,1607385599999,1050370.5842075,5219,145154572.0,487655.3303174,0
1607385600000,0.003336,0.0033624,0.0031105,0.0031723,521543481.0,1607471999999,1702244.3932971,10283,279852601.0,914524.1581701,0
1607472000000,0.0031725,0.0031851,0.0030037,0.0031562,441109948.0,1607558399999,1371090.639347,9896,229325428.0,713232.2754862,0
1607558400000,0.0031563,0.003171,0.003059,0.0031043,268351654.0,1607644799999,836396.8087449,6062,126301731.0,393429.7923176,0
1607644800000,0.0031091,0.0031171,0.0029969,0.0030732,328458778.0,1607731199999,1006490.9199472,7686,160843433.0,493243.9618431,0
1607731200000,0.0030732,0.00319,0.0030732,0.0031609,334526072.0,1607817599999,1054074.1138627,8454,164401582.0,517949.9795592,0
1607817600000,0.0031631,0.0032776,0.0031479,0.00326,374401350.0,1607903999999,1207816.4046646,8436,210281556.0,678689.5494017,0
1607904000000,0.0032604,0.0032888,0.003191,0.003226,297347285.0,1607990399999,962123.5860644,6963,145768577.0,471991.8910876,0
1607990400000,0.003225,0.0032516,0.0031611,0.0032078,273863826.0,1608076799999,878035.503007,6308,125022415.0,400995.579609,0
1608076800000,0.0032073,0.0034448,0.00318,0.0034183,547786094.0,1608163199999,1820044.2953071,14800,310589894.0,1032654.1630923,0
1608163200000,0.0034179,0.0041458,0.003404,0.003722,3421588199.0,1608249599999,13046556.4240671,61767,1699689667.0,6456651.5831964,0
1608249600000,0.0037182,0.0039976,0.0035975,0.0038675,1409796634.0,1608335999999,5351454.9660891,30266,717285137.0,2724632.9011905,0
1608336000000,0.0038646,0.0040379,0.0037952,0.0039291,1386297504.0,1608422399999,5456686.0715572,31624,706743446.0,2784684.839481,0
1608422400000,0.0039264,0.0047496,0.0038,0.0046381,10007395897.0,1608508799999,44638544.3293774,134886,4690771623.0,20912773.7372851,0
1608508800000,0.0046405,0.0055,0.004255,0.0047784,10363901378.0,1608595199999,51044439.2345119,167843,5142903534.0,25316931.0300769,0
1608595200000,0.0047747,0.0048479,0.00433,0.0045159,2679851524.0,1608681599999,12270905.8322511,56233,1333109313.0,6101904.6875522,0
1608681600000,0.0045168,0.0048,0.003623,0.0037449,2674249457.0,1608767999999,11341737.6570571,59869,1359744672.0,5770448.6143604,0
1608768000000,0.0037561,0.0045999,0.0036599,0.0045731,1978566747.0,1608854399999,8233700.6830007,42872,1006224372.0,4203797.5799752,0
1608854400000,0.0045753,0.004643,0.0043661,0.0045549,1664864616.0,1608940799999,7504258.8529868,31374,848788065.0,3826772.9387435,0
1608940800000,0.0045607,0.0046879,0.0043963,0.0045131,1701026447.0,1609027199999,7677355.8645102,31044,837282826.0,3782640.9115519,0
1609027200000,0.004513,0.0048231,0.0044,0.004547,1843249775.0,1609113599999,8501548.8874443,35193,937040236.0,4320462.6494166,0
1609113600000,0.0045472,0.0047355,0.0045,0.0046015,1074600031.0,1609199999999,4973800.0254177,21180,579215255.0,2681003.6954376,0
1609200000000,0.0046015,0.0046295,0.0042412,0.0045012,1071755865.0,1609286399999,4763180.3150028,23645,551121033.0,2448517.4117751,0
1609286400000,0.0044901,0.00474,0.0044165,0.0046251,1118987751.0,1609372799999,5119055.3377256,22116,592547361.0,2711885.3060105,0
1609372800000,0.0046251,0.0047593,0.00452,0.0046709,929996060.0,1609459199999,4313519.6518959,19833,470833108.0,2184649.7929132,0
1609459200000,0.0046716,0.005697,0.004601,0.00568,3019717963.0,1609545599999,15572484.0552546,64119,1570945240.0,8110382.1123606,0
1609545600000,0.0056783,0.013988,0.005524,0.0105264,46333347255.0,1609631999999,431242829.9358908,852634,23072432585.0,214468617.5783665,0
1609632000000,0.0105245,0.01405,0.0092693,0.0098209,29648808916.0,1609718399999,341440834.36692446,731105,14614805172.0,168578886.8063495,0
1609718400000,0.0098188,0.0115198,0.0076,0.0097613,14328029441.0,1609804799999,136732888.6335106,356510,7253001306.0,69406822.814299,0
1609804800000,0.0097721,0.0102822,0.0088501,0.00997,5427135672.0,1609891199999,51895031.4792406,147886,2718828966.0,26029910.8327746,0
1609891200000,0.0099771,0.011,0.0095521,0.01042,6108894506.0,1609977599999,62484629.7756072,167592,2953428435.0,30256304.5821784,0
1609977600000,0.0104187,0.0105735,0.0087999,0.0097439,3523998014.0,1610063999999,35331222.2150858,108126,1714737110.0,17203435.7739704,0
1610064000000,0.0097517,0.010318,0.0088047,0.00974,2971766597.0,1610150399999,28396997.9331221,88342,1433496329.0,13702302.6499575,0
1610150400000,0.0097475,0.01079,0.0096486,0.0101789,3706408260.0,1610236799999,37738955.057632,110343,1928561004.0,19651771.994893,0
1610236800000,0.010189,0.0109155,0.0089534,0.00982,3113405972.0,1610323199999,31586520.5036338,109466,1567548059.0,15911533.7820544,0
1610323200000,0.0098162,0.0098455,0.0067094,0.0088326,5840909392.0,1610409599999,48037285.4082227,144828,2925726039.0,24007587.8099482,0
1610409600000,0.0088104,0.0091394,0.0078217,0.0080807,2526092815.0,1610495999999,21200652.2527321,69536,1321437634.0,11090964.8559775,0
1610496000000,0.0080806,0.0087,0.00777,0.0086738,1818357046.0,1610582399999,14838553.6293008,51263,941724866.0,7701542.1837639,0
1610582400000,0.008679,0.0101,0.0083105,0.0093907,4000190243.0,1610668799999,37038378.339407,101607,2053989354.0,18989070.4210771,0
1610668800000,0.0093931,0.0098443,0.0083123,0.0093525,3236586057.0,1610755199999,30023112.3881896,94536,1657684606.0,15387489.5171449,0
1610755200000,0.0093568,0.0095675,0.0090727,0.0092374,1640096206.0,1610841599999,15250091.0413073,51617,871827144.0,8108564.2902201,0
1610841600000,0.0092374,0.0093957,0.008779,0.0090987,1438377582.0,1610927999999,13119003.3142249,50359,735249983.0,6709706.6691488,0
1610928000000,0.0090987,0.00932,0.008935,0.0091782,1156154741.0,1611014399999,10552816.6173754,49935,585261962.0,5344293.9343707,0
1611014400000,0.0091782,0.0096757,0.00896,0.0090428,1749440421.0,1611100799999,16244066.2843052,58040,879775139.0,8175836.4874316,0
1611100800000,0.0090428,0.009144,0.0085,0.0090487,1162054114.0,1611187199999,10341390.2182261,43447,582361491.0,5181885.8644772,0
1611187200000,0.0090589,0.0091,0.0080301,0.0081581,1258982248.0,1611273599999,10686955.2096273,42626,655521948.0,5560930.5085982,0
1611273600000,0.0081581,0.0087708,0.0075639,0.0085075,1152693965.0,1611359999999,9567366.9519378,40557,587558647.0,4884641.0690727,0
1611360000000,0.0085092,0.0088324,0.00835,0.0085779,718712164.0,1611446399999,6183251.8110549,27661,353497712.0,3043793.2689295,0
1611446400000,0.0085822,0.0089672,0.0085,0.0087135,901503263.0,1611532799999,7849064.0023121,32121,450590149.0,3919336.8152642,0
1611532800000,0.0087206,0.0089172,0.0081795,0.0083509,998144121.0,1611619199999,8601352.0169376,37248,530336983.0,4573902.8663175,0
1611619200000,0.0083341,0.0084615,0.0079523,0.0082472,719489035.0,1611705599999,5925180.4140416,27103,352104934.0,2899305.541638,0
1611705600000,0.0082472,0.0082482,0.007257,0.0074124,1121405247.0,1611791999999,8553151.6891376,41353,595635118.0,4548025.6150376,0
1611792000000,0.0074104,0.0374849,0.007288,0.0364995,102989795103.0,1611878399999,1938869679.5635493,2652895,52366446974.0,997654181.2263898,0
1611878400000,0.036442,0.0875,0.0313,0.0459059,109073693231.0,1611964799999,5748142275.432066,6250186,54193930242.0,2863929202.676155,0
1611964800000,0.0459059,0.0508804,0.0222001,0.02826,54559388569.0,1612051199999,1751521301.144739,2662492,26756722065.0,859589397.5361722,0
1612051200000,0.0282428,0.0494843,0.0267661,0.037,44577797729.0,1612137599999,1572475064.0149825,2293658,22171605847.0,782363312.090954,0
1612137600000,0.0369623,0.0438268,0.0328615,0.0348173,23868437622.0,1612223999999,922559206.5573555,1467462,11824499580.0,457898145.180386,0
1612224000000,0.0348233,0.035294,0.02877,0.0313489,11550248752.0,1612310399999,370671609.45931345,693054,5826289056.0,186948195.8195189,0
1612310400000,0.0313489,0.0397836,0.0307918,0.0372597,12960787222.0,1612396799999,451012972.0003796,748334,6593900386.0,229388337.42556807,0
1612396800000,0.0372327,0.0598,0.0358367,0.0529081,48795642519.0,1612483199999,2387322857.3977294,2832253,24768105860.0,1213010538.8969328,0
1612483200000,0.0528149,0.05434,0.0431516,0.0467193,16560079172.0,1612569599999,779694455.1143,1061483,8076764171.0,380658346.01479954,0
1612569600000,0.0467527,0.0588683,0.0444191,0.0576559,17252485844.0,1612655999999,886595382.8653998,1072831,8776971093.0,451655143.6454852,0
1612656000000,0.0576579,0.087297,0.0531446,0.0779247,38837846298.0,1612742399999,2612686246.9613566,2995593,19875649398.0,1342760721.478104,0
1612742400000,0.0779851,0.0853555,0.0622214,0.0787,26387019347.0,1612828799999,1990495067.3870273,2431050,13189836463.0,996734083.1751635,0
1612828800000,0.0787384,0.0838001,0.063,0.0700121,14602698981.0,1612915199999,1089211456.7688608,1444133,7058127373.0,527351549.42503536,0
1612915200000,0.0700122,0.0816496,0.066,0.0725527,14156312430.0,1613001599999,1050071778.774112,1275440,7065201193.0,525031791.28875434,0
1613001600000,0.0725523,0.0755622,0.068,0.069583,6327153991.0,1613087999999,453685536.5096476,634870,3132151881.0,224735998.8590766,0
1613088000000,0.0695853,0.07298,0.0608,0.0697675,7517732599.0,1613174399999,507077180.7427374,701278,3705632354.0,250211529.8954892,0
1613174400000,0.069778,0.071709,0.0656,0.0662405,3844449349.0,1613260799999,263584986.3452668,417138,1879145197.0,128914690.8766427,0
1613260800000,0.0662372,0.0664663,0.055558,0.0626783,8229158262.0,1613347199999,505104220.62686145,728150,4030808915.0,247480440.1813282,0
1613347200000,0.0626878,0.0642,0.0474935,0.0565,11321001492.0,1613433599999,643507499.5968802,934597,5551804271.0,315978747.1418996,0
1613433600000,0.0564643,0.0598452,0.0506003,0.053476,6643077510.0,1613519999999,371098231.83136034,588680,3364062140.0,188024459.89919752,0
1613520000000,0.0535231,0.055109,0.0478,0.0495187,6168131231.0,1613606399999,320372512.8496111,489256,2987265394.0,155313762.1737819,0
1613606400000,0.0494987,0.0645617,0.0489,0.0587991,13034098004.0,1613692799999,731591169.6860939,911899,6604692742.0,370638727.6243129,0
1613692800000,0.0587991,0.059719,0.0536581,0.055033,6405564988.0,1613779199999,359792909.7944324,533751,3179828066.0,178566640.3102686,0
1613779200000,0.055033,0.0607,0.051,0.0541708,7359009281.0,1613865599999,413584686.0256424,658599,3654984364.0,205584595.4992375,0
1613865600000,0.0541567,0.06,0.05325,0.0560183,5548376495.0,1613951999999,311455781.124786,513479,2759842890.0,155023364.4309623,0
1613952000000,0.0559921,0.0608037,0.0461003,0.0535557,8420498923.0,1614038399999,466845349.95601857,703059,4166853736.0,231119168.33140928,0
1614038400000,0.0536093,0.0538776,0.0413332,0.0476562,5958874372.0,1614124799999,282213611.3365493,490261,2955994275.0,139965185.7304747,0
1614124800000,0.047692,0.060586,0.0459034,0.0567911,11172353520.0,1614211199999,621730728.0181977,831386,5517435993.0,306727259.9131628,0
1614211200000,0.0567907,0.0581,0.0495002,0.0499138,4913047375.0,1614297599999,267223961.0244736,505765,2465992542.0,134410097.5678802,0
1614297600000,0.0499157,0.0526032,0.0484,0.0504768,3147923785.0,1614383999999,158841435.8437252,314233,1618976791.0,81727135.2231402,0
1614384000000,0.0504727,0.0521,0.0491,0.0500725,2268877377.0,1614470399999,114596093.3163827,235269,1171541947.0,59173641.4757785,0
1614470400000,0.0500705,0.0502426,0.0446561,0.0481582,2384823456.0,1614556799999,113697423.678798,247197,1184798947.0,56516592.4943038,0
1614556800000,0.0481447,0.052505,0.0478589,0.0505933,2752580452.0,1614643199999,137616113.3882762,256074,1387077922.0,69357446.6456744,0
1614643200000,0.0505754,0.05249,0.0491004,0.050364,2378364146.0,1614729599999,121080500.8885478,229304,1129848248.0,57526120.1553794,0
1614729600000,0.0504021,0.0521972,0.0499556,0.0504146,1841086026.0,1614815999999,94065344.1068412,211662,928449444.0,47438454.7704026,0
1614816000000,0.0504337,0.0511539,0.04765,0.0499865,1943532071.0,1614902399999,96941941.9915692,200317,981314306.0,48977612.7319387,0
1614902400000,0.0499866,0.051079,0.0479661,0.0495285,1714962753.0,1614988799999,84868540.6945717,157317,863442567.0,42749015.6547552,0
1614988800000,0.0495247,0.0525801,0.049084,0.0509588,2749264710.0,1615075199999,140483759.2302573,247431,1391112884.0,71090388.0644542,0
1615075200000,0.0509242,0.0524716,0.0504286,0.0519871,1494562661.0,1615161599999,76760646.0087566,149443,778554837.0,39987348.4762641,0
1615161600000,0.0519481,0.063075,0.0515505,0.0629738,7572972187.0,1615247999999,427497381.64150494,625336,3873827835.0,218943101.2439346,0
1615248000000,0.0629582,0.0630025,0.056,0.0579117,4412560062.0,1615334399999,258124645.045454,399139,2148125671.0,125673264.3049675,0
1615334400000,0.0579432,0.0587592,0.0545,0.0558692,2390746818.0,1615420799999,134539050.8313732,243374,1210138188.0,68118082.9457184,0
1615420800000,0.0558831,0.05698,0.0542647,0.0559286,1647182774.0,1615507199999,91430790.3438152,173149,838257054.0,46542100.9169372,0
1615507200000,0.0559117,0.057,0.054051,0.0552731,1821925239.0,1615593599999,100981130.2117094,174808,942454394.0,52243687.9722011,0
1615593600000,0.0552769,0.063,0.0546635,0.0627892,3660176589.0,1615679999999,213962931.76605728,343175,1872933065.0,109540023.3880732,0
1615680000000,0.0627887,0.0636789,0.05817,0.058221,5115194076.0,1615766399999,312606153.2823332,486183,2501043011.0,152885722.2258666,0
1615766400000,0.058221,0.0597745,0.055,0.0569691,2409422648.0,1615852799999,137448374.3726104,252909,1225097145.0,69938115.2215533,0
1615852800000,0.0570152,0.0591427,0.0552668,0.0586507,2003574159.0,1615939199999,115129471.6074091,231483,998938243.0,57431257.6868784,0
1615939200000,0.0586389,0.0589584,0.0565314,0.057892,1162146770.0,1616025599999,67133708.7247826,144497,587287133.0,33936314.2844841,0
1616025600000,0.0578925,0.0592896,0.0568896,0.0573485,1338098958.0,1616111999999,77716103.9318458,161709,675657978.0,39251930.0170281,0
1616112000000,0.0573629,0.0599,0.0563741,0.0582472,1691688848.0,1616198399999,98776358.3043535,189338,849422461.0,49619573.6291752,0
1616198400000,0.0582624,0.060625,0.05797,0.0588186,1939829246.0,1616284799999,115208115.0275983,219094,969560716.0,57585366.9625484,0
1616284800000,0.0588396,0.0595555,0.0567,0.0574781,1204263965.0,1616371199999,69728332.4730059,139742,625084415.0,36203359.7857626,0
1616371200000,0.0574888,0.0579777,0.0544234,0.054888,1270766976.0,1616457599999,72099418.1852098,148484,604617239.0,34327959.8082234,0
1616457600000,0.0548901,0.0561052,0.0525963,0.0533532,1437944729.0,1616543999999,78273619.9837251,152031,719082040.0,39170750.1373005,0
1616544000000,0.0534234,0.0567995,0.05075,0.0514996,1666398121.0,1616630399999,90593325.8599657,184895,822937552.0,44804198.7059948,0
1616630400000,0.0514996,0.0524498,0.0495798,0.051266,1665397693.0,1616716799999,85124881.9756103,165838,798217727.0,40813331.3393486,0
1616716800000,0.051266,0.054038,0.051232,0.053931,873797527.0,1616803199999,46115820.1782318,98925,453317800.0,23930534.2391982,0
1616803200000,0.0539203,0.05545,0.053386,0.054436,1176365221.0,1616889599999,64055028.989443,127735,576544411.0,31378539.7805167,0
1616889600000,0.054422,0.0549,0.0529496,0.0536656,675382127.0,1616975999999,36449896.8217207,76244,343194052.0,18528174.5040524,0
1616976000000,0.0536634,0.0547123,0.053202,0.054124,977387405.0,1617062399999,52812128.3322573,108929,470131261.0,25404090.8683528,0
1617062400000,0.054124,0.0556267,0.053328,0.0540003,1399307591.0,1617148799999,76243721.2844334,149471,670302300.0,36522726.1224308,0
1617148800000,0.0540014,0.0545,0.0513424,0.0537699,1085164149.0,1617235199999,57976066.9450801,130375,523526039.0,27977062.3126552,0
1617235200000,0.0537835,0.07135,0.0534999,0.062151,15242021778.0,1617321599999,950503156.7964712,1319823,7664377092.0,477782458.5771469,0
1617321600000,0.0621509,0.062905,0.0572,0.0575849,3415466916.0,1617407999999,201997465.3962734,340187,1658183304.0,98024972.5265751,0
1617408000000,0.0575887,0.0595516,0.0555,0.0555113,2066362739.0,1617494399999,120193448.1379378,222342,1016067895.0,59088356.3012647,0
1617494400000,0.0555,0.0582181,0.0550864,0.0573943,1563798693.0,1617580799999,88757335.8049424,163617,810189054.0,45967976.7939866,0
1617580800000,0.0573806,0.0607069,0.0562315,0.0599992,2638868932.0,1617667199999,153310198.8425072,276465,1335223756.0,77599464.6957465,0
1617667200000,0.0599779,0.066,0.0579904,0.0644047,4762148739.0,1617753599999,291318993.84994125,471431,2417346921.0,147941206.5847892,0
1617753600000,0.0644047,0.06744,0.0571267,0.0587769,4840051853.0,1617839999999,300318590.6799273,495207,2456848328.0,152415620.3712279,0
1617840000000,0.058777,0.062324,0.0586319,0.0617838,1745571706.0,1617926399999,106529561.8225929,197168,899299880.0,54878831.8299333,0
1617926400000,0.0617837,0.0642733,0.0604712,0.0615878,2149603024.0,1618012799999,133399414.8241929,257855,1094841687.0,67941480.2429241,0
1618012800000,0.0616103,0.0657518,0.0609445,0.0637167,2780510108.0,1618099199999,176163810.5132709,350422,1387164864.0,87908384.7270408,0
1618099200000,0.0637167,0.08,0.0633959,0.07433,14967931146.0,1618185599999,1086957189.926594,1469552,7401581801.0,537993023.5802072,0
1618185600000,0.0743335,0.0754791,0.0685,0.0707343,4300356226.0,1618271999999,308153107.9320194,501854,2109022853.0,151109732.7639115,0
1618272000000,0.0707001,0.0962255,0.0706409,0.094402,13605840277.0,1618358399999,1150528560.8092735,1480741,6802030672.0,575497852.8240707,0
1618358400000,0.0944011,0.1453955,0.092118,0.1214329,36680989724.0,1618444799999,4533760110.148283,4752126,18252780017.0,2256207929.377774,0
1618444800000,0.1214319,0.1918922,0.1197878,0.1823599,24615971220.0,1618531199999,3798354274.658328,4100775,12495231665.0,1928403603.0091207,0
1618531200000,0.1825003,0.45,0.1791,0.3654434,57510545356.0,1618617599999,17598561857.084927,15330777,29422369956.0,9013969074.852932,0
1618617600000,0.3653855,0.38125,0.231,0.2822532,24857057931.0,1618703999999,7340151088.863384,7061910,12373124678.0,3657307408.149896,0
1618704000000,0.2824945,0.351,0.2397,0.3223299,18379866877.0,1618790399999,5649877858.710049,5357605,9290826100.0,2860543931.247224,0
1618790400000,0.3225953,0.435546,0.308,0.408903,20873394140.0,1618876799999,7979055252.120005,7253139,10527473572.0,4028635141.469506,0
1618876800000,0.4088997,0.4246216,0.27,0.3173205,20969142688.0,1618963199999,7496151720.012265,6620082,10257160156.0,3675643677.4931674,0
1618963200000,0.3173205,0.347661,0.2960052,0.3058251,9460395395.0,1619049599999,3001086851.005661,3222391,4676135617.0,1484541622.7130504,0
1619049600000,0.3058074,0.3093988,0.253,0.2606615,11199121834.0,1619135999999,3143644626.2063494,3082633,5556821638.0,1560779751.4398468,0
1619136000000,0.2606616,0.2695,0.1597278,0.2498155,17170003022.0,1619222399999,3793899186.9896297,3543795,8563135191.0,1897881664.5218575,0
1619222400000,0.2499997,0.28999,0.2278,0.27,10626242110.0,1619308799999,2815368838.418956,2850151,5342241505.0,1416641377.85086,0
1619308800000,0.2700802,0.289296,0.224,0.25159,5726007353.4,1619395199999,1494606069.759707,1766875,2828254805.7,739097415.197342,0
1619395200000,0.25159,0.28077,0.247,0.27161,4881379028.6,1619481599999,1300919365.7131891,1510469,2459102719.9,655481201.5445932,0
1619481600000,0.27161,0.27994,0.2644,0.27232,3367212939.4,1619567999999,915557060.9827,1161483,1685434336.2,458354938.598142,0
1619568000000,0.27227,0.348,0.25511,0.32311,13418044375.1,1619654399999,4127506947.043767,4369045,6674940848.0,2054988011.975216,0
1619654400000,0.32321,0.32604,0.2955,0.30479,4149329330.8,1619740799999,1288996523.47688,1590953,2079322320.6,646349240.832421,0
1619740800000,0.30479,0.34,0.30213,0.33746,4042637011.8,1619827199999,1300700805.621522,1545398,2027219012.0,652349292.50203,0
1619827200000,0.33746,0.3975,0.32756,0.39087,7062340392.2,1619913599999,2565562030.783488,2859785,3617475759.1,1315121399.0537498,0
1619913600000,0.39086,0.39999,0.362,0.37397,5092764030.1,1619999999999,1945860025.3982823,2146577,2497524499.7,954951265.2259853,0
1620000000000,0.37459,0.4479,0.37386,0.44142,6428014853.9,1620086399999,2634576988.6366687,2767515,3263067709.7,1337940854.6942267,0
1620086400000,0.44142,0.61186,0.3979,0.53854,21282557921.9,1620172799999,10991175995.065878,9356151,10755624310.8,5557722549.673762,0
1620172800000,0.53854,0.69663,0.51668,0.654,19076895175.7,1620259199999,12015346384.69828,9882092,9511051241.3,5995348021.185302,0
1620259200000,0.654,0.665,0.54,0.58106,8546432048.7,1620345599999,5141600296.098981,4677603,4167174959.7,2510412827.732176,0
1620345600000,0.58099,0.733,0.51717,0.68982,12586268621.3,1620431999999,7913188757.076493,6994765,6349917792.4,4004178010.507917,0
1620432000000,0.68982,0.73995,0.6,0.63708,11387955620.8,1620518399999,7747900489.935062,6792303,5621227329.7,3830069801.2530417,0
1620518400000,0.63708,0.70009,0.416,0.57063,26072068896.0,1620604799999,13700746154.471424,11885014,12751809030.6,6724156564.7645645,0
1620604800000,0.57082,0.5726,0.41844,0.45074,9677354634.4,1620691199999,4835708631.584844,4752157,4686546462.1,2346577848.220362,0
1620691200000,0.4505,0.5485,0.4429,0.49326,7553577270.2,1620777599999,3754742638.307908,3915491,3864932244.7,1921547113.618276,0
1620777600000,0.49353,0.522,0.38203,0.3916,5372061299.6,1620863999999,2528938533.379784,2732855,2579522694.2,1218728068.142024,0
1620864000000,0.39142,0.52,0.3516,0.48945,10449387293.9,1620950399999,4439890149.835361,4375843,5231108906.1,2228032460.497945,0
1620950400000,0.48927,0.59,0.46412,0.55971,10623296337.0,1621036799999,5673675115.225913,5532162,5438217628.2,2906358442.864563,0
1621036800000,0.5599,0.56405,0.49009,0.50855,5232752313.5,1621123199999,2726061153.795944,2720094,2629203819.0,1370314729.959148,0
1621123200000,0.50838,0.5489,0.45,0.5137,5377121653.3,1621209599999,2771252995.852487,2642957,2699706506.4,1392741681.714193,0
1621209600000,0.51371,0.5162,0.45555,0.4875,4268994077.1,1621295999999,2090450149.3003168,2076288,2186032622.7,1070838011.202356,0
1621296000000,0.48745,0.51536,0.46783,0.47574,3039758659.2,1621382399999,1484173045.552554,1508863,1517685414.6,741117541.6367409,0
1621382400000,0.47574,0.4794,0.21111,0.32945,11489907654.4,1621468799999,4257937939.407248,4364035,5638135832.5,2088452869.5604153,0
1621468800000,0.32972,0.435,0.29402,0.39758,8529470589.6,1621555199999,3228872934.525454,3500199,4366763335.7,1653724648.799468,0
1621555200000,0.39747,0.41198,0.31357,0.35778,5243254333.5,1621641599999,1919714241.4557552,2152582,2572390803.9,943375427.330037,0
1621641600000,0.35778,0.364,0.31672,0.34199,3793145642.7,1621727999999,1296677856.109511,1580773,1935714008.3,661664288.667687,0
1621728000000,0.34199,0.35094,0.24782,0.30633,5634274411.3,1621814399999,1694353083.695992,2225617,2774582441.5,836871278.704577,0
1621814400000,0.30623,0.375,0.29511,0.36589,4854625486.1,1621900799999,1622543381.111066,2115478,2452948844.8,819516284.917756,0
1621900800000,0.36589,0.38,0.32141,0.34598,3709319825.9,1621987199999,1290339194.015137,1728572,1887630886.5,657323829.903688,0
1621987200000,0.34597,0.36671,0.33632,0.35284,2385684153.7,1622073599999,836823564.893542,1143462,1193132691.3,418424342.86396,0
1622073600000,0.35291,0.35309,0.327,0.33403,1794158136.6,1622159999999,606077540.3159289,880120,873643697.8,295095897.785273,0
1622160000000,0.33404,0.34754,0.30052,0.31123,2620384686.8,1622246399999,835028567.128456,1285560,1297446792.9,413471461.506062,0
1622246400000,0.31122,0.31794,0.28,0.3028,2016681043.4,1622332799999,604028126.9125551,951711,989261236.5,296312406.539674,0
1622332800000,0.30273,0.31079,0.28653,0.30179,1514854219.6,1622419199999,456904273.28267,762600,769930832.2,232293878.869032,0
1622419200000,0.30179,0.32991,0.29386,0.32557,1897905257.4,1622505599999,590220155.7794471,956702,933534089.6,290304256.249367,0
1622505600000,0.32558,0.38476,0.31121,0.37006,4488851727.4,1622591999999,1539365573.587394,2062609,2282723405.6,783522232.186008,0
1622592000000,0.37007,0.44834,0.3511,0.42338,8351828077.5,1622678399999,3391548375.979291,4089764,4215639573.3,1712537503.381603,0
1622678400000,0.42344,0.442,0.37722,0.40078,5070741840.7,1622764799999,2081980882.664896,2376407,2522630870.6,1036508107.98091,0
1622764800000,0.40078,0.40249,0.35,0.37628,4035854544.9,1622851199999,1511197709.619608,1967784,1955557384.8,732655597.6674889,0
1622851200000,0.37628,0.395,0.35974,0.3713,2396911157.1,1622937599999,906142939.806796,1160376,1178917042.2,445887974.031638,0
1622937600000,0.3713,0.37703,0.36634,0.37143,1194622756.0,1623023999999,443275634.88520896,526215,594223572.2,220532059.256463,0
1623024000000,0.37143,0.37999,0.3275,0.33146,2064211543.4,1623110399999,738436804.027521,931913,956732979.6,342766752.601882,0
1623110400000,0.3315,0.34183,0.29526,0.32586,2908803652.9,1623196799999,937981423.706459,1202588,1426320271.0,460392292.90801907,0
1623196800000,0.32592,0.3548,0.31227,0.34318,2068160059.0,1623283199999,686262143.62793,1006828,1046574636.1,347273187.182449,0
1623283200000,0.34323,0.34515,0.3225,0.32606,1348789846.5,1623369599999,450294287.047062,638851,652258329.4,217773832.867882,0
1623369600000,0.32613,0.3338,0.31069,0.3187,1204137023.4,1623455999999,387381244.039598,596213,607101707.2,195384000.254029,0
1623456000000,0.31874,0.31932,0.3,0.31216,1217468360.1,1623542399999,376935028.779552,567919,602065901.7,186441817.290761,0
1623542400000,0.31221,0.33,0.30744,0.32394,1042596039.8,1623628799999,330077979.841595,463552,536361467.2,169857347.345958,0
1623628800000,0.32392,0.33777,0.32,0.32767,1310349921.9,1623715199999,427464905.683143,573977,657804757.8,214557868.503578,0
1623715200000,0.32769,0.33069,0.31642,0.32028,1015598512.1,1623801599999,328973312.222017,451937,490308158.1,158846868.796423,0
1623801600000,0.32025,0.32146,0.30505,0.30775,888434880.9,1623887999999,278178346.025103,427203,450531930.0,141098552.020157,0
1623888000000,0.30774,0.31413,0.3026,0.30619,680701230.2,1623974399999,209708643.760903,638720,328212068.7,101121625.7317,0
1623974400000,0.30619,0.30766,0.28,0.29328,1314700190.7,1624060799999,387111436.640776,610268,619542802.6,182420795.518066,0
1624060800000,0.29321,0.29791,0.28558,0.28567,624846001.4,1624147199999,182075119.813571,299882,320562749.3,93418349.283541,0
1624147200000,0.28563,0.28988,0.2551,0.28054,1528605029.5,1624233599999,417251181.030502,599650,741606904.0,202389422.667011,0
1624233600000,0.28054,0.28138,0.1649,0.17873,7023706752.6,1624319999999,1512324576.062972,2208676,3379011533.6,729736072.611747,0
1624320000000,0.17873,0.2174,0.16322,0.19072,7520083611.8,1624406399999,1415591893.187838,2191025,3788871415.0,714011418.081056,0
1624406400000,0.19075,0.2485,0.18046,0.23468,5839514040.0,1624492799999,1294917735.360637,1747926,3038795237.4,673844245.414662,0
1624492800000,0.23475,0.26953,0.222,0.26377,3579998951.2,1624579199999,867149608.0178579,1121990,1819385955.7,441507772.330344,0
1624579200000,0.26374,0.28959,0.22886,0.23745,5942192455.5,1624665599999,1530052695.03206,2011394,2944159779.8,758942513.812751,0
1624665600000,0.23748,0.2554,0.23057,0.24583,2653188955.6,1624751999999,638512739.709672,832962,1355019116.9,326177865.060252,0
1624752000000,0.24583,0.26753,0.24002,0.2645,1968559379.6,1624838399999,488208471.524009,648905,987649518.9,245041870.748638,0
1624838400000,0.26462,0.26735,0.2505,0.25707,1734504424.8,1624924799999,445938066.672712,582036,843310216.3,216868709.247989,0
1624924800000,0.25709,0.27573,0.25248,0.26349,1927372368.1,1625011199999,508993341.640565,708135,966933954.5,255403066.072789,0
1625011200000,0.26349,0.26391,0.23778,0.25391,1610075649.0,1625097599999,404216370.608146,580217,793668658.0,199285783.631777,0
1625097600000,0.2539,0.2614,0.23817,0.24381,2253058516.9,1625183999999,563323804.093321,882860,1133304155.3,283493182.667174,0
1625184000000,0.2438,0.24916,0.23839,0.24505,1081847381.6,1625270399999,262656840.602636,384814,551777056.8,133969721.975418,0
1625270400000,0.24498,0.25039,0.242,0.24636,759251070.1,1625356799999,187380352.28658,282977,380363694.1,93866043.020961,0
1625356800000,0.24634,0.253,0.24324,0.24643,823044174.7,1625443199999,204457205.01117,300227,413351190.3,102668071.588411,0
1625443200000,0.24636,0.249,0.22547,0.2311,1181584860.3,1625529599999,279530327.169704,405908,584987984.5,138487619.628119,0
1625529600000,0.23117,0.2423,0.22931,0.23417,981368400.5,1625615999999,230653732.357931,354214,499172810.6,117319296.853501,0
1625616000000,0.23418,0.23862,0.22084,0.22386,952129896.6,1625702399999,220956362.021876,324605,456519196.6,106008723.177443,0
1625702400000,0.22386,0.22481,0.20148,0.2069,1487061330.1,1625788799999,317654933.33246,468220,718638184.7,153470607.67133,0
1625788800000,0.20708,0.22986,0.19521,0.21963,2291127903.5,1625875199999,494599179.10863906,738815,1162457141.8,251120954.403301,0
1625875200000,0.21966,0.22812,0.2097,0.21375,919482894.5,1625961599999,199891824.799821,318346,454145273.8,98807845.070813,0
1625961600000,0.21376,0.21917,0.21061,0.21597,551263176.4,1626047999999,118250421.311816,192606,276831096.1,59388612.266167,0
1626048000000,0.21597,0.219,0.20394,0.20775,805441341.2,1626134399999,170528117.522791,266418,369957575.2,78300258.008255,0
1626134400000,0.20776,0.20893,0.19749,0.19997,916221269.9,1626220799999,185691879.132141,283012,453476686.7,91987148.561227,0
1626220800000,0.19995,0.20479,0.18725,0.19761,1247947078.4,1626307199999,244169787.718541,400372,631446778.6,123598347.982234,0
1626307200000,0.19759,0.20089,0.18051,0.18534,966797093.3,1626393599999,183033118.154018,334500,483802086.8,91638907.965332,0
1626393600000,0.18534,0.18833,0.17118,0.17202,1185633674.2,1626479999999,213123708.47093,359394,577723256.7,103896218.770072,0
1626480000000,0.17203,0.2053,0.16884,0.18734,2572720766.9,1626566399999,476953686.134632,826391,1292864756.0,239905438.006404,0
1626566400000,0.18738,0.19605,0.18019,0.18157,1344894101.6,1626652799999,252407070.042161,726039,674238519.8,126616657.717884,0
1626652800000,0.18156,0.18429,0.17025,0.17362,1079953391.4,1626739199999,189731806.229248,316141,536491374.8,94256390.835541,0
1626739200000,0.17362,0.17997,0.15988,0.17047,1865041957.2,1626825599999,314175778.978752,616158,923742535.0,155717887.776616,0
1626825600000,0.17048,0.21442,0.16836,0.19046,4505979384.2,1626911999999,868579035.1998991,1556914,2288756852.0,441137460.17099696,0
1626912000000,0.19045,0.19646,0.18632,0.19123,1393922167.5,1626998399999,266620497.729589,500806,710432751.3,135879634.576319,0
1626998400000,0.19119,0.19977,0.18292,0.19489,1352326692.4,1627084799999,258932536.475054,398516,671822562.6,128646054.283366,0
1627084800000,0.1949,0.2045,0.19117,0.19688,1627615706.2,1627171199999,318970652.714052,496570,814603536.7,159750025.344021,0
1627171200000,0.19689,0.20076,0.19105,0.19793,1122436168.6,1627257599999,220142764.721492,357958,573995436.9,112596865.925436,0
1627257600000,0.19788,0.23314,0.19679,0.20362,4546455511.8,1627343999999,986674155.365353,1485286,2290073102.2,497454603.42633694,0
1627344000000,0.20363,0.2095,0.19506,0.20585,2030159664.4,1627430399999,409976210.815394,587233,1023467954.7,206742449.849464,0
1627430400000,0.20586,0.21386,0.20161,0.20574,1698684418.6,1627516799999,351384949.013336,499045,855458263.9,177017376.226782,0
1627516800000,0.20571,0.20664,0.2003,0.20502,875707720.8,1627603199999,178588860.479987,263435,435819830.3,88888241.067854,0
1627603200000,0.20503,0.21065,0.19587,0.20873,1260492016.3,1627689599999,257289553.34457,382098,599308558.8,122260871.33266,0
1627689600000,0.20872,0.2145,0.20476,0.20765,1177482439.7,1627775999999,245268650.460207,356965,575366067.7,119853747.218531,0
1627776000000,0.20764,0.21799,0.20082,0.20424,1550637730.2,1627862399999,327413782.117151,478322,751445206.7,158693853.141942,0
1627862400000,0.2042,0.20998,0.2018,0.20327,896401081.3,1627948799999,183847136.445562,276220,442489034.7,90761644.957747,0
1627948800000,0.20325,0.2051,0.1931,0.19626,977103235.1,1628035199999,193410947.608331,297960,471442871.8,93311459.754759,0
1628035200000,0.19626,0.20326,0.19416,0.20153,873261017.4,1628121599999,173866598.174591,264451,449297043.7,89463322.811228,0
1628121600000,0.20152,0.20258,0.1943,0.20095,946707300.6,1628207999999,188155415.653537,284653,477836336.7,94966333.163537,0
1628208000000,0.20094,0.212,0.19841,0.20482,1263420290.4,1628294399999,257269083.174165,362869,619018451.2,126056280.476485,0
1628294400000,0.20482,0.2628,0.20358,0.26189,5158338816.2,1628380799999,1201706313.606018,1965825,2566603126.4,598642939.558897,0
1628380800000,0.26184,0.28377,0.235,0.23996,5791158603.5,1628467199999,1496730706.919715,2487438,2816492638.0,728517003.4078009,0
1628467200000,0.23996,0.26666,0.23048,0.25609,3702865258.6,1628553599999,928109307.89706,1327292,1828828927.6,458248052.337733,0
1628553600000,0.2561,0.26321,0.24513,0.25732,2588076619.6,1628639999999,659012619.404047,1065587,1291158015.8,328916845.148448,0
1628640000000,0.25734,0.28295,0.25626,0.26445,3712761104.7,1628726399999,1004804670.805948,1252602,1830569148.3,495419794.63105696,0
1628726400000,0.26448,0.2949,0.25165,0.26401,3923287429.8,1628812799999,1064711859.986252,1310291,1951894654.2,530084669.85450304,0
1628812800000,0.26405,0.28756,0.26121,0.28667,2142420241.3,1628899199999,592227760.814491,708956,1101146882.7,304313895.019252,0
1628899200000,0.2867,0.29864,0.2757,0.29402,3131790645.4,1628985599999,901636552.542844,1111559,1591486541.0,458247996.198374,0
1628985600000,0.29399,0.3495,0.2862,0.33984,4964816125.0,1629071999999,1544241159.194859,2093790,2518387698.4,784211759.230115,0
1629072000000,0.33996,0.3517,0.31001,0.31956,4130699106.8,1629158399999,1377064266.900456,2015571,2029038478.7,676989255.1175151,0
1629158400000,0.31946,0.34021,0.29452,0.29933,3520234606.5,1629244799999,1129087958.006729,1480283,1712694168.3,550768242.837314,0
1629244800000,0.2993,0.325,0.2775,0.3032,4089557667.2,1629331199999,1232998199.510053,1342922,2002902150.4,604924908.4204271,0
1629331200000,0.30321,0.31943,0.29355,0.31778,2386616242.5,1629417599999,727935173.079268,851309,1221997677.8,372629151.17789,0
1629417600000,0.31777,0.3364,0.31373,0.32733,2177517962.3,1629503999999,703117739.037877,881561,1090383225.7,352309701.358382,0
1629504000000,0.32733,0.33,0.31313,0.31662,1751965697.2,1629590399999,564595301.081642,656408,869910255.5,280433558.07541,0
1629590400000,0.31666,0.32159,0.305,0.31467,1401118643.8,1629676799999,439943524.68662304,490785,709384893.1,222834998.754035,0
1629676800000,0.31467,0.328,0.3128,0.31783,1842154214.4,1629763199999,589609143.608936,683664,884733555.0,283142286.300265,0
1629763200000,0.31775,0.31968,0.27433,0.28864,2336380653.8,1629849599999,699766438.9686711,796722,1196831816.2,358865675.312091,0
1629849600000,0.28862,0.29789,0.27948,0.29255,1658742148.8,1629935999999,479310656.42824495,559436,820946394.5,237264441.535503,0
1629936000000,0.29254,0.29645,0.2641,0.2684,1401204832.1,1630022399999,387132430.935584,427306,674556727.6,186595444.943923,0
1630022400000,0.2684,0.2951,0.265,0.2944,1345067751.7,1630108799999,375916392.10523105,381840,687765638.6,192392480.048201,0
1630108800000,0.2944,0.2995,0.283,0.286,813242385.1,1630195199999,235148683.902022,267926,392195769.6,113465703.656072,0
1630195200000,0.286,0.2918,0.2764,0.2809,758831427.0,1630281599999,214101374.1037,229161,358721899.0,101235144.3493,0
1630281600000,0.2809,0.2905,0.2698,0.272,994923907.0,1630367999999,277765719.4784,311173,472873008.0,132040913.0678,0
1630368000000,0.2719,0.286,0.2696,0.2781,994391602.0,1630454399999,275796352.7792,326296,480054720.0,133181835.133,0
1630454400000,0.2782,0.295,0.2728,0.2943,1077645215.0,1630540799999,306153073.6131,377442,545893392.0,155061788.4548,0
1630540800000,0.2944,0.31,0.2917,0.2947,1859879704.7,1630627199999,559826638.10634,664845,906074129.1,272870302.72854,0
1630627200000,0.2946,0.3047,0.287,0.2961,1248795134.0,1630713599999,370327334.0621,412188,624254632.0,185200215.4891,0
1630713600000,0.2961,0.3087,0.2929,0.2992,1170386591.0,1630799999999,351086766.7671,409866,570873502.0,171269798.6941,0
1630800000000,0.2993,0.3155,0.296,0.3143,1273101183.7,1630886399999,388890887.95692706,446100,647157702.0,197774415.858547,0
1630886400000,0.3144,0.3199,0.2997,0.309,1327741283.1,1630972799999,411842890.431976,484314,645502206.8,200358555.405096,0
1630972800000,0.3091,0.3114,0.2145,0.2552,4143609594.1,1631059199999,1093324011.936163,1155610,1962961252.1,516497866.65072304,0
1631059200000,0.2553,0.2635,0.2332,0.2567,2036725778.0,1631145599999,510772656.434,532364,995322321.0,249316736.9972,0
1631145600000,0.2566,0.2597,0.2486,0.2525,972908690.0,1631231999999,247597398.9575,280534,479694433.0,122072024.0863,0
1631232000000,0.2525,0.262,0.2353,0.2397,1039971873.0,1631318399999,256488140.4472,288292,506166055.0,124911356.0072,0
1631318400000,0.2398,0.2479,0.2376,0.241,574961334.0,1631404799999,139714407.491,157807,290022945.0,70511628.7368,0
1631404800000,0.241,0.2551,0.2387,0.2502,824439503.0,1631491199999,203304943.3593,225601,405006123.0,99888564.4615,0
1631491200000,0.2504,0.2523,0.2281,0.2358,1194502511.0,1631577599999,283614884.6006,292444,574011917.0,136253963.952,0
1631577600000,0.2359,0.2417,0.2335,0.2406,600777341.0,1631663999999,142920878.2602,161582,296218656.0,70482481.8554,0
1631664000000,0.2406,0.2484,0.2388,0.2476,624731884.0,1631750399999,151898288.6084,184628,308880881.0,75116196.22,0
1631750400000,0.2477,0.2479,0.2329,0.2418,767085717.0,1631836799999,185504087.1676,205861,359618769.0,87002032.3745,0
1631836800000,0.2419,0.2599,0.2373,0.2401,1532347235.0,1631923199999,379559281.6859,423427,759049172.0,188085929.7412,0
1631923200000,0.2401,0.2474,0.2379,0.2413,532008968.0,1632009599999,129164187.2491,140898,258878053.0,62853321.3066,0
1632009600000,0.2414,0.2415,0.2307,0.2331,486273037.0,1632095999999,115252029.3655,127437,229645594.0,54431698.2567,0
1632096000000,0.2331,0.2335,0.1988,0.2086,1842218251.9,1632182399999,394048468.11675,405118,859266368.1,183814568.831791,0
1632182400000,0.2086,0.2185,0.1976,0.2009,1475472637.8,1632268799999,304987868.418026,303144,722440668.0,149410088.237993,0
1632268800000,0.2008,0.2304,0.1999,0.2245,1505717159.7,1632355199999,322392479.6739,344339,786491630.7,168314477.537,0
1632355200000,0.2244,0.2273,0.2175,0.2246,809134784.0,1632441599999,180164367.1764,186777,398787906.0,88838351.1305,0
1632441600000,0.2245,0.2291,0.1965,0.2091,1446332143.9,1632527999999,303553065.915496,326750,720929914.6,151230036.5045,0
1632528000000,0.2092,0.214,0.2043,0.2083,648108334.0,1632614399999,135245750.1268,179510,330932142.0,69078802.0386,0
1632614400000,0.2084,0.2089,0.194,0.205,778024870.7,1632700799999,157519709.582092,174384,394667442.0,79879338.142,0
1632700800000,0.205,0.2093,0.1996,0.1997,447272392.0,1632787199999,91574177.3443,114509,211822167.0,43406501.9226,0
1632787200000,0.1998,0.2027,0.196,0.1965,478010126.0,1632873599999,95483638.9411,106109,219814001.0,43916769.848,0
1632873600000,0.1966,0.2043,0.1946,0.1987,508197881.0,1632959999999,101260063.7077,111893,244361272.0,48689402.9282,0
1632960000000,0.1987,0.206,0.1976,0.2042,525345573.0,1633046399999,106147967.7293,143533,257501835.0,52035851.4279,0
1633046400000,0.2043,0.2253,0.2018,0.2226,1029403020.0,1633132799999,219547713.5179,310097,526759870.0,112338917.4397,0
1633132800000,0.2227,0.225,0.2151,0.2185,726979560.0,1633219199999,160184235.4605,193514,352409112.0,77678459.0746,0
1633219200000,0.2186,0.2266,0.2155,0.2218,697996641.0,1633305599999,154246564.9132,193891,352679772.0,77984171.5088,0
1633305600000,0.2218,0.249,0.2119,0.2414,3281218340.0,1633391999999,758280391.1533,878495,1620763478.0,374640605.8434,0
1633392000000,0.2415,0.268,0.2325,0.2516,3796153741.0,1633478399999,952019073.9664,1140858,1839026950.0,461210035.1867,0
1633478400000,0.2517,0.2719,0.2422,0.2541,3681509190.0,1633564799999,937240922.1354,1031825,1836775026.0,467757386.06,0
1633564800000,0.2542,0.257,0.2357,0.2428,2142393485.0,1633651199999,526371407.1848,684345,1074748259.0,264070262.5908,0
1633651200000,0.2429,0.2549,0.2414,0.2441,1381822126.0,1633737599999,341183059.2546,439671,675001141.0,166697095.5585,0
1633737600000,0.2442,0.2527,0.2407,0.2467,1073585552.0,1633823999999,265083202.339,302173,528806018.0,130596729.7968,0
1633824000000,0.2467,0.2487,0.226,0.2288,977648960.0,1633910399999,235428475.557,301360,453528582.0,109293780.1938,0
1633910400000,0.2287,0.2394,0.2249,0.2312,1072711057.0,1633996799999,250141411.2954,298401,535293539.0,124854497.7389,0
1633996800000,0.2312,0.2318,0.216,0.2261,1030470079.0,1634083199999,230081402.5814,292420,497196725.0,111024652.9019,0
1634083200000,0.226,0.2342,0.2203,0.2326,1044380785.0,1634169599999,236627812.1845,274739,517722522.0,117340033.4529,0
1634169600000,0.2325,0.2403,0.2311,0.2325,1098049682.0,1634255999999,258753618.1737,309024,550050837.0,129624498.8584,0
1634256000000,0.2325,0.2436,0.2239,0.234,1457540715.0,1634342399999,339393961.8634,448040,719432601.0,167606722.2116,0
1634342400000,0.2341,0.2459,0.2337,0.2372,1224144433.0,1634428799999,292786694.9621,397218,609421514.0,145744111.4069,0
1634428800000,0.2373,0.2421,0.2252,0.2378,1210409235.0,1634515199999,285692592.6714,321995,556743108.0,131526225.4513,0
1634515200000,0.2377,0.273,0.237,0.2474,4909224967.0,1634601599999,1256772812.2268,1657639,2368652221.0,606404474.5791,0
1634601600000,0.2474,0.255,0.2399,0.2454,1415459318.0,1634687999999,348466072.2453,424087,699126539.0,172184310.4744,0
1634688000000,0.2454,0.262,0.2421,0.2548,1638568849.0,1634774399999,412204555.7587,488016,802966600.0,202098504.5752,0
1634774400000,0.2548,0.2584,0.2382,0.2424,1573673715.0,1634860799999,393363316.2761,432968,735655573.0,184107545.9395,0
1634860800000,0.2425,0.2549,0.2352,0.2446,1553243637.0,1634947199999,380298925.4511,498045,742980695.0,181938483.5747,0
1634947200000,0.2446,0.254,0.24,0.2511,1258672648.0,1635033599999,311513097.8664,408341,626013428.0,154951559.1238,0
1635033600000,0.2511,0.2832,0.2457,0.2756,4887922846.0,1635119999999,1279675115.8172,1832059,2425886895.0,635298964.7864,0
1635120000000,0.2757,0.2805,0.2585,0.2651,2939692178.0,1635206399999,786761841.7586,954998,1420149179.0,380122529.4707,0
1635206400000,0.2651,0.2743,0.252,0.2559,2132162373.0,1635292799999,566841835.4023,727385,1021201841.0,271647057.7171,0
1635292800000,0.2558,0.2636,0.2169,0.2379,5223432326.0,1635379199999,1272871769.4095,1531106,2558252655.0,623690664.114,0
1635379200000,0.2379,0.34,0.2324,0.2997,17320109431.0,1635465599999,5219930976.425217,7627669,8541397771.7,2574040913.203587,0
1635465600000,0.2997,0.307,0.2752,0.2882,4977184874.0,1635551999999,1449528504.8189,1689593,2478268799.0,722004747.012,0
1635552000000,0.2882,0.295,0.258,0.269,3441001301.0,1635638399999,956948768.8788,994098,1705108423.0,474536327.5438,0
1635638400000,0.269,0.2852,0.252,0.28,3857354566.0,1635724799999,1037320524.5614,1238053,1904241110.0,512265745.9828,0
1635724800000,0.28,0.2866,0.2631,0.2716,2497093967.0,1635811199999,681411474.9541,891801,1221034835.0,333255153.7753,0
1635811200000,0.2716,0.281,0.2666,0.2739,1912493294.0,1635897599999,523498212.0015,647160,971699858.0,266074177.2291,0
1635897600000,0.2739,0.2776,0.262,0.2689,1607498166.0,1635983999999,434655291.645,571605,798120874.0,215833427.2023,0
1635984000000,0.2689,0.2709,0.2539,0.263,1446957670.0,1636070399999,379245534.2193,508172,695040146.0,182206130.9597,0
1636070400000,0.263,0.2709,0.2547,0.2609,1282376452.0,1636156799999,335836842.645,430630,629834758.0,164983262.6636,0
1636156800000,0.2608,0.2676,0.25,0.2618,1135857725.0,1636243199999,294677203.5243,382989,562074920.0,145818306.0907,0
1636243200000,0.2618,0.2698,0.2584,0.2664,912146975.0,1636329599999,240830810.9384,325685,455546779.0,120297474.012,0
1636329600000,0.2664,0.2973,0.2644,0.2819,3420674489.0,1636415999999,962706185.2348,1371770,1695613805.0,476996898.397,0
1636416000000,0.282,0.2905,0.2708,0.2736,1854893482.0,1636502399999,518094770.8618,646406,912724400.0,255024219.4059,0
1636502400000,0.2737,0.2775,0.235,0.2553,2600272877.0,1636588799999,684007226.3518,852520,1226565008.0,322793271.9359,0
1636588800000,0.2553,0.2716,0.2529,0.2605,1356541795.0,1636675199999,354517007.4081,438607,675074930.0,176354122.0288,0
1636675200000,0.2604,0.2686,0.2484,0.2593,1227134455.0,1636761599999,315947740.7727,372462,613437151.0,157940899.6569,0
1636761600000,0.2594,0.2624,0.2542,0.2613,730909452.0,1636847999999,188926935.4335,225638,372802188.0,96378724.2341,0
1636848000000,0.2612,0.2719,0.2597,0.2628,1109308026.0,1636934399999,292076559.7848,353541,571541216.0,150532196.5324,0
1636934400000,0.2628,0.2654,0.2553,0.2566,784663988.0,1637020799999,204474518.9287,269404,364080931.0,94913696.1078,0
1637020800000,0.2567,0.2567,0.2225,0.2365,1931306150.0,1637107199999,464932527.1623,608934,967358417.0,232934183.1801,0
1637107200000,0.2364,0.2413,0.2293,0.2374,1016537117.0,1637193599999,239701999.6177,388896,512605229.0,120906710.8262,0
1637193600000,0.2373,0.2413,0.215,0.2208,1424059825.0,1637279999999,323967645.2554,406185,700718593.0,159489114.0693,0
1637280000000,0.2209,0.2369,0.2155,0.2329,1011256982.0,1637366399999,229179438.9675,331987,509086275.0,115424794.2588,0
1637366400000,0.2328,0.2357,0.2249,0.233,638393250.0,1637452799999,147517458.1282,237113,312803813.0,72284968.1088,0
1637452800000,0.233,0.2334,0.225,0.2255,584498069.0,1637539199999,133720139.5311,212559,286698985.0,65597648.8535,0
1637539200000,0.2256,0.2273,0.2163,0.2195,715429215.0,1637625599999,158579701.9328,276869,358079027.0,79410394.9941,0
1637625600000,0.2194,0.2369,0.2132,0.2266,1648276631.0,1637711999999,373654997.7593,581401,826427790.0,187454960.4904,0
1637712000000,0.2267,0.2304,0.2106,0.217,1150989995.0,1637798399999,251378365.1216,365117,554730594.0,121216518.2699,0
1637798400000,0.217,0.2289,0.2138,0.2209,1097415948.0,1637884799999,241902116.9485,364136,571126878.0,125935653.7212,0
1637884800000,0.221,0.2217,0.186,0.2016,2305030656.3,1637971199999,466544938.32194304,638750,1105488536.0,223787391.10188,0
1637971200000,0.2016,0.21,0.2005,0.2049,908852823.0,1638057599999,187032695.7527,242164,442950764.0,91159767.741,0
1638057600000,0.2049,0.2074,0.1907,0.2073,858901257.0,1638143999999,171491689.5437,248262,421813979.0,84237480.1448,0
1638144000000,0.2072,0.227,0.2025,0.215,1857437869.0,1638230399999,398639243.043,529452,939927182.0,201788659.772,0
1638230400000,0.2149,0.2275,0.2125,0.2147,1617695220.0,1638316799999,355085720.0633,525493,770053505.0,169086900.4118,0
1638316800000,0.2147,0.2189,0.2058,0.2093,803902283.0,1638403199999,171402297.5238,253469,389948337.0,83159069.4304,0
1638403200000,0.2093,0.2233,0.2011,0.2095,1689895075.0,1638489599999,361735596.985,503109,835303883.0,178789465.4511,0
1638489600000,0.2095,0.2122,0.1902,0.1999,1011968037.0,1638575999999,205650078.4186,327994,475158695.0,96572819.7682,0
1638576000000,0.1998,0.2004,0.131,0.1781,5303849448.2,1638662399999,875284516.1417613,1244383,2690662379.4,443763257.766198,0
1638662400000,0.1781,0.1812,0.1617,0.1712,1381389600.0,1638748799999,237176316.5858,331601,719838647.0,123675901.6749,0
1638748800000,0.1712,0.1804,0.1591,0.1776,1661970370.0,1638835199999,280449023.3629,378696,857897389.0,144915288.0449,0
1638835200000,0.1775,0.1839,0.1746,0.1762,1069148248.0,1638921599999,191634274.3707,288209,525727628.0,94281566.6898,0
1638921600000,0.1762,0.1821,0.172,0.179,870067110.0,1639007999999,154635859.7141,224241,450338643.0,80063660.6244,0
1639008000000,0.1791,0.1833,0.1685,0.1691,974195305.0,1639094399999,171167695.3426,261310,481627668.0,84749217.6537,0
1639094400000,0.1691,0.1748,0.1632,0.1641,743981315.0,1639180799999,125683654.8777,210728,354327672.0,59868551.7376,0
1639180800000,0.1641,0.17,0.1612,0.1689,654792769.0,1639267199999,109062931.8055,151183,326930085.0,54449068.8552,0
1639267200000,0.1689,0.1738,0.1656,0.1697,499912432.0,1639353599999,84602890.4418,138604,254010667.0,42998138.592,0
1639353600000,0.1696,0.1704,0.1514,0.1573,972416861.0,1639439999999,155604545.4369,239379,478401513.0,76567511.2821,0
1639440000000,0.1574,0.2204,0.1549,0.1909,7338444571.0,1639526399999,1422980144.51515,2081987,3662210303.0,710903865.46615,0
1639526400000,0.1909,0.1912,0.1703,0.1808,2177343912.0,1639612799999,391861093.2135,611631,1090482058.0,196361081.9939,0
1639612800000,0.1808,0.1853,0.1723,0.1732,1077785070.0,1639699199999,193396915.8299,286034,559582278.0,100442943.7764,0
1639699200000,0.1732,0.1766,0.1614,0.1685,1033871332.0,1639785599999,175363100.3527,269528,518776065.0,87992214.6883,0
1639785600000,0.1684,0.1757,0.1659,0.1723,594262965.0,1639871999999,101910893.0598,153484,318687775.0,54679290.5701,0
1639872000000,0.1723,0.1746,0.1691,0.1694,479149291.0,1639958399999,82264945.656,119876,249602366.0,42864227.4877,0
1639958400000,0.1695,0.1708,0.161,0.1671,823398873.0,1640044799999,136335890.5978,204021,438107885.0,72568959.8395,0
1640044800000,0.1671,0.1724,0.1657,0.1707,514233887.0,1640131199999,87347665.2781,145562,279873514.0,47556898.7219,0
1640131200000,0.1708,0.1799,0.1697,0.173,885691231.0,1640217599999,154399902.6538,237658,472893315.0,82432805.1488,0
1640217600000,0.173,0.1851,0.1712,0.185,1027458506.0,1640303999999,183498382.2527,277776,545612251.0,97454760.9063,0
1640304000000,0.1851,0.1955,0.1791,0.1862,1245909390.0,1640390399999,232926613.8257,384568,637846855.0,119268714.4315,0
1640390400000,0.1862,0.1957,0.1847,0.1908,883688963.0,1640476799999,168076719.3973,266869,457307663.0,87006817.3904,0
1640476800000,0.1908,0.1925,0.1849,0.1898,537153520.0,1640563199999,101438456.6451,177174,264808660.0,50033574.4222,0
1640563200000,0.1898,0.1928,0.1863,0.1879,613113643.0,1640649599999,116693300.0426,168273,328673356.0,62561863.3237,0
1640649600000,0.1879,0.188,0.1716,0.1739,979781920.0,1640735999999,175401657.4792,269089,479406746.0,85893608.465,0
1640736000000,0.1738,0.1773,0.1661,0.168,716005365.0,1640822399999,123220165.937,212435,362252263.0,62332389.4454,0
1640822400000,0.168,0.1758,0.1651,0.1711,524275170.0,1640908799999,89910272.5192,153194,248330282.0,42590401.7089,0
1640908800000,0.171,0.1758,0.1661,0.1703,572705101.0,1640995199999,98370383.9899,152444,280380946.0,48187266.8075,0
1640995200000,0.1703,0.1737,0.1697,0.1732,297504077.0,1641081599999,51118607.6971,78125,158466283.0,27236580.1818,0
1641081600000,0.1731,0.1763,0.1705,0.1745,312955886.0,1641167999999,54232018.27,103674,163325748.0,28306596.7571,0
1641168000000,0.1745,0.1745,0.1674,0.1703,460985351.0,1641254399999,78769279.941,139249,236643465.0,40454695.5123,0
1641254400000,0.1703,0.1726,0.1665,0.1684,496439208.0,1641340799999,84445791.1798,127545,258358537.0,43963449.9572,0
1641340800000,0.1685,0.171,0.1472,0.159,1084632258.0,1641427199999,175586840.1573,307998,519468771.0,84347970.5166,0
1641427200000,0.1591,0.1621,0.1539,0.1599,705767171.0,1641513599999,111252225.6206,163053,331392118.0,52235681.7908,0
1641513600000,0.16,0.1604,0.1489,0.155,1079690606.0,1641599999999,165985187.7182,238457,524873451.0,80687647.1876,0
1641600000000,0.1551,0.1579,0.1451,0.1509,582238373.0,1641686399999,88691615.3809,145534,278235707.0,42421445.1316,0
1641686400000,0.1509,0.1539,0.1486,0.1505,381170543.0,1641772799999,57712544.2089,92096,191973908.0,29072171.9329,0
1641772800000,0.1505,0.1522,0.1368,0.1431,845047878.0,1641859199999,121825858.8591,195011,411748988.0,59337750.3743,0
1641859200000,0.143,0.167,0.1417,0.1538,1691718365.0,1641945599999,261232755.9332,414265,854207845.0,131940452.4377,0
1641945600000,0.1538,0.1636,0.1511,0.1628,911010585.0,1642031999999,143396864.3384,216889,460847941.0,72543896.906,0
1642032000000,0.1627,0.1781,0.1613,0.1717,2116971492.0,1642118399999,358114424.2763,608901,1067578465.0,180674630.9499,0
1642118400000,0.1716,0.2148,0.1703,0.1832,5406672589.0,1642204799999,1034712134.3893,1616626,2689985543.0,515284708.4719,0
1642204800000,0.1832,0.1948,0.1815,0.1845,1633943311.0,1642291199999,308140647.2091,433639,811539534.0,153103221.6356,0
1642291200000,0.1845,0.1847,0.1734,0.1766,1069094552.0,1642377599999,191535560.1624,295928,526333293.0,94336067.3161,0
1642377600000,0.1766,0.1784,0.1656,0.1708,1091483397.0,1642463999999,185872598.3903,294432,536514256.0,91400867.4567,0
1642464000000,0.1708,0.1743,0.1616,0.1651,945110452.0,1642550399999,157263745.6347,261221,475805701.0,79199534.8282,0
1642550400000,0.1651,0.1696,0.1589,0.1615,867134554.0,1642636799999,142010625.8198,228221,436070719.0,71425923.2883,0
1642636800000,0.1616,0.1693,0.1536,0.1553,763530515.0,1642723199999,123916671.2321,209516,366070872.0,59505929.1432,0
1642723200000,0.1553,0.1576,0.1399,0.1419,1503858051.0,1642809599999,224735013.2596,364233,704314427.0,105241181.6868,0
1642809600000,0.142,0.1453,0.12,0.1332,2241546261.6,1642895999999,295060612.1658983,463517,1108687516.9,145785996.42032,0
1642896000000,0.1333,0.1447,0.132,0.1418,1196841624.0,1642982399999,165845229.2333,264793,604938180.0,83892257.1492,0
1642982400000,0.1417,0.1418,0.1256,0.1373,1607720454.0,1643068799999,212415108.1292,315848,794112064.0,104943160.4694,0
1643068800000,0.1373,0.1506,0.1325,0.1427,1316136672.0,1643155199999,185529039.4845,329252,669803321.0,94493055.0819,0
1643155200000,0.1427,0.1534,0.1409,0.1431,1324673854.0,1643241599999,195069981.4125,323716,636479042.0,93775738.3155,0
1643241600000,0.1431,0.1459,0.1362,0.1414,677890025.0,1643327999999,95591229.4124,178577,338301476.0,47729460.4898,0
1643328000000,0.1415,0.1426,0.1377,0.1414,464231063.0,1643414399999,65093571.55,134663,236374039.0,33148091.4377,0
1643414400000,0.1415,0.1442,0.1403,0.143,339117872.0,1643500799999,48327531.0195,100888,169159289.0,24114855.0483,0
1643500800000,0.1429,0.1438,0.138,0.1391,341622629.0,1643587199999,48248673.1056,100186,162184197.0,22920172.0288,0
1643587200000,0.1392,0.1426,0.1363,0.1415,365107026.0,1643673599999,50863765.1392,104382,185459350.0,25851527.8916,0
1643673600000,0.1416,0.1444,0.1408,0.1423,374440012.0,1643759999999,53367321.6631,113926,201112249.0,28676235.2092,0
1643760000000,0.1423,0.1466,0.135,0.137,491750010.0,1643846399999,69462097.1151,153061,240458940.0,34011785.0974,0
1643846400000,0.1369,0.1389,0.1346,0.1379,384297073.0,1643932799999,52515119.2962,102345,208557030.0,28492663.1793,0
1643932800000,0.138,0.1481,0.1369,0.1478,562305646.0,1644019199999,79672789.3674,144888,293806782.0,41644110.3951,0
1644019200000,0.1479,0.1507,0.1447,0.1469,526695035.0,1644105599999,78083669.3031,157132,262435487.0,38915585.4117,0
1644105600000,0.1468,0.1559,0.1445,0.1539,705984242.0,1644191999999,106084049.9773,191837,356136113.0,53506004.6489,0
1644192000000,0.154,0.1731,0.1513,0.1653,1810847856.0,1644278399999,293541596.5885,464947,919529679.0,148996165.6462,0
1644278400000,0.1653,0.1711,0.1529,0.1581,1273034951.0,1644364799999,204348469.3536,312226,629710347.0,101085838.4786,0
1644364800000,0.1582,0.1624,0.1542,0.1594,691842118.0,1644451199999,109484358.685,163418,355774821.0,56315802.9784,0
1644451200000,0.1594,0.1607,0.15,0.1514,921972005.0,1644537599999,143685718.0366,208286,449467962.0,70082795.5743,0
1644537600000,0.1515,0.1543,0.1419,0.1446,706523003.0,1644623999999,105560457.2996,154473,339950039.0,50835146.8122,0
1644624000000,0.1446,0.1475,0.1402,0.1444,573672346.0,1644710399999,82327832.1591,117786,260294526.0,37376783.5403,0
1644710400000,0.1443,0.158,0.1437,0.148,1586345314.0,1644796799999,241312989.5697,296082,787695148.0,119855021.4407,0
1644796800000,0.1481,0.1506,0.1427,0.1457,901483820.0,1644883199999,131524397.0247,158846,465283410.0,67879033.3899,0
1644883200000,0.1458,0.1524,0.1448,0.1517,600243216.0,1644969599999,89684396.7507,125329,307814499.0,46005765.2675,0
1644969600000,0.1517,0.1517,0.1462,0.1487,432478291.0,1645055999999,64397688.0138,98490,212776026.0,31698122.3762,0
1645056000000,0.1487,0.15,0.1368,0.1383,740203412.0,1645142399999,106248232.2278,141390,356827663.0,51197373.0515,0
1645142400000,0.1383,0.1422,0.136,0.1386,619882904.0,1645228799999,86323668.0815,100190,301956254.0,42050980.9722,0
1645228800000,0.1386,0.1465,0.1384,0.1409,677612304.0,1645315199999,96251390.2328,119164,338049902.0,48003533.9296,0
1645315200000,0.1409,0.1411,0.135,0.1366,508576015.0,1645401599999,69748594.557,82037,239395304.0,32851411.5776,0
1645401600000,0.1367,0.1419,0.1271,0.1282,1003925366.0,1645487999999,136174984.9356,144334,492089512.0,66792835.1293,0
1645488000000,0.1283,0.1318,0.1238,0.1313,711049048.0,1645574399999,91140316.2741,105668,364149598.0,46683591.9643,0
1645574400000,0.1313,0.1356,0.1272,0.1273,608946632.0,1645660799999,80213055.0623,88771,295766095.0,38976815.4529,0
1645660800000,0.1273,0.1277,0.1065,0.1241,2457565179.9,1645747199999,285892016.455516,340480,1209496744.0,140701149.1092,0
1645747200000,0.1241,0.1284,0.1205,0.1276,799509758.0,1645833599999,99339704.0152,131729,394610571.0,49041065.2523,0
1645833600000,0.1276,0.1306,0.1257,0.1276,531223949.0,1645919999999,67936605.6052,87364,264034599.0,33772554.6181,0
1645920000000,0.1276,0.1284,0.1209,0.1229,635411701.0,1646006399999,79466421.6328,98850,308160776.0,38562774.9738,0
1646006400000,0.123,0.1349,0.1213,0.1335,734786347.0,1646092799999,93226670.4512,122865,392845986.0,49854101.9095,0
1646092800000,0.1334,0.139,0.1297,0.134,925222290.0,1646179199999,123564983.0935,158151,454781836.0,60756947.7858,0
1646179200000,0.134,0.1373,0.1306,0.133,672511452.0,1646265599999,89853516.1337,116521,330589990.0,44184749.0729,0
1646265600000,0.133,0.1339,0.1271,0.1297,523496191.0,1646351999999,68490030.5126,100557,247735453.0,32401463.7875,0
1646352000000,0.1297,0.1302,0.12,0.1226,660309989.0,1646438399999,83001834.0509,115814,313289101.0,39380480.9635,0
1646438400000,0.1226,0.1256,0.1209,0.125,323924728.0,1646524799999,39959043.8724,58768,156516983.0,19310209.8825,0
1646524800000,0.1249,0.1256,0.1193,0.1207,386679370.0,1646611199999,47420631.5594,75202,189779664.0,23280430.9673,0
1646611200000,0.1207,0.1226,0.1132,0.1167,511547343.0,1646697599999,60797673.3187,96499,255633071.0,30392930.5579,0
1646697600000,0.1168,0.12,0.1152,0.117,545435466.0,1646783999999,64282780.3031,94497,265086500.0,31245461.0864,0
1646784000000,0.117,0.1245,0.1164,0.1215,538317389.0,1646870399999,65487819.9602,100324,282242033.0,34312228.8587,0
1646870400000,0.1215,0.1219,0.1145,0.1169,558495794.0,1646956799999,65399400.457,94268,266110695.0,31152261.8926,0
1646956800000,0.1169,0.1186,0.1137,0.1155,407557724.0,1647043199999,47332538.5095,70497,197403265.0,22927155.2867,0
1647043200000,0.1154,0.1173,0.1146,0.1147,214689375.0,1647129599999,24944582.4179,42957,100064944.0,11631902.9924,0
1647129600000,0.1147,0.1164,0.1099,0.1114,401940015.0,1647215999999,45696820.4437,76195,200205239.0,22776879.0737,0
1647216000000,0.1114,0.122,0.1102,0.1139,948724536.0,1647302399999,109293070.661,142648,482524970.0,55576627.2851,0
1647302400000,0.1139,0.1143,0.1101,0.1126,417039779.0,1647388799999,46852675.1383,67179,213274508.0,23969261.2775,0
1647388800000,0.1126,0.1171,0.1121,0.1171,548022368.0,1647475199999,62626458.849,95577,275659888.0,31520774.267,0
1647475200000,0.117,0.1194,0.1158,0.1163,444108919.0,1647561599999,52079343.9242,70463,208872729.0,24499228.6595,0
1647561600000,0.1164,0.1196,0.1142,0.1191,431655767.0,1647647999999,50225238.4235,72814,205111144.0,23886178.2321,0
1647648000000,0.1192,0.1251,0.1183,0.1236,678711412.0,1647734399999,82752666.0781,125676,339894607.0,41424059.8562,0
1647734400000,0.1235,0.1241,0.1174,0.1191,425713425.0,1647820799999,51233957.8634,72191,183725980.0,22127511.8965,0
1647820800000,0.1191,0.1217,0.1176,0.1192,403696503.0,1647907199999,48265946.8891,75027,206600507.0,24704698.7759,0
1647907200000,0.1193,0.1257,0.1186,0.1224,640695818.0,1647993599999,78763665.2956,108852,318686581.0,39185555.0425,0
1647993600000,0.1224,0.1314,0.121,0.1298,1136679760.0,1648079999999,143902569.424,188709,574910647.0,72785747.4209,0
1648080000000,0.1299,0.1413,0.1277,0.1368,2168603367.0,1648166399999,295002518.0014,388811,1087265323.0,147923068.5646,0
1648166400000,0.1368,0.1377,0.1274,0.1308,1191949148.0,1648252799999,159055133.6597,181034,586434204.0,78283077.3718,0
1648252800000,0.1308,0.1369,0.1289,0.136,780328909.0,1648339199999,103966571.1626,125845,401401612.0,53479553.7754,0
1648339200000,0.1361,0.1456,0.1354,0.1448,1864810242.0,1648425599999,262487760.1338,330309,932082936.0,131241307.1636,0
1648425600000,0.1447,0.1537,0.1406,0.1425,1905719594.0,1648511999999,283833893.9669,350602,954604398.0,142240497.6745,0
1648512000000,0.1424,0.1489,0.1404,0.1444,1173218699.0,1648598399999,170284471.0566,187360,589643332.0,85610114.6734,0
1648598400000,0.1444,0.1456,0.1379,0.1432,1131014248.0,1648684799999,161160202.4198,170897,556549495.0,79335007.7441,0
1648684800000,0.1431,0.148,0.1359,0.1381,1464999405.0,1648771199999,208348718.7568,198636,705160748.0,100389742.5579,0
1648771200000,0.1381,0.143,0.132,0.1413,1030256213.0,1648857599999,141710757.4801,167265,517383250.0,71210903.3953,0
1648857600000,0.1414,0.1445,0.1378,0.1387,804996467.0,1648943999999,114155659.6984,132416,402837567.0,57147775.6931,0
1648944000000,0.1387,0.1496,0.1362,0.1466,1229288569.0,1649030399999,177342644.6458,227999,612465732.0,88342863.1189,0
1649030400000,0.1465,0.1567,0.1412,0.1485,2703058960.0,1649116799999,400091044.5882,508873,1366582833.0,202454973.0642,0
1649116800000,0.1485,0.1796,0.1471,0.1727,6454340799.0,1649203199999,1051143328.0815,1285123,3316920104.0,540134257.4456,0
1649203200000,0.1727,0.1748,0.141,0.1433,5121714785.0,1649289599999,798394034.0751,885187,2456816786.0,383420797.7542,0
1649289600000,0.1432,0.1483,0.14,0.1459,1901323940.0,1649375999999,274657540.8829,268958,915945037.0,132340656.1621,0
1649376000000,0.1459,0.1534,0.1404,0.1424,2219140122.0,1649462399999,327404865.7738,316228,1099083539.0,162220164.1866,0
1649462400000,0.1423,0.1446,0.1405,0.1442,598706994.0,1649548799999,85533936.6791,104463,293159096.0,41885949.87,0
1649548800000,0.1442,0.1578,0.1435,0.1482,2653381549.0,1649635199999,402339087.5243,440083,1316690755.0,199624673.9016,0
1649635200000,0.1482,0.1515,0.1329,0.1341,2077944539.0,1649721599999,295551510.5921,336976,982609806.0,139755737.2114,0
1649721600000,0.134,0.1446,0.1332,0.138,1432968065.0,1649807999999,198763674.2482,239645,724115650.0,100388869.0161,0
1649808000000,0.138,0.1435,0.1362,0.1399,982887318.0,1649894399999,137393251.8626,166895,515889592.0,72097393.4084,0
1649894400000,0.14,0.1478,0.1368,0.1441,2218098250.0,1649980799999,316371897.4894,347004,1127039874.0,160832610.2301,0
1649980800000,0.1442,0.1498,0.1418,0.1458,1414074566.0,1650067199999,206421725.1436,242481,723331407.0,105605181.6005,0
1650067200000,0.1458,0.148,0.1414,0.1435,747201976.0,1650153599999,107920654.559,126459,360742976.0,52094777.2852,0
1650153600000,0.1435,0.145,0.1383,0.1392,693196715.0,1650239999999,98798237.2005,118303,340769559.0,48581191.0419,0
1650240000000,0.1392,0.1405,0.1327,0.1402,1219207335.0,1650326399999,166631673.4024,172568,596502256.0,81548989.7467,0
1650326400000,0.1401,0.1446,0.1391,0.1425,811386437.0,1650412799999,114731377.7582,121222,408621729.0,57797610.0372,0
1650412800000,0.1425,0.1468,0.1389,0.1407,1387121991.0,1650499199999,198712438.6518,183954,699615979.0,100268190.3771,0
1650499200000,0.1407,0.143,0.134,0.1362,873720271.0,1650585599999,121931727.0683,134778,426350250.0,59530339.2994,0
1650585600000,0.1362,0.1382,0.1346,0.1363,572175737.0,1650671999999,78050873.8321,82694,270388385.0,36887707.0844,0
1650672000000,0.1363,0.1368,0.1331,0.1339,337691149.0,1650758399999,45561190.4933,56187,164426748.0,22183292.7874,0
1650758400000,0.1338,0.1348,0.1309,0.1317,521764787.0,1650844799999,69350563.4178,71201,246622640.0,32771318.1904,0
1650844800000,0.1318,0.1711,0.1224,0.1581,7687212862.0,1650931199999,1147372432.2386,1341383,3894347339.0,581469362.6779,0
1650931200000,0.1582,0.1668,0.1354,0.1376,6993892003.0,1651017599999,1069301464.5069,1199816,3483274584.0,533293267.1633,0
1651017600000,0.1376,0.1456,0.135,0.14,2395315272.0,1651103999999,336123088.5247,373346,1171750124.0,164454980.387,0
1651104000000,0.1399,0.1433,0.1352,0.1375,1507644481.0,1651190399999,209786452.3578,222069,724258920.0,100854196.854,0
1651190400000,0.1375,0.1451,0.1331,0.1349,2002962085.0,1651276799999,277934350.0211,327678,991503826.0,137693884.8291,0
1651276800000,0.135,0.1368,0.1238,0.1274,1256533034.0,1651363199999,164757599.6811,242872,576086632.0,75581669.9317,0
1651363200000,0.1273,0.1366,0.126,0.1327,1208220038.0,1651449599999,158692847.4427,186400,617237738.0,81085031.9331,0
1651449600000,0.1327,0.134,0.1276,0.1308,791121203.0,1651535999999,103670354.2818,119984,383750213.0,50302165.0932,0
1651536000000,0.1308,0.132,0.1264,0.1295,602983927.0,1651622399999,78261051.8947,86809,285554984.0,37070596.814,0
1651622400000,0.1294,0.1363,0.129,0.1359,999925457.0,1651708799999,131931283.3135,143213,525836097.0,69434094.965,0
1651708800000,0.136,0.1378,0.125,0.1282,1663729207.0,1651795199999,218173969.8404,239158,789153775.0,103593370.9702,0
1651795200000,0.1281,0.1299,0.1234,0.1278,919219399.0,1651881599999,116682459.5988,146685,457797529.0,58131262.671,0
1651881600000,0.1277,0.1324,0.1245,0.1275,913433603.0,1651967999999,117146687.0366,152856,447131574.0,57378688.5552,0
1651968000000,0.1274,0.1283,0.1226,0.1241,770287457.0,1652054399999,96542930.9894,124742,355107594.0,44507359.7334,0
1652054400000,0.1241,0.1253,0.1001,0.1019,2102771008.3,1652140799999,239113759.3231294,312051,1001714560.0,113857292.5067,0
1652140800000,0.1018,0.1184,0.0992,0.108,1929997320.5,1652227199999,210771372.329382,307346,947153411.0,103496510.088,0
1652227200000,0.108,0.1109,0.0711,0.0853,4698607567.9,1652313599999,440124665.1290712,639261,2215431843.4,207447076.2178,0
1652313600000,0.0852,0.0899,0.0689,0.0826,4099690301.0,1652399999999,324180510.40739286,612330,1908366291.0,150860320.0595,0
1652400000000,0.0826,0.0964,0.082,0.0881,2571346706.0,1652486399999,232985182.6653,342187,1283322512.0,116274419.613,0
1652486400000,0.0881,0.092,0.0836,0.0894,1212363074.0,1652572799999,106875054.287,179875,579372105.0,51067915.7042,0
1652572800000,0.0895,0.0933,0.0864,0.0932,799028070.0,1652659199999,71273603.9508,117569,400440161.0,35723347.0725,0
1652659200000,0.0932,0.0932,0.0858,0.088,674846170.0,1652745599999,59593088.4111,108447,331343287.0,29265885.3837,0
1652745600000,0.088,0.0914,0.0869,0.0903,632579482.0,1652831999999,56518959.3183,105455,315681236.0,28210916.1287,0
1652832000000,0.0903,0.091,0.0831,0.0833,552003943.0,1652918399999,47920803.8084,91933,272137616.0,23621426.8203,0
1652918400000,0.0834,0.0876,0.0814,0.0866,537654022.0,1653004799999,45628823.8841,101250,260830900.0,22134136.2883,0
1653004800000,0.0866,0.088,0.0825,0.084,494642225.0,1653091199999,42242911.2553,125585,226322567.0,19318807.8511,0
1653091200000,0.084,0.0855,0.0824,0.0845,200173227.0,1653177599999,16839511.2088,41884,102515764.0,8626060.468,0
1653177600000,0.0844,0.0867,0.0838,0.0859,212040160.0,1653263999999,18116210.7432,42904,106772098.0,9124128.9059,0
1653264000000,0.0859,0.0884,0.0821,0.0833,491119625.0,1653350399999,42231960.2234,77802,248060507.0,21337849.0241,0
1653350400000,0.0833,0.0844,0.0801,0.0837,359716178.0,1653436799999,29793056.7447,51015,184205120.0,15258722.4159,0
1653436800000,0.0837,0.0845,0.0821,0.083,417147590.0,1653523199999,34683533.0139,49561,206804829.0,17199859.8009,0
1653523200000,0.0829,0.0837,0.075,0.0779,863761845.0,1653609599999,68207421.01,99973,417950497.0,32984241.5372,0
1653609600000,0.0779,0.09,0.076,0.0816,1955445636.0,1653695999999,161102847.6199,254240,962628357.0,79342282.3437,0
1653696000000,0.0815,0.0834,0.0808,0.0818,539169761.0,1653782399999,44147605.091,70892,245593089.0,20122401.0879,0
1653782400000,0.0818,0.0833,0.0798,0.0827,368598200.0,1653868799999,30139562.1843,53700,185865592.0,15209054.6552,0
1653868800000,0.0827,0.08857,0.0821,0.088,1210365782.0,1653955199999,103736341.96524,175361,617740846.0,52958569.54562,0
1653955200000,0.088,0.0885,0.08308,0.08591,1380975219.0,1654041599999,118883517.63877,198304,683327868.0,58822868.63781,0
1654041600000,0.0859,0.08952,0.07872,0.08105,2111914425.0,1654127999999,179173789.19822,273373,1039628260.0,88198891.21361,0
1654128000000,0.08106,0.08313,0.08001,0.08277,950935239.0,1654214399999,77422479.03407,138166,480387395.0,39109218.22182,0
1654214400000,0.08279,0.08296,0.07936,0.08029,719704158.0,1654300799999,58286787.39083,112202,362573219.0,29356331.16779,0
1654300800000,0.08033,0.08252,0.07932,0.08187,508858133.0,1654387199999,41312175.35615,78651,253815801.0,20606473.55893,0
1654387200000,0.08188,0.08225,0.0806,0.08107,372318514.0,1654473599999,30371072.32997,63142,189998704.0,15500172.47488,0
1654473600000,0.08108,0.08473,0.08089,0.0825,810064865.0,1654559999999,67215049.35909,122162,418283131.0,34707359.59487,0
1654560000000,0.0825,0.08258,0.07769,0.08039,733934095.0,1654646399999,58834598.51563,123942,364334608.0,29223923.21214,0
1654646400000,0.08039,0.0816,0.0788,0.07927,536757669.0,1654732799999,42979808.21191,95641,267804314.0,21448195.20195,0
1654732800000,0.07927,0.08105,0.07893,0.07937,322805496.0,1654819199999,25765458.37242,64815,162609445.0,12979822.04878,0
1654819200000,0.07937,0.07974,0.07423,0.07539,584554571.0,1654905599999,45010854.55354,105310,290066230.0,22329499.7282,0
1654905600000,0.07538,0.07649,0.06793,0.06993,750865386.0,1654991999999,53683178.03036,131409,367004007.0,26234279.29483,0
1654992000000,0.06994,0.07037,0.06344,0.06353,1339377069.7,1655078399999,88779563.9790248,214387,623891692.0,41380135.07304,0
1655078400000,0.06352,0.06627,0.05234,0.0542,3222482666.2,1655164799999,183236473.66619447,519889,1595743105.4,90790145.27431,0
1655164800000,0.05418,0.05842,0.04978,0.05555,2292552206.0,1655251199999,125432740.9097084,353154,1127044979.0,61660572.91287,0
1655251200000,0.05556,0.06394,0.05041,0.06285,2340963490.0,1655337599999,128648902.12516,391699,1172920560.0,64464498.45754,0
1655337600000,0.06285,0.06285,0.05421,0.05523,1635504912.0,1655423999999,94401491.76816,258302,808896252.0,46682588.11335,0
1655424000000,0.05523,0.05814,0.05463,0.05689,694665887.0,1655510399999,39400049.44512,120789,342805868.0,19441135.14138,0
1655510400000,0.0569,0.05787,0.04914,0.0529,1478029999.0,1655596799999,78653187.16525,234084,746054576.0,39714549.47371,0
1655596800000,0.05289,0.0629,0.05116,0.06047,2339917678.0,1655683199999,133346502.12006,397192,1172282748.0,66828776.18122,0
1655683200000,0.06046,0.06152,0.05744,0.06002,963247514.0,1655769599999,57195844.19724,184453,475173731.0,28217181.60921,0
1655769600000,0.06002,0.06993,0.05896,0.06581,2221434344.0,1655855999999,144904487.74883,386924,1120351796.0,73070255.48577,0
1655856000000,0.06583,0.06583,0.06105,0.0617,1245199586.0,1655942399999,78422432.89696,232702,590509796.0,37196835.92077,0
1656028800000,0.06398,0.06854,0.06391,0.06694,897806951.0,1656115199999,59396860.79661,155576,437790640.0,28984912.51718,0
1656115200000,0.06694,0.06934,0.0651,0.06852,767798491.0,1656201599999,51757596.91645,134228,378697102.0,25538987.89711,0
1656201600000,0.06852,0.07759,0.06719,0.07296,1762543405.0,1656287999999,127948048.33162,327553,915707766.0,66476695.49169,0
1656288000000,0.07297,0.0788,0.0705,0.07216,1823287836.0,1656374399999,136307639.09611,350225,917972744.0,68618097.86188,0
1656374400000,0.07218,0.0734,0.0654,0.0661,1134861583.0,1656460799999,79223772.7859,205405,538523513.0,37586577.80758,0
1656460800000,0.0661,0.07159,0.06409,0.06956,1112315068.0,1656547199999,75029965.78287,216150,552813315.0,37338460.08002,0
1656547200000,0.06958,0.06973,0.06227,0.06644,1057005992.0,1656633599999,68718354.41226,218258,518252551.0,33701730.02738,0
1656633600000,0.06642,0.06846,0.06386,0.06644,872749922.0,1656719999999,57629359.70038,173602,433545124.0,28632314.9184,0
1656720000000,0.06645,0.068,0.0655,0.06667,618971181.0,1656806399999,41350431.9297,127773,321212819.0,21459443.71757,0
1656806400000,0.06667,0.0675,0.06482,0.06721,437895956.0,1656892799999,28974235.9598,85450,221223208.0,14633743.81826,0
1656892800000,0.06721,0.06981,0.06566,0.06938,647421086.0,1656979199999,43855197.21635,119132,326662878.0,22137798.10655,0
1656979200000,0.06937,0.07002,0.0655,0.06716,634033746.0,1657065599999,42994496.94514,128561,324149210.0,22001168.30469,0
1657065600000,0.06716,0.0693,0.06616,0.06844,643845555.0,1657151999999,43652824.59127,120657,335880023.0,22775475.24815,0
1657152000000,0.06843,0.07122,0.06786,0.07055,698711394.0,1657238399999,48639931.15523,117622,375306663.0,26136286.27603,0
1657238400000,0.07056,0.0735,0.06823,0.06906,767634396.0,1657324799999,53866869.99886,144875,359428736.0,25221557.36004,0
1657324800000,0.06906,0.07019,0.06881,0.06947,356555177.0,1657411199999,24788969.66587,65425,161932460.0,11260005.10413,0
1657411200000,0.06947,0.0695,0.06626,0.06728,500345310.0,1657497599999,33772694.86866,76057,227789955.0,15369143.85305,0
1657497600000,0.06728,0.06729,0.06119,0.06175,567740257.0,1657583999999,36619245.03575,99063,300728323.0,19392563.29738,0
1657584000000,0.06175,0.06316,0.05972,0.05982,490698646.0,1657670399999,30143407.77588,91247,251754760.0,15458360.84961,0
1657670400000,0.05981,0.06235,0.05754,0.06194,765623144.0,1657756799999,46058378.1556,135523,373431631.0,22467561.78594,0
1657756800000,0.06194,0.06282,0.05946,0.06246,619370560.0,1657843199999,37889836.80867,100279,306213926.0,18740242.38538,0
1657843200000,0.06247,0.06443,0.06162,0.06294,651264714.0,1657929599999,41111678.24732,119396,332248918.0,20970280.0831,0
1657929600000,0.06293,0.06484,0.06176,0.06439,450542104.0,1658015999999,28598349.07682,86274,231424692.0,14703969.34202,0
1658016000000,0.06437,0.06552,0.06289,0.06306,413264543.0,1658102399999,26531191.9023,80443,200988031.0,12911308.01984,0
1658102400000,0.06306,0.06897,0.06299,0.06756,1153131436.0,1658188799999,76698811.25945,211722,615008434.0,40899816.16179,0
1658188800000,0.06755,0.07025,0.06539,0.06901,1049353576.0,1658275199999,71280807.39764,211211,553741012.0,37634887.6932,0
1658275200000,0.06902,0.07695,0.06769,0.07014,1879167633.0,1658361599999,136124920.87375,393791,945888943.0,68561985.68658,0
1658361600000,0.07012,0.07091,0.06691,0.06998,831525229.0,1658447999999,57296862.70056,167881,415004833.0,28609706.85107,0
1658448000000,0.06997,0.07141,0.0667,0.06743,698239065.0,1658534399999,48427831.55123,140701,334505799.0,23217351.99353,0
1658534400000,0.06743,0.0695,0.06594,0.06804,574830361.0,1658620799999,38863079.68434,115180,269150512.0,18204125.24454,0
1658620800000,0.06802,0.06893,0.06721,0.06755,422181889.0,1658707199999,28833198.0095,81519,207446149.0,14164384.22726,0
1658707200000,0.06755,0.06799,0.06175,0.06193,699294463.0,1658793599999,45313108.85976,136385,322764030.0,20902523.62314,0
1658793600000,0.06194,0.06267,0.06011,0.06252,598070119.0,1658879999999,36715804.47835,108008,254367012.0,15613432.23578,0
1658880000000,0.06253,0.06722,0.06178,0.06721,722135201.0,1658966399999,46414228.10884,120098,375314446.0,24141431.92383,0
1658966400000,0.06722,0.07089,0.06518,0.06909,947954323.0,1659052799999,64139627.45806,173112,485220909.0,32832808.66546,0
1659052800000,0.06912,0.07244,0.06723,0.06877,1006131726.0,1659139199999,70028114.06012,208331,521882721.0,36320810.5331,0
1659139200000,0.06879,0.07454,0.06788,0.06965,1305533142.0,1659225599999,93038892.43579,252675,655093894.0,46687366.95428,0
1659225600000,0.06966,0.07225,0.06771,0.06807,789967033.0,1659311999999,55406419.32442,150464,396637118.0,27822130.72523,0
1659312000000,0.06809,0.07128,0.06682,0.06845,770509779.0,1659398399999,52890145.22155,148817,400395881.0,27490317.74225,0
1659398400000,0.06845,0.06913,0.06546,0.06652,571786789.0,1659484799999,38263225.02652,122520,288623302.0,19323729.94181,0
1659484800000,0.06652,0.06842,0.06509,0.06621,475501306.0,1659571199999,31901099.46224,97042,243196433.0,16336300.01394,0
1659571200000,0.06621,0.06767,0.06574,0.06725,417953599.0,1659657599999,27891714.90145,85584,207417226.0,13844104.08299,0
1659657600000,0.06725,0.07028,0.06717,0.06981,655343802.0,1659743999999,45187095.79871,117930,341493125.0,23541983.93204,0
1659744000000,0.06981,0.07133,0.0684,0.06863,515275101.0,1659830399999,35996342.73437,84616,256508809.0,17917244.47744,0
1659830400000,0.06863,0.07,0.06735,0.06897,334443472.0,1659916799999,23010367.80449,62626,169134124.0,11646246.74882,0
1659916800000,0.06896,0.07258,0.06881,0.07011,791973876.0,1660003199999,55880993.42293,120684,407222209.0,28729389.19834,0
1660003200000,0.07009,0.075,0.06743,0.06904,1319171735.0,1660089599999,93675515.65975,209593,667092824.0,47457857.01526,0
1660089600000,0.06902,0.07147,0.06649,0.07126,864532997.0,1660175999999,60269762.27526,141421,433899360.0,30292453.50204,0
1660176000000,0.07126,0.0755,0.07042,0.07084,1244652711.0,1660262399999,90027449.51609,193542,657465058.0,47558517.04443,0
1660262400000,0.07085,0.07275,0.06966,0.0723,558720656.0,1660348799999,39743070.26094,89846,282681109.0,20121637.9318,0
1660348800000,0.07232,0.07517,0.0718,0.07293,814196356.0,1660435199999,59835990.93462,129095,408054575.0,29992364.75237,0
1660435200000,0.07292,0.08494,0.07262,0.08168,3169284659.0,1660521599999,250618168.79897,532696,1609589826.0,127246453.81659,0
1660521600000,0.08168,0.08203,0.07467,0.07662,1760099314.0,1660607999999,136804167.31093,277498,843201287.0,65560058.6856,0
1660608000000,0.07663,0.08962,0.07615,0.08677,4011386761.0,1660694399999,340605368.97791,752568,1997521624.0,169570117.16609,0
1660694400000,0.08677,0.08897,0.07933,0.08021,2056226341.0,1660780799999,172611549.57315,405868,1003053160.0,84218301.75797,0
1660780800000,0.08021,0.08229,0.07347,0.07474,1299546363.0,1660867199999,102929979.46226,259237,636902103.0,50500166.67819,0
1660867200000,0.07474,0.07529,0.06702,0.06776,2379477045.0,1660953599999,168029925.32561,401666,1106075426.0,78073856.84555,0
1660953600000,0.06777,0.07118,0.06764,0.06933,1258894600.0,1661039999999,87443532.84146,204560,618457472.0,42968610.07958,0
1661040000000,0.06934,0.0708,0.06739,0.06932,1013563879.0,1661126399999,70057646.24807,155807,504059899.0,34841726.78299,0
1661126400000,0.06933,0.06942,0.06518,0.0684,884457833.0,1661212799999,59378487.97607,145254,443506590.0,29778003.49018,0
1661212800000,0.06841,0.06923,0.06687,0.06884,498322188.0,1661299199999,34066084.81716,94894,259416442.0,17733647.31028,0
1661299200000,0.06884,0.06967,0.06703,0.06791,536623127.0,1661385599999,36591184.20362,92822,267575225.0,18246305.2502,0
1661385600000,0.06791,0.07185,0.06761,0.06898,904268436.0,1661471999999,62766250.38044,137328,445998689.0,30962483.5735,0
1661472000000,0.06898,0.06957,0.06273,0.06351,1220146376.0,1661558399999,81314351.02837,197815,561686612.0,37475777.87562,0
1661558400000,0.06351,0.06412,0.06225,0.06351,713605775.0,1661644799999,45229400.8519,108895,345027069.0,21871253.83175,0
1661644800000,0.06353,0.06432,0.06129,0.06178,533481708.0,1661731199999,33846104.97716,86127,250017284.0,15865230.11465,0
1661731200000,0.06177,0.06409,0.06088,0.06384,599200371.0,1661817599999,37465302.10047,98535,297407769.0,18606819.31426,0
1661817600000,0.06383,0.06448,0.06007,0.06154,611034766.0,1661903999999,38167405.14211,97424,307864816.0,19255118.6585,0
1661904000000,0.06155,0.06346,0.06072,0.06135,550957335.0,1661990399999,34364230.04412,86619,288378791.0,17984706.82329,0
1661990400000,0.06134,0.06263,0.05988,0.06239,567020740.0,1662076799999,34684316.50633,93637,288178784.0,17634624.087,0
1662076800000,0.06238,0.06288,0.06068,0.06165,436731244.0,1662163199999,27026922.44934,71654,209435790.0,12968016.47081,0
1662163200000,0.06164,0.06403,0.06112,0.06271,506474868.0,1662249599999,31647515.43153,76020,259319208.0,16211004.46844,0
1662249600000,0.06272,0.06391,0.06187,0.06323,426054692.0,1662335999999,26853885.68057,67731,223568417.0,14092743.01226,0
1662336000000,0.06323,0.06374,0.06092,0.06275,394413001.0,1662422399999,24517576.85927,63748,191656083.0,11917466.48653,0
1662422400000,0.06275,0.06531,0.058,0.05889,1030694821.0,1662508799999,63514276.34207,170358,485493041.0,29967411.53104,0
1662508800000,0.05888,0.06155,0.05737,0.06097,572781904.0,1662595199999,34165531.24651,89347,279492940.0,16679111.62717,0
1662595200000,0.06098,0.06142,0.05965,0.06096,474879318.0,1662681599999,28768305.85779,72624,247721149.0,15008475.76218,0
1662681600000,0.06099,0.06489,0.0609,0.06385,1042646377.0,1662767999999,65998539.36936,151533,548797929.0,34735659.04942,0
1662768000000,0.06386,0.06557,0.06315,0.06466,860544762.0,1662854399999,55200771.29684,123083,449443115.0,28832208.09167,0
1662854400000,0.06467,0.06531,0.06261,0.06369,712921351.0,1662940799999,45630590.89664,90750,356562065.0,22810361.2158,0
1662940800000,0.06369,0.06545,0.06261,0.06393,676230761.0,1663027199999,43219555.3989,108736,357522388.0,22860917.88614,0
1663027200000,0.06395,0.06419,0.05921,0.05964,1028728701.0,1663113599999,63391262.45387,150257,468099092.0,28894513.16418,0
1663113600000,0.05965,0.0615,0.05914,0.06115,689192149.0,1663199999999,41798988.64929,97112,340029507.0,20617330.77615,0
1663200000000,0.06114,0.06121,0.05847,0.0586,674751292.0,1663286399999,40347892.64479,96278,341707801.0,20405591.02113,0
1663286400000,0.05862,0.0605,0.05807,0.06046,481393122.0,1663372799999,28607431.91937,70575,218870853.0,13005693.19957,0
1663372800000,0.06045,0.06241,0.0602,0.0622,440603174.0,1663459199999,27041972.67826,61471,231330311.0,14207775.23554,0
1663459200000,0.0622,0.06225,0.05628,0.05743,600769480.0,1663545599999,35863959.74632,100983,271791070.0,16214213.51192,0
1663545600000,0.05744,0.05881,0.05588,0.05853,624550093.0,1663631999999,35716492.84438,94666,291505051.0,16674031.42815,0
1663632000000,0.05852,0.06064,0.05759,0.05839,518174761.0,1663718399999,30492514.28728,81153,251063623.0,14779211.1427,0
1663718400000,0.0584,0.06091,0.05606,0.05715,802984616.0,1663804799999,47073505.85546,139420,389566403.0,22849082.80189,0
1663804800000,0.05715,0.06007,0.05682,0.05958,485039595.0,1663891199999,28483271.56462,70300,253875237.0,14918908.86498,0
1663891200000,0.05959,0.06431,0.05912,0.06337,1396167433.0,1663977599999,86371325.55363,259047,752290330.0,46536010.68128,0
1663977600000,0.06337,0.06831,0.06239,0.0631,2594470223.0,1664063999999,170902713.06413,349390,1296546497.0,85402432.397,0
1664064000000,0.0631,0.06388,0.06004,0.06117,773373679.0,1664150399999,48276106.40898,110041,354604821.0,22142508.82924,0
1664150400000,0.06117,0.06188,0.05972,0.06113,586568692.0,1664236799999,35756992.15055,91888,276835187.0,16882578.71068,0
1664236800000,0.06112,0.06307,0.05973,0.06048,580177161.0,1664323199999,35773053.65668,95709,281864805.0,17395536.27048,0
1664323200000,0.0605,0.06113,0.05848,0.06051,501123807.0,1664409599999,30036516.5545,79377,235412543.0,14122389.4844,0
1664409600000,0.06051,0.06108,0.05927,0.06086,399104883.0,1664495999999,24049395.58313,54785,190828418.0,11502618.56177,0
1664496000000,0.06088,0.06228,0.05954,0.06167,685383674.0,1664582399999,41664780.96731,102479,336209931.0,20446900.68882,0
1664582400000,0.06168,0.06316,0.06025,0.06059,716678180.0,1664668799999,44059482.24182,98562,334664739.0,20581461.12235,0
1664668800000,0.0606,0.06096,0.0588,0.05927,337873392.0,1664755199999,20272146.94784,51539,163467479.0,9808284.19857,0
1664755200000,0.05926,0.06058,0.05879,0.06034,317408954.0,1664841599999,19020021.38669,53939,163761660.0,9816122.09951,0
1664841600000,0.06033,0.06645,0.05994,0.06584,1976517731.0,1664927999999,126403288.6458,255886,1025595350.0,65550608.81463,0
1664928000000,0.06584,0.06687,0.06262,0.06478,1259186373.0,1665014399999,81341592.85263,204016,626443041.0,40480357.42891,0
1665014400000,0.06479,0.06686,0.06279,0.06345,685939526.0,1665100799999,44477017.14141,123088,336667242.0,21836911.67965,0
1665100800000,0.06345,0.06383,0.06124,0.06235,500880550.0,1665187199999,31312992.836,82519,238816779.0,14933494.34246,0
1665187200000,0.06237,0.06268,0.06118,0.06165,230874372.0,1665273599999,14343832.54382,40902,104117912.0,6471543.04911,0
1665273600000,0.06164,0.0624,0.06116,0.06212,226968934.0,1665359999999,14029368.68017,36649,111883664.0,6915398.48824,0
1665360000000,0.0621,0.0625,0.0592,0.05938,386782574.0,1665446399999,23509791.67939,69301,171407818.0,10425045.74065,0
1665446400000,0.05938,0.06099,0.0575,0.06025,478062235.0,1665532799999,28383618.84857,98457,229068330.0,13603634.77628,0
1665532800000,0.06025,0.06099,0.05927,0.05981,252208137.0,1665619199999,15156606.6674,56777,125634312.0,7548500.64914,0
1665619200000,0.05979,0.06024,0.05509,0.05965,761866013.0,1665705599999,44151859.8439,152393,371133389.0,21536098.25189,0
1665705600000,0.05964,0.06103,0.05809,0.05866,327532810.0,1665791999999,19607691.71104,68949,155527802.0,9319061.74693,0
1665792000000,0.05865,0.05978,0.05797,0.05857,249335168.0,1665878399999,14666740.85068,46626,118693582.0,6981749.76582,0
1665878400000,0.05857,0.05946,0.05847,0.05891,160481253.0,1665964799999,9462727.56161,36500,76383905.0,4505123.8661,0
1665964800000,0.0589,0.06017,0.05854,0.05998,194737870.0,1666051199999,11577811.77047,42910,104724203.0,6228208.05682,0
1666051200000,0.05997,0.06116,0.05854,0.05976,351446283.0,1666137599999,20960813.99784,67255,175568668.0,10475027.72507,0
1666137600000,0.05975,0.0608,0.05821,0.05868,458718503.0,1666223999999,27312151.22634,89851,233819383.0,13930707.61416,0
1666224000000,0.05868,0.06037,0.05823,0.05942,340532633.0,1666310399999,20302196.85916,69988,165609614.0,9876317.70022,0
1666310400000,0.05942,0.05951,0.05709,0.05933,287377970.0,1666396799999,16820454.62145,63406,137584934.0,8057672.2807,0
1666396800000,0.05933,0.0599,0.0591,0.05968,198858373.0,1666483199999,11826382.24416,37146,110849973.0,6592551.33244,0
1666483200000,0.05969,0.0605,0.05865,0.06038,249563654.0,1666569599999,14889542.95298,48364,135325765.0,8078754.91177,0
1666569600000,0.06038,0.06092,0.05866,0.05945,344276898.0,1666655999999,20517881.69431,61518,167062832.0,9959898.90397,0
1666656000000,0.05944,0.06428,0.05913,0.06305,1024580884.0,1666742399999,63512078.12967,188566,534841373.0,33171160.96058,0
1666742400000,0.06304,0.07361,0.0626,0.07265,2893785380.0,1666828799999,198449308.69507,541272,1510146668.0,103531684.74909,0
1666828800000,0.07265,0.08552,0.07172,0.07689,5263995288.0,1666915199999,410779648.60063,1100604,2645584367.0,206468809.62349,0
1666915200000,0.07686,0.08849,0.0725,0.08387,6297011393.0,1667001599999,510559448.88093,1194899,3097568634.0,251083759.33403,0
1667001600000,0.08387,0.1515,0.08285,0.12176,15308814618.0,1667087999999,1798336067.34029,3566595,7761501012.0,911002436.24032,0
1667088000000,0.12176,0.1435,0.11122,0.11773,9155956957.0,1667174399999,1141170407.6575,2261840,4630363418.0,577365913.02931,0
1667174400000,0.11774,0.1318,0.11373,0.12686,7416828751.0,1667260799999,911376670.59762,1775888,3715091314.0,457036814.53182,0
1667260800000,0.12685,0.15893,0.12448,0.14211,9951558350.0,1667347199999,1411667775.59788,2491954,5107289464.0,724545754.9310099,0
1667347200000,0.14211,0.148,0.122,0.12765,6438544218.0,1667433599999,867245133.9326899,1769568,3102163294.0,418265266.01538,0
1667433600000,0.12766,0.13699,0.12,0.12262,3814668576.0,1667519999999,496730355.76447,906771,1904936695.0,248249509.22591,0
1667520000000,0.12262,0.12915,0.11552,0.12613,4491405373.0,1667606399999,548496239.72487,1005024,2205073370.0,269446766.66689,0
1667606400000,0.12612,0.136,0.12013,0.12445,2575911841.0,1667692799999,331281649.24698,695074,1270154107.0,163337339.12877,0
1667692800000,0.12444,0.1277,0.11183,0.11477,1828089235.0,1667779199999,221758203.0087,485972,883404024.0,107177560.68917,0
1667779200000,0.11477,0.11908,0.10717,0.11123,1960584662.0,1667865599999,225174032.74715,500514,965643859.0,111028068.37709,0
1667865600000,0.11124,0.113,0.0777,0.08827,6869827495.0,1667951999999,670413319.38954,1370546,3280973249.0,321696094.83639,0
1667952000000,0.08827,0.09219,0.07053,0.0745,5778334733.0,1668038399999,480982925.20811,1239937,2729819141.0,227921692.59247,0
1668038400000,0.07452,0.09461,0.07306,0.08978,4922943119.0,1668124799999,417803493.34345,999408,2371352035.0,201418565.84329,0
1668124800000,0.08976,0.09355,0.08001,0.08509,2597129664.0,1668211199999,221816642.55829,588140,1316122312.0,112485220.67706,0
1668211200000,0.08511,0.0952,0.07845,0.08815,3871215593.0,1668297599999,343823332.72233,847178,1928527192.0,171423512.62352,0
1668297600000,0.08814,0.09157,0.08269,0.08495,2193482956.0,1668383999999,191097547.85205,512861,1122484182.0,97751660.62878,0
1668384000000,0.08496,0.0915,0.07917,0.08595,2525683803.0,1668470399999,215477469.71021,607486,1222855529.0,104330606.48664,0
1668470400000,0.08594,0.0895,0.0847,0.08706,1318756115.0,1668556799999,114993655.98584,338530,641994008.0,56008044.31565,0
1668556800000,0.08705,0.09121,0.08338,0.08548,1621532204.0,1668643199999,141081880.99413,389739,826343527.0,71962474.57713,0
1668643200000,0.08549,0.08729,0.08233,0.08467,1133495442.0,1668729599999,96129101.7608,273758,528191460.0,44806944.7249,0
1668729600000,0.08467,0.08679,0.08363,0.08474,818587592.0,1668815999999,69702485.03383,167670,396342838.0,33758939.25914,0
1668816000000,0.08474,0.085,0.08303,0.08455,489697622.0,1668902399999,41155367.50098,104289,251231850.0,21113719.93053,0
1668902400000,0.08455,0.08584,0.07633,0.07703,1168377788.0,1668988799999,95094290.32851,237688,541064425.0,44052031.21609,0
1668988800000,0.07705,0.07738,0.07131,0.07466,1869844515.0,1669075199999,140422752.99603,339519,945308268.0,71008560.70986,0
1669075200000,0.07466,0.0797,0.07307,0.07876,1448103545.0,1669161599999,110246289.20831,272164,736698515.0,56089206.3729,0
1669161600000,0.07877,0.08354,0.07779,0.08197,1258795497.0,1669247999999,101965278.21921,254198,632687009.0,51268885.78443,0
1669248000000,0.08197,0.08434,0.08013,0.08146,739233520.0,1669334399999,60581917.57296,157812,373415072.0,30612185.66708,0
1669334400000,0.08146,0.09191,0.08053,0.0895,2497331251.0,1669420799999,217699207.77863,517261,1288764475.0,112232304.91048,0
1669420800000,0.0895,0.09558,0.08712,0.08893,1914481802.0,1669507199999,176393357.21232,429225,963901787.0,88848381.76551,0
1669507200000,0.08892,0.108,0.0888,0.09868,4273685671.0,1669593599999,430213172.47513,892938,2183749108.0,219753061.14549,0
1669593600000,0.0987,0.09975,0.09056,0.09513,3340654160.0,1669679999999,317224474.07536,736970,1574920807.0,149588198.43526,0
1669680000000,0.09512,0.10524,0.0936,0.10146,2909789625.0,1669766399999,296193400.37081,588058,1501267036.0,152839294.0012,0
1669766400000,0.10146,0.11,0.09937,0.10677,2791151929.0,1669852799999,294206244.43044,569550,1386515426.0,146218679.33962,0
1669852800000,0.10676,0.10777,0.10025,0.10175,1927610473.0,1669939199999,199176726.01191,380551,979701028.0,101243013.35341,0
1669939200000,0.10175,0.1036,0.09665,0.1021,1560905751.0,1670025599999,155121388.51512,320252,767246247.0,76250756.82424,0
1670025600000,0.1021,0.10319,0.09808,0.0997,1356635083.0,1670111999999,136598012.62243,251447,676356416.0,68116301.24798,0
1670112000000,0.0997,0.10575,0.09954,0.10406,1609965913.0,1670198399999,166423671.45887,322634,823797591.0,85172176.3831,0
1670198400000,0.10405,0.11192,0.09922,0.10149,2106903673.0,1670284799999,221556898.96696,409620,1056178019.0,111160984.04651,0
1670284800000,0.10149,0.10276,0.09802,0.10019,1145270821.0,1670371199999,114900368.09738,211910,546525833.0,54821263.12576,0
1670371200000,0.1002,0.1012,0.09269,0.09575,1404880230.0,1670457599999,135777757.3463,253839,666444278.0,64424617.12825,0
1670457600000,0.09575,0.09918,0.09459,0.09847,1031574520.0,1670543999999,99729660.18012,182457,524967949.0,50745570.74347,0
1670544000000,0.09847,0.09945,0.09561,0.0967,956187442.0,1670630399999,93229229.67496,184953,485745152.0,47348244.36181,0
1670630400000,0.0967,0.09743,0.09603,0.09632,429034730.0,1670716799999,41524436.31136,84147,206462980.0,19981945.19845,0
1670716800000,0.09632,0.09715,0.09161,0.09266,627479341.0,1670803199999,59688866.9125,104937,305615263.0,29072658.76744,0
1670803200000,0.09266,0.093,0.08471,0.09029,1940139927.0,1670889599999,171806896.99201,328609,894964168.0,79254900.59678,0
1670889600000,0.09029,0.09555,0.08691,0.09105,1698390609.0,1670975999999,154313618.19646,297723,827457799.0,75205251.00156,0
1670976000000,0.09105,0.09247,0.087,0.08824,1247687146.0,1671062399999,112504453.05171,227095,582589070.0,52535274.96578,0
1671062400000,0.08825,0.0888,0.08402,0.08485,899180340.0,1671148799999,77891926.4349,157299,407341719.0,35294168.34382,0
1671148800000,0.08483,0.08682,0.07391,0.07569,1755203327.0,1671235199999,141133921.67248,314905,839230146.0,67489797.71046,0
1671235200000,0.07569,0.07949,0.07552,0.07919,1337164978.0,1671321599999,103394811.7583,208157,620507769.0,47999849.96085,0
1671321600000,0.07918,0.08005,0.07759,0.07847,630900319.0,1671407999999,49712793.28122,114069,307923692.0,24264125.54574,0
1671408000000,0.07846,0.07951,0.06997,0.07133,1529698798.0,1671494399999,114327112.53758,238169,704676358.0,52778215.03326,0
1671494400000,0.07133,0.07566,0.07101,0.07483,1127168971.0,1671580799999,83335354.79225,171660,545673199.0,40349367.9786,0
1671580800000,0.07483,0.07502,0.07131,0.07374,912809062.0,1671667199999,66736940.20681,130731,436806004.0,31939453.33307,0
1671667200000,0.07369,0.07783,0.07327,0.07685,1485392938.0,1671753599999,112352367.36552,222912,745004897.0,56355526.32773,0
1671753600000,0.07687,0.07904,0.07616,0.07721,1022963248.0,1671839999999,79365850.01985,159935,529225489.0,41067423.12471,0
1671840000000,0.07721,0.07814,0.07661,0.07752,360306517.0,1671926399999,27873485.87155,61232,170550900.0,13193519.72409,0
1671926400000,0.07751,0.07765,0.0732,0.07598,1157436298.0,1672012799999,87372540.41167,167059,553863760.0,41808615.83347,0
1672012800000,0.07599,0.07664,0.07421,0.07568,648289873.0,1672099199999,48977931.09659,97223,323263928.0,24423876.36717,0
1672099200000,0.07569,0.07616,0.07256,0.07372,706850540.0,1672185599999,52536508.22954,98102,339567925.0,25236820.47792,0
1672185600000,0.07372,0.07391,0.06921,0.0704,1500166937.0,1672271999999,106932054.13658,190302,710879869.0,50686324.35619,0
1672272000000,0.07039,0.07162,0.06925,0.07094,772145313.0,1672358399999,54482042.05149,101804,376964076.0,26598001.19114,0
1672358400000,0.07093,0.07145,0.06581,0.0684,1196523595.0,1672444799999,81700730.80863,149611,570626861.0,38962411.81754,0
1672444800000,0.0684,0.07137,0.06796,0.07025,731983708.0,1672531199999,51145861.98305,94848,366838695.0,25625746.95136,0
1672531200000,0.07024,0.07087,0.06906,0.07024,446408160.0,1672617599999,31186485.64412,63270,224820445.0,15706931.21878,0
1672617600000,0.07023,0.07374,0.06906,0.0714,1115176285.0,1672703999999,79799258.83904,132252,578218012.0,41386949.90308,0
1672704000000,0.07138,0.07231,0.06943,0.07049,732706343.0,1672790399999,51978935.55988,96280,348798813.0,24753219.0697,0
1672790400000,0.07049,0.07362,0.07019,0.07311,790550617.0,1672876799999,57052787.85042,126570,398726322.0,28784932.45945,0
1672876800000,0.0731,0.07529,0.07035,0.07152,1201528327.0,1672963199999,87922505.89879,150659,597750571.0,43767117.3812,0
1672963200000,0.07151,0.07281,0.0695,0.07241,906514550.0,1673049599999,64536126.24467,118294,442133117.0,31492266.22127,0
1673049600000,0.07242,0.07305,0.07167,0.07219,438575312.0,1673135999999,31694590.38024,64499,221714351.0,16023088.32122,0
1673136000000,0.07219,0.07399,0.07121,0.07363,699742440.0,1673222399999,50605705.69885,95982,365886579.0,26470430.48634,0
1673222400000,0.07362,0.07963,0.07293,0.07566,2439547755.0,1673308799999,186972351.65935,302486,1247341685.0,95586994.61649,0
1673308800000,0.07565,0.0779,0.07372,0.07782,1467632421.0,1673395199999,112062301.6517,176903,735062958.0,56138494.0547,0
1673395200000,0.07782,0.07856,0.07468,0.07814,1121053232.0,1673481599999,85960944.22423,154947,566164178.0,43422249.74926,0
1673481600000,0.07816,0.08127,0.07514,0.08025,1968905283.0,1673567999999,155346645.66129,273803,989601354.0,78098900.2122,0
1673568000000,0.08025,0.0852,0.07854,0.0845,1429185415.0,1673654399999,115752595.68956,221980,737237948.0,59744435.94203,0
1673654400000,0.08449,0.09267,0.0825,0.08729,2545072024.0,1673740799999,222512084.13494,449936,1262237357.0,110430732.71528,0
1673740800000,0.08729,0.08794,0.08281,0.08608,1138888071.0,1673827199999,96754312.05574,198124,557994028.0,47399907.64397,0
1673827200000,0.08607,0.08833,0.08155,0.08368,1287934489.0,1673913599999,109522663.45943,233644,629835855.0,53582395.82446,0
1673913600000,0.08369,0.08505,0.08194,0.08285,756342910.0,1673999999999,63352297.83481,146304,388948124.0,32589229.83846,0
1674000000000,0.08286,0.08976,0.0778,0.08,2493642731.0,1674086399999,211395207.84248,456990,1228736543.0,104243914.14996,0
1674086400000,0.08,0.08218,0.07971,0.08161,691282040.0,1674172799999,55964579.6094,125843,329522928.0,26688515.98982,0
1674172800000,0.08159,0.087,0.0806,0.08617,918640712.0,1674259199999,76449430.40969,164321,479368649.0,39878573.42316,0
1674259200000,0.08616,0.08913,0.0837,0.08467,1633128413.0,1674345599999,141751024.85559,285263,798297421.0,69328743.51145,0
1674345600000,0.08468,0.09343,0.08432,0.08824,1738503746.0,1674431999999,154544824.96444,292651,851465506.0,75638047.99554,0
1674432000000,0.08822,0.09151,0.08621,0.08851,1434286413.0,1674518399999,127519821.96884,230236,712282224.0,63341059.78706,0
1674518400000,0.08851,0.0908,0.0821,0.08392,1125073702.0,1674604799999,98857383.52138,209960,531054029.0,46652800.66657,0
1674604800000,0.08392,0.08818,0.08165,0.08654,1051938532.0,1674691199999,89023124.93685,210375,518366953.0,43898809.42582,0
1674691200000,0.08655,0.08771,0.08451,0.08633,798277511.0,1674777599999,68849219.36763,152823,387714849.0,33448064.8775,0
1674777600000,0.08634,0.088,0.08352,0.08723,754008754.0,1674863999999,64748605.57932,143243,371600656.0,31919086.47357,0
1674864000000,0.08723,0.09381,0.08671,0.08773,1403207343.0,1674950399999,125749168.1936,241025,715178739.0,64135191.32418,0
1674950400000,0.08773,0.09102,0.08725,0.09009,1040667224.0,1675036799999,93296963.54751,173837,502970884.0,45084876.39418,0
1675036800000,0.09009,0.09286,0.0845,0.08837,1972615630.0,1675123199999,173498545.0761,328676,979703191.0,86148870.99031,0
1675123200000,0.08833,0.09867,0.08822,0.09612,3424868562.0,1675209599999,320351628.1616,601040,1737098577.0,162459255.89232,0
1675209600000,0.09613,0.09717,0.08812,0.09403,2518388790.0,1675295999999,232047408.39588,452304,1216012963.0,112029449.57297,0
1675296000000,0.09403,0.09594,0.09006,0.09099,1627338143.0,1675382399999,151906573.29594,263896,795887321.0,74340833.83195,0
1675382400000,0.09099,0.09334,0.09025,0.09293,1151670924.0,1675468799999,105797231.01273,190593,583278459.0,53578146.27229,0
1675468800000,0.09293,0.0998,0.0925,0.09567,2334550634.0,1675555199999,224027690.67981,357687,1179589528.0,113176260.90922,0
1675555200000,0.09567,0.097,0.09042,0.09203,1602924250.0,1675641599999,149908407.08889,289517,768788474.0,71913596.68245,0
1675641600000,0.09203,0.09329,0.0885,0.08955,969968684.0,1675727999999,88589762.69373,158301,451835414.0,41269214.75729,0
1675728000000,0.08956,0.09274,0.0894,0.09253,846234202.0,1675814399999,77109347.86988,141463,405709558.0,36972989.64587,0
1675814400000,0.09252,0.09339,0.08842,0.09018,817449844.0,1675900799999,74379602.36862,137022,396095906.0,36004794.99714,0
1675900800000,0.09017,0.09093,0.07878,0.08144,1673139025.0,1675987199999,142361404.06135,311212,765695019.0,65184161.69924,0
1675987200000,0.08144,0.08305,0.07922,0.08089,1054839195.0,1676073599999,86212843.91808,185526,513443301.0,41988717.26274,0
1676073600000,0.08087,0.08259,0.08063,0.08225,409857675.0,1676159999999,33503674.85925,83803,200257082.0,16369498.16025,0
1676160000000,0.08226,0.08582,0.08115,0.08215,932273677.0,1676246399999,77945701.92521,175891,446137110.0,37298370.24657,0
1676246400000,0.08217,0.08648,0.07936,0.08209,1742593714.0,1676332799999,143487770.81344,279187,857979048.0,70655675.5155,0
1676332800000,0.08209,0.08371,0.08002,0.0836,785765214.0,1676419199999,64655649.89362,143143,406497147.0,33450731.27005,0
1676419200000,0.0836,0.08961,0.08265,0.08928,1906740485.0,1676505599999,164949294.3783,292835,988439858.0,85515438.80944,0
1676505600000,0.08927,0.09199,0.08468,0.08489,1730290902.0,1676591999999,153466131.89796,300626,883330696.0,78426613.62316,0
1676592000000,0.08489,0.08851,0.0843,0.08771,778220031.0,1676678399999,67464093.70005,147847,382912705.0,33199519.58282,0
1676678400000,0.08771,0.09049,0.08675,0.08882,741187928.0,1676764799999,65484108.61835,124096,354857485.0,31367249.65536,0
1676764800000,0.08882,0.09,0.08559,0.08697,933849140.0,1676851199999,82306169.70701,172888,449395962.0,39627957.87158,0
1676851200000,0.08698,0.08875,0.08513,0.08829,774767125.0,1676937599999,68018886.37176,141122,394433212.0,34635790.23435,0
1676937600000,0.08829,0.08884,0.08429,0.08546,984199238.0,1677023999999,85232827.50392,159862,461482939.0,39978722.05099,0
1677024000000,0.08546,0.08882,0.08286,0.0855,1754704513.0,1677110399999,149908952.30165,285275,862187204.0,73670022.07185,0
1677110400000,0.0855,0.08642,0.0835,0.08425,708234194.0,1677196799999,60199078.9712,134706,357717719.0,30408658.70937,0
1677196800000,0.08424,0.08499,0.07922,0.08092,1006076322.0,1677283199999,82530619.10414,193843,452507303.0,37160357.55413,0
1677283200000,0.08091,0.08216,0.07836,0.08075,671481093.0,1677369599999,54081162.09407,130910,323358712.0,26052138.81215,0
1677369600000,0.08075,0.08264,0.08041,0.08216,375150914.0,1677455999999,30560244.62016,74380,200601603.0,16338890.12267,0
1677456000000,0.08217,0.08231,0.07992,0.08136,535217985.0,1677542399999,43460355.71943,88650,260937940.0,21192442.34138,0
1677542400000,0.08136,0.08312,0.0799,0.08085,782956200.0,1677628799999,63984919.93669,124371,383072619.0,31314055.08666,0
1677628800000,0.08085,0.08284,0.08023,0.08193,449680442.0,1677715199999,36808992.52678,89117,236351999.0,19349089.34765,0
1677715200000,0.08193,0.08226,0.07959,0.08056,396580116.0,1677801599999,31970325.35816,72829,194297172.0,15665635.50169,0
1677801600000,0.08057,0.08062,0.0732,0.07684,1391618480.0,1677887999999,105146374.86489,239119,645159167.0,48734449.22906,0
1677888000000,0.07684,0.07727,0.07255,0.07462,646573785.0,1677974399999,48320706.02664,113220,321572800.0,24025032.16555,0
1677974400000,0.07462,0.07612,0.07429,0.07474,473247429.0,1678060799999,35616591.62325,82040,227975242.0,17158404.86244,0
1678060800000,0.07475,0.07515,0.07316,0.07479,601290505.0,1678147199999,44598491.06599,105247,290868803.0,21579125.42867,0
1678147200000,0.0748,0.07597,0.07234,0.07407,715751875.0,1678233599999,53134764.75956,118313,350567933.0,26035339.47848,0
1678233600000,0.07407,0.07432,0.07,0.07112,710430111.0,1678319999999,51578068.01431,130177,343823094.0,24971424.4199,0
1678320000000,0.07112,0.0723,0.06393,0.06595,1514038685.0,1678406399999,102992131.90937,268553,681426603.0,46474285.83786,0
1678406400000,0.06597,0.06618,0.06253,0.06572,1320901834.0,1678492799999,85635534.72495,212149,639650479.0,41474797.16294,0
1678492800000,0.06572,0.06821,0.06324,0.06604,1096354085.0,1678579199999,71739394.07497,207015,534479769.0,34986031.6417,0
1678579200000,0.06604,0.07082,0.06516,0.07051,950190978.0,1678665599999,64281816.91018,191700,495148913.0,33536878.4322,0
1678665600000,0.07051,0.07353,0.06814,0.07279,1285142360.0,1678751999999,91287481.56805,246217,653506789.0,46408062.44852,0
1678752000000,0.07279,0.07762,0.07108,0.07456,1507610170.0,1678838399999,112334812.11679,282007,733708583.0,54650283.23691,0
1678838400000,0.07455,0.07589,0.06735,0.06963,1326712138.0,1678924799999,94694707.61349,257636,614572288.0,43900849.93474,0
1678924800000,0.06964,0.07407,0.06868,0.07256,842159396.0,1679011199999,59454354.64497,170220,423779438.0,29923243.16096,0
1679011200000,0.07256,0.07724,0.07143,0.07642,1234974838.0,1679097599999,92021094.02443,232164,633322521.0,47207491.49404,0
1679097600000,0.07642,0.0789,0.07234,0.07295,1383588746.0,1679183999999,105320529.73824,272138,650171484.0,49464562.22103,0
1679184000000,0.07296,0.07652,0.07295,0.0745,818390779.0,1679270399999,61245154.46238,154719,407540233.0,30491509.79163,0
1679270400000,0.07451,0.07557,0.07035,0.07137,1079402871.0,1679356799999,78945442.3721,210799,526892200.0,38542470.33108,0
1679356800000,0.07136,0.07788,0.07031,0.0766,1544655030.0,1679443199999,115386368.45879,296122,750403089.0,56046538.35608,0
1679443200000,0.07661,0.0781,0.07137,0.07385,1912919819.0,1679529599999,144018154.80185,356966,949294800.0,71521323.31467,0
1679529600000,0.07385,0.07922,0.07294,0.07736,1770056622.0,1679615999999,135718021.44322,294875,912055561.0,69942496.76021,0
1679616000000,0.07736,0.07749,0.07295,0.07453,836571352.0,1679702399999,62827175.58121,155743,401298240.0,30166597.4063,0
1679702400000,0.07453,0.07597,0.07244,0.07402,658593695.0,1679788799999,48943134.82286,129045,304545076.0,22661944.82534,0
1679788800000,0.07401,0.07558,0.07334,0.07436,480451959.0,1679875199999,35759913.97781,85987,228183778.0,16988074.36669,0
1679875200000,0.07436,0.07639,0.07124,0.07287,1127427328.0,1679961599999,83039932.30309,189712,538074613.0,39688155.18163,0
1679961600000,0.07289,0.07404,0.07165,0.07381,644358903.0,1680047999999,46885848.93685,109919,322000281.0,23439099.06769,0
1680048000000,0.07381,0.07692,0.07351,0.07557,1004337728.0,1680134399999,76025066.02587,160165,535750607.0,40554976.99437,0
1680134400000,0.07557,0.07685,0.07327,0.07422,827561063.0,1680220799999,61952613.90326,139394,404816373.0,30318458.94023,0
1680220800000,0.07421,0.07789,0.0734,0.07695,838503016.0,1680307199999,63548707.33059,136729,438551204.0,33251463.88677,0
1680307200000,0.07695,0.085,0.07586,0.08181,1854882421.0,1680393599999,147661797.9769,322648,957305177.0,76272997.99256,0
1680393600000,0.08181,0.08559,0.07724,0.07903,2199172283.0,1680479999999,180272715.73546,422957,1100812099.0,90323114.94885,0
1680480000000,0.07903,0.105,0.076,0.096,8818532284.0,1680566399999,821481103.77787,1705069,4312206548.0,401561383.86323,0
1680566400000,0.09601,0.1035,0.09219,0.09512,7327021779.0,1680652799999,716578007.53248,1278802,3734577293.0,365431166.56497,0
1680652800000,0.0951,0.09917,0.09055,0.09267,3340986573.0,1680739199999,319834428.25492,603428,1716064291.0,164451394.22383,0
1680739200000,0.09268,0.09275,0.08415,0.08541,3278113280.0,1680825599999,292046353.99595,568729,1609685992.0,143661995.39877,0
1680825600000,0.08541,0.0862,0.08113,0.08222,2228211181.0,1680911999999,185239007.69662,383356,1014541784.0,84327911.20895,0
1680912000000,0.08222,0.08383,0.08035,0.08134,1218517909.0,1680998399999,100545723.08015,209441,564928709.0,46617110.32975,0
1680998400000,0.08135,0.08393,0.08107,0.08318,922447755.0,1681084799999,76124495.14707,178859,436462729.0,36033056.24265,0
1681084800000,0.08318,0.08541,0.08225,0.08473,948759612.0,1681171199999,79305135.84204,172420,457311057.0,38236908.46626,0
1681171200000,0.08474,0.08607,0.08359,0.08408,1001623427.0,1681257599999,84939344.79105,168258,448878271.0,38068187.78359,0
1681257600000,0.08409,0.0851,0.08036,0.08346,1733885327.0,1681343999999,142830877.84801,269293,853802237.0,70384918.26693,0
1681344000000,0.08346,0.08886,0.08279,0.08729,1824584606.0,1681430399999,157357744.60448,286227,933306746.0,80500796.93727,0
1681430400000,0.08729,0.09138,0.08527,0.08866,2129880806.0,1681516799999,189231712.15334,372467,1072674447.0,95362801.6743,0
1681516800000,0.08866,0.09057,0.08714,0.08888,873116413.0,1681603199999,77655204.38557,157443,411155685.0,36592867.61601,0
1681603200000,0.08889,0.09183,0.0875,0.09043,1204599668.0,1681689599999,108253908.88845,215121,578515845.0,52016621.39681,0
1681689600000,0.09043,0.09488,0.08807,0.09137,2941097287.0,1681775999999,271006609.15772,501953,1459474518.0,134498950.98426,0
1681776000000,0.09137,0.095,0.08974,0.09411,1670819556.0,1681862399999,155092708.65906,290077,820471879.0,76167870.48474,0
1681862400000,0.09412,0.09413,0.0842,0.08788,2757696460.0,1681948799999,246110718.74936,493596,1317679811.0,117706565.52603,0
1681948800000,0.08787,0.0935,0.08251,0.08389,4572088496.0,1682035199999,405243878.00491,788998,2221003738.0,197301419.78493,0
1682035200000,0.0839,0.0847,0.0762,0.07842,2208532603.0,1682121599999,180073455.19149,364961,991774999.0,80875843.52609,0
1682121600000,0.07842,0.08101,0.07817,0.08028,807742799.0,1682207999999,64238303.35178,134440,375083453.0,29843260.74986,0
1682208000000,0.08029,0.08083,0.07651,0.07878,776127337.0,1682294399999,61336770.23922,130904,339187714.0,26800374.53689,0
1682294400000,0.07876,0.08,0.07715,0.07873,835608693.0,1682380799999,65856879.7429,132203,391746158.0,30885900.384,0
1682380800000,0.07875,0.07996,0.07752,0.07976,649768816.0,1682467199999,51142344.77902,109714,303700067.0,23910328.71688,0
1682467200000,0.07976,0.08358,0.0748,0.07859,1881668380.0,1682553599999,149998083.45042,305395,898776855.0,71725451.16833,0
1682553600000,0.07859,0.081,0.07837,0.08014,1030067337.0,1682639999999,82262796.38021,149076,513025926.0,40980315.94811,0
1682640000000,0.08013,0.08074,0.07892,0.08033,490310858.0,1682726399999,39253517.41812,82755,255407231.0,20450440.62637,0
1682726400000,0.08033,0.08197,0.08019,0.08157,590694438.0,1682812799999,47944031.70227,93474,315976210.0,25647059.84017,0
1682812800000,0.08157,0.08174,0.07923,0.07951,585421236.0,1682899199999,47268607.64167,96527,303793559.0,24539442.90755,0
1682899200000,0.0795,0.08003,0.07733,0.07882,687515788.0,1682985599999,53952152.51666,106334,331393333.0,26006686.12416,0
1682985600000,0.07882,0.0791,0.07754,0.07876,429294264.0,1683071999999,33714938.36088,68314,204535125.0,16066235.34196,0
1683072000000,0.07876,0.08072,0.07711,0.07962,666847319.0,1683158399999,52320813.83607,111458,348092774.0,27331852.13734,0
1683158400000,0.07961,0.0797,0.07794,0.07838,521626133.0,1683244799999,41092883.63729,76795,271015392.0,21352564.17853,0
1683244800000,0.07837,0.08147,0.07705,0.08017,751560591.0,1683331199999,59529191.18827,114228,377972788.0,29951731.66403,0
1683331200000,0.08017,0.08049,0.07566,0.07672,866161917.0,1683417599999,67227701.04909,125573,381386141.0,29575997.07831,0
1683417600000,0.07672,0.07756,0.07617,0.07652,440286253.0,1683503999999,33891198.22708,59889,232896516.0,17929076.60664,0
1683504000000,0.07652,0.07711,0.06982,0.07239,1086840054.0,1683590399999,79628457.60321,176749,520032866.0,38060973.50126,0
1683590400000,0.07239,0.07333,0.07206,0.0731,581336500.0,1683676799999,42258155.60482,95352,264610247.0,19237215.90718,0
1683676800000,0.0731,0.0747,0.07033,0.07312,830157442.0,1683763199999,60522277.66061,149261,406841513.0,29674969.57406,0
1683763200000,0.07312,0.07317,0.06908,0.07193,786571281.0,1683849599999,55998376.11246,126581,370655323.0,26415971.90024,0
1683849600000,0.07193,0.07275,0.06933,0.07235,977393789.0,1683935999999,69458052.04665,162677,479040050.0,34055008.34565,0
1683936000000,0.07235,0.0724,0.0713,0.07167,331390133.0,1684022399999,23815893.30418,61747,161749833.0,11624282.52506,0
1684022400000,0.07168,0.07265,0.07111,0.07196,239907331.0,1684108799999,17259594.14006,52968,119697639.0,8612313.78419,0
1684108800000,0.07195,0.07368,0.07084,0.07191,501437549.0,1684195199999,36358595.30732,91791,253951676.0,18418410.22306,0
1684195200000,0.0719,0.07325,0.07087,0.07275,356844405.0,1684281599999,25692401.03431,73596,172525435.0,12431038.51523,0
1684281600000,0.07276,0.07547,0.07228,0.07483,763341382.0,1684367999999,56280535.56051,133875,412434920.0,30408624.75426,0
1684368000000,0.07484,0.07492,0.07161,0.07344,792415671.0,1684454399999,58380360.04293,135432,405886390.0,29934422.91201,0
1684454400000,0.07344,0.07406,0.073,0.0735,335992593.0,1684540799999,24709136.40663,59222,171753549.0,12631383.18293,0
1684540800000,0.07351,0.07389,0.07306,0.07361,203083357.0,1684627199999,14909334.15031,36743,104760333.0,7690491.83715,0
1684627200000,0.07362,0.074,0.07198,0.07212,313624488.0,1684713599999,22822477.394,52293,139273310.0,10145547.96903,0
1684713600000,0.07212,0.07402,0.07071,0.07291,461513189.0,1684799999999,33490951.20569,87588,235050397.0,17080023.24472,0
1684800000000,0.07292,0.07396,0.07241,0.07289,334965527.0,1684886399999,24472118.15259,59718,163049953.0,11914193.60019,0
1684886400000,0.07288,0.07289,0.06931,0.07064,630159786.0,1684972799999,44692285.89208,100648,280630361.0,19894348.34006,0
1684972800000,0.07065,0.07116,0.06856,0.07088,486062691.0,1685059199999,34138191.19772,79015,231208837.0,16241046.31885,0
1685059200000,0.07087,0.07137,0.0703,0.07097,408192832.0,1685145599999,28910532.88862,57237,179495358.0,12716444.52797,0
1685145600000,0.07097,0.07344,0.0707,0.07255,369096577.0,1685231999999,26550948.20374,60361,191336546.0,13768961.88566,0
1685232000000,0.07255,0.07396,0.07186,0.07352,434942386.0,1685318399999,31668628.89389,70429,220115656.0,16027529.3627,0
1685318400000,0.07353,0.074,0.07261,0.07313,310287767.0,1685404799999,22734577.5598,50455,158960611.0,11649006.80518,0
1685404800000,0.07313,0.07346,0.07198,0.07231,465392836.0,1685491199999,33825735.03435,70527,241983483.0,17591632.6245,0
1685491200000,0.07231,0.07268,0.07051,0.07165,377200792.0,1685577599999,26991707.23201,63894,180788286.0,12940577.80152,0
1685577600000,0.07165,0.07219,0.07071,0.07142,337422502.0,1685663999999,24166514.24753,56544,162483485.0,11639839.00488,0
1685664000000,0.07143,0.07331,0.0709,0.07256,386392712.0,1685750399999,27887432.7709,67073,207003111.0,14946948.40455,0
1685750400000,0.07257,0.07298,0.07217,0.0727,213922814.0,1685836799999,15515563.86423,37449,109328180.0,7930032.24129,0
1685836800000,0.07271,0.07334,0.07232,0.07249,273284700.0,1685923199999,19897118.0819,43912,141750593.0,10322245.91534,0
1685923200000,0.07249,0.07269,0.06311,0.0664,1393290604.0,1686009599999,93957296.05613,218006,622904300.0,41959852.82601,0
1686009600000,0.0664,0.07199,0.06585,0.07025,1170265603.0,1686095999999,80278280.52343,184942,567026982.0,39014140.72787,0
1686096000000,0.07025,0.07032,0.06668,0.06728,687833819.0,1686182399999,46875925.6902,114747,321079472.0,21892040.625,0
1686182400000,0.06728,0.0685,0.06698,0.06796,366934419.0,1686268799999,24883849.00859,67036,177145629.0,12016424.12183,0
1686268800000,0.06796,0.07119,0.06729,0.06947,664528733.0,1686355199999,46007799.06456,118881,342031553.0,23698105.16652,0
1686355200000,0.06947,0.07196,0.053,0.06175,2781711103.0,1686441599999,171561454.57232,448360,1246872538.0,77075001.45125,0
1686441600000,0.06175,0.06289,0.06092,0.06151,580462318.0,1686527999999,35906374.71752,84690,271157246.0,16775576.70377,0
1686528000000,0.06152,0.0617,0.05975,0.06143,485251023.0,1686614399999,29613143.7058,78388,234595425.0,14316902.62459,0
1686614400000,0.06144,0.06284,0.06006,0.06175,469560125.0,1686700799999,28919978.69953,73245,227484814.0,14014121.13779,0
1686700800000,0.06174,0.06219,0.05811,0.06038,642700404.0,1686787199999,38884225.34061,98050,307325188.0,18612496.6692,0
1686787200000,0.06038,0.062,0.05975,0.06153,534409612.0,1686873599999,32540254.9184,78903,252505608.0,15376609.08256,0
1686873600000,0.06154,0.06282,0.06069,0.06219,501181424.0,1686959999999,30939222.82953,71805,247176488.0,15261233.9868,0
1686960000000,0.06219,0.06297,0.06166,0.0622,358515676.0,1687046399999,22354492.32997,49618,168361759.0,10501012.67609,0
1687046400000,0.0622,0.06399,0.06107,0.06212,616148520.0,1687132799999,38439286.52508,92314,309987986.0,19340003.00582,0
1687132800000,0.06212,0.06285,0.06151,0.06245,313699473.0,1687219199999,19469370.97016,48514,158914518.0,9863784.29797,0
1687219200000,0.06244,0.06314,0.06074,0.06313,438420606.0,1687305599999,27230997.25707,64889,205454780.0,12763274.95331,0
1687305600000,0.06314,0.06677,0.06284,0.06561,948481988.0,1687391999999,61394849.38643,144569,473312487.0,30627184.90474,0
1687392000000,0.06562,0.06938,0.06502,0.06555,998222870.0,1687478399999,66966814.32449,167076,497810750.0,33414179.37549,0
1687478400000,0.06556,0.07013,0.06525,0.06823,780327080.0,1687564799999,52684721.70418,138016,375363074.0,25343686.83477,0
1687564800000,0.06823,0.06843,0.06505,0.06669,638939181.0,1687651199999,42945397.7126,106535,306855417.0,20636911.71622,0
1687651200000,0.06669,0.068,0.06635,0.06672,378779847.0,1687737599999,25456715.53541,68512,178351964.0,11986505.38608,0
1687737600000,0.06672,0.06681,0.06319,0.06474,710375009.0,1687823999999,46417573.76788,113763,326067836.0,21298478.64226,0
1687824000000,0.06474,0.06579,0.06433,0.06556,477097877.0,1687910399999,31114201.05517,72674,248365852.0,16196781.25524,0
1687910400000,0.06557,0.06596,0.06013,0.06257,700025590.0,1687996799999,44443036.70018,114022,328807054.0,20892955.18552,0
1687996800000,0.06257,0.0641,0.06241,0.06342,450376389.0,1688083199999,28450957.38809,73138,217143121.0,13721476.47339,0
1688083200000,0.06342,0.06698,0.06101,0.06646,1114226909.0,1688169599999,72688463.48364,198253,558779375.0,36465027.46415,0
1688169600000,0.06646,0.0728,0.06641,0.06851,1480878387.0,1688255999999,101954533.09148,243539,763263289.0,52572068.59589,0
1688256000000,0.06851,0.0692,0.066,0.06801,945225786.0,1688342399999,63910497.52448,127013,441231407.0,29849574.55845,0
1688342400000,0.06801,0.06878,0.06721,0.06845,566630919.0,1688428799999,38549024.24769,91890,272720764.0,18556396.19361,0
1688428800000,0.06845,0.07186,0.06764,0.0689,1051878193.0,1688515199999,73023095.2265,173986,503964258.0,34990088.02943,0
1688515200000,0.06891,0.06936,0.06558,0.06701,592363243.0,1688601599999,39862578.36768,98485,266492365.0,17937699.71332,0
1688601600000,0.06697,0.06858,0.06466,0.06485,620315296.0,1688687999999,41310812.25522,102278,287294140.0,19141832.59636,0
1688688000000,0.06484,0.06587,0.0641,0.0654,410024265.0,1688774399999,26781021.84796,66351,188332114.0,12302640.35986,0
1688774400000,0.0654,0.06608,0.06474,0.06573,278674788.0,1688860799999,18218680.63466,44169,141065675.0,9221976.03674,0
1688860800000,0.06573,0.06636,0.0651,0.06536,279080489.0,1688947199999,18358802.15212,41654,132745495.0,8733335.64098,0
1688947200000,0.06537,0.06656,0.06326,0.06523,616363367.0,1689033599999,39955694.54037,92601,326378250.0,21173711.79233,0
1689033600000,0.06523,0.06551,0.06437,0.06528,313014382.0,1689119999999,20328586.42436,53178,140089123.0,9101776.48716,0
1689120000000,0.06529,0.0657,0.06365,0.06503,312404127.0,1689206399999,20289741.40216,53198,153195893.0,9953555.14596,0
1689206400000,0.06504,0.07168,0.06455,0.07042,1572353798.0,1689292799999,107974602.3465,252484,827989851.0,56904569.83569,0
1689292800000,0.07042,0.07311,0.06612,0.06849,1501930500.0,1689379199999,105437639.04108,242751,739436305.0,51952895.11093,0
1689379200000,0.06848,0.07522,0.06769,0.07197,2333412778.0,1689465599999,169555438.69357,348582,1198721904.0,87067660.13045,0
1689465600000,0.07196,0.07221,0.06891,0.06952,930666895.0,1689551999999,65785219.4842,139841,444971152.0,31469828.37199,0
1689552000000,0.06951,0.07325,0.06752,0.06982,1103083153.0,1689638399999,77313205.64979,184680,546422762.0,38328868.58688,0
1689638400000,0.06982,0.07032,0.06703,0.06866,588900425.0,1689724799999,40400764.8532,105637,265159171.0,18194472.53029,0
1689724800000,0.06867,0.07235,0.06823,0.07003,941079033.0,1689811199999,65896478.84647,159532,467472386.0,32762623.73809,0
1689811200000,0.07004,0.0739,0.06926,0.07062,1394548088.0,1689897599999,99770589.80378,206797,719931362.0,51564034.07139,0
1689897600000,0.07061,0.07688,0.07026,0.07322,1714323052.0,1689983999999,125872266.19518,278831,916898134.0,67317959.20373,0
1689984000000,0.07322,0.0733,0.06963,0.07047,817196460.0,1690070399999,58570412.04585,121175,360759739.0,25874119.18397,0
1690070400000,0.07047,0.07295,0.06997,0.0718,636160266.0,1690156799999,45717792.76659,95828,321307835.0,23093453.16299,0
1690156800000,0.07179,0.0779,0.07018,0.0742,3734795178.0,1690243199999,279829292.46351,616800,1844066402.0,138235380.82,0
1690243200000,0.0742,0.0838,0.07361,0.08185,3974103246.0,1690329599999,313632445.0117,670567,1978875870.0,156197233.23124,0
1690329600000,0.08185,0.08229,0.07647,0.07793,2421416701.0,1690415999999,191653652.84432,385966,1185191283.0,93812072.82831,0
1690416000000,0.07794,0.07996,0.07666,0.07761,1390657420.0,1690502399999,108963531.77816,203672,646019273.0,50624922.27126,0
1690502400000,0.07761,0.07791,0.07586,0.07717,845464658.0,1690588799999,65109003.88713,126780,376571570.0,29007091.84556,0
1690588800000,0.07717,0.08243,0.07683,0.08023,1189212485.0,1690675199999,94327162.57102,187694,598339617.0,47473909.85512,0
1690675200000,0.08024,0.08057,0.07622,0.07802,1058535152.0,1690761599999,83772145.22556,176189,465623645.0,36869655.85936,0
1690761600000,0.07802,0.0798,0.07672,0.07786,845233630.0,1690847999999,66206001.13514,141657,411510653.0,32241071.97239,0
1690848000000,0.07786,0.07828,0.07517,0.07815,873111968.0,1690934399999,67040145.5697,129965,409326669.0,31442652.33843,0
1690934400000,0.07815,0.07833,0.07369,0.07422,804142710.0,1691020799999,60836505.04171,124670,341134814.0,25822203.90979,0
1691020800000,0.07422,0.07501,0.07253,0.07358,693788058.0,1691107199999,51326141.31088,107325,321472753.0,23791351.63406,0
1691107200000,0.07358,0.07492,0.0725,0.07347,610889682.0,1691193599999,45185318.55173,98193,293334178.0,21702645.49382,0
1691193600000,0.07346,0.07708,0.07292,0.07571,1062980193.0,1691279999999,80361897.6085,156317,545409723.0,41248207.57612,0
1691280000000,0.07572,0.07649,0.07407,0.07427,667225173.0,1691366399999,50167367.34445,101876,326758910.0,24575534.62281,0
1691366400000,0.07427,0.07573,0.0717,0.07354,686024165.0,1691452799999,50661657.39198,113898,310617392.0,22963543.77571,0
1691452800000,0.07354,0.07548,0.07321,0.07496,573574471.0,1691539199999,42649913.08335,91886,274952081.0,20455374.98044,0
1691539200000,0.07497,0.07622,0.07419,0.07541,494836584.0,1691625599999,37220409.3012,80476,234370475.0,17629110.32174,0
1691625600000,0.07542,0.07695,0.07514,0.07588,614532410.0,1691711999999,46647469.9491,101988,315622223.0,23963156.07543,0
1691712000000,0.07587,0.07611,0.07484,0.07574,303787779.0,1691798399999,22955077.04023,51419,139078876.0,10512897.69655,0
1691798400000,0.07574,0.07745,0.07561,0.0767,588060644.0,1691884799999,45058875.63219,84459,316164628.0,24231270.74435,0
1691884800000,0.0767,0.07689,0.0743,0.07479,468528019.0,1691971199999,35488657.73304,71384,212851900.0,16129110.75621,0
1691971200000,0.07479,0.07711,0.07365,0.07469,779632649.0,1692057599999,58473264.94941,121040,340949124.0,25599424.25426,0
1692057600000,0.0747,0.07499,0.06831,0.07093,1006789294.0,1692143999999,72662457.6909,151306,451293211.0,32525477.53565,0
1692144000000,0.07092,0.07125,0.06602,0.06717,1176873403.0,1692230399999,80984467.18602,153290,543076158.0,37357495.12867,0
1692230400000,0.06718,0.06843,0.0556,0.06102,1947998543.0,1692316799999,123620746.9089,274854,921024549.0,58440510.02713,0
1692316800000,0.06102,0.06385,0.05988,0.06326,1284697455.0,1692403199999,79908012.67898,154599,669594195.0,41637914.77892,0
1692403200000,0.06326,0.0645,0.0631,0.06379,427274791.0,1692489599999,27183051.36486,58264,211509861.0,13457344.99108,0
1692489600000,0.06379,0.06473,0.06338,0.06384,302086371.0,1692575999999,19333802.2943,42959,135644950.0,8681960.9285,0
1692576000000,0.06384,0.06411,0.06035,0.06252,577388884.0,1692662399999,36081815.5837,80239,272121755.0,16996272.5416,0
1692662400000,0.06253,0.06327,0.06023,0.06259,615086529.0,1692748799999,38272420.59631,82850,306738782.0,19090595.16001,0
1692748800000,0.06258,0.06546,0.06246,0.06379,663722826.0,1692835199999,42264317.01664,87859,344360895.0,21926904.25856,0
1692835200000,0.06379,0.06404,0.06183,0.06308,386270949.0,1692921599999,24385523.38063,53369,191639226.0,12099138.20979,0
1692921600000,0.06308,0.06315,0.06169,0.06312,388436589.0,1693007999999,24229741.33631,52115,170146986.0,10614811.02198,0
1693008000000,0.06312,0.06338,0.06262,0.06289,133469006.0,1693094399999,8407844.39497,21072,61816647.0,3894564.92258,0
1693094400000,0.06289,0.06379,0.06269,0.06318,195920692.0,1693180799999,12381193.30033,27727,95417549.0,6030779.45524,0
1693180800000,0.06317,0.0637,0.06186,0.06345,347134881.0,1693267199999,21789078.48691,47595,158145538.0,9933874.48175,0
1693267200000,0.06345,0.06858,0.0624,0.0664,1205214048.0,1693353599999,79300388.72117,176412,599531288.0,39460567.27039,0
1693353600000,0.0664,0.06647,0.06434,0.06588,652816294.0,1693439999999,42683148.76782,81674,325588185.0,21290041.35321,0
1693440000000,0.06588,0.06701,0.0628,0.06376,987255423.0,1693526399999,64328075.3132,118287,484477168.0,31597806.78415,0
1693526400000,0.06379,0.06426,0.0623,0.06388,594834321.0,1693612799999,37771556.70096,73889,277063496.0,17596084.47875,0
1693612800000,0.06386,0.06497,0.0626,0.06348,445474474.0,1693699199999,28368708.40871,63130,201387969.0,12832890.83889,0
1693699200000,0.06348,0.06377,0.06276,0.06317,221836401.0,1693785599999,14044413.14013,33591,97708741.0,6187664.90972,0
1693785600000,0.06317,0.06385,0.06209,0.06326,414229595.0,1693871999999,26156361.23442,52937,199801628.0,12615941.19169,0
1693872000000,0.06326,0.06443,0.06288,0.06402,613206067.0,1693958399999,39129437.05314,69058,313615589.0,20012139.12887,0
1693958400000,0.06403,0.06464,0.06248,0.06365,638467834.0,1694044799999,40689983.83105,63236,319146546.0,20351995.01932,0
1694044800000,0.06364,0.06384,0.06279,0.06365,418433542.0,1694131199999,26519402.81803,44350,211120021.0,13385504.47637,0
1694131200000,0.06366,0.06402,0.06237,0.06371,364461321.0,1694217599999,23061583.38435,48400,174168511.0,11021322.70883,0
1694217600000,0.0637,0.06391,0.06319,0.06339,196653596.0,1694303999999,12495666.85681,27685,83584529.0,5311421.03001,0
1694304000000,0.06338,0.0634,0.05938,0.0613,741903006.0,1694390399999,45598221.69036,100945,329854785.0,20281134.05451,0
1694390400000,0.0613,0.06199,0.05919,0.06049,815364934.0,1694476799999,49357251.80128,98174,382346422.0,23143527.93303,0
1694476800000,0.06047,0.06247,0.06043,0.0609,590184825.0,1694563199999,36260714.94387,73991,298779419.0,18354380.48489,0
1694563200000,0.0609,0.06181,0.0605,0.06126,502274759.0,1694649599999,30683513.26435,57085,252464938.0,15423176.11701,0
1694649600000,0.06125,0.06255,0.06108,0.06208,475512544.0,1694735999999,29324721.20968,54765,241665602.0,14905476.69537,0
1694736000000,0.06207,0.06296,0.06138,0.0625,305546937.0,1694822399999,18972451.48935,40802,145380114.0,9028756.65967,0
1694822400000,0.0625,0.06297,0.06176,0.06214,255280771.0,1694908799999,15905929.03412,35590,118857650.0,7406038.87245,0
1694908800000,0.06213,0.06254,0.06097,0.06147,383318697.0,1694995199999,23678403.5212,50405,169002115.0,10435301.59513,0
1694995200000,0.06146,0.06281,0.06096,0.06198,477979505.0,1695081599999,29612579.22875,58989,230553882.0,14288689.91157,0
1695081600000,0.06196,0.06323,0.06189,0.06268,428581236.0,1695167999999,26809249.60093,50181,222768170.0,13933412.79526,0
1695168000000,0.06269,0.06303,0.06144,0.06262,351126474.0,1695254399999,21875623.51895,46395,176884555.0,11021778.76,0
1695254400000,0.06263,0.06348,0.06103,0.06131,461733879.0,1695340799999,28682859.05613,59848,208620599.0,12959419.94211,0
1695340800000,0.0613,0.06187,0.06058,0.06152,243141704.0,1695427199999,14940382.18452,34856,107752033.0,6620575.3871,0
1695427200000,0.06153,0.06199,0.06127,0.06152,171390790.0,1695513599999,10551532.80734,26595,86951269.0,5353679.79414,0
1695513600000,0.06152,0.06175,0.06028,0.06069,187668551.0,1695599999999,11492548.05825,29624,93138977.0,5703512.74467,0
1695600000000,0.06068,0.06124,0.06009,0.06094,185313210.0,1695686399999,11269114.08089,29360,94222951.0,5730257.32331,0
1695686400000,0.06095,0.06114,0.05933,0.06062,247803396.0,1695772799999,14971987.50562,37490,125843147.0,7598223.21991,0
1695772800000,0.06062,0.06142,0.06016,0.06053,322389750.0,1695859199999,19592884.73029,43461,162407950.0,9871724.74222,0
1695859200000,0.06052,0.06168,0.06038,0.0615,330092922.0,1695945599999,20174936.15723,44627,177383768.0,10845449.69912,0
1695945600000,0.06151,0.06249,0.06131,0.06213,388098719.0,1696031999999,24008259.14787,50682,199871486.0,12366563.04251,0
1696032000000,0.06213,0.06276,0.06173,0.06207,353992527.0,1696118399999,22015585.97923,42003,191068011.0,11886657.56093,0
1696118400000,0.06207,0.06358,0.06169,0.06319,426685075.0,1696204799999,26690722.24152,55959,222766219.0,13943266.86735,0
1696204800000,0.0632,0.0642,0.06093,0.062,626702154.0,1696291199999,39391905.23778,85372,306897067.0,19299236.53354,0
1696291200000,0.06201,0.06232,0.06107,0.06137,285220585.0,1696377599999,17603805.51431,40004,139078052.0,8585807.40127,0
1696377600000,0.06138,0.06159,0.06001,0.06147,335531290.0,1696463999999,20428970.39124,43652,169276682.0,10306731.17761,0
1696464000000,0.06146,0.06165,0.06059,0.06086,252901933.0,1696550399999,15443219.89739,31539,124517931.0,7603644.85459,0
1696550400000,0.06087,0.06162,0.06071,0.06137,299784369.0,1696636799999,18338128.23727,35843,147613755.0,9030285.5064,0
1696636800000,0.06136,0.06166,0.06105,0.06143,279174721.0,1696723199999,17141192.6657,26462,135647831.0,8329604.91549,0
1696723200000,0.06143,0.0616,0.06065,0.06096,202221066.0,1696809599999,12375190.40245,25087,102540759.0,6276030.68517,0
1696809600000,0.06095,0.061,0.05678,0.05873,806444033.0,1696895999999,47628376.32,92599,380196189.0,22429242.94416,0
1696896000000,0.05872,0.05923,0.05846,0.05913,254040040.0,1696982399999,14947507.45563,36453,124581331.0,7332437.71147,0
1696982400000,0.05914,0.05948,0.05764,0.05851,356464937.0,1697068799999,20867859.46762,49943,168074072.0,9839984.3214,0
1697068800000,0.05851,0.05852,0.05722,0.05788,241613425.0,1697155199999,13992832.68488,36751,118563416.0,6866002.41046,0
1697155200000,0.05789,0.0591,0.05777,0.05839,340601297.0,1697241599999,19868943.50442,40017,171576844.0,10004126.15609,0
1697241600000,0.05839,0.05998,0.05833,0.05984,258485303.0,1697327999999,15306116.07218,38073,138681399.0,8212621.16877,0
1697328000000,0.05984,0.05986,0.05901,0.05931,187751427.0,1697414399999,11152991.95888,30905,95777259.0,5689150.91734,0
1697414400000,0.0593,0.06176,0.05909,0.06,685936360.0,1697500799999,41294868.55518,83863,350987612.0,21124221.54784,0
1697500800000,0.06,0.06016,0.05812,0.05904,328504417.0,1697587199999,19474198.00777,49141,152879944.0,9061062.526,0
1697587200000,0.05903,0.05936,0.05827,0.05858,259892423.0,1697673599999,15276595.01294,40637,125529788.0,7379435.69683,0
1697673600000,0.05859,0.05899,0.05738,0.05887,268646752.0,1697759999999,15670050.9032,40963,139009100.0,8111317.20308,0
1697760000000,0.05887,0.06049,0.05862,0.0599,380263308.0,1697846399999,22731498.03425,53037,188220257.0,11252016.98573,0
1697846400000,0.0599,0.06147,0.05942,0.06119,419977032.0,1697932799999,25519096.90125,53376,206870722.0,12571957.64242,0
1697932800000,0.06119,0.06173,0.05979,0.0617,431537666.0,1698019199999,26312254.20039,64341,209674315.0,12792086.49631,0
1698019200000,0.06169,0.0679,0.06131,0.06742,1809514093.0,1698105599999,116349908.04166,264652,911726693.0,58622827.54411,0
1698105600000,0.06742,0.07012,0.06418,0.0666,1893961402.0,1698191999999,127544825.43812,283177,930374750.0,62661001.87323,0
1698192000000,0.0666,0.06978,0.0646,0.06832,1473029982.0,1698278399999,99228256.80723,224723,777661731.0,52401706.08795,0
1698278400000,0.06832,0.07516,0.06782,0.07185,3074465230.0,1698364799999,220766668.23004,445511,1519149027.0,109042797.06373,0
1698364800000,0.07184,0.07243,0.06716,0.06776,1256624746.0,1698451199999,87743155.98292,185111,559384031.0,39072146.12899,0
1698451200000,0.06776,0.06982,0.0675,0.069,643644405.0,1698537599999,44244090.02932,109985,301534107.0,20728511.50207,0
1698537600000,0.069,0.0702,0.06722,0.06935,485266012.0,1698623999999,33473402.46875,89276,238707890.0,16471527.53091,0
1698624000000,0.06936,0.0704,0.06771,0.06959,739649062.0,1698710399999,51162371.28524,110464,341211431.0,23613020.04755,0
1698710400000,0.06958,0.07085,0.06578,0.06827,1281215492.0,1698796799999,87801026.75191,167979,625161731.0,42866582.50609,0
1698796800000,0.06827,0.06967,0.06548,0.06894,1322729238.0,1698883199999,89187337.49734,161653,645744138.0,43563443.73798,0
1698883200000,0.06893,0.07089,0.0666,0.0679,1597197975.0,1698969599999,109939113.03404,168866,776167740.0,53444671.79769,0
1698969600000,0.0679,0.06823,0.06621,0.06807,793772413.0,1699055999999,53465914.56396,95327,379203495.0,25542927.92543,0
1699056000000,0.06808,0.06927,0.0679,0.06908,544148824.0,1699142399999,37335756.33993,66484,257602341.0,17673525.12791,0
1699142400000,0.06908,0.07175,0.0688,0.07108,1366786320.0,1699228799999,96125652.72491,152588,682593144.0,48015821.62488,0
1699228800000,0.07108,0.07653,0.07025,0.07637,1891295555.0,1699315199999,139294113.76902,260874,964156022.0,71012472.58676,0
1699315200000,0.07637,0.07648,0.0715,0.07338,2426713501.0,1699401599999,179245598.05852,249400,1164561354.0,86005495.31676,0
1699401600000,0.07338,0.0772,0.07277,0.07534,1394687206.0,1699487999999,104243754.25747,160281,710565560.0,53137745.18367,0
1699488000000,0.07535,0.07791,0.06779,0.07357,2758797891.0,1699574399999,203970342.66265,358155,1369372961.0,101212062.83892,0
1699574400000,0.07357,0.07559,0.07241,0.07539,1754786161.0,1699660799999,130057016.18724,194362,894077623.0,66274782.26464,0
1699660800000,0.07539,0.08189,0.07445,0.07849,3940449595.0,1699747199999,310285550.04576,462112,1966406473.0,154774081.47497,0
1699747200000,0.0785,0.08038,0.07503,0.07795,2187569963.0,1699833599999,170782020.32108,229510,1064211908.0,83087113.33768,0
1699833600000,0.07795,0.07954,0.07341,0.07456,2695984716.0,1699919999999,206919438.97998,289927,1309167883.0,100476982.16555,0
1699920000000,0.07456,0.07555,0.0688,0.07244,2213664109.0,1700006399999,162615567.505,243270,1057605883.0,77734180.38787,0
1700006400000,0.07244,0.07654,0.07227,0.07623,1242373327.0,1700092799999,92173316.68071,160674,611555637.0,45355579.06726,0
1700092800000,0.07623,0.084,0.07593,0.07947,4624288827.0,1700179199999,365641577.38689,655958,2363656790.0,187084806.97929,0
1700179200000,0.07946,0.0876,0.07907,0.08641,5715620063.0,1700265599999,474488946.30238,759077,2976641463.0,247158755.50087,0
1700265600000,0.08642,0.08663,0.079,0.08028,3816113600.0,1700351999999,315083578.88686,471831,1889596131.0,156092296.42616,0
1700352000000,0.08027,0.08066,0.07734,0.08046,1736599079.0,1700438399999,137007341.97654,213013,824069544.0,65004846.30348,0
1700438400000,0.08045,0.08219,0.07666,0.07768,1894821627.0,1700524799999,151566343.06216,231711,952787108.0,76227821.01668,0
1700524800000,0.07768,0.07875,0.07063,0.07176,2807234921.0,1700611199999,211300189.39713,378131,1289386769.0,97107060.50525,0
1700611200000,0.07175,0.0766,0.07153,0.07575,1119488422.0,1700697599999,83580017.26174,133173,547420398.0,40889338.12145,0
1700697600000,0.07576,0.07638,0.07494,0.0762,613659850.0,1700783999999,46543101.60671,78604,295783865.0,22439142.61317,0
1700784000000,0.07621,0.07866,0.07605,0.07818,883650952.0,1700870399999,68478819.9583,107945,465134173.0,36047868.07977,0
1700870400000,0.07818,0.07916,0.07753,0.07894,651722335.0,1700956799999,51176418.12649,81889,329724766.0,25894828.66954,0
1700956800000,0.07894,0.07899,0.0755,0.07868,785924906.0,1701043199999,60952055.85693,103691,396278003.0,30737659.66095,0
1701043200000,0.07867,0.0817,0.0768,0.07884,2139460195.0,1701129599999,169353426.66961,261805,1074845183.0,85093360.31465,0
1701129600000,0.07883,0.08121,0.07671,0.08083,1710141271.0,1701215999999,135496791.44933,206525,823708425.0,65228792.15312,0
1701216000000,0.08083,0.08317,0.07959,0.08047,1518465698.0,1701302399999,123175366.24291,195922,773258368.0,62736890.27716,0
1701302400000,0.08045,0.08443,0.08039,0.08343,1474563719.0,1701388799999,121471815.67515,190111,787001947.0,64857352.43358,0
1701388800000,0.08344,0.0851,0.0823,0.08385,1075587047.0,1701475199999,90073150.12766,153166,552951625.0,46324050.51745,0
1701475200000,0.08384,0.08663,0.08327,0.08617,1047224679.0,1701561599999,88820270.26934,149952,573441489.0,48645462.1877,0
1701561600000,0.08617,0.08738,0.0836,0.08571,1233031851.0,1701647999999,105070170.07289,172238,604282492.0,51508482.60506,0
1701648000000,0.08571,0.0926,0.085,0.09188,2933769955.0,1701734399999,260449580.87759,433480,1514804868.0,134509698.49682,0
1701734400000,0.09188,0.0958,0.08746,0.09435,2544186116.0,1701820799999,232092568.92358,380284,1266974918.0,115665539.24996,0
1701820800000,0.09436,0.10645,0.09338,0.09493,5278501455.0,1701907199999,529155108.63456,948176,2698598049.0,270448755.69667,0
1701907200000,0.09493,0.09828,0.09269,0.09593,2842604920.0,1701993599999,271534378.26471,424890,1440423669.0,137510406.21558,0
1701993600000,0.09594,0.10385,0.09556,0.10164,2247014999.0,1702079999999,221624227.34803,329281,1148142817.0,113277229.36481,0
1702080000000,0.10165,0.1051,0.0975,0.09846,2400778713.0,1702166399999,244004075.71668,372697,1162719982.0,118170434.03241,0
1702166400000,0.09846,0.10275,0.09665,0.10186,1337401762.0,1702252799999,133811827.50554,224632,642065182.0,64272342.9646,0
1702252800000,0.10186,0.1073,0.09106,0.09413,3926452012.0,1702339199999,383703034.40585,670104,1979930605.0,193790599.75134,0
1702339200000,0.09412,0.09802,0.09122,0.09381,2003591978.0,1702425599999,189982703.73185,295622,1028126738.0,97411859.58964,0
1702425600000,0.09381,0.09759,0.0898,0.09642,1654708893.0,1702511999999,154070288.91372,261177,848511094.0,79067317.19103,0
1702512000000,0.09643,0.09878,0.09327,0.0983,1405821668.0,1702598399999,135886229.87469,213794,704661937.0,68132030.77906,0
1702598400000,0.0983,0.09879,0.09232,0.09303,1313568767.0,1702684799999,125558212.82158,183455,593416755.0,56729430.52365,0
1702684800000,0.09302,0.09728,0.09152,0.09713,1016225212.0,1702771199999,95995125.3446,153789,517684403.0,48939131.31559,0
1702771200000,0.09713,0.09784,0.09238,0.09295,986491713.0,1702857599999,93584238.22971,162093,473749254.0,44950150.34397,0
1702857600000,0.09295,0.09378,0.08638,0.09213,1479114802.0,1702943999999,133063803.10646,225263,720039918.0,64706713.75102,0
1702944000000,0.09212,0.0935,0.08926,0.09023,884237508.0,1703030399999,81106107.33288,143335,432710255.0,39702531.4788,0
1703030400000,0.09023,0.09334,0.08942,0.0915,1223678648.0,1703116799999,111626346.00808,180521,647553752.0,59076052.8754,0
1703116800000,0.09151,0.098,0.09063,0.09499,1726958198.0,1703203199999,162540116.75855,277356,892598431.0,84024560.83411,0
1703203200000,0.095,0.09559,0.09195,0.09499,1258416466.0,1703289599999,117980916.01579,199405,640159808.0,60032393.33459,0
1703289600000,0.09498,0.095,0.09204,0.09346,649710275.0,1703375999999,60513659.70097,107984,301052189.0,28036555.92759,0
1703376000000,0.09346,0.09492,0.09026,0.09171,1078125456.0,1703462399999,100751515.50742,187946,547463655.0,51196693.49945,0
1703462400000,0.09172,0.09544,0.09124,0.09435,794322702.0,1703548799999,74189206.09987,136914,403822219.0,37728611.52206,0
1703548800000,0.09436,0.09445,0.087,0.09135,1045263091.0,1703635199999,95772725.87688,190662,485664921.0,44533853.91837,0
1703635200000,0.09135,0.09386,0.08956,0.09365,697904313.0,1703721599999,64377495.45571,137851,354857444.0,32747801.4872,0
1703721600000,0.09365,0.09493,0.09107,0.09174,896005552.0,1703807999999,83376381.12298,158395,435203780.0,40520386.83761,0
1703808000000,0.09174,0.093,0.08843,0.09097,676368690.0,1703894399999,61781686.94874,141745,323935104.0,29607467.1996,0
1703894400000,0.09096,0.0914,0.0892,0.09,348435520.0,1703980799999,31486570.85449,69213,160011304.0,14462348.72977,0
1703980800000,0.09,0.09089,0.08808,0.08955,385427628.0,1704067199999,34692853.38567,69321,189881174.0,17092382.1576,0
1704067200000,0.08956,0.09207,0.08847,0.09199,506560988.0,1704153599999,45856152.14607,81285,276219341.0,25010749.25229,0
1704153600000,0.092,0.09438,0.09035,0.0911,881934936.0,1704239999999,81620263.86776,144162,454390672.0,42062694.85621,0
1704240000000,0.09109,0.09213,0.075,0.08201,1959750401.0,1704326399999,164033163.66787,331170,928423352.0,77705099.4459,0
1704326400000,0.082,0.08467,0.08093,0.08401,1144911613.0,1704412799999,94958162.03245,153450,556616788.0,46165646.63924,0
1704412800000,0.08401,0.08483,0.08046,0.08267,1109914047.0,1704499199999,91546774.14758,163743,554494081.0,45729635.66601,0
1704499200000,0.08267,0.08268,0.07833,0.08058,979471694.0,1704585599999,78819192.75806,169538,447853126.0,36028455.33089,0
1704585600000,0.08058,0.08148,0.07701,0.07824,927733107.0,1704671999999,74015800.99796,222250,426148252.0,33992257.28016,0
1704672000000,0.07822,0.08177,0.07412,0.0813,1392075761.0,1704758399999,108620233.77995,200289,661471171.0,51663807.32342,0
1704758400000,0.0813,0.08399,0.07642,0.07923,2205553399.0,1704844799999,175210044.35441,343943,1089041694.0,86528359.56728,0
1704844800000,0.07922,0.08501,0.07579,0.08307,1240032433.0,1704931199999,98980901.8188,221942,629187592.0,50264123.07351,0
1704931200000,0.08307,0.088,0.08197,0.08456,1520441570.0,1705017599999,129003894.10794,262023,774112807.0,65688044.31341,0
1705017600000,0.08456,0.08544,0.0778,0.08007,1117173897.0,1705103999999,92082844.95305,199721,566295401.0,46729762.39309,0
1705104000000,0.08007,0.08138,0.07861,0.08092,451114051.0,1705190399999,36291118.60026,83428,226536609.0,18230339.5048,0
1705190400000,0.08094,0.08396,0.07964,0.08003,923333159.0,1705276799999,75582443.56972,139892,444851885.0,36436297.62907,0
1705276800000,0.08002,0.08178,0.07987,0.08108,423589779.0,1705363199999,34300152.08223,80854,210973245.0,17085802.41817,0
1705363200000,0.08108,0.08258,0.07986,0.08134,582449257.0,1705449599999,47369892.27231,90582,295119455.0,24004596.2765,0
1705449600000,0.08134,0.0816,0.07935,0.08059,478700611.0,1705535999999,38583229.48141,68754,218812576.0,17640290.63084,0
1705536000000,0.0806,0.08081,0.0769,0.07808,621337144.0,1705622399999,49214806.5753,86646,264639870.0,20944374.84508,0
1705622400000,0.07808,0.07884,0.07484,0.07857,766708753.0,1705708799999,59204180.85016,107340,347129732.0,26806171.38591,0
1705708800000,0.07856,0.09058,0.07821,0.08777,1655077344.0,1705795199999,138866010.33485,276523,858858714.0,72165713.52381,0
1705795200000,0.08777,0.09046,0.08468,0.08546,2294800965.0,1705881599999,200633911.77286,404970,1185955777.0,103701613.57311,0
1705881600000,0.08547,0.08559,0.08012,0.08057,1591848689.0,1705967999999,132268389.42305,268782,751168308.0,62413301.46777,0
1705968000000,0.08057,0.08189,0.076,0.07821,1285716152.0,1706054399999,100492938.5102,215547,616569150.0,48191470.18443,0
1706054400000,0.07821,0.08066,0.07754,0.07904,688387053.0,1706140799999,54447832.72829,121180,324367713.0,25667508.94066,0
1706140800000,0.07905,0.07925,0.07711,0.07795,487927595.0,1706227199999,38061922.12705,86423,234763919.0,18321743.22784,0
1706227200000,0.07795,0.08035,0.07753,0.07985,438354293.0,1706313599999,34722428.42862,83960,222730995.0,17631580.97325,0
1706313600000,0.07985,0.0807,0.07902,0.08014,330227896.0,1706399999999,26367307.9665,59129,150540227.0,12019711.46842,0
1706400000000,0.08014,0.08149,0.07818,0.07882,405942847.0,1706486399999,32446105.53783,76925,187438983.0,14982271.73587,0
1706486400000,0.07883,0.08306,0.07816,0.08135,1259643662.0,1706572799999,102222096.05264,190917,602169441.0,48863970.71963,0
1706572800000,0.08137,0.08219,0.07939,0.07972,609381172.0,1706659199999,49472217.60913,101054,301087158.0,24448068.45624,0
1706659200000,0.07971,0.08028,0.078,0.07875,492930215.0,1706745599999,39115347.30535,98410,207516165.0,16468648.94642,0
1706745600000,0.07874,0.07986,0.07728,0.07937,423161080.0,1706831999999,33395733.01891,78316,198833367.0,15700359.44946,0
1706832000000,0.07937,0.07996,0.07858,0.07928,338158394.0,1706918399999,26849623.02363,58101,168366800.0,13369594.28407,0
1706918400000,0.07928,0.07951,0.07853,0.07874,181709999.0,1707004799999,14369151.85233,34991,75787397.0,5994072.10905,0
1707004800000,0.07874,0.07998,0.07775,0.07831,263166434.0,1707091199999,20770189.49683,48749,116733739.0,9217344.05157,0
1707091200000,0.07831,0.08031,0.07735,0.07835,432182668.0,1707177599999,34091489.0786,74931,219073615.0,17277798.48181,0
1707177600000,0.07835,0.07923,0.07773,0.07849,294603685.0,1707263999999,23132778.21818,53812,147039189.0,11549572.20443,0
1707264000000,0.07848,0.08032,0.07816,0.08013,389072392.0,1707350399999,30858397.35495,70931,212692105.0,16873603.98773,0
1707350400000,0.08013,0.08087,0.07935,0.07987,447795104.0,1707436799999,35878029.09784,84642,231601422.0,18557842.25016,0
1707436800000,0.07986,0.08222,0.07986,0.08155,665001847.0,1707523199999,54073200.59692,111570,336900332.0,27399051.91533,0
1707523200000,0.08154,0.08214,0.0803,0.08142,367774924.0,1707609599999,29882540.10703,55220,172626818.0,14029658.40294,0
1707609600000,0.08141,0.08358,0.08075,0.08123,639653927.0,1707695999999,52555183.74082,95242,319588983.0,26260787.88778,0
1707696000000,0.08123,0.08287,0.07946,0.08223,797306560.0,1707782399999,64715262.07532,117714,399960920.0,32475246.17018,0
1707782400000,0.08223,0.08297,0.07968,0.08105,738029583.0,1707868799999,60257483.6886,115928,348322727.0,28434654.40809,0
1707868800000,0.08105,0.087,0.08047,0.0855,1497064357.0,1707955199999,126203446.28327,223991,775133249.0,65283302.54806,0
1707955200000,0.08549,0.08824,0.08392,0.08528,1428000130.0,1708041599999,122809328.84948,227247,681879288.0,58643290.72875,0
1708041600000,0.08527,0.08799,0.08392,0.08591,807216742.0,1708127999999,69277895.36793,163668,395862471.0,33981233.13515,0
1708128000000,0.08591,0.08606,0.08192,0.08356,647757981.0,1708214399999,54377792.41231,114937,311686248.0,26140552.49244,0
1708214400000,0.08355,0.08572,0.08282,0.08517,526443268.0,1708300799999,44324227.51339,104204,263377496.0,22181390.10518,0
1708300800000,0.08516,0.09084,0.08502,0.08942,1424055062.0,1708387199999,124764301.38545,224622,713188885.0,62514521.90854,0
1708387200000,0.08942,0.09155,0.0826,0.08615,1744290957.0,1708473599999,151671841.83121,273655,881201587.0,76545043.39074,0
1708473600000,0.08615,0.08627,0.08196,0.08457,757871134.0,1708559999999,63437307.85026,156728,332517153.0,27840466.53071,0
1708560000000,0.08457,0.08551,0.08302,0.0841,645334349.0,1708646399999,54592707.14756,132340,302354125.0,25573604.81846,0
1708646400000,0.08409,0.08553,0.08285,0.08451,791686167.0,1708732799999,66625671.87575,132958,402590130.0,33900865.36498,0
1708732800000,0.08451,0.08637,0.08386,0.08615,657921980.0,1708819199999,56141634.84861,111109,370846735.0,31641055.73407,0
1708819200000,0.08616,0.08682,0.08521,0.08612,493056846.0,1708905599999,42505674.05449,100161,253976737.0,21893542.5162,0
1708905600000,0.08613,0.09,0.08415,0.08923,1088385979.0,1708991999999,94663047.9985,189872,568953886.0,49524545.40834,0
1708992000000,0.08923,0.10066,0.08844,0.09758,4473045916.0,1709078399999,427761141.98753,694327,2306374045.0,220653820.083,0
1709078400000,0.09759,0.12333,0.09417,0.11585,8260903846.0,1709164799999,892737375.1026499,1596270,4169953107.0,450578727.1027,0
1709164800000,0.11585,0.135,0.11132,0.11732,8825589402.0,1709251199999,1110023130.06987,2004818,4431989146.0,557379063.81402,0
1709251200000,0.11732,0.14561,0.11704,0.13934,6695199430.0,1709337599999,868436005.8664701,1372756,3361927955.0,435743727.31749,0
1709337600000,0.13934,0.151,0.13579,0.14196,5215907888.0,1709423999999,744261090.4536,1406218,2620839162.0,374116086.49022,0
1709424000000,0.14195,0.15629,0.12356,0.15347,6113745846.0,1709510399999,871192026.5475901,1562172,3011987688.0,429716209.00013,0
1709510400000,0.15346,0.18518,0.14424,0.18196,8109722728.0,1709596799999,1361351555.86197,2692599,4053624267.0,680381489.54173,0
1709596800000,0.18197,0.20637,0.126,0.15304,12530493898.0,1709683199999,2136677249.79085,3882945,6139235662.0,1049261497.5638,0
1709683200000,0.15304,0.17981,0.1461,0.15784,5625446879.0,1709769599999,906498711.38404,1721284,2790653023.0,449812419.36516,0
1709769600000,0.15784,0.1623,0.14637,0.15764,4138356351.0,1709855999999,638668441.95381,1112846,2073320059.0,320096620.18183,0
1709856000000,0.15762,0.176,0.155,0.16457,4842302475.0,1709942399999,805786080.2804,1461244,2400729190.0,399295337.60946,0
1709942400000,0.16456,0.18486,0.16288,0.17875,3903293224.0,1710028799999,680877140.14926,1119960,1939712868.0,338009123.119,0
1710028800000,0.17875,0.17965,0.16526,0.16997,2311878295.0,1710115199999,400990729.05179,709213,1115841287.0,193556834.47749,0
1710115200000,0.16998,0.18315,0.15986,0.182,3021515629.0,1710201599999,524855474.59918,925881,1489873219.0,258803636.85502,0
1710201600000,0.182,0.1835,0.155,0.16816,2760068984.0,1710287999999,467458112.0153,875431,1366449714.0,231317593.92388,0
1710288000000,0.16817,0.17444,0.16481,0.16897,2005346358.0,1710374399999,341061408.30969,645331,974742528.0,165775464.03284,0
1710374400000,0.16895,0.19289,0.165,0.17719,7417977435.0,1710460799999,1338861261.39876,2175526,3741360723.0,675506758.25613,0
1710460800000,0.1772,0.18142,0.151,0.16357,4217464611.0,1710547199999,694066606.94409,1222093,2083979031.0,343085126.792,0
1710547200000,0.16358,0.16524,0.138,0.14253,3166192692.0,1710633599999,479794035.14473,924978,1528264041.0,231509037.06673,0
1710633600000,0.14253,0.15936,0.1366,0.15428,2846386007.0,1710719999999,423073349.3024,769279,1416427089.0,210790776.32203,0
1710720000000,0.15428,0.15432,0.14,0.14353,2116020884.0,1710806399999,309818787.96325,573866,1042695368.0,152676205.95896,0
1710806400000,0.14352,0.14517,0.1252,0.12881,4709278496.0,1710892799999,622247889.21888,986666,2362186353.0,312076420.90741,0
1710892800000,0.12879,0.15327,0.12253,0.15209,4788948000.0,1710979199999,653058271.04096,1153108,2386512307.0,325797684.14325,0
1710979200000,0.15209,0.15998,0.14649,0.15537,3475754499.0,1711065599999,530745097.35974,967524,1744637911.0,266535864.45025,0
1711065600000,0.15536,0.165,0.14528,0.15292,3644351433.0,1711151999999,565007320.34351,1170989,1846726073.0,286595197.25791,0
1711152000000,0.15294,0.175,0.15164,0.1619,3445544497.0,1711238399999,565949747.26452,1112195,1754869960.0,288187555.92998,0
1711238400000,0.16191,0.18,0.16097,0.17651,3007181093.0,1711324799999,517410318.40108,1063261,1545474685.0,266007742.60162,0
1711324800000,0.17651,0.18726,0.17,0.17526,2860835588.0,1711411199999,507424181.59366,1125367,1402958052.0,249196694.62237,0
1711411200000,0.17526,0.18707,0.174,0.1823,2942951273.0,1711497599999,530892951.1292,901925,1485304405.0,267875002.03226,0
1711497600000,0.18231,0.19185,0.1787,0.19047,4365126606.0,1711583999999,811271224.15878,1444152,2241569100.0,416741812.11131,0
1711584000000,0.19048,0.22888,0.1892,0.22001,6581610023.0,1711670399999,1384358491.92239,2058607,3394734141.0,713959814.59223,0
1711670400000,0.22002,0.22494,0.20636,0.213,3515455224.0,1711756799999,753643505.7411,1071131,1695856519.0,363899976.9855,0
1711756800000,0.213,0.21692,0.19611,0.19912,2521998974.0,1711843199999,521308817.81194,683683,1189106304.0,245913242.35866,0
1711843200000,0.19913,0.2243,0.19908,0.22,2325500500.0,1711929599999,491406986.34412,642419,1175816797.0,248317919.51539,0
1711929600000,0.22,0.22003,0.19709,0.20503,3456154163.0,1712015999999,711845259.72304,964182,1661194014.0,342069994.90839,0
1712016000000,0.20502,0.20517,0.18,0.18248,3974417546.0,1712102399999,743801282.0732701,1108518,1868990911.0,349638385.54594,0
1712102400000,0.18249,0.1875,0.17002,0.17522,3549429233.0,1712188799999,639816295.62313,917664,1755228544.0,316527467.14544,0
1712188800000,0.17521,0.18837,0.17189,0.17998,2343983176.0,1712275199999,423232996.32977,648057,1217083169.0,219851566.56489,0
1712275200000,0.17997,0.18076,0.16733,0.1772,2083599146.0,1712361599999,362983842.63259,515630,1051828668.0,183331967.92869,0
1712361600000,0.17719,0.18785,0.1764,0.18577,1865317107.0,1712447999999,340472822.4611,424865,938708083.0,171340904.48184,0
1712448000000,0.18576,0.2052,0.18544,0.19887,3025519000.0,1712534399999,594773979.19285,705962,1528665976.0,300513872.37575,0
1712534400000,0.19887,0.21,0.19551,0.2026,1955830692.0,1712620799999,397654411.49565,581889,993681696.0,202115388.85567,0
1712620800000,0.20261,0.20346,0.18496,0.18912,2177727783.0,1712707199999,421920343.68893,591577,1017719190.0,197208327.37684,0
1712707200000,0.18915,0.2028,0.18006,0.19971,2910595316.0,1712793599999,558720085.52841,706114,1466819235.0,281824428.59254,0
1712793600000,0.19971,0.20358,0.18974,0.1938,2177813466.0,1712879999999,425999469.67154,589221,1058611901.0,207139283.01205,0
1712880000000,0.19382,0.2013,0.16059,0.17403,3925158745.0,1712966399999,717114157.42598,1200551,1830113288.0,334386136.75527,0
1712966400000,0.17403,0.17586,0.13024,0.15254,5355470940.0,1713052799999,833658424.2621901,1814449,2571573800.0,400436459.13902,0
1713052800000,0.15254,0.16505,0.14369,0.16212,4301028374.0,1713139199999,659668465.09762,1285212,2131660712.0,326858727.6026,0
1713139200000,0.1621,0.169,0.15027,0.16123,4241463339.0,1713225599999,673817942.02785,1203179,2101223467.0,333742801.35985,0
1713225600000,0.16123,0.16247,0.14628,0.156,2835718778.0,1713311999999,436478797.49955,797305,1410200397.0,217097785.09388,0
1713312000000,0.156,0.15873,0.14431,0.14756,2144894019.0,1713398399999,324188311.75474,606260,1073927291.0,162456642.1394,0
1713398400000,0.14755,0.15381,0.14083,0.15221,2200135595.0,1713484799999,325738822.50211,585773,1068617351.0,158256657.99414,0
1713484800000,0.15222,0.15722,0.139,0.15633,2707121648.0,1713571199999,404711685.04601,687019,1324582450.0,198242395.30463,0
1713571200000,0.15632,0.165,0.1502,0.1626,1817384243.0,1713657599999,286217552.51206,455864,890179412.0,140301577.12628,0
1713657600000,0.16259,0.16586,0.15505,0.15825,1328449014.0,1713743999999,212957711.02825,356666,678021898.0,108619177.4312,0
1713744000000,0.15823,0.16343,0.15647,0.1612,1361190385.0,1713830399999,217888008.0941,352893,670585126.0,107365027.71119,0
1713830400000,0.16121,0.163,0.15682,0.15979,1070377335.0,1713916799999,171103589.8731,264679,524388790.0,83845697.3431,0
1713916800000,0.15979,0.1645,0.14934,0.15139,1835449856.0,1714003199999,289588763.8671,452498,904569366.0,142725762.17038,0
1714003200000,0.15139,0.15446,0.14743,0.15127,1163088346.0,1714089599999,175327979.29081,273758,569085820.0,85784885.08809,0
1714089600000,0.15126,0.15178,0.14683,0.148,899940448.0,1714175999999,134572742.07411,208809,453671973.0,67849881.41032,0
1714176000000,0.14802,0.14972,0.14233,0.14776,894496218.0,1714262399999,130624304.14441,203389,443353895.0,64755882.99111,0
1714262400000,0.14776,0.15109,0.146,0.1467,568872733.0,1714348799999,84900914.38082,130351,275049513.0,41059698.35344,0
1714348800000,0.14671,0.14809,0.13959,0.14342,1220801011.0,1714435199999,173784307.42444,253851,566066054.0,80595169.75547,0
1714435200000,0.14343,0.14601,0.12916,0.13339,1665323124.0,1714521599999,226462615.54536,348464,790480152.0,107487145.69352,0
1714521600000,0.13337,0.13395,0.1201,0.13021,3172868480.0,1714607999999,401702081.01785,585682,1554599123.0,196801232.06279,0
1714608000000,0.13021,0.13446,0.12407,0.13189,1666903290.0,1714694399999,217111398.40765,319827,809049611.0,105370208.93181,0
1714694400000,0.13189,0.14799,0.13113,0.14604,1484934698.0,1714780799999,204543149.52891,335600,752759376.0,103715983.6093,0
1714780800000,0.14604,0.17,0.14572,0.16012,3320985724.0,1714867199999,528166000.31926,853499,1679077962.0,267035695.71931,0
1714867200000,0.16012,0.16349,0.15454,0.16098,1670385631.0,1714953599999,267566324.26834,443653,813914314.0,130368556.90381,0
1714953600000,0.161,0.16915,0.15399,0.15648,2267601007.0,1715039999999,365384347.22044,563145,1150133288.0,185474582.80583,0
1715040000000,0.15649,0.15992,0.14924,0.14999,1298799353.0,1715126399999,202357234.98377,351398,644032308.0,100390449.05599,0
1715126400000,0.14999,0.152,0.14206,0.14324,1301147548.0,1715212799999,192373389.97604,338951,641430896.0,94909381.2457,0
1715212800000,0.14323,0.15423,0.14311,0.1522,1204735659.0,1715299199999,178207301.8168,320888,618666813.0,91524193.09047,0
1715299200000,0.1522,0.15387,0.14224,0.14389,1163562851.0,1715385599999,171568373.49688,314036,542818396.0,80056087.8132,0
1715385600000,0.14389,0.14626,0.14247,0.14306,461844106.0,1715471999999,66590421.52222,137048,223017663.0,32159876.28046,0
1715472000000,0.14305,0.14446,0.13899,0.14123,789804071.0,1715558399999,112157152.08293,173259,390541651.0,55466213.38033,0
1715558400000,0.14122,0.15765,0.13579,0.14864,2524431949.0,1715644799999,372442393.77644,636127,1238596743.0,182934409.98116,0
1715644800000,0.14863,0.15516,0.14429,0.14552,1854848426.0,1715731199999,276791984.81885,500100,901063096.0,134542491.06301,0
1715731200000,0.14552,0.157,0.14525,0.15534,1845492157.0,1715817599999,278760254.22299,480191,934902945.0,141160054.42809,0
1715817600000,0.15533,0.15931,0.14825,0.14972,1316060414.0,1715903999999,201994418.66608,328452,621326206.0,95419765.51951,0
1715904000000,0.14971,0.15692,0.14922,0.15555,1076157319.0,1715990399999,165013960.20192,269807,540260089.0,82845122.29043,0
1715990400000,0.15555,0.1569,0.15123,0.15302,698372016.0,1716076799999,107685865.54796,178658,327326486.0,50480307.10329,0
1716076800000,0.15302,0.15604,0.1474,0.14908,734215105.0,1716163199999,111273142.17642,203288,336422357.0,51018833.37472,0
1716163200000,0.14908,0.16636,0.14767,0.16573,1539763324.0,1716249599999,240732662.20448,421917,825130708.0,129170576.2256,0
1716249600000,0.16573,0.1733,0.16071,0.17024,2403419353.0,1716335999999,400724082.17254,642267,1183820401.0,197508215.70695,0
1716336000000,0.17023,0.17461,0.16174,0.16628,1812336614.0,1716422399999,304346865.87839,494288,888555195.0,149304387.83184,0
1716422400000,0.16628,0.16941,0.15171,0.15973,2098823634.0,1716508799999,339110158.78243,549338,1007620319.0,162814170.51551,0
1716508800000,0.15973,0.17328,0.155,0.16386,2918289583.0,1716595199999,478364559.67902,807561,1461692152.0,239799734.17514,0
1716595200000,0.16386,0.17438,0.1627,0.17402,1286560263.0,1716681599999,215741470.81624,357528,675677598.0,113383166.78869,0
1716681600000,0.17402,0.175,0.16551,0.16621,1223858574.0,1716767999999,208207872.31911,346955,595188002.0,101336659.23283,0
1716768000000,0.16621,0.1735,0.16416,0.16908,1347104309.0,1716854399999,227393890.15431,372056,666214482.0,112539728.52438,0
1716854400000,0.16908,0.16982,0.16157,0.16497,1230843968.0,1716940799999,203098726.60837,347539,592400515.0,97742933.70036,0
1716940800000,0.16496,0.17087,0.16208,0.16386,1395564391.0,1717027199999,232308157.24159,375705,699448672.0,116516599.79073,0
1717027200000,0.16386,0.1657,0.15642,0.15946,1456479032.0,1717113599999,234609576.71235,398573,676587392.0,109036663.08253,0
1717113600000,0.15945,0.16261,0.15431,0.15898,801814565.0,1717199999999,127452828.85606,244118,380803553.0,60528300.36014,0
1717200000000,0.15898,0.16199,0.1584,0.16031,367195745.0,1717286399999,58767449.01978,128541,182886327.0,29270936.65365,0
1717286400000,0.16031,0.16137,0.15469,0.1571,493754241.0,1717372799999,78013261.13908,157306,226426675.0,35772690.77988,0
1717372800000,0.1571,0.16346,0.15579,0.15835,823747427.0,1717459199999,132312187.58669,216477,394158458.0,63315467.85032,0
1717459200000,0.15834,0.16194,0.15706,0.16136,639124799.0,1717545599999,101779149.95704,157290,311274804.0,49583610.03161,0
1717545600000,0.16136,0.16486,0.16117,0.16326,670049829.0,1717631999999,109232785.22191,177171,329528797.0,53724987.93469,0
1717632000000,0.16327,0.16579,0.15831,0.16016,805127872.0,1717718399999,130521582.92572,191860,407710619.0,66089384.16788,0
1717718400000,0.16015,0.16213,0.14,0.1482,1486678159.0,1717804799999,225242188.54144,418279,720131754.0,108995211.30903,0
1717804800000,0.1482,0.14879,0.1435,0.14588,726829388.0,1717891199999,106728570.42129,184620,345243405.0,50685209.92834,0
1717891200000,0.1459,0.14916,0.14492,0.14679,428167441.0,1717977599999,62723566.38682,113694,211120916.0,30921014.41274,0
1717977600000,0.14679,0.14795,0.14325,0.14478,445950423.0,1718063999999,64752242.76975,128498,209382195.0,30408846.85698,0
1718064000000,0.14478,0.14519,0.13364,0.13806,1247090910.0,1718150399999,173678325.32941,304983,562912603.0,78389091.92429,0
1718150400000,0.13806,0.15096,0.13458,0.14621,1335443938.0,1718236799999,193764006.51246,418185,643118372.0,93352496.70269,0
1718236800000,0.14621,0.1465,0.14009,0.1411,722950347.0,1718323199999,103382654.34969,240083,341519961.0,48857241.22085,0
1718323200000,0.1411,0.14343,0.13189,0.13499,913514559.0,1718409599999,125775547.5125,322549,440536291.0,60615462.7069,0
1718409600000,0.13499,0.13785,0.13361,0.13677,464938828.0,1718495999999,63339739.49288,143641,226210799.0,30838968.71475,0
1718496000000,0.13678,0.13768,0.13467,0.13713,307161114.0,1718582399999,41867088.41757,96156,143918852.0,19620645.46612,0
1718582400000,0.13713,0.13822,0.12601,0.12879,1132086823.0,1718668799999,149469832.25221,317150,529289784.0,69957525.05277,0
1718668800000,0.12879,0.12929,0.11338,0.12225,2070645660.0,1718755199999,249577381.11982,567945,982881652.0,118421416.13427,0
1718755200000,0.12224,0.12679,0.12141,0.12247,742608455.0,1718841599999,92108303.62394,209805,343719319.0,42640782.4986,0
1718841600000,0.12247,0.129,0.12134,0.12455,880387309.0,1718927999999,109547828.55656,238680,435109185.0,54149398.11834,0
1718928000000,0.12455,0.12574,0.12138,0.12418,675836837.0,1719014399999,83619978.37806,230692,300764377.0,37219821.34543,0
1719014400000,0.12418,0.12556,0.1229,0.12375,341304465.0,1719100799999,42428576.88868,105820,161668393.0,20101239.87513,0
1719100800000,0.12376,0.1264,0.1209,0.12222,506605755.0,1719187199999,62795886.82449,157031,239634285.0,29726372.57905,0
1719187200000,0.12222,0.12395,0.11354,0.11902,1238016703.0,1719273599999,146356838.01654,401774,590835291.0,69867536.59157,0
1719273600000,0.11901,0.12862,0.11882,0.12615,904499973.0,1719359999999,112243456.78113,281109,456264929.0,56622916.718,0
1719360000000,0.12616,0.12865,0.1218,0.12276,569477357.0,1719446399999,70968841.73311,200269,272053611.0,33906361.15475,0
1719446400000,0.12277,0.12846,0.12061,0.12711,727482679.0,1719532799999,90162542.24209,215467,357056487.0,44267312.49295,0
1719532800000,0.12711,0.12851,0.12217,0.12306,705909915.0,1719619199999,88642470.9991,264047,344822649.0,43302390.88533,0
1719619200000,0.12306,0.1244,0.12138,0.1219,241340466.0,1719705599999,29759663.54821,106001,117493551.0,14491614.16012,0
1719705600000,0.1219,0.12564,0.1205,0.12448,335643611.0,1719791999999,41159318.02876,167430,166432071.0,20414168.90208,0
1719792000000,0.12449,0.1275,0.12322,0.12352,428296949.0,1719878399999,53672635.06681,222017,207076599.0,25952833.05532,0
1719878400000,0.12352,0.12544,0.12247,0.1253,314273229.0,1719964799999,38883883.14413,173609,150196011.0,18591412.82594,0
1719964800000,0.1253,0.12555,0.11683,0.11849,562730261.0,1720051199999,67561388.04917,300783,261859263.0,31438310.78975,0
1720051200000,0.11849,0.11914,0.10385,0.10502,1541593699.0,1720137599999,169999028.00986,471267,737821019.0,81318656.02348,0
1720137600000,0.10503,0.10652,0.09136,0.10547,2608167044.0,1720223999999,257779899.34478,912278,1243010029.0,122819170.49553,0
1720224000000,0.10548,0.11416,0.10468,0.11343,997717793.0,1720310399999,108681671.70384,390895,497318864.0,54185168.16135,0
1720310400000,0.11343,0.1135,0.1036,0.10415,749813872.0,1720396799999,81391092.08759,324355,347681480.0,37754788.56494,0
1720396800000,0.10415,0.1114,0.09874,0.10758,1314220494.0,1720483199999,138570346.14081,621045,657699218.0,69430436.51559,0
1720483200000,0.10757,0.10954,0.10579,0.10756,559621670.0,1720569599999,60370239.10143,195199,278822808.0,30080985.73868,0
1720569600000,0.10756,0.11053,0.10572,0.108,521002616.0,1720655999999,56646967.26629,203089,265860311.0,28908092.93532,0
1720656000000,0.108,0.11247,0.10615,0.10664,558914156.0,1720742399999,60769049.93542,271104,278247293.0,30267695.48321,0
1720742400000,0.10664,0.10831,0.10477,0.10769,467602106.0,1720828799999,49751385.86083,221839,231633927.0,24645160.29338,0
1720828800000,0.10769,0.113,0.10728,0.11231,547626740.0,1720915199999,60533417.24991,213218,289905591.0,32058307.8015,0
1720915200000,0.11231,0.11698,0.1111,0.11535,646475898.0,1721001599999,73504222.62151,230772,354292167.0,40357351.46482,0
1721001600000,0.11535,0.12555,0.11457,0.1249,1010690868.0,1721087999999,120645044.08575,453915,527524147.0,63034610.37631,0
1721088000000,0.1249,0.12784,0.11891,0.12478,1054095685.0,1721174399999,130516815.19708,618871,522299240.0,64688038.56164,0
1721174400000,0.12479,0.12769,0.12032,0.12178,687859592.0,1721260799999,85519514.29072,406661,337759132.0,41998813.49085,0
1721260800000,0.12179,0.12397,0.11715,0.11956,786606248.0,1721347199999,94997980.31047,422520,351268864.0,42429798.10066,0
1721347200000,0.11955,0.12604,0.11742,0.12543,811589334.0,1721433599999,99256123.12423,386140,399376179.0,48823128.1806,0
1721433600000,0.12543,0.13582,0.1243,0.13424,1436351183.0,1721519999999,188080794.50771,587881,779400466.0,102057434.28086,0
1721520000000,0.13423,0.14373,0.12576,0.14026,1539907160.0,1721606399999,207976344.73544,698132,762070834.0,102990367.70932,0
1721606400000,0.14027,0.1427,0.13581,0.13776,1602038139.0,1721692799999,222958433.77163,725593,785134165.0,109313704.70535,0
1721692800000,0.13777,0.13923,0.12807,0.13031,1099223304.0,1721779199999,146392278.72737,624277,539849195.0,71909125.85997,0
1721779200000,0.1303,0.13482,0.12688,0.12795,692696080.0,1721865599999,91095985.62744,446766,338336599.0,44536720.83831,0
1721865600000,0.12793,0.12873,0.1201,0.12526,916741676.0,1721951999999,113465711.70683,578895,446876957.0,55320520.39055,0
1721952000000,0.12525,0.13496,0.12504,0.13419,661205710.0,1722038399999,86144454.22625,380059,327291648.0,42655015.36616,0
1722038400000,0.13419,0.13878,0.13011,0.13144,1329095559.0,1722124799999,178571350.48624,714087,660581424.0,88800994.44378,0
1722124800000,0.13143,0.13186,0.12809,0.13004,689009904.0,1722211199999,89723568.02783,287239,328411379.0,42770299.71191,0
1722211200000,0.13005,0.13509,0.12755,0.12843,764786376.0,1722297599999,100954068.95636,450397,369399593.0,48778445.10991,0
1722297600000,0.12844,0.1307,0.1232,0.12551,536194715.0,1722383999999,68460175.73361,375831,263475356.0,33652484.07424,0
1722384000000,0.12551,0.12736,0.1212,0.12192,523776745.0,1722470399999,65392665.39016,379509,240812188.0,30064758.31434,0
1722470400000,0.12192,0.12312,0.11211,0.11899,929497327.0,1722556799999,109208704.87834,556166,432014407.0,50719032.16646,0
1722556800000,0.11899,0.11975,0.11017,0.11154,829416403.0,1722643199999,94945628.5812,559517,386082227.0,44223951.52121,0
1722643200000,0.11154,0.11475,0.10518,0.10811,1009072658.0,1722729599999,111018578.74527,480440,465577160.0,51223652.41287,0
1722729600000,0.10812,0.10944,0.099,0.10375,1010011668.0,1722815999999,105271005.82374,625513,459045515.0,47820984.46596,0
1722816000000,0.10375,0.1043,0.0805,0.09436,6003336977.0,1722902399999,537522393.87426,1696835,2825295550.0,253639051.35044,0
1722902400000,0.09437,0.10151,0.09405,0.09645,1261946874.0,1722988799999,123319749.01462,745004,638169565.0,62383296.34472,0
1722988800000,0.09646,0.10208,0.09428,0.09558,1198829409.0,1723075199999,117779985.26624,746558,579796461.0,56970240.51945,0
1723075200000,0.09561,0.108,0.09354,0.10748,968675456.0,1723161599999,98318876.49421,576608,486791033.0,49509420.31181,0
1723161600000,0.10747,0.10782,0.1016,0.10386,542344314.0,1723247999999,56594088.53386,445330,256820853.0,26803725.28057,0
1723248000000,0.10386,0.10592,0.10288,0.10518,257631810.0,1723334399999,26909223.89134,208610,123988298.0,12953749.14965,0
1723334400000,0.10519,0.11099,0.10004,0.10059,769443790.0,1723420799999,81624595.2026,479379,351397942.0,37330602.80158,0
1723420800000,0.10059,0.10872,0.1001,0.10791,841806045.0,1723507199999,88279367.60385,551269,420831596.0,44205362.26075,0
1723507200000,0.10791,0.10904,0.10336,0.10636,488350832.0,1723593599999,51679739.74192,326297,224999928.0,23823474.18304,0
1723593600000,0.10637,0.10694,0.10136,0.1024,525436131.0,1723679999999,54741912.57012,357306,243735409.0,25390943.30565,0
1723680000000,0.1024,0.10495,0.09789,0.10021,610036012.0,1723766399999,61743946.99471,442205,284569533.0,28809920.67746,0
1723766400000,0.10021,0.10207,0.09745,0.10035,557705388.0,1723852799999,55915149.33112,423975,273816061.0,27461749.59008,0
1723852800000,0.10034,0.10372,0.10001,0.10275,244243848.0,1723939199999,24887653.61712,171133,126172049.0,12859259.24906,0
1723939200000,0.10275,0.10446,0.1,0.10004,350840535.0,1724025599999,36013643.20609,221120,160843169.0,16516706.16021,0
1724025600000,0.10005,0.10193,0.09857,0.10133,461658956.0,1724111999999,46197008.08576,307586,227403061.0,22759953.80736,0
1724112000000,0.10132,0.10581,0.10107,0.10289,800320196.0,1724198399999,83185135.20944,534265,409324136.0,42546157.15869,0
1724198400000,0.10289,0.10797,0.10212,0.10615,525554349.0,1724284799999,55038107.41332,594335,275062126.0,28814499.2649,0
1724284800000,0.10615,0.10689,0.104,0.10525,380546631.0,1724371199999,40162620.88359,482016,182909089.0,19301873.37946,0
1724371200000,0.10526,0.11546,0.10522,0.11293,1135703108.0,1724457599999,125020087.40763,981643,589275537.0,64841937.83881,0
1724457600000,0.11292,0.115,0.11074,0.11258,956116504.0,1724543999999,107738950.14372,687271,472485256.0,53240594.07846,0
1724544000000,0.11258,0.11287,0.10778,0.10959,568249607.0,1724630399999,62528803.30086,676343,275829086.0,30362864.76043,0
1724630400000,0.1096,0.11032,0.10442,0.1052,554048723.0,1724716799999,59463845.26189,758597,250350480.0,26868246.93083,0
1724716800000,0.1052,0.10653,0.09633,0.09891,703657118.0,1724803199999,72128435.6029,782887,328791878.0,33728445.14101,0
1724803200000,0.0989,0.1019,0.09682,0.09964,749119048.0,1724889599999,74497378.33899,985531,332440846.0,33069069.65163,0
1724889600000,0.09965,0.10259,0.09827,0.10037,415351459.0,1724975999999,41760251.96411,549751,203282671.0,20442294.69034,0
1724976000000,0.10037,0.10315,0.09697,0.10177,628171409.0,1725062399999,63066117.10324,724856,311678402.0,31326244.29889,0
1725062400000,0.10177,0.10239,0.10035,0.10128,261630981.0,1725148799999,26541141.43605,265357,122916112.0,12472384.44097,0
1725148800000,0.10128,0.10153,0.09388,0.09509,440544625.0,1725235199999,43141963.18179,410442,195289571.0,19126766.1677,0
1725235200000,0.09508,0.09992,0.09409,0.09912,456484773.0,1725321599999,44163449.3587,410485,219446070.0,21260102.35805,0
1725321600000,0.09912,0.10081,0.09639,0.09677,353919096.0,1725407999999,34949263.97791,393552,154703410.0,15275732.75328,0
1725408000000,0.09678,0.09951,0.09184,0.098,657720121.0,1725494399999,63124016.10158,603719,324059812.0,31146092.88362,0
1725494400000,0.09799,0.09917,0.096,0.09842,407742111.0,1725580799999,39817468.55545,426403,192208275.0,18768909.35968,0
1725580800000,0.09842,0.09944,0.08893,0.09254,1019311885.0,1725667199999,95537335.22151,821230,475072260.0,44532223.58381,0
1725667200000,0.09255,0.0957,0.09175,0.09539,436400943.0,1725753599999,41131030.76044,286780,209368108.0,19742389.80646,0
1725753600000,0.0954,0.09699,0.09383,0.09616,376614257.0,1725839999999,35963631.79481,322174,180658165.0,17258771.15956,0
1725840000000,0.09616,0.10495,0.09571,0.10376,896750540.0,1725926399999,90404722.45116,677653,469301087.0,47334617.50972,0
1725926400000,0.10375,0.1046,0.10153,0.1028,451668592.0,1726012799999,46505363.27843,505535,232771922.0,23960216.59321,0
1726012800000,0.10279,0.10305,0.09785,0.10131,496147874.0,1726099199999,49880864.80675,662703,240748918.0,24219656.80639,0
1726099200000,0.10132,0.10334,0.10044,0.10269,469727509.0,1726185599999,47930481.9785,495463,223354883.0,22791953.39479,0
1726185600000,0.10269,0.10857,0.10179,0.10696,885331769.0,1726271999999,93547072.98777,628467,453526213.0,47902807.97017,0
1726272000000,0.10695,0.1077,0.1043,0.1054,588837803.0,1726358399999,62571172.41102,357193,280270154.0,29786053.17293,0
1726358400000,0.1054,0.10642,0.10212,0.10281,454265265.0,1726444799999,47731552.69332,415932,214193106.0,22504971.43003,0
1726444800000,0.1028,0.10324,0.09834,0.09964,543744800.0,1726531199999,54774557.29848,547734,256164569.0,25799803.03714,0
1726531200000,0.09965,0.10266,0.0987,0.10112,488721301.0,1726617599999,49349894.87522,462126,238670033.0,24110514.77133,0
1726617600000,0.10111,0.10388,0.09932,0.10385,549809619.0,1726703999999,55689043.33511,641242,265908500.0,26937060.94127,0
1726704000000,0.10384,0.10713,0.10343,0.10499,676116886.0,1726790399999,70952774.98708,610383,342309213.0,35923205.75497,0
1726790400000,0.10498,0.10749,0.1036,0.10555,633811834.0,1726876799999,66923521.21183,600794,299034782.0,31580482.89671,0
1726876800000,0.10555,0.11049,0.10404,0.10993,543908991.0,1726963199999,58384918.488,421809,272415468.0,29236600.9445,0
1726963200000,0.10994,0.10998,0.10378,0.10633,432001443.0,1727049599999,46169285.85295,444259,203587505.0,21747960.34925,0
1727049600000,0.10632,0.10919,0.1041,0.10807,646437650.0,1727135999999,69295249.6263,652168,310682214.0,33296653.53117,0
1727136000000,0.10807,0.11066,0.10676,0.10979,747792653.0,1727222399999,81130709.17684,661879,349004280.0,37894600.72945,0
1727222400000,0.10977,0.11115,0.10801,0.10849,722241605.0,1727308799999,79089490.80738,611197,340102484.0,37252795.35292,0
1727308800000,0.10851,0.1207,0.10698,0.11818,1639288337.0,1727395199999,188552421.41087,1135145,793211323.0,91299186.70889,0
1727395200000,0.11817,0.12873,0.11698,0.12351,1623183646.0,1727481599999,200490248.60687,1322769,839128950.0,103692660.70981,0
1727481600000,0.12352,0.1321,0.1201,0.12806,1709881942.0,1727567999999,217079366.19034,1303246,847787740.0,107657703.78407,0
1727568000000,0.12807,0.13044,0.12435,0.12438,919118406.0,1727654399999,116820746.38565,955008,450595562.0,57287645.24816,0
1727654400000,0.12438,0.12466,0.11325,0.11421,1091853755.0,1727740799999,131049952.02245,856460,497880210.0,59719232.4542,0
1727740800000,0.11421,0.11935,0.1026,0.10685,1779737388.0,1727827199999,196843323.55122,801553,878641237.0,97150955.21866,0
1727827200000,0.10686,0.10951,0.10223,0.10462,1041484705.0,1727913599999,110503318.6661,406965,514188173.0,54538814.64526,0
1727913600000,0.10462,0.1068,0.10108,0.10507,990157071.0,1727999999999,102861284.1027,377607,467437061.0,48560850.73453,0
1728000000000,0.10506,0.11059,0.10475,0.10924,814968617.0,1728086399999,88200223.83915,269050,364166432.0,39431824.84494,0
1728086400000,0.10924,0.11025,0.10747,0.1094,398463760.0,1728172799999,43444855.41382,156882,185631700.0,20242651.11522,0
1728172800000,0.10941,0.11291,0.10839,0.11159,470748830.0,1728259199999,52075342.22264,211012,218959391.0,24215353.84462,0
1728259200000,0.11159,0.11547,0.10823,0.10841,1181346500.0,1728345599999,132719098.40515,475322,601228810.0,67608240.16286,0
1728345600000,0.10841,0.10986,0.10523,0.10709,680791688.0,1728431999999,73260279.94915,305731,340890653.0,36688572.71582,0
1728432000000,0.10709,0.11153,0.10608,0.10794,791794301.0,1728518399999,86440098.29864,321227,377348140.0,41196704.22494,0
1728518400000,0.10795,0.10865,0.10311,0.10603,713401352.0,1728604799999,75480373.87441,308053,322649514.0,34154157.29658,0
1728604800000,0.10603,0.11144,0.10566,0.11077,595969049.0,1728691199999,65149605.3794,235788,306306589.0,33515707.36282,0
1728691200000,0.11077,0.11219,0.10933,0.11138,415506248.0,1728777599999,46198872.11619,190256,193656596.0,21534167.6388,0
1728777600000,0.11138,0.11211,0.10864,0.1114,478777808.0,1728863999999,53079710.16742,226723,235812832.0,26142235.74253,0
1728864000000,0.1114,0.11771,0.10931,0.11669,1252447368.0,1728950399999,142573579.35614,413972,648328502.0,73777619.16633,0
1728950400000,0.11669,0.11932,0.11016,0.11748,1635590225.0,1729036799999,188363244.84756,643091,800861738.0,92263695.23589,0
1729036800000,0.11748,0.12999,0.1158,0.12573,3073408118.0,1729123199999,382348743.03303,865497,1473782481.0,183309511.25985,0
1729123200000,0.12574,0.131,0.12048,0.12967,1921830268.0,1729209599999,239921133.28091,571717,969201716.0,121046076.78256,0
1729209600000,0.12967,0.14083,0.12952,0.13716,2574606384.0,1729295999999,349018617.59602,848719,1253641141.0,169928651.15249,0
1729296000000,0.13718,0.147,0.13702,0.14407,2065754362.0,1729382399999,296534963.34745,831963,1016310059.0,145903497.55588,0
1729382400000,0.14408,0.14573,0.13721,0.14214,1498968992.0,1729468799999,211362523.71777,610104,750723284.0,105881782.98027,0
1729468800000,0.14214,0.14975,0.13816,0.14367,2235756592.0,1729555199999,322665885.51296,851332,1132965703.0,163548183.83185,0
1729555200000,0.14364,0.14849,0.1365,0.1397,1689968224.0,1729641599999,239902168.82068,662113,878224976.0,124610127.05498,0
1729641600000,0.1397,0.14101,0.13312,0.13997,1447606402.0,1729727999999,199800409.13528,608693,711105309.0,98183513.73287,0
1729728000000,0.13998,0.14384,0.1363,0.14188,1212204102.0,1729814399999,170359693.92653,593185,587821855.0,82628177.10014,0
1729814400000,0.14189,0.14277,0.12779,0.13161,1516604558.0,1729900799999,206543501.50519,640628,757080588.0,103232293.34511,0
1729900800000,0.13161,0.13822,0.13071,0.13747,766435162.0,1729987199999,102990800.16027,293589,375785408.0,50505774.45716,0
1729987200000,0.13747,0.14631,0.13607,0.14426,1098602934.0,1730073599999,155134439.17154,421268,531131029.0,75074157.41878,0
1730073600000,0.14427,0.16261,0.14115,0.16146,3223861267.0,1730159999999,487125057.18603,1296722,1619002970.0,244584976.25135,0
1730160000000,0.16145,0.1798,0.16054,0.17586,3867989341.0,1730246399999,657231936.56628,1550603,1953789906.0,332109853.43947,0
1730246400000,0.17586,0.17789,0.16447,0.16828,2167415553.0,1730332799999,371056091.93016,937927,1051060338.0,179956682.82308,0
1730332800000,0.16828,0.17364,0.15646,0.16164,2005209273.0,1730419199999,334554241.94658,900997,976616992.0,163147601.22466,0
1730419200000,0.16164,0.169,0.15415,0.15916,2339768574.0,1730505599999,376768880.38946,1062629,1194004099.0,192345485.98072,0
1730505600000,0.15917,0.16372,0.15546,0.15955,1264695204.0,1730591999999,201789654.01145,486760,663555494.0,105841559.58372,0
1730592000000,0.15955,0.15993,0.14219,0.15139,2202139186.0,1730678399999,328826221.34581,828078,1080220556.0,161290618.07616,0
1730678400000,0.15139,0.16034,0.14817,0.15822,2550505871.0,1730764799999,397394845.98352,1144424,1310272407.0,204240059.47292,0
1730764800000,0.15822,0.17956,0.15796,0.16999,3885888575.0,1730851199999,660058812.20594,1484219,1977134718.0,335918428.45249,0
1730851200000,0.16999,0.21936,0.16901,0.19646,10672110565.0,1730937599999,2114193426.96117,3746509,5510677057.0,1091273806.77625,0
1730937600000,0.19646,0.20435,0.18535,0.19324,3704240102.0,1731023999999,718407541.42712,1149440,1867907125.0,362533276.63985,0
1731024000000,0.19325,0.20699,0.19052,0.20197,3233648867.0,1731110399999,638780904.93637,1061566,1601222304.0,316504837.09444,0
1731110400000,0.20197,0.22,0.19737,0.2189,3534294056.0,1731196799999,735140504.62374,1158463,1820412631.0,378947731.76374,0
1731196800000,0.21891,0.29784,0.21659,0.27778,10387872726.0,1731283199999,2646663254.96577,4510947,5527332667.0,1408351295.85527,0
1731283200000,0.27781,0.3515,0.27244,0.35136,11217134512.1,1731369599999,3419122695.104413,5920930,5779635437.9,1762860213.568797,0
1731369600000,0.35135,0.43858,0.327,0.37985,17192779834.8,1731455999999,6566757221.704137,9756504,8801840869.3,3362878787.880601,0
1731456000000,0.37995,0.4341,0.35121,0.39903,12474507223.0,1731542399999,4902798028.02757,6729196,6146578355.0,2417335347.5994,0
1731542400000,0.39899,0.41672,0.35229,0.36254,6885684747.0,1731628799999,2695597636.72341,3619806,3341257489.0,1309872119.32174,0
1731628800000,0.36258,0.385,0.35261,0.3815,6002216840.0,1731715199999,2210627800.83513,2478301,2984986860.0,1100163185.30053,0
1731715200000,0.3815,0.39148,0.35982,0.36421,3538931801.0,1731801599999,1326519976.69615,1893767,1626014453.0,609774830.50681,0
1731801600000,0.36421,0.3758,0.34,0.36704,3780910238.0,1731887999999,1357261707.2671,3384220,1843057196.0,661883875.39904,0
1731888000000,0.36704,0.3808,0.3574,0.37113,4010630836.0,1731974399999,1486951498.00098,3432596,1983853269.0,735820311.63216,0
1731974400000,0.37113,0.42,0.36601,0.39067,6174029423.0,1732060799999,2421330863.4667,4538437,3064168233.0,1202397992.29348,0
1732060800000,0.39067,0.39668,0.36464,0.37778,3737616522.0,1732147199999,1435431994.86896,3159629,1794930065.0,689934698.12385,0
1732147200000,0.37778,0.39564,0.36883,0.38664,3942916685.0,1732233599999,1515354957.66809,3138314,1979660483.0,760896101.94507,0
1732233600000,0.38664,0.42043,0.3808,0.41277,6068746988.0,1732319999999,2427461914.2625,4621779,3091652863.0,1237755083.42368,0
1732320000000,0.41277,0.48,0.40404,0.43015,8608702376.3,1732406399999,3841387804.780048,7187481,4221154005.1,1881789955.746448,0
1732406400000,0.43016,0.4536,0.39811,0.43023,4932729870.0,1732492799999,2087009350.75786,5263893,2367217794.0,1002355983.51067,0
1732492800000,0.43026,0.4377,0.38085,0.39264,4149065549.0,1732579199999,1711917426.77504,4336828,2022962123.0,835152798.69436,0
1732579200000,0.39263,0.4088,0.365,0.38705,3934214992.0,1732665599999,1517428377.73407,4616368,1928679450.0,744240745.3725101,0
1732665600000,0.38705,0.40777,0.38025,0.40093,2930851837.0,1732751999999,1158680737.18236,2982561,1420965440.0,561956469.88094,0
1732752000000,0.40093,0.42877,0.39111,0.4016,2624936834.0,1732838399999,1062183702.5957,3394433,1285204387.0,520406965.85406,0
1732838400000,0.4016,0.43744,0.39945,0.42636,3088512232.0,1732924799999,1291657609.36031,3372737,1518537200.0,635113275.03985,0
1732924800000,0.42635,0.43569,0.41378,0.4216,2293217212.0,1733011199999,973901486.517,2954505,1145163836.0,486556178.56532,0
1733011200000,0.4216,0.44977,0.41622,0.44045,3414080563.0,1733097599999,1476298154.74837,3653644,1755370908.0,759354279.5143299,0
1733097600000,0.44045,0.46357,0.4003,0.42457,5661242625.0,1733183999999,2422074970.98563,6243322,2782765971.0,1192659039.96982,0
1733184000000,0.42457,0.42966,0.388,0.40632,4297871410.0,1733270399999,1762743086.33872,4294246,2054589208.0,843080706.8091,0
1733270400000,0.40632,0.43656,0.4,0.43274,3719414028.0,1733356799999,1553350029.06576,3729427,1895172346.0,792212608.79928,0
1733356800000,0.43274,0.4655,0.40675,0.42682,6428185957.0,1733443199999,2822339374.04718,5851219,3155153367.0,1386296816.98843,0
1733443200000,0.42683,0.44147,0.41976,0.43467,2736325757.0,1733529599999,1183271299.71256,3014286,1364347300.0,590011660.07923,0
1733529600000,0.43468,0.46625,0.43057,0.45281,3482207276.0,1733615999999,1569075699.65341,3422600,1781698872.0,803087756.8247,0
1733616000000,0.45283,0.48434,0.446,0.46635,3415660534.4,1733702399999,1583884025.100411,3422795,1750659287.1,812374232.579921,0
1733702400000,0.46635,0.46739,0.38,0.41403,5584093802.0,1733788799999,2396779879.85935,5918892,2644503478.0,1135469060.43156,0
1733788800000,0.41403,0.42302,0.36537,0.39392,5317180501.0,1733875199999,2096830723.95796,5696279,2533081387.0,999934001.58168,0
1733875200000,0.39391,0.41909,0.3751,0.41402,2982323311.0,1733961599999,1195264275.4288,3276431,1510899167.0,606115796.66397,0
1733961600000,0.41402,0.42495,0.40116,0.40611,2544752744.0,1734047999999,1051051694.59888,3237823,1254983466.0,518519887.01438,0
1734048000000,0.40611,0.41228,0.39906,0.40901,1560217848.0,1734134399999,632483795.30037,2214204,734625634.0,297857546.7859,0
1734134400000,0.40901,0.414,0.38734,0.39828,1406442149.0,1734220799999,561853226.2644,1881631,676747789.0,270410290.44525,0
1734220800000,0.39827,0.41131,0.3924,0.40659,1093200858.0,1734307199999,438210921.06645,1585780,535384132.0,214667973.95228,0
1734307200000,0.40659,0.415,0.39239,0.40195,1637008922.0,1734393599999,662336396.65115,2410415,793919549.0,321443619.98669,0
1734393600000,0.40195,0.41032,0.39104,0.39415,1486814080.0,1734479999999,596025766.01319,2255938,726987141.0,291510233.30588,0
1734480000000,0.39415,0.39639,0.35105,0.35824,2778577477.0,1734566399999,1044353650.62209,2647672,1284280079.0,483041398.70659,0
1734566400000,0.35825,0.36734,0.30001,0.31431,5544908636.0,1734652799999,1834889200.87388,3472404,2652506857.0,876924507.18064,0
1734652800000,0.31431,0.32907,0.26216,0.31793,6899043983.0,1734739199999,2051715365.98822,4283234,3396955838.0,1010759206.47951,0
1734739200000,0.31792,0.35,0.31395,0.32042,3747409658.0,1734825599999,1236432999.73927,2408904,1753678623.0,578556418.48214,0
1734825600000,0.32042,0.3246,0.3051,0.31262,2191716587.0,1734911999999,690937802.44318,1312161,1047263548.0,330237906.00574,0
1734912000000,0.31263,0.32882,0.3028,0.32497,2130359688.0,1734998399999,669749778.67626,1339174,1048260650.0,329662266.78057,0
1734998400000,0.32497,0.34053,0.3162,0.3371,1468454936.0,1735084799999,482863387.29462,1104133,707206662.0,232500210.99264,0
1735084800000,0.3371,0.34221,0.32549,0.33433,1176142542.0,1735171199999,391656942.49944,1231717,553714161.0,184447341.19644,0
1735171200000,0.33434,0.338,0.30837,0.31274,1143051080.0,1735257599999,365121660.13497,1431521,529628505.0,169138439.66838,0
1735257600000,0.31274,0.32488,0.30873,0.31186,1010676000.0,1735343999999,318915633.21444,1297345,476986727.0,150585201.28381,0
1735344000000,0.31187,0.32758,0.31133,0.32439,626267458.0,1735430399999,199450953.15139,770254,307949501.0,98107267.10972,0
1735430400000,0.32439,0.3297,0.31192,0.31435,838842516.0,1735516799999,269189331.65709,801538,372437054.0,119624326.02864,0
1735516800000,0.31435,0.32326,0.30666,0.31396,1242292430.0,1735603199999,393281735.59825,1418260,578060213.0,182978477.52882,0
1735603200000,0.31396,0.3291,0.3093,0.316,1024184412.0,1735689599999,326747585.02847,1214119,495243057.0,158110658.17468,0
1735689600000,0.316,0.32749,0.31195,0.32513,705437154.0,1735775999999,225584886.81993,780419,332104809.0,106219941.04296,0
1735776000000,0.32513,0.345,0.3246,0.33893,1564674333.0,1735862399999,526926487.28007,1466860,783934165.0,263933134.26103,0
1735862400000,0.33894,0.38944,0.33599,0.37989,2152130037.0,1735948799999,781351607.0220301,2132210,1108070507.0,402108556.07246,0
1735948800000,0.37989,0.39876,0.37642,0.39483,1857777267.0,1736035199999,720008733.87459,2098380,933341449.0,361822769.35064,0
1736035200000,0.39482,0.39788,0.37516,0.3823,1058790866.0,1736121599999,407589082.4909,1334766,514589929.0,198181206.43388,0
1736121600000,0.38231,0.39555,0.376,0.38782,1121833276.0,1736207999999,433882739.78581,1543481,576489727.0,223067277.05624,0
1736208000000,0.38782,0.39831,0.34713,0.348,2539411771.0,1736294399999,941837524.3743101,2896678,1192464501.0,443141129.66858,0
1736294400000,0.348,0.35558,0.32444,0.3423,2126726199.0,1736380799999,729506270.65314,2980936,1063391156.0,364805575.88602,0
1736380800000,0.3423,0.34686,0.3143,0.321,1860743903.0,1736467199999,609426648.77337,2586130,870764540.0,285080907.42202,0
1736467200000,0.32099,0.33983,0.32091,0.33388,1488638174.0,1736553599999,492051412.80003,2036447,746285552.0,246693259.77028,0
1736553600000,0.33388,0.34817,0.32956,0.3412,604720851.0,1736639999999,203958287.51324,919110,293091865.0,98943678.03989,0
1736640000000,0.3412,0.34355,0.33168,0.33591,648565559.0,1736726399999,219549254.34156,854659,308456940.0,104451806.69049,0
1736726400000,0.33591,0.34628,0.30969,0.33807,1782621475.0,1736812799999,580111787.90483,2642054,854993115.0,278499906.20378,0
1736812800000,0.33808,0.3622,0.33585,0.35591,1629282050.0,1736899199999,568333941.85917,1874736,800334815.0,279232721.22665,0
1736899200000,0.35591,0.38777,0.3483,0.38537,2004221988.0,1736985599999,733657688.1608499,2620129,1031503830.0,377893590.26095,0
1736985600000,0.38537,0.39021,0.36761,0.37649,1998516270.0,1737071999999,756622622.0856099,2844992,995152243.0,377126448.42704,0
1737072000000,0.37649,0.42215,0.37549,0.41525,2738492069.0,1737158399999,1115256408.68302,3545433,1419366825.0,577243227.2759,0
1737158400000,0.41525,0.43408,0.38355,0.39641,3421181167.0,1737244799999,1378958336.93383,4737964,1683489904.0,679234765.16693,0
1737244800000,0.39641,0.40998,0.34684,0.3584,4843917387.0,1737331199999,1834764391.95838,6649024,2308183329.0,875169503.29993,0
1737331200000,0.35839,0.38663,0.34486,0.35456,4008416908.0,1737417599999,1464688334.34397,7506636,1998420686.0,730642034.61505,0
1737417600000,0.35456,0.40382,0.33572,0.37177,4627964135.0,1737503999999,1720373097.05309,6395162,2283533121.0,849029158.52642,0
1737504000000,0.37178,0.3738,0.35506,0.36291,1430956457.0,1737590399999,521463661.03813,2232684,727258219.0,265086274.96711,0
1737590400000,0.36291,0.36457,0.34143,0.35206,1388750799.0,1737676799999,488786738.85996,2719447,671125278.0,236171352.73389,0
1737676800000,0.35207,0.36471,0.34278,0.35085,908457597.0,1737763199999,323433754.28481,1712854,451379356.0,160689092.30051,0
1737763200000,0.35086,0.36165,0.34543,0.35352,696981516.0,1737849599999,245965750.81184,1303677,358236718.0,126466199.31199,0
1737849600000,0.35351,0.35743,0.335,0.33605,543676770.0,1737935999999,189206567.43011,955459,258552805.0,90019390.08984,0
1737936000000,0.33604,0.33714,0.3051,0.33397,2468006517.0,1738022399999,792878121.42206,3456162,1202665856.0,386375599.46262,0
1738022400000,0.33398,0.33914,0.315,0.31871,935060400.0,1738108799999,308598829.88704,1551034,460312651.0,151842455.64465,0
1738108800000,0.31872,0.33488,0.3167,0.32404,927314997.0,1738195199999,303080605.41825,1635560,458911890.0,149978365.54566,0
1738195200000,0.32405,0.33881,0.32201,0.33153,612408768.0,1738281599999,203642549.97294,1007477,306560819.0,101906381.63582,0
1738281600000,0.33154,0.34177,0.32346,0.3289,840256101.0,1738367999999,278915569.21348,1397346,418271266.0,138888410.91137,0
1738368000000,0.3289,0.33227,0.30328,0.30792,904981799.0,1738454399999,286548424.72673,1293829,434999711.0,137948241.2453,0
1738454400000,0.30793,0.31487,0.25001,0.26808,3690220690.0,1738540799999,1035985614.18053,4776744,1823030585.0,512171728.68992,0
1738540800000,0.26809,0.29295,0.20178,0.28485,7185937771.0,1738627199999,1790559906.3133,8508859,3461808307.0,863463928.0330701,0
1738627200000,0.28484,0.289,0.25525,0.26345,2848033074.0,1738713599999,762527135.2366701,4063289,1341410985.0,359302512.16775,0
1738713600000,0.26346,0.26914,0.25333,0.25619,965551362.0,1738799999999,253215056.83768,1484319,479015660.0,125773683.52865,0
1738800000000,0.25617,0.26596,0.24274,0.24789,1180387671.0,1738886399999,299603577.32641,1702316,572898208.0,145545913.25923,0
1738886400000,0.24788,0.26178,0.23866,0.24651,1308847334.0,1738972799999,329594919.37527,1725717,652360199.0,164438210.4809,0
1738972800000,0.24652,0.25417,0.24447,0.25288,619823663.0,1739059199999,154225681.50542,889830,297190782.0,73998114.49795,0
1739059200000,0.25287,0.26,0.23975,0.2489,814554626.0,1739145599999,204746891.86216,1006698,403696928.0,101424959.22854,0
1739145600000,0.2489,0.25647,0.24158,0.25542,766688250.0,1739231999999,192149527.0483,1251119,376298953.0,94349620.14572,0
1739232000000,0.25541,0.27034,0.24839,0.25305,1078655896.0,1739318399999,280051924.36632,1534316,536487658.0,139286282.44291,0
1739318400000,0.25305,0.26734,0.24661,0.26418,1235432211.0,1739404799999,316487762.9135,1657623,600826511.0,153960016.99878,0
1739404800000,0.26419,0.26718,0.25333,0.26245,899065089.0,1739491199999,233401153.68192,1157657,437847669.0,113672633.00627,0
1739491200000,0.26245,0.28676,0.26078,0.2718,1492854024.0,1739577599999,405911662.16891,1921677,742278293.0,201867013.04706,0
1739577600000,0.2718,0.28328,0.26823,0.27174,960758429.0,1739663999999,264922493.24647,1372170,462743248.0,127705151.56224,0
1739664000000,0.27174,0.2742,0.26346,0.26555,509986721.0,1739750399999,136965303.16754,803591,252940421.0,67932494.53284,0
1739750400000,0.26555,0.26885,0.25369,0.25819,800682158.0,1739836799999,209432963.93397,1279968,367003539.0,95997242.45168,0
1739836800000,0.25819,0.25987,0.24214,0.25137,904147379.0,1739923199999,226036491.78067,1422615,408970120.0,102243858.15321,0
1739923200000,0.25137,0.2555,0.2489,0.2548,540323612.0,1740009599999,136588746.5362,815491,256146808.0,64780966.23221,0
1740009600000,0.2548,0.25758,0.24988,0.25474,679347075.0,1740095999999,172639962.73133,891302,350085414.0,88960389.81993,0
1740096000000,0.25473,0.26134,0.23439,0.23966,1257218843.0,1740182399999,312916477.17762,1532224,602678210.0,150109803.20284,0
1740182400000,0.23966,0.2478,0.23806,0.24656,493482343.0,1740268799999,120403319.34912,658932,240314965.0,58642968.02872,0
1740268800000,0.24657,0.24758,0.2404,0.24285,377565511.0,1740355199999,92063225.93679,468711,178123260.0,43428001.31115,0
1740355200000,0.24285,0.24397,0.206,0.21043,1789959320.0,1740441599999,402419622.00668,2206809,845032350.0,190107454.09578,0
1740441600000,0.21044,0.21465,0.19557,0.21158,2713765035.0,1740527999999,557728589.31699,4091381,1320629444.0,271564342.70708,0
1740528000000,0.21158,0.21409,0.1961,0.20355,1645652604.0,1740614399999,338946527.90127,2148453,807369233.0,166330549.87899,0
1740614400000,0.20355,0.21159,0.20101,0.20687,905293602.0,1740700799999,187430418.19945,1113295,465361262.0,96364808.85223,0
1740700800000,0.20688,0.20727,0.18154,0.20184,2176234758.0,1740787199999,418255945.48392,2525619,1071223658.0,205720723.97024,0
1740787200000,0.20184,0.209,0.19934,0.20673,741434272.0,1740873599999,151130808.81296,834588,361972123.0,73788826.97747,0
1740873600000,0.20673,0.24218,0.20169,0.23931,2584480057.0,1740959999999,575943320.09639,3017121,1300425379.0,290081349.95572,0
1740960000000,0.2393,0.24062,0.19328,0.19913,2207270171.0,1741046399999,473572136.893,3161763,1094107243.0,234469655.62468,0
1741046400000,0.19914,0.20232,0.18279,0.19905,1930511197.0,1741132799999,372416258.08618,3218523,954242965.0,184108038.80489,0
1741132800000,0.19905,0.20664,0.1961,0.20471,1025047570.0,1741219199999,206280059.3308,1439299,478718841.0,96476083.31376,0
1741219200000,0.20471,0.22,0.19901,0.20153,1332609712.0,1741305599999,276990269.33018,1552965,618672508.0,128480393.37225,0
1741305600000,0.20152,0.2087,0.1902,0.19844,1260515564.0,1741391999999,253054936.29338,2031165,600598504.0,120685999.28003,0
1741392000000,0.19843,0.20086,0.19109,0.19234,525825118.0,1741478399999,102751180.065,856648,245469714.0,48050033.33173,0
1741478400000,0.19234,0.19423,0.16534,0.16809,1725095342.0,1741564799999,305365901.8388,1936561,770765438.0,136109056.34056,0
1741564800000,0.1681,0.18095,0.1504,0.15408,2079541710.0,1741651199999,344603237.2889,2585765,991235174.0,164422089.14573,0
1741651200000,0.15409,0.16862,0.1428,0.16454,2330429547.0,1741737599999,365802872.0605,2117562,1121974646.0,176212753.00401,0
1741737600000,0.16453,0.17418,0.15954,0.17244,1301915088.0,1741823999999,217031959.50415,1472990,646477080.0,107831332.01849,0
1741824000000,0.17244,0.17296,0.16172,0.16523,1183113846.0,1741910399999,199119513.85898,1194197,500512073.0,84166494.08932,0
1741910400000,0.16523,0.17626,0.16462,0.17194,662459642.0,1741996799999,113072127.66524,697453,312220187.0,53301941.02272,0
1741996800000,0.17194,0.17786,0.17121,0.17594,510568333.0,1742083199999,89180082.01333,517896,245118594.0,42810601.668,0
1742083200000,0.17593,0.17685,0.1657,0.16817,713266750.0,1742169599999,121532099.82696,858141,333265223.0,56752692.08236,0
1742169600000,0.16818,0.17622,0.16801,0.17332,802099247.0,1742255999999,138758047.85654,593054,399008345.0,68994421.88428,0
1742256000000,0.17333,0.17349,0.16275,0.16802,825836400.0,1742342399999,137745675.32134,574462,423277633.0,70557744.55309,0
1742428800000,0.178,0.17919,0.16661,0.16949,657314712.0,1742515199999,113375464.18784,678606,318116955.0,54856232.02078,0
1742515200000,0.16948,0.17158,0.16468,0.16727,465398702.0,1742601599999,78109015.3732,519233,221774033.0,37237343.96616,0
1742601600000,0.16727,0.16979,0.16658,0.16737,237045465.0,1742687999999,39937400.01828,235988,111804044.0,18836734.08139,0
1742688000000,0.16737,0.17261,0.16705,0.1726,381282237.0,1742774399999,64986644.36938,301925,184726596.0,31486856.69545,0
1742774400000,0.17261,0.18908,0.17068,0.183,1264505768.0,1742860799999,228765436.83401,814428,654541803.0,118432333.62526,0
1742860800000,0.18299,0.19362,0.18084,0.19062,1233894825.0,1742947199999,232144371.84345,960307,608426666.0,114511938.05688,0
1742947200000,0.19063,0.20585,0.18932,0.1949,1885520558.0,1743033599999,373021387.09353,1148262,954230495.0,188944853.25672,0
1743033600000,0.1949,0.2006,0.18771,0.19046,903542797.0,1743119999999,175284907.64808,811855,441923704.0,85765214.34176,0
1743120000000,0.19047,0.1929,0.17721,0.18024,975276199.0,1743206399999,177993539.25269,762040,442996940.0,80792406.78006,0
1743206400000,0.18024,0.18273,0.16584,0.16957,857181238.0,1743292799999,147711573.37524,639587,402585989.0,69394812.11514,0
1743292800000,0.16958,0.17241,0.16443,0.16652,607090738.0,1743379199999,102847875.99843,504964,314904138.0,53395217.94045,0
1743379200000,0.16653,0.16839,0.16005,0.16666,929917187.0,1743465599999,153349575.96826,801913,468767782.0,77362605.78941,0
1743465600000,0.16666,0.17576,0.16601,0.17398,716923564.0,1743551999999,122918945.3479,682903,368266213.0,63143003.57796,0
1743552000000,0.17399,0.18012,0.16194,0.16383,1414422439.0,1743638399999,243698923.91399,1242303,676319494.0,116628793.32666,0
1743638400000,0.16383,0.16745,0.15536,0.16231,922293098.0,1743724799999,148396648.65448,783268,448732379.0,72189425.71099,0
1743724800000,0.16232,0.17282,0.15998,0.17128,1132035281.0,1743811199999,188335416.79289,912418,554711140.0,92332343.57773,0
1743811200000,0.17128,0.17169,0.16609,0.16898,353029433.0,1743897599999,59632560.02452,317278,169571938.0,28658916.73867,0
1743897600000,0.16898,0.17004,0.14582,0.14927,1124972687.0,1743983999999,175419363.24291,867457,504720351.0,78709479.58565,0
1743984000000,0.14927,0.15407,0.12986,0.14958,3431459634.0,1744070399999,489839433.65626,1859057,1694971158.0,242174701.45168,0
1744070400000,0.14958,0.15707,0.1411,0.14225,1470208676.0,1744156799999,219641089.43977,957767,687523825.0,102726277.98199,0
1744156800000,0.14225,0.16428,0.13651,0.16031,2200425502.0,1744243199999,330222223.64164,1381538,1096485836.0,164494819.96764,0
1744243200000,0.1603,0.16047,0.14884,0.15357,1151531192.0,1744329599999,178515344.46839,756623,571301302.0,88485303.49424,0
1744329600000,0.15356,0.16246,0.15327,0.16004,744302757.0,1744415999999,117782396.21245,623868,371523870.0,58788736.666,0
1744416000000,0.16003,0.16948,0.15772,0.16763,752366796.0,1744502399999,123796610.52834,852389,367377469.0,60474375.32325,0
1744502400000,0.16764,0.16868,0.16101,0.1626,748287850.0,1744588799999,123262111.91038,999608,353645211.0,58281496.9675,0
1744588800000,0.1626,0.16964,0.15731,0.15854,858750230.0,1744675199999,140456563.03223,1188723,411162836.0,67283073.21578,0
1744675200000,0.15854,0.16132,0.15305,0.15356,667877689.0,1744761599999,105530057.45472,921935,325734323.0,51489179.63554,0
1744761600000,0.15356,0.1574,0.15019,0.15471,719893202.0,1744847999999,110970892.05195,962540,349856645.0,53957068.59541,0
1744848000000,0.15472,0.15946,0.15298,0.15588,426813393.0,1744934399999,66706865.11146,737204,208941565.0,32657997.64862,0
1744934400000,0.15589,0.15895,0.15357,0.15759,321695365.0,1745020799999,50220942.2659,505102,153062268.0,23893031.86031,0
1745020800000,0.15758,0.16091,0.15631,0.15735,321661103.0,1745107199999,50921660.67406,422081,153499222.0,24302723.50577,0
1745107200000,0.15735,0.15959,0.15247,0.15526,453228413.0,1745193599999,70486891.29549,557237,216679180.0,33688676.85457,0
1745193600000,0.15527,0.16358,0.15501,0.15939,905017272.0,1745279999999,144847784.49215,1028975,440244792.0,70470344.80522,0
1745280000000,0.15939,0.18,0.15721,0.17863,1468003087.0,1745366399999,249065930.86757,1356193,735625704.0,124533036.31567,0
1745366400000,0.17864,0.18545,0.17491,0.17864,1570151007.0,1745452799999,283388554.41348,1480796,764757811.0,138101889.91579,0
1745452800000,0.17864,0.18329,0.16979,0.18254,1206412265.0,1745539199999,212939719.81706,1257694,578601335.0,102187054.70714,0
1745539200000,0.18254,0.18626,0.17751,0.18159,1241346217.0,1745625599999,226049623.92777,1280054,598172673.0,108982449.82144,0
1745625600000,0.18159,0.193,0.18015,0.18192,1134910916.0,1745711999999,210164197.56414,1141739,534091107.0,98877627.73659,0
1745712000000,0.18193,0.1835,0.1765,0.17933,766716256.0,1745798399999,138184667.45927,908225,370149747.0,66707274.66456,0
1745798400000,0.17932,0.18276,0.17377,0.17907,971304947.0,1745884799999,173100497.11445,1101235,464567862.0,82840763.76529,0
1745884800000,0.17908,0.18076,0.17242,0.17466,772423589.0,1745971199999,137288434.53688,843406,364305026.0,64771072.18654,0
1745971200000,0.17465,0.17665,0.16675,0.17224,784175476.0,1746057599999,135038835.29398,904507,378150642.0,65125289.99651,0
1746057600000,0.17224,0.18339,0.17205,0.18065,779064123.0,1746143999999,139327843.64545,876652,406507502.0,72752507.54938,0
1746144000000,0.18065,0.18447,0.17919,0.18151,638500248.0,1746230399999,115947565.79662,852140,317420930.0,57670071.02615,0
1746230400000,0.18151,0.1822,0.17526,0.17564,468278461.0,1746316799999,83718326.78156,491262,221119075.0,39547423.91585,0
1746316800000,0.17565,0.17744,0.1699,0.17049,487770520.0,1746403199999,84650392.55413,562162,220173695.0,38236907.57243,0
1746403200000,0.17048,0.17465,0.16827,0.17062,487205270.0,1746489599999,83343024.00357,721858,232659458.0,39802533.37444,0
1746489600000,0.17062,0.1726,0.16426,0.17219,596670817.0,1746575999999,100200602.33929,825007,278096564.0,46732237.85195,0
1746576000000,0.1722,0.17445,0.16901,0.17202,528808392.0,1746662399999,90937705.63149,742530,263431169.0,45295717.26849,0
1746662400000,0.17201,0.19842,0.17173,0.19817,1741876403.0,1746748799999,324738527.3421,1838580,903616021.0,168416432.6545,0
1746748800000,0.19818,0.2145,0.19299,0.2053,2079031356.0,1746835199999,423507376.21799,2179148,1004471436.0,204671185.64118,0
1746835200000,0.2053,0.25098,0.20336,0.25063,2356324644.0,1746921599999,536013762.92766,2091831,1174765915.0,267516396.4522,0
1746921600000,0.25062,0.2597,0.22211,0.23181,2657615086.0,1747007999999,630967755.05094,2226011,1240268967.0,294124439.1863,0
1747008000000,0.23181,0.25341,0.22011,0.23101,3356354027.0,1747094399999,801909719.2755699,3663635,1644832451.0,393268522.8876,0
1747094400000,0.23102,0.24309,0.21736,0.24078,1894212060.0,1747180799999,435202800.36901,1643148,952732086.0,219011763.01516,0
1747180800000,0.24078,0.24759,0.22813,0.23278,1349205954.0,1747267199999,319738849.6961,1221499,641577388.0,152152369.34624,0
1747267200000,0.23279,0.23676,0.21374,0.21939,1613975945.0,1747353599999,362767842.00985,1355315,777776201.0,174915882.21374,0
1747353600000,0.2194,0.23095,0.21797,0.22111,991509008.0,1747439999999,223536369.09258,845856,487578243.0,109913410.69395,0
1747440000000,0.22111,0.22225,0.21074,0.21457,867614251.0,1747526399999,187308735.24686,849009,418978531.0,90460533.50204,0
1747526400000,0.21458,0.23779,0.21402,0.23304,1589243100.0,1747612799999,360024073.27071,1373019,812200184.0,183968494.17297,0
1747612800000,0.23309,0.23581,0.21388,0.22445,1467077135.0,1747699199999,324304109.90827,1089047,714054738.0,157727586.10093,0
1747699200000,0.22446,0.2308,0.21768,0.22625,1188057201.0,1747785599999,265615543.04725,1075439,578143360.0,129225608.88438,0
1747785600000,0.22626,0.23813,0.22266,0.23404,1894442857.0,1747871999999,435133856.51108,2074400,923734534.0,212169997.42064,0
1747872000000,0.23404,0.24579,0.23383,0.24558,1616956272.0,1747958399999,389242417.98554,1792018,803828361.0,193545986.38116,0
1747958400000,0.24559,0.25441,0.22304,0.22521,2250495384.0,1748044799999,538713663.32888,2073439,1059083940.0,253804900.74667,0
1748044800000,0.22521,0.23041,0.22355,0.22512,689220139.0,1748131199999,156871983.8191,987169,327513668.0,74525149.38693,0
1748131200000,0.22512,0.22645,0.21567,0.22491,909550724.0,1748217599999,200536737.97606,998489,451349875.0,99558015.93203,0
1748217600000,0.22491,0.23036,0.2225,0.22596,641865425.0,1748303999999,145306388.11551,824833,315021213.0,71350105.2815,0
1748304000000,0.22596,0.23216,0.21965,0.22598,805405021.0,1748390399999,182829286.90899,954287,404684470.0,91842252.55923,0
1748390400000,0.22599,0.22785,0.21678,0.22096,681513510.0,1748476799999,151211286.12714,777705,330804269.0,73468852.97416,0
1748476800000,0.22096,0.22798,0.21402,0.21487,903435947.0,1748563199999,200334712.13194,931110,425159231.0,94315262.02425,0
1748563200000,0.21487,0.21648,0.19061,0.19357,1863217282.0,1748649599999,378088955.39609,1647719,864806701.0,175463769.74317,0
1748649600000,0.19358,0.19551,0.18555,0.19251,1086259533.0,1748735999999,206757211.71244,1278908,527603926.0,100441301.03706,0
1748736000000,0.19251,0.19485,0.1864,0.19363,544186058.0,1748822399999,103797947.05727,732704,268140624.0,51159880.68914,0
1748822400000,0.19364,0.19642,0.18846,0.19507,602359395.0,1748908799999,115481800.96922,772763,283740140.0,54413170.80045,0
1748908800000,0.19507,0.20051,0.19141,0.19311,712519938.0,1748995199999,139828681.17278,774951,361338751.0,70950470.39425,0
1748995200000,0.19311,0.19705,0.18703,0.18812,462365003.0,1749081599999,89135081.41012,616007,209166414.0,40307234.19061,0
1749081600000,0.18811,0.19248,0.168,0.17105,1346305437.0,1749167999999,240663393.60467,1179336,612303970.0,109268991.07478,0
1749168000000,0.17106,0.18446,0.16943,0.17878,1096946331.0,1749254399999,194045010.43752,1055698,569140903.0,100622861.23842,0
1749254400000,0.17878,0.1887,0.17776,0.18511,579947806.0,1749340799999,106791753.356,652441,304133645.0,55959244.04701,0
1749340800000,0.1851,0.18699,0.18046,0.18418,475018993.0,1749427199999,87349714.24146,540355,227075998.0,41767968.48484,0
1749427200000,0.18417,0.19612,0.18022,0.1949,861702676.0,1749513599999,161089652.22207,882811,437613986.0,81897421.47867,0
1749513600000,0.1949,0.19876,0.1888,0.1985,982365029.0,1749599999999,190270395.55173,1088920,475145793.0,92086260.33741,0
1749600000000,0.19851,0.20672,0.19125,0.19294,1122709648.0,1749686399999,223875578.80856,1240200,537860535.0,107314477.77465,0
1749686400000,0.19294,0.19368,0.18,0.1811,932640491.0,1749772799999,174841531.94321,946392,445072462.0,83475856.06735,0
1749772800000,0.18111,0.18148,0.16987,0.1804,1429961655.0,1749859199999,249668927.40139,1339133,683994402.0,119412596.16477,0
1749859200000,0.18041,0.18044,0.17459,0.17824,541713685.0,1749945599999,96124075.57769,526423,284386612.0,50488267.96163,0
1749945600000,0.17825,0.17871,0.17142,0.17553,569564407.0,1750031999999,99974979.73445,514942,237781583.0,41723394.03604,0
1750032000000,0.17554,0.18115,0.17209,0.17272,899995493.0,1750118399999,159364978.81491,799500,425398868.0,75402408.2526,0
1750118400000,0.17271,0.17612,0.16392,0.16936,902753834.0,1750204799999,153673765.57628,915047,412401672.0,70256390.1827,0
1750204800000,0.16936,0.17222,0.16405,0.17068,679592519.0,1750291199999,114472417.50859,698726,333812165.0,56260911.40697,0
1750291200000,0.17069,0.17204,0.16773,0.17092,338033103.0,1750377599999,57431118.9557,366382,163821232.0,27831910.22014,0
1750377600000,0.17091,0.17197,0.15839,0.16234,952028188.0,1750463999999,157797955.46659,795644,434031453.0,71913737.54801,0
1750464000000,0.16235,0.16436,0.15025,0.15448,693909616.0,1750550399999,109095337.87256,637337,305104353.0,48045928.89472,0
1750550400000,0.15448,0.15769,0.1427,0.15129,1801536004.0,1750636799999,269882943.13846,1283994,892764236.0,133696111.17262,0
1750636800000,0.15128,0.16525,0.14861,0.16376,1060150458.0,1750723199999,164783738.40813,929449,547597089.0,85185810.45578,0
1750723200000,0.16377,0.16767,0.16167,0.16571,889346979.0,1750809599999,145959726.9428,707835,390991831.0,64184356.61053,0
1750809600000,0.16572,0.1677,0.16253,0.16459,678023426.0,1750895999999,112029950.75805,599099,329016017.0,54355886.2256,0
1750896000000,0.16458,0.16809,0.15792,0.16001,764621210.0,1750982399999,123832331.85516,634090,393698705.0,63751978.69811,0
1750982400000,0.16002,0.16307,0.15704,0.16104,436840031.0,1751068799999,70141716.92711,491220,209424391.0,33642048.59672,0
1751068800000,0.16105,0.165,0.1604,0.16363,289205475.0,1751155199999,47034141.95458,258428,140610278.0,22867887.95545,0
1751155200000,0.16362,0.17006,0.16259,0.16944,417646869.0,1751241599999,69213297.78465,362849,203584306.0,33760207.58204,0
1751241600000,0.16945,0.16993,0.16222,0.16518,654158261.0,1751327999999,108362081.89976,568225,318361214.0,52733928.27133,0
1751328000000,0.16518,0.16632,0.15674,0.15778,506350958.0,1751414399999,81428337.38272,469441,231120103.0,37189680.59759,0
1751414400000,0.15779,0.17268,0.15655,0.16869,848237954.0,1751500799999,141531663.38009,720234,444490343.0,74114984.87873,0
1751500800000,0.16868,0.17542,0.1674,0.17201,1014473641.0,1751587199999,174700056.05308,780009,510217632.0,87931272.61981,0
1751587200000,0.17201,0.17296,0.16128,0.16288,756939150.0,1751673599999,125718537.37578,639270,382024948.0,63460875.78878,0
1751673600000,0.16289,0.16507,0.1619,0.16421,292791372.0,1751759999999,47934203.04523,278827,125509320.0,20545688.09566,0
1751760000000,0.16422,0.17524,0.16313,0.17196,879979321.0,1751846399999,149398052.76918,630424,483248648.0,81994505.12194,0
1751846400000,0.17196,0.17719,0.16569,0.16792,859968572.0,1751932799999,146923845.8867,761246,423259781.0,72361145.70975,0
1751932800000,0.16793,0.172,0.16589,0.17094,560967350.0,1752019199999,94974536.73373,525701,299198879.0,50636538.53517,0
1752019200000,0.17094,0.18661,0.16991,0.18053,1188196945.0,1752105599999,209208452.04026,956099,590105798.0,104093500.43508,0
1752105600000,0.18053,0.19641,0.17874,0.19507,1146142109.0,1752191999999,212625646.90915,1040881,556783161.0,103484891.84621,0
1752192000000,0.19508,0.21366,0.19115,0.20103,2460231517.0,1752278399999,498563890.68926,2282243,1214130630.0,246186692.35141,0
1752278400000,0.20103,0.20654,0.1919,0.19742,940327860.0,1752364799999,186848469.34616,1096622,430418344.0,85559209.98115,0
1752364800000,0.19741,0.20412,0.19576,0.19855,820805906.0,1752451199999,163802067.0844,986034,398190665.0,79507368.0268,0
1752451200000,0.19855,0.21097,0.19464,0.19749,1622802447.0,1752537599999,330347085.43806,1600771,804996178.0,163925050.82688,0
1752537600000,0.19748,0.19934,0.18842,0.19919,1313854511.0,1752623999999,253628308.24066,1435520,656674402.0,126759570.93887,0
1752624000000,0.1992,0.22073,0.19553,0.2127,1785566132.0,1752710399999,368001986.87784,1641646,882334416.0,181825307.72367,0
1752710400000,0.21269,0.22236,0.2066,0.21826,2133077927.0,1752796799999,455996121.20446,2766474,1074151852.0,229759832.37403,0
1752796800000,0.21826,0.2542,0.21618,0.2358,4213195060.0,1752883199999,1003528632.67305,5075861,2106654219.0,501427898.01485,0
1752883200000,0.2358,0.25777,0.23558,0.24143,2332570036.0,1752969599999,576656743.32139,3395448,1189157634.0,294124523.88978,0
1752969600000,0.24142,0.2783,0.23998,0.27375,3391965164.0,1753055999999,882595774.6965101,4360513,1696311641.0,441752365.71926,0
1753056000000,0.27375,0.2875,0.26428,0.27142,3119210733.0,1753142399999,856718613.92868,4117679,1575078100.0,432862685.99328,0
1753142400000,0.27142,0.27492,0.25735,0.27093,2192290786.0,1753228799999,582380262.79653,3292199,1047931735.0,278580318.15411,0
1753228800000,0.27094,0.27108,0.2305,0.24083,2256299182.0,1753315199999,561110090.39725,3087294,1062806930.0,264503220.09571,0
1753315200000,0.24078,0.24665,0.22176,0.23218,2290016087.0,1753401599999,540995396.21605,2737843,1140085974.0,269622810.7808,0
1753401600000,0.23219,0.23697,0.22085,0.23673,1957938127.0,1753487999999,446832437.42233,1817403,937418083.0,214105660.57788,0
1753488000000,0.23673,0.24029,0.23296,0.23543,733863730.0,1753574399999,174064427.82114,917292,355744001.0,84408229.95045,0
1753574400000,0.23544,0.24372,0.23432,0.24071,1038317435.0,1753660799999,247866861.56982,1168179,491537152.0,117429921.05742,0
1753660800000,0.24071,0.24859,0.22426,0.22615,1620312126.0,1753747199999,384585889.28529,1626873,766836712.0,182347676.00499,0
1753747200000,0.22616,0.23276,0.21744,0.22392,1192564427.0,1753833599999,268659829.49662,1379363,581721130.0,131097842.15109,0
1753833600000,0.22392,0.22655,0.209,0.21999,1217881143.0,1753919999999,266285612.51686,1324787,586140850.0,128289061.19976,0
1753920000000,0.21998,0.22566,0.20814,0.20974,843884315.0,1754006399999,183965767.27791,1003149,398975110.0,87016352.05038,0
1754006400000,0.20975,0.2125,0.19583,0.20097,1936437804.0,1754092799999,397578220.30481,1612569,933088944.0,191624069.11908,0
1754092800000,0.20098,0.20352,0.18944,0.19098,1340154059.0,1754179199999,262590864.62308,1318455,583050412.0,114384582.07298,0
1754179200000,0.19098,0.20047,0.18845,0.19876,743628957.0,1754265599999,145995992.51874,822856,387279763.0,76137156.47825,0
1754265600000,0.19875,0.21127,0.1985,0.21039,1016575695.0,1754351999999,207193074.34464,969213,572455181.0,116603409.04774,0
1754352000000,0.21038,0.21106,0.19602,0.19981,844023791.0,1754438399999,171261936.42343,1012835,394992332.0,80133245.20101,0
1754438400000,0.19982,0.20716,0.1956,0.20524,624926690.0,1754524799999,125769302.51841,724785,316317015.0,63692108.18532,0
1754524800000,0.20525,0.22304,0.20331,0.22228,1122885382.0,1754611199999,238459586.04281,934938,584468275.0,124120069.63076,0
1754611200000,0.22228,0.23254,0.21953,0.23039,1206447226.0,1754697599999,270909957.44395,1291917,591222276.0,132849191.13525,0
1754697600000,0.23039,0.24676,0.22972,0.23995,1460081482.0,1754783999999,348718501.41256,1525089,739067638.0,176481669.50107,0
1754784000000,0.23995,0.24348,0.22941,0.23385,1100909731.0,1754870399999,259095647.38236,967778,493638321.0,116266643.43748,0
1754870400000,0.23385,0.24179,0.22117,0.22207,1438550271.0,1754956799999,334164812.68073,1352563,704126382.0,163859731.11061,0
1754956800000,0.22208,0.23835,0.21865,0.23582,1379181817.0,1755043199999,314305490.77185,1389484,669339821.0,152707771.23721,0
1755043200000,0.23582,0.25058,0.23132,0.24482,2104113623.0,1755129599999,509995375.47661,1847383,1081523513.0,261974125.96946,0
1755129600000,0.24483,0.25574,0.21578,0.22382,3238378909.0,1755215999999,756542920.9144499,2623172,1616172933.0,377576265.47437,0
1755216000000,0.22381,0.23299,0.22006,0.22886,1696292315.0,1755302399999,385423338.94535,1920983,817993433.0,185947073.51671,0
1755302400000,0.22885,0.23622,0.22522,0.23115,1061437464.0,1755388799999,245340768.57232,1285014,529555041.0,122427656.5954,0
1755388800000,0.23115,0.24259,0.22835,0.23456,1209978791.0,1755475199999,284394057.5692,1348556,593550272.0,139587113.12523,0
1755475200000,0.23457,0.23553,0.21992,0.22262,1827107692.0,1755561599999,408916113.87339,1970079,882996955.0,197557255.1948,0
1755561600000,0.22262,0.22567,0.20869,0.20943,1798094261.0,1755647999999,389054666.70365,2248123,884866169.0,191575970.87358,0
1755648000000,0.20944,0.22287,0.20747,0.22169,2102107149.0,1755734399999,450073909.23134,1783951,1054463148.0,225713872.13888,0
1755734400000,0.22168,0.2245,0.21388,0.21473,983634414.0,1755820799999,215301640.49663,997564,455699742.0,99731000.77687,0
1755820800000,0.21473,0.24222,0.20828,0.24054,2470614941.0,1755907199999,560893726.16404,1880029,1235968781.0,280288640.69721,0
1755907200000,0.24054,0.2409,0.22902,0.23631,1383693143.0,1755993599999,326140492.77971,967764,629441777.0,148389310.70451,0
1755993600000,0.23631,0.24496,0.22761,0.23182,1758616432.0,1756079999999,411239251.64081,1404492,814765991.0,190859242.75251,0
1756080000000,0.23182,0.23459,0.20585,0.20965,2157373271.0,1756166399999,471504088.95554,1714738,1070861177.0,233493063.69119,0
1756166400000,0.20965,0.21999,0.20711,0.21839,1261490195.0,1756252799999,267962242.60181,1136069,624649800.0,132718020.9785,0
1756252800000,0.21839,0.22388,0.21606,0.21892,1293545133.0,1756339199999,285219670.68846,1043076,619484806.0,136647154.46503,0
1756339200000,0.21891,0.22597,0.21668,0.22437,958072860.0,1756425599999,213147433.77123,851792,467744461.0,104175522.13787,0
1756425600000,0.22438,0.22539,0.20977,0.21391,1424776798.0,1756511999999,307430560.88607,972672,673127440.0,145234415.84133,0
1756512000000,0.21391,0.21885,0.21126,0.21595,538763691.0,1756598399999,116090587.04342,472818,240649985.0,51882031.99579,0
1756598400000,0.21595,0.22134,0.21327,0.21371,490963065.0,1756684799999,106889059.29161,486900,239809731.0,52241534.4693,0
1756684800000,0.21371,0.21988,0.20476,0.21073,1522561758.0,1756771199999,323216732.96328,1214090,734355277.0,155809860.17754,0
1756771200000,0.21074,0.21557,0.20658,0.21489,1031360496.0,1756857599999,218454942.67994,922930,497124790.0,105310811.38017,0
1756857600000,0.21489,0.22351,0.21249,0.2203,824904593.0,1756943999999,179440183.471,699534,410559985.0,89316546.78341,0
1756944000000,0.2203,0.22111,0.21047,0.21241,689472854.0,1757030399999,148219588.38683,591177,316287967.0,67951070.77626,0
1757030400000,0.21241,0.22097,0.21182,0.21788,1176623712.0,1757116799999,255141089.22739,799000,570423290.0,123759583.03656,0
1757116800000,0.21788,0.21888,0.21225,0.21595,482954635.0,1757203199999,103997609.16899,360232,233925239.0,50354006.66899,0
1757203200000,0.21595,0.22926,0.21568,0.22877,882527071.0,1757289599999,196435261.83628,535216,468027713.0,104276315.54085,0
1757289600000,0.22876,0.24413,0.22653,0.24164,1683689246.0,1757375999999,396211227.9766,1155660,832591294.0,195933244.75984,0
1757376000000,0.24165,0.24952,0.23359,0.24063,1932725888.0,1757462399999,466290114.3566,1492602,965719102.0,233177900.00477,0
1757462400000,0.24063,0.24868,0.23618,0.24536,1344178632.0,1757548799999,325747007.8931,1027231,675480891.0,163893398.03274,0
1757548800000,0.24535,0.25699,0.24228,0.25603,1760794865.0,1757635199999,440156880.2398,1458157,893792298.0,223556013.44549,0
1757635200000,0.25604,0.2786,0.25481,0.2755,2082678041.0,1757721599999,553334736.42513,1832176,1076144962.0,286120699.97394,0
1757721600000,0.2755,0.30684,0.27266,0.28938,4015592199.0,1757807999999,1167713347.86586,3392820,1965085977.0,571801317.19645,0
1757808000000,0.28937,0.2951,0.2727,0.27796,2428234193.0,1757894399999,688582622.28456,2171509,1147857883.0,325343731.90413,0
1757894400000,0.27795,0.28205,0.25862,0.26831,2516149434.0,1757980799999,672793645.18847,2112096,1201672654.0,321332479.34478,0
1757980800000,0.2683,0.27204,0.257,0.26995,1849895166.0,1758067199999,491815282.79188,1720821,898088950.0,238828182.14002,0
1758067200000,0.26994,0.28384,0.26045,0.28256,2009871469.0,1758153599999,541864114.6387,2073070,996297572.0,268849461.50654,0
1758153600000,0.28257,0.28879,0.27559,0.27857,1751271695.0,1758239999999,493411319.02706,1762586,868702978.0,244839591.24404,0
1758240000000,0.27856,0.28492,0.26312,0.26527,1436428172.0,1758326399999,390484196.42366,1400662,683214168.0,185760732.62244,0
1758326400000,0.26526,0.26947,0.263,0.26759,710812856.0,1758412799999,189155698.1073,794706,374690142.0,99738028.43049,0
1758412800000,0.26758,0.26965,0.26031,0.26074,710044749.0,1758499199999,188307837.94746,805968,290445110.0,77041019.86281,0
1758499200000,0.26074,0.26239,0.23067,0.24122,2981639624.0,1758585599999,724740626.9663901,2237838,1464115347.0,355790175.95265,0
1758585600000,0.24123,0.24389,0.23402,0.23709,1428526604.0,1758671999999,342759368.19628,1347302,710108601.0,170594806.40866,0
1758672000000,0.23709,0.25057,0.23098,0.24107,1685738370.0,1758758399999,405814680.39375,1469745,837243454.0,201896504.95627,0
1758758400000,0.24107,0.24197,0.22046,0.22292,2241106701.0,1758844799999,515218699.01015,1933925,1073035925.0,246789777.69614,0
1758844800000,0.22292,0.23331,0.22134,0.23244,1426204065.0,1758931199999,323547021.81998,1374518,704035246.0,159851531.42515,0
1758931200000,0.23244,0.23431,0.2278,0.23077,566664585.0,1759017599999,130738857.58556,604913,268218012.0,61913212.62972,0
1759017600000,0.23077,0.23768,0.225,0.23735,630215145.0,1759103999999,145083386.61014,718014,320215176.0,73742897.01269,0
1759104000000,0.23735,0.23896,0.22862,0.23478,968604652.0,1759190399999,226412299.55434,1043096,481567000.0,112592577.06128,0
1759190400000,0.23478,0.23592,0.2263,0.23293,761018697.0,1759276799999,176002119.97493,1038031,343500367.0,79503732.61183,0
1759276800000,0.23294,0.24921,0.23034,0.24906,1175210733.0,1759363199999,284146170.38218,1196321,639949004.0,154852958.65703,0
1759363200000,0.24906,0.26414,0.2467,0.262,1386592793.0,1759449599999,354337073.29459,1631413,667566232.0,170726280.22358,0
1759449600000,0.26201,0.26534,0.25274,0.25819,1381551315.0,1759535999999,356895475.20819,1588814,633675906.0,163747847.93872,0
1759536000000,0.25819,0.25979,0.2467,0.25084,885524209.0,1759622399999,223172746.5259,956054,402338276.0,101343773.52513,0
1759622400000,0.25085,0.26518,0.24953,0.25284,1454155392.0,1759708799999,375343385.06292,1501952,672260614.0,173451886.07503,0
1759708800000,0.25283,0.27044,0.25057,0.26603,1517510251.0,1759795199999,398221535.62705,1650855,714073129.0,187319546.02169,0
1759795200000,0.26604,0.26831,0.24622,0.24682,1838407762.0,1759881599999,472158118.28653,1792338,829067171.0,212905069.92008,0
1759881600000,0.24681,0.2611,0.24291,0.25564,1276623512.0,1759967999999,321688079.17086,1378571,635824191.0,160138657.17828,0
1759968000000,0.25565,0.25593,0.24099,0.24849,1415402413.0,1760054399999,349529058.8239,1410249,671962605.0,165954660.1485,0
1760054400000,0.2485,0.25403,0.095,0.19349,6030550997.0,1760140799999,1219139327.47886,5176557,2731827970.0,551255518.11194,0
1760140800000,0.19348,0.20048,0.17816,0.18527,4960779079.0,1760227199999,950618505.36174,3794087,2500347760.0,479566181.06934,0
1760227200000,0.18527,0.21421,0.18072,0.20717,3290490159.0,1760313599999,656520684.11004,2515164,1681357231.0,335323558.57013,0
1760313600000,0.20717,0.2183,0.20188,0.2138,2645862967.0,1760399999999,554840730.14391,2290327,1315957303.0,276130765.27287,0
1760400000000,0.2138,0.21565,0.1933,0.20437,2781575747.0,1760486399999,561157934.54856,2922946,1301975186.0,262564441.30304,0
1760486400000,0.20436,0.20853,0.1942,0.19621,1356303348.0,1760572799999,272550379.38898,1773407,652210286.0,131084463.98595,0
1760572800000,0.19621,0.2015,0.18469,0.1885,1903922965.0,1760659199999,368375709.42337,2360389,934463874.0,180791296.45183,0
1760659200000,0.1885,0.19114,0.17555,0.1847,1800990961.0,1760745599999,328520532.36343,2384521,883554351.0,161304692.81403,0
1760745600000,0.18471,0.19057,0.18426,0.18962,586500546.0,1760831999999,110030658.32596,734133,289694527.0,54355030.07146,0
1760832000000,0.18961,0.19861,0.186,0.19535,1044321198.0,1760918399999,201455017.39781,1165044,502668436.0,97000242.04496,0
1760918400000,0.19534,0.20249,0.19168,0.2,1140819006.0,1761004799999,227058568.27568,1289248,531713339.0,105829733.79475,0
1761004800000,0.2,0.20563,0.19201,0.19427,1456441398.0,1761091199999,288958818.2335,1699566,663301778.0,131570021.61226,0
1761091200000,0.19427,0.19544,0.18467,0.18993,1335843365.0,1761177599999,254789363.78925,1665330,645713286.0,123198722.25386,0
1761177600000,0.18993,0.19745,0.18959,0.19493,940124512.0,1761263999999,182467433.02111,960482,459549104.0,89182119.43741,0
1761264000000,0.19492,0.20095,0.19391,0.19775,762978840.0,1761350399999,150122766.36847,777606,379767298.0,74747432.07033,0
1761350400000,0.19774,0.19985,0.19595,0.19652,680294016.0,1761436799999,134628322.50121,457707,264976068.0,52442343.23508,0
1761436800000,0.19651,0.20742,0.19465,0.20577,909622908.0,1761523199999,183148344.98835,770417,462072863.0,93076809.22405,0
1761523200000,0.20577,0.20953,0.19887,0.20038,1010297382.0,1761609599999,206851053.0037,1036931,494285131.0,101292590.33582,0
1761609600000,0.20038,0.20311,0.19006,0.19362,1128616251.0,1761695999999,223153868.71805,1271442,554690359.0,109749701.19016,0
1761696000000,0.19362,0.19728,0.1871,0.19237,1276743754.0,1761782399999,246724528.94368,1433067,612753124.0,118453501.46251,0
1761782400000,0.19237,0.1946,0.17642,0.18268,1657462065.0,1761868799999,305638364.9249,1956543,795504747.0,146715744.63142,0
1761868800000,0.18268,0.18816,0.18228,0.18644,693564340.0,1761955199999,128531571.40372,880427,347386716.0,64392010.41669,0
1761955200000,0.18644,0.18837,0.18512,0.18736,381304623.0,1762041599999,71209659.96216,422093,181277879.0,33856615.30916,0
1762041600000,0.18736,0.18884,0.18172,0.18638,422142934.0,1762127999999,78224426.82371,544434,202317692.0,37489144.06183,0
1762128000000,0.18639,0.18666,0.16017,0.16741,2233966267.0,1762214399999,381967727.8722,2350318,1084666860.0,185221318.7454,0
1762214400000,0.16741,0.1711,0.15159,0.16223,3239546286.0,1762300799999,523039971.28713,4022396,1539378572.0,248565018.93181,0
1762300800000,0.16224,0.16886,0.15456,0.16719,1450649552.0,1762387199999,237866129.35671,1995705,718006629.0,117804087.55873,0
1762387200000,0.16718,0.1678,0.15693,0.16164,991019158.0,1762473599999,160882419.0731,1587215,484917473.0,78718696.33641,0
1762473600000,0.16164,0.18166,0.1596,0.17877,1612295661.0,1762559999999,274447812.14544,2514764,821920238.0,140139713.17803,0
1762560000000,0.17877,0.18332,0.173,0.17605,1232860279.0,1762646399999,220196788.27929,1809853,574118081.0,102604557.89372,0
1762646400000,0.17605,0.18158,0.17123,0.1793,824680933.0,1762732799999,145583477.48335,1263036,424689755.0,75002258.17827,0
1762732800000,0.1793,0.18575,0.17722,0.18179,1123195034.0,1762819199999,203326142.68801,1766819,546154499.0,98917107.54017,0
1762819200000,0.18178,0.1864,0.17154,0.17206,1194191122.0,1762905599999,212793476.02652,1736558,522907388.0,93181666.79533,0
1762905600000,0.17207,0.17855,0.16721,0.17018,974860769.0,1762991999999,168173143.30219,1465940,486770012.0,83938319.82098,0
1762992000000,0.17018,0.17766,0.16,0.16384,1568645541.0,1763078399999,265963501.79588,2233294,741313006.0,125548645.90806,0
1763078400000,0.16383,0.16628,0.15472,0.15765,1838238578.0,1763164799999,297423027.04033,2502044,906671213.0,146787796.10209,0
1763164800000,0.15765,0.16482,0.15721,0.16316,673862028.0,1763251199999,109410937.29115,903438,302901265.0,49179294.05672,0
1763251200000,0.16316,0.16563,0.1536,0.15857,1032632939.0,1763337599999,164446278.80501,1460110,508542943.0,80998227.60197,0
1763337600000,0.15856,0.1651,0.15066,0.15214,1608346754.0,1763423999999,253950192.51438,2145355,764759059.0,120629897.1322,0
1763424000000,0.15214,0.16294,0.14943,0.16173,1453866633.0,1763510399999,227011193.46541,1803750,675422666.0,105433980.18207,0
1763510400000,0.16172,0.1625,0.14712,0.1546,1411295703.0,1763596799999,218131668.74551,1806737,724535935.0,111865871.6307,0
1763596800000,0.15459,0.15972,0.14623,0.14892,1600374682.0,1763683199999,245907244.87903,2008160,775072604.0,118904565.78885,0
1763683200000,0.14892,0.15109,0.13321,0.14029,2835442265.0,1763769599999,397756816.83951,3499278,1410564504.0,197659220.40253,0
1763769600000,0.14029,0.1424,0.13549,0.14027,978144036.0,1763855999999,135288111.48891,1479305,474072305.0,65537444.27807,0
1763856000000,0.14027,0.14775,0.13966,0.145,846522905.0,1763942399999,122133108.03203,1053125,414666348.0,59809653.07521,0
1763942400000,0.145,0.15397,0.14279,0.15181,1133652374.0,1764028799999,167653300.62482,1600326,553374743.0,81896231.53156,0
1764028800000,0.1518,0.15504,0.14585,0.15301,936141701.0,1764115199999,140700452.77329,1174781,471052901.0,70802948.31268,0
1764115200000,0.15301,0.15681,0.14862,0.15474,858785986.0,1764201599999,131087713.76661,1018475,404607217.0,61690086.34114,0
1764201600000,0.15473,0.15559,0.1521,0.15264,442592040.0,1764287999999,68040858.20601,581336,218694145.0,33627527.34619,0
1764288000000,0.15264,0.15554,0.14825,0.15017,708146301.0,1764374399999,107095802.04868,926224,326943506.0,49459797.90487,0
1764374400000,0.15016,0.15095,0.14725,0.14837,301506106.0,1764460799999,44925679.58414,409185,128397741.0,19135078.91574,0
1764460800000,0.14837,0.15059,0.14588,0.14599,359178345.0,1764547199999,53548691.72101,457849,168585917.0,25131915.95072,0
1764547200000,0.14599,0.14637,0.13177,0.13547,1194651951.0,1764633599999,163990841.14855,1472485,592595066.0,81261941.79874,0
1764633600000,0.13546,0.14783,0.13443,0.14577,805736367.0,1764719999999,114537885.31766,1069841,360028491.0,51143411.5755,0
1764720000000,0.14578,0.1534,0.1452,0.15166,900651276.0,1764806399999,134838064.56002,1035539,423210434.0,63376231.34346,0
1764806400000,0.15167,0.1532,0.14557,0.14739,637362886.0,1764892799999,95182658.60535,842424,295122166.0,44055200.49489,0
1764892800000,0.14739,0.14838,0.13722,0.13956,719213185.0,1764979199999,102375567.22146,938298,356658092.0,50731429.08547,0
1764979200000,0.13956,0.14076,0.13836,0.13975,312444302.0,1765065599999,43631044.40816,412351,167495556.0,23393126.89894,0
1765065600000,0.13976,0.14291,0.13486,0.13867,638350242.0,1765151999999,88448350.64566,849601,328945767.0,45591756.65629,0
1765152000000,0.13868,0.14505,0.13799,0.14259,637568327.0,1765238399999,90888154.74413,919954,306870184.0,43720399.72943,0
1765238400000,0.1426,0.15319,0.13942,0.14797,993044372.0,1765324799999,145567168.96872,1235272,482566597.0,70709485.30382,0
1765324800000,0.14796,0.15031,0.14235,0.14332,770619026.0,1765411199999,112877219.37327,1243644,384116332.0,56287381.15277,0
1765411200000,0.14332,0.1436,0.13623,0.14033,829996639.0,1765497599999,115122620.90269,1074716,426681625.0,59144117.98266,0
1765497600000,0.14034,0.14155,0.13428,0.13692,532296809.0,1765583999999,73478361.65309,805252,258717112.0,35700614.99145,0
1765584000000,0.13692,0.14002,0.13691,0.13905,215402184.0,1765670399999,29842107.606,362734,102272304.0,14169909.08112,0
1765670400000,0.13906,0.13925,0.13261,0.13408,446980516.0,1765756799999,60561975.03456,616398,234955347.0,31822198.30614,0
1765756800000,0.13407,0.13845,0.12661,0.12975,784404436.0,1765843199999,103760387.9744,1310628,382946682.0,50600643.95475,0
1765843200000,0.12975,0.13305,0.12716,0.13179,537676555.0,1765929599999,70278117.09634,1047737,268646477.0,35132206.25551,0
1765929600000,0.13179,0.13631,0.12481,0.12633,818900138.0,1766015999999,106165185.1301,1429160,399347491.0,51749651.58268,0
1766016000000,0.12633,0.13072,0.11993,0.12207,1170003699.0,1766102399999,146269162.40867,1639224,559390043.0,69941078.71328,0
1766102400000,0.12207,0.13353,0.12056,0.13222,886504087.0,1766188799999,113723980.36218,1297588,430316894.0,55202651.63998,0
1766188800000,0.13222,0.13261,0.13069,0.13194,256897701.0,1766275199999,33842068.50028,345971,129326496.0,17038193.77742,0
1766275200000,0.13193,0.13342,0.12871,0.13112,315017725.0,1766361599999,41161056.1624,561601,165065115.0,21573546.59771,0
1766361600000,0.13113,0.1354,0.12952,0.13258,578553795.0,1766447999999,76773375.92192,1098065,300273786.0,39840863.21676,0
1766448000000,0.13258,0.13369,0.12789,0.12928,507414870.0,1766534399999,66083836.7402,832612,244458747.0,31824516.99284,0
1766534400000,0.12929,0.13038,0.12651,0.12856,335694754.0,1766620799999,43001950.02828,584106,146592371.0,18776669.28176,0
1766620800000,0.12855,0.12909,0.123,0.12365,418798463.0,1766707199999,52978871.95817,535964,179558572.0,22709969.66989,0
1766707200000,0.12364,0.12752,0.12064,0.12211,719882140.0,1766793599999,89239314.19039,881797,337367998.0,41777340.18919,0
1766793600000,0.12211,0.12492,0.12193,0.12435,242221247.0,1766879999999,29801690.22024,300811,119253044.0,14675045.52455,0
1766880000000,0.12435,0.1249,0.12277,0.12393,221394199.0,1766966399999,27434653.703,296777,103035385.0,12770667.9963,0
1766966400000,0.12394,0.12805,0.12228,0.12288,673526124.0,1767052799999,84263156.10882,819860,332152299.0,41524902.2109,0
1767052800000,0.12288,0.12537,0.1224,0.12336,627500697.0,1767139199999,77819799.98121,536882,333965158.0,41450894.79203,0
1767139200000,0.12335,0.12381,0.11612,0.11747,670335608.0,1767225599999,80135267.84825,564325,369364260.0,44142884.47731,0
1767225600000,0.11747,0.1275,0.11742,0.12683,886565713.0,1767311999999,109222807.65797,732788,463111788.0,57029308.94303,0
1767312000000,0.12682,0.14498,0.12592,0.14188,2240031844.0,1767398399999,301880200.6481,2227286,1110891203.0,149715680.50156,0
1767398400000,0.14187,0.14451,0.13914,0.14315,1027895793.0,1767484799999,146034233.39091,1049478,471070511.0,66963097.90784,0
1767484800000,0.14314,0.15418,0.14278,0.14953,1371022860.0,1767571199999,206060792.29788,1852562,706343081.0,106130396.23559,0
1767571200000,0.14952,0.1545,0.14581,0.15171,1115045910.0,1767657599999,167321227.9625,1820724,555255819.0,83388824.84122,0
1767657600000,0.15171,0.15656,0.14352,0.15055,1272318747.0,1767743999999,190733595.84774,1981622,641066634.0,96118237.36429,0
1767744000000,0.15055,0.15405,0.14487,0.14642,797102416.0,1767830399999,118316149.7839,1389926,379600916.0,56385093.74156,0
1767830400000,0.14642,0.14777,0.138,0.14194,959509517.0,1767916799999,136352793.37517,1484439,435572946.0,61893203.47157,0
1767916800000,0.14195,0.14462,0.13825,0.14071,703610941.0,1768003199999,99368656.28199,1199113,325364639.0,45971079.84402,0
1768003200000,0.1407,0.14072,0.13904,0.13965,219649749.0,1768089599999,30755979.35387,328469,100248494.0,14036599.72501,0
1768089600000,0.13965,0.1412,0.13585,0.13801,419409403.0,1768175999999,58090364.37931,625549,215933067.0,29915394.61439,0
1768176000000,0.13801,0.14237,0.13492,0.13662,721042880.0,1768262399999,99590291.64411,1330250,313539143.0,43321064.68768,0
1768262400000,0.13661,0.15095,0.13626,0.14828,962128224.0,1768348799999,137700404.73251,1316054,449487356.0,64298658.20271,0
1768348800000,0.14828,0.15133,0.14562,0.14718,873212059.0,1768435199999,129478917.44994,1283982,421256612.0,62484224.6196,0
1768435200000,0.14719,0.14721,0.13881,0.14004,785586188.0,1768521599999,111954090.23683,1089532,357924677.0,51020796.14058,0
1768521600000,0.14005,0.14045,0.1351,0.13813,990841345.0,1768607999999,136644568.9314,840282,394001863.0,54316784.91133,0
1768608000000,0.13813,0.14003,0.13682,0.13788,343127679.0,1768694399999,47431412.01649,404198,174921658.0,24194886.24261,0
1768694400000,0.13788,0.13835,0.13133,0.13164,479039950.0,1768780799999,65010668.85132,617973,242357798.0,32881888.8337,0
1768780800000,0.13163,0.13163,0.12,0.12916,1347363841.0,1768867199999,171112347.27312,1306614,710287530.0,90160957.8914,0
1768867200000,0.12917,0.12934,0.12178,0.12336,794330118.0,1768953599999,99645234.24613,1091120,388313184.0,48707055.24721,0
1768953600000,0.12336,0.12884,0.12029,0.12654,942674775.0,1769039999999,117620449.73392,1389867,470337968.0,58690832.60507,0
1769040000000,0.12653,0.12794,0.12322,0.12437,424956417.0,1769126399999,53357861.9913,696418,208857511.0,26230851.10951,0
1769126400000,0.12437,0.12788,0.12203,0.12477,533582852.0,1769212799999,66655838.82565,843058,245730942.0,30691537.58195,0
1769212800000,0.12478,0.12494,0.12291,0.12423,168690655.0,1769299199999,20957716.10475,221239,74577831.0,9266941.82704,0
1769299200000,0.12422,0.12435,0.11764,0.11945,644477476.0,1769385599999,77738981.03316,764548,278299012.0,33554130.57425,0
1769385600000,0.11945,0.12381,0.11924,0.12236,708086997.0,1769471999999,86361407.30227,785399,322702057.0,39378837.61449,0
1769472000000,0.12236,0.12666,0.12139,0.12619,704522307.0,1769558399999,87039828.82422,761291,359695298.0,44445017.82241,0
1769558400000,0.1262,0.12775,0.12372,0.125,651222550.0,1769644799999,81771631.94224,792974,299946785.0,37627070.94268,0
1769644800000,0.125,0.12525,0.1144,0.11728,1189313828.0,1769731199999,140656491.76514,1152266,645915888.0,76338551.193,0
1769731200000,0.11729,0.11871,0.11217,0.11581,1164836231.0,1769817599999,134166968.39185,1513685,543491954.0,62591377.467,0
1769817600000,0.11582,0.11593,0.09461,0.10426,2462959641.0,1769903999999,258114346.50166,2351739,1176843499.0,123228960.84252,0
1769904000000,0.10426,0.10685,0.10103,0.10426,1128141338.0,1769990399999,117912128.72529,1526153,523522306.0,54710322.9538,0
1769990400000,0.10427,0.11056,0.09955,0.10792,1604582722.0,1770076799999,167945160.16619,2198095,803949408.0,84238419.70618,0
1770076800000,0.10791,0.11053,0.10226,0.10602,1614342566.0,1770163199999,172598524.73871,1830028,799277519.0,85533166.46991,0
1770163200000,0.10602,0.10947,0.10127,0.10383,1322881491.0,1770249599999,139066982.2845,1728093,647022485.0,68048165.72451,0
1770249600000,0.10383,0.10477,0.08675,0.08849,3166815594.0,1770335999999,300880029.8884,3783582,1494751777.0,142042736.1939,0
1770336000000,0.08848,0.10211,0.08001,0.09848,2894496776.0,1770422399999,264062397.69446,3200222,1401477270.0,128008577.69184,0
1770422400000,0.09847,0.09948,0.09472,0.09823,1448690461.0,1770508799999,140960623.39996,1419343,702935360.0,68407202.1539,0
1770508800000,0.09823,0.09902,0.0951,0.09663,616525440.0,1770595199999,60038530.16109,843738,298647211.0,29097025.28657,0
1770595200000,0.09663,0.09748,0.09243,0.09611,682487562.0,1770681599999,65036532.79777,916460,326108237.0,31088319.78982,0
1770681600000,0.09612,0.09657,0.09182,0.09277,497491627.0,1770767999999,46577224.48477,731248,240837011.0,22534532.8298,0
1770768000000,0.09277,0.09362,0.0879,0.09112,788143970.0,1770854399999,71416512.93377,1056084,378554972.0,34288756.39276,0
1770854400000,0.09113,0.09455,0.09069,0.093,647408732.0,1770940799999,59886781.13044,847022,309435481.0,28638529.19711,0
1770940800000,0.09299,0.09764,0.09179,0.09667,727434615.0,1771027199999,69152340.90265,701710,396279344.0,37721422.70446,0
1771027200000,0.09668,0.11383,0.0963,0.11104,1350008258.0,1771113599999,142481721.99147,1232085,661158935.0,69531885.42641,0
1771113600000,0.11104,0.11757,0.10155,0.10269,2260569216.0,1771199999999,251358678.60656,2210913,1128210473.0,125622153.503,0
1771200000000,0.10268,0.1036,0.0985,0.10102,1011576182.0,1771286399999,102601192.71794,1158131,537235909.0,54540041.45157,0
1771286400000,0.10103,0.1036,0.09836,0.10066,813594093.0,1771372799999,81791588.56452,992675,393567966.0,39591074.35877,0
1771372800000,0.10067,0.1023,0.09749,0.09855,540244921.0,1771459199999,54061793.2844,780323,248199115.0,24851054.59512,0
1771459200000,0.09855,0.09924,0.09551,0.09837,628133019.0,1771545599999,61364130.36333,775293,284316805.0,27776032.54962,0
1771545600000,0.09836,0.10244,0.09566,0.10011,879726429.0,1771631999999,87475574.71295,1052097,448475152.0,44601640.67999,0
1771632000000,0.10011,0.10098,0.0984,0.09841,366330724.0,1771718399999,36546500.94811,433431,153524838.0,15331143.27696,0
1771718400000,0.09842,0.09855,0.09457,0.09558,393579573.0,1771804799999,37913900.94865,450697,169641260.0,16338020.52316,0
1771804800000,0.09559,0.0976,0.09145,0.09266,885845121.0,1771891199999,83326543.64038,1079495,412893666.0,38850539.51709,0
1771891200000,0.09267,0.0936,0.08996,0.09137,690018269.0,1771977599999,63291370.41416,841983,373039875.0,34236206.76053,0
1771977600000,0.09138,0.10618,0.0909,0.10095,1467184174.0,1772063999999,145945867.17479,1622695,725932402.0,72082240.84268,0
1772064000000,0.10095,0.1017,0.0954,0.09701,796682755.0,1772150399999,78678758.50825,1088677,395653776.0,39105543.61555,0
1772150400000,0.09702,0.09911,0.09198,0.09337,688625162.0,1772236799999,65836479.6197,882478,346960073.0,33180919.87503,0
1772236800000,0.09337,0.095,0.08771,0.09405,1263091942.0,1772323199999,114525214.80442,1296760,645346498.0,58542670.15727,0
1772323200000,0.09406,0.09788,0.09056,0.0919,1025310501.0,1772409599999,96619318.75648,1108289,477874586.0,45042470.5296,0
1772409600000,0.0919,0.09771,0.0908,0.09356,939663669.0,1772495999999,88600859.84502,1169244,484339480.0,45704228.58757,0
1772496000000,0.09356,0.09385,0.08847,0.08997,1057244496.0,1772582399999,95698611.05617,1190127,559753401.0,50661361.80832,0
1772582400000,0.08998,0.10434,0.08859,0.09893,2260563245.0,1772668799999,218706278.43243,2097069,1086872151.0,105049232.08799,0
1772668800000,0.09893,0.09924,0.09275,0.09356,1069888791.0,1772755199999,102466483.54141,1128319,551713300.0,52825382.19105,0
1772755200000,0.09356,0.09441,0.09,0.09129,871355799.0,1772841599999,80056712.30538,681217,425206711.0,39090050.19599,0
1772841600000,0.09129,0.09213,0.08927,0.08993,443785459.0,1772927999999,40126795.51676,311150,231492830.0,20940427.24983,0
1772928000000,0.08993,0.09133,0.08666,0.08915,834121407.0,1773014399999,74195726.86505,624797,377274214.0,33573623.99585,0
1773014400000,0.08914,0.09283,0.089,0.09049,996650758.0,1773100799999,90618107.25605,796926,482554727.0,43889646.77255,0
1773100800000,0.09048,0.10046,0.09033,0.09452,1835766129.0,1773187199999,176216399.29186,1347361,919785264.0,88242429.36137,0
1773187200000,0.09452,0.09509,0.0912,0.09288,1179985494.0,1773273599999,109772578.96679,821484,616586457.0,57351362.27453,0
1773273600000,0.09289,0.09586,0.0918,0.09475,829896186.0,1773359999999,77947460.63539,736588,419331211.0,39376853.61686,0
1773360000000,0.09474,0.10199,0.09454,0.09596,1677294975.0,1773446399999,164706201.27397,1250525,797361747.0,78294893.97106,0
1773446400000,0.09596,0.09643,0.094,0.09604,645440544.0,1773532799999,61431547.30614,377156,299275077.0,28485773.93309,0
1773532800000,0.09605,0.09809,0.09445,0.09738,811760787.0,1773619199999,77968888.08746,555193,411230656.0,39516799.34269,0
1773619200000,0.09738,0.10375,0.09704,0.10304,2122489632.0,1773705599999,214102653.72698,1430274,1024443047.0,103349233.10868,0
1773705600000,0.10304,0.10449,0.0983,0.10015,1140650949.0,1773791999999,115188171.54234,871019,551581466.0,55709313.65249,0
1773792000000,0.10015,0.10185,0.09328,0.09526,1318080266.0,1773878399999,127138507.76042,900412,629065572.0,60633247.53167,0
1773878400000,0.09526,0.09609,0.09177,0.09354,734075989.0,1773964799999,68874087.18295,579114,326791119.0,30665993.02002,0
1773964800000,0.09353,0.09541,0.09287,0.09416,514985689.0,1774051199999,48460656.90013,468079,268996223.0,25323203.3313,0
1774051200000,0.09417,0.09499,0.09061,0.09135,403560564.0,1774137599999,37682102.27571,275786,212056208.0,19822173.31424,0
1774137600000,0.09133,0.09287,0.08916,0.09015,726682148.0,1774223999999,66191312.50356,527107,381206622.0,34737297.90938,0
1774224000000,0.09015,0.09578,0.08925,0.09415,1021392653.0,1774310399999,95162738.04752,902311,528469227.0,49267481.8643,0
1774310400000,0.09416,0.09562,0.09245,0.0951,602456245.0,1774396799999,56638900.40693,551196,278904888.0,26237001.57225,0
1774396800000,0.09511,0.09796,0.09441,0.09618,801581697.0,1774483199999,77341717.65324,547461,404473246.0,39035545.58372,0
1774483200000,0.09618,0.09627,0.09056,0.09205,847613271.0,1774569599999,78254414.59101,554824,398090295.0,36792932.04697,0
1774569600000,0.09205,0.09271,0.0893,0.09011,534311702.0,1774655999999,48343465.70778,439905,237128001.0,21470481.42368,0
1774656000000,0.0901,0.09533,0.08969,0.091,662603823.0,1774742399999,61277477.10663,447079,309052975.0,28576917.205,0
1774742400000,0.09099,0.09169,0.088,0.09045,432289764.0,1774828799999,39061544.70514,388856,199981028.0,18085927.84024,0
1774828800000,0.09046,0.09394,0.09026,0.09083,808515385.0,1774915199999,74693442.8929,594298,345532525.0,31923252.00896,0
1774915200000,0.09084,0.09284,0.08937,0.09232,727310486.0,1775001599999,66417355.37075,612790,355809744.0,32506569.35068,0
1775001600000,0.09232,0.09453,0.0916,0.09219,641844567.0,1775087999999,59649716.61121,544213,314774992.0,29250894.73049,0
1775088000000,0.09218,0.09273,0.08899,0.0904,672578495.0,1775174399999,60736275.7905,622542,325866310.0,29423982.39444,0
1775174400000,0.0904,0.09259,0.08992,0.09156,390119550.0,1775260799999,35666042.1285,336481,190848142.0,17449896.53437,0
1775260800000,0.09155,0.09155,0.09073,0.09102,93069879.0,1775347199999,8484840.08132,77419,48308292.0,4404734.3301,0
