datetime,open,high,low,close,volume,close_time,quote_volume,count,taker_buy_volume,taker_buy_quote_volume,ignore
1547596800000,0.5355,0.5355,0.4668,0.4895,1343660.31,1547683199999,665013.644449,3492,602419.92,300116.387012,0
1547683200000,0.4895,0.4953,0.4639,0.4756,1411725.35,1547769599999,673447.208597,3987,778386.36,370875.085453,0
1547769600000,0.4762,0.5112,0.4601,0.4894,984417.59,1547855999999,474999.286242,5662,463067.14,223476.046492,0
1547856000000,0.4908,0.5,0.4673,0.4831,735443.2,1547942399999,354090.041046,4482,335579.52,162108.450317,0
1547942400000,0.4803,0.492,0.459,0.4834,677499.56,1548028799999,323333.553838,2098,315527.36,150762.229982,0
1548028800000,0.4839,0.5198,0.465,0.4972,897787.84,1548115199999,446086.78762,3020,475523.36,237158.039574,0
1548115200000,0.496,0.5656,0.4956,0.5344,1784953.5,1548201599999,955513.881021,4972,810120.63,432224.627544,0
1548201600000,0.5342,0.5475,0.4901,0.5046,1827069.39,1548287999999,940352.297759,4592,909871.19,467161.148266,0
1548288000000,0.5046,0.5065,0.4518,0.5017,1529219.53,1548374399999,745639.12774,3970,574885.47,280696.723904,0
1548374400000,0.5031,0.5157,0.4712,0.4739,1112869.08,1548460799999,544844.844073,3319,385408.17,189487.355912,0
1548460800000,0.4736,0.4884,0.4624,0.4661,865653.89,1548547199999,410185.821637,2529,355712.12,169019.63476,0
1548547200000,0.4661,0.4666,0.4229,0.4303,2278919.65,1548633599999,1004304.902092,4757,814389.66,359170.58306,0
1548633600000,0.431,0.4313,0.3504,0.4116,4006211.85,1548719999999,1540777.018846,7036,1545123.37,596264.224243,0
1548720000000,0.4104,0.4638,0.4061,0.4505,5190825.37,1548806399999,2252399.736119,10723,2476608.43,1075979.897043,0
1548806400000,0.4505,0.4514,0.413,0.4249,2092369.59,1548892799999,897815.126911,5128,904982.23,388805.405856,0
1548892800000,0.425,0.441,0.3811,0.3832,2029033.61,1548979199999,826552.030246,4899,823413.46,335950.015997,0
1548979200000,0.385,0.43,0.38,0.4147,1899232.56,1549065599999,768342.467271,3972,666307.29,271311.380536,0
1549065600000,0.4163,0.433,0.3985,0.4136,821033.48,1549151999999,340840.331218,2351,373799.97,155448.878216,0
1549152000000,0.417,0.417,0.386,0.3963,1065170.56,1549238399999,424303.971749,2400,313942.12,125398.013055,0
1549238400000,0.3959,0.4125,0.3867,0.3943,1449384.96,1549324799999,579009.583139,2746,588770.86,236125.549591,0
1549324800000,0.3926,0.4327,0.3902,0.4224,1299107.03,1549411199999,532341.103934,3411,571362.11,235106.56976,0
1549411200000,0.4224,0.4236,0.3915,0.4,1368546.21,1549497599999,552819.621243,3815,546898.85,220883.158036,0
1549497600000,0.4,0.4065,0.3913,0.4021,498842.36,1549583999999,199193.78253,1770,202372.88,80981.871289,0
1549584000000,0.4021,0.45,0.3985,0.4383,2015969.58,1549670399999,859693.298603,5194,1000399.46,428907.160821,0
1549670400000,0.4371,0.4844,0.431,0.4612,1384815.95,1549756799999,637171.045365,4320,616400.15,284708.302695,0
1549756800000,0.4648,0.48,0.4325,0.4499,2000850.55,1549843199999,913391.61962,5046,984505.09,451162.814042,0
1549843200000,0.4495,0.4515,0.42,0.4289,1580197.39,1549929599999,685555.872631,4364,760432.54,330746.339864,0
1549929600000,0.4277,0.4374,0.4176,0.4277,941303.58,1550015999999,400668.760404,2718,378505.08,161526.527993,0
1550016000000,0.4277,0.4454,0.4183,0.4411,935377.38,1550102399999,400576.99087,2886,402838.47,173398.873672,0
1550102400000,0.4422,0.4442,0.4203,0.4259,942053.44,1550188799999,407685.941353,3034,363079.8,157487.726722,0
1550188800000,0.4235,0.45,0.4222,0.4342,612251.8,1550275199999,264659.849465,2328,245667.38,106084.790565,0
1550275200000,0.4366,0.4464,0.4251,0.4398,465491.58,1550361599999,203941.272106,1988,186025.54,81708.169791,0
1550361600000,0.4386,0.4797,0.4317,0.4604,1616509.72,1550447999999,740396.471002,4667,597833.0,272266.3862,0
1550448000000,0.4615,0.4823,0.4534,0.471,1430254.78,1550534399999,671573.658591,4250,701988.75,329827.016881,0
1550534400000,0.471,0.4789,0.452,0.4598,1548002.44,1550620799999,724054.883013,4036,679346.57,318733.447788,0
1550620800000,0.4548,0.4748,0.4432,0.4618,1358786.28,1550707199999,625130.767047,3853,540120.99,248568.865631,0
1550707200000,0.4617,0.475,0.438,0.4438,1443214.98,1550793599999,655875.790716,4183,587352.26,267264.145596,0
1550793600000,0.4438,0.465,0.44,0.4479,700523.77,1550879999999,313850.863647,2334,263693.43,118391.887926,0
1550880000000,0.448,0.464,0.4437,0.4585,925529.64,1550966399999,419693.727298,2632,437151.83,198740.541291,0
1550966400000,0.4592,0.4644,0.3975,0.405,2154193.25,1551052799999,917345.275562,4851,840200.99,356610.694731,0
1551052800000,0.4047,0.4749,0.4007,0.4723,1785356.21,1551139199999,783690.750459,4943,911405.84,402187.330644,0
1551139200000,0.4722,0.474,0.43,0.4341,1775526.67,1551225599999,796546.586808,4223,748078.49,336790.609505,0
1551225600000,0.4335,0.4412,0.4145,0.4274,854212.45,1551311999999,365787.418355,2137,399438.17,171191.416177,0
1551312000000,0.4274,0.45,0.4166,0.4244,1059968.13,1551398399999,455311.559954,2857,447772.08,192237.099926,0
1551398400000,0.4236,0.4386,0.4203,0.4285,560690.81,1551484799999,239706.048076,1648,280918.86,120017.037371,0
1551484800000,0.4286,0.4372,0.4173,0.4221,331570.0,1551571199999,140599.974044,1133,133108.97,56434.646431,0
1551571200000,0.4232,0.4292,0.4177,0.4205,225429.95,1551657599999,95660.216465,911,83763.86,35619.533559,0
1551657600000,0.4203,0.4255,0.3929,0.4036,946382.19,1551743999999,387502.948292,2834,343413.05,140788.841975,0
1551744000000,0.4029,0.4343,0.4023,0.4291,1686179.9,1551830399999,703630.897735,4232,738583.95,309224.82702,0
1551830400000,0.4291,0.4385,0.4186,0.4296,716328.15,1551916799999,305884.809425,2057,340974.63,145774.230606,0
1551916800000,0.4296,0.4766,0.4256,0.4521,1498764.03,1552003199999,677393.543142,4029,726835.62,328261.970149,0
1552003200000,0.4521,0.5107,0.4519,0.4611,3248280.83,1552089599999,1570069.711841,9622,1588704.81,769190.030521,0
1552089600000,0.4611,0.4824,0.4524,0.4746,1381686.43,1552175999999,643096.002798,4288,568565.43,264955.600004,0
1552176000000,0.4742,0.546,0.4681,0.4981,2887991.86,1552262399999,1456511.395647,10121,1330489.36,671671.263102,0
1552262400000,0.4982,0.5181,0.4382,0.4629,2633054.21,1552348799999,1262800.852306,7157,1035115.15,495355.455775,0
1552348800000,0.4641,0.5079,0.4503,0.4876,2105182.67,1552435199999,1016416.428628,5965,989851.27,478206.498798,0
1552435200000,0.4872,0.488,0.4671,0.4805,1263356.68,1552521599999,602730.177399,4399,526875.82,251959.796321,0
1552521600000,0.4814,0.4994,0.4722,0.4871,1720792.4,1552607999999,835254.863559,6103,806485.73,391780.4859,0
1552608000000,0.4858,0.496,0.4831,0.4858,577893.06,1552694399999,281897.916414,2521,241255.04,117802.209245,0
1552694400000,0.4866,0.496,0.4681,0.4819,1768514.51,1552780799999,850597.475821,6478,763191.06,368046.805384,0
1552780800000,0.4805,0.4887,0.4702,0.4785,1352126.73,1552867199999,645227.394195,5293,566830.5,271426.755676,0
1552867200000,0.4789,0.4833,0.467,0.4757,891826.09,1552953599999,422057.338849,2812,410493.39,194639.068508,0
1552953600000,0.476,0.48,0.4648,0.477,530734.59,1553039999999,250536.102196,2023,261065.87,123452.237226,0
1553040000000,0.4796,0.4899,0.4737,0.4807,696146.28,1553126399999,335078.549549,2431,395668.76,190501.895938,0
1553126400000,0.4818,0.4842,0.4342,0.4548,1043991.8,1553212799999,484257.113374,3146,369167.81,171012.311361,0
1553212800000,0.4551,0.4655,0.447,0.4646,863577.33,1553299199999,392384.916353,2313,358824.55,162828.54962,0
1553299200000,0.4627,0.4644,0.4545,0.4608,406749.66,1553385599999,186648.714066,1452,200359.22,91910.259251,0
1553385600000,0.4606,0.4621,0.4485,0.4531,634173.75,1553471999999,287618.895525,1878,276336.7,125396.964258,0
1553472000000,0.4539,0.4949,0.441,0.4734,2441517.99,1553558399999,1142857.563225,6807,1151973.18,539555.979809,0
1553558400000,0.4729,0.485,0.448,0.4605,1129722.2,1553644799999,526180.143477,3488,449479.72,209424.186472,0
1553644800000,0.4603,0.4997,0.4556,0.4946,1352736.34,1553731199999,651471.143333,4623,811710.94,392436.52631,0
1553731200000,0.4967,0.5196,0.4846,0.4992,1443876.83,1553817599999,719069.643363,5262,759889.91,378990.266078,0
1553817600000,0.4984,0.5042,0.4887,0.5008,877803.92,1553903999999,434977.122532,4435,490223.93,242892.107898,0
1553904000000,0.5008,0.5034,0.4858,0.494,675007.13,1553990399999,332877.149186,3263,287624.38,141977.025241,0
1553990400000,0.4938,0.541,0.4868,0.5084,2047013.33,1554076799999,1057434.916151,8464,964364.09,498073.80099,0
1554076800000,0.5084,0.563,0.5007,0.554,2288623.96,1554163199999,1226137.818617,7662,1240131.66,664894.266155,0
1554163200000,0.5533,0.6,0.5326,0.5811,4081948.84,1554249599999,2328532.773552,11776,1867706.14,1067069.858253,0
1554249600000,0.5811,0.6073,0.517,0.562,4435492.21,1554335999999,2584274.57288,11371,2428571.0,1416696.949648,0
1554336000000,0.5588,0.5839,0.5195,0.5396,2088035.72,1554422399999,1155026.496367,6468,989799.35,547525.851291,0
1554422400000,0.5409,0.5799,0.539,0.5729,1039348.68,1554508799999,579093.364827,3943,557489.31,311399.571015,0
1554508800000,0.5735,0.59,0.5557,0.5691,1176149.98,1554595199999,672544.531992,5323,612910.22,350685.047431,0
1554595200000,0.5677,0.5918,0.5655,0.5773,956649.36,1554681599999,552493.434727,3810,442853.49,256234.337098,0
1554681600000,0.5776,0.5912,0.537,0.5634,1559203.75,1554767999999,875383.308889,6674,642297.94,361733.167761,0
1554768000000,0.5617,0.5637,0.517,0.53,1284451.25,1554854399999,682600.691592,4648,500595.62,266340.242914,0
1554854400000,0.53,0.5452,0.51,0.5197,1259717.42,1554940799999,662636.077743,3910,464612.08,244091.484579,0
1554940800000,0.5198,0.521,0.453,0.4821,1891750.27,1555027199999,920572.945172,5378,847401.89,412110.631691,0
1555027200000,0.4821,0.5134,0.4531,0.492,1247794.83,1555113599999,609014.276187,4165,512267.01,250114.01626,0
1555113600000,0.4932,0.5399,0.4913,0.5358,984745.93,1555199999999,514382.609618,3773,508248.18,265679.338275,0
1555200000000,0.5366,0.5449,0.5073,0.5225,825009.09,1555286399999,431556.816813,2850,375908.81,197104.577306,0
1555286400000,0.5259,0.5268,0.48,0.4883,1617780.69,1555372799999,812827.262155,4779,662405.95,332154.181187,0
1555372800000,0.4884,0.5176,0.4883,0.4985,752244.29,1555459199999,377882.383651,2558,345023.42,173378.627801,0
1555459200000,0.4998,0.5046,0.488,0.4998,625939.62,1555545599999,310958.450695,2118,274885.83,136670.237037,0
1555545600000,0.4992,0.5226,0.4974,0.5193,747995.99,1555631999999,382966.982357,2883,420375.45,215448.591299,0
1555632000000,0.5187,0.539,0.5083,0.5095,857084.8,1555718399999,447910.430574,3348,366168.26,192264.251318,0
1555718400000,0.5105,0.5287,0.505,0.5118,547954.68,1555804799999,281962.973871,2102,228174.92,117605.539256,0
1555804800000,0.5117,0.5139,0.4752,0.4963,755636.95,1555891199999,371111.531726,2922,270292.12,132596.241322,0
1555891200000,0.4963,0.517,0.4837,0.4957,669329.7,1555977599999,335305.551779,3191,318823.98,160191.016433,0
1555977600000,0.492,0.504,0.4756,0.4756,798688.99,1556063999999,391603.526803,2754,306292.41,150632.966749,0
1556064000000,0.4756,0.48,0.44,0.475,1341167.65,1556150399999,614034.70833,3604,626467.44,287995.308803,0
1556150400000,0.4745,0.4997,0.435,0.4503,1289948.57,1556236799999,607159.886379,4065,542020.18,254463.615558,0
1556236800000,0.4499,0.4699,0.4264,0.4416,881943.93,1556323199999,389402.998679,2196,374956.19,165844.42572,0
1556323200000,0.4437,0.4698,0.4357,0.443,330467.67,1556409599999,149494.592163,1304,167518.93,75761.226655,0
1556409600000,0.4448,0.46,0.4403,0.451,429353.92,1556495999999,194108.9041,1406,153599.53,69468.219681,0
1556496000000,0.451,0.4546,0.424,0.4338,394944.33,1556582399999,173429.731609,1297,166107.97,72814.150977,0
1556582400000,0.4334,0.4771,0.432,0.4727,610148.8,1556668799999,281321.216962,2136,379875.68,175291.020483,0
1556668800000,0.475,0.4876,0.4638,0.473,397476.93,1556755199999,188524.095397,1620,224078.49,106395.424192,0
1556755200000,0.4745,0.4757,0.46,0.463,228270.4,1556841599999,106411.499404,1046,80189.43,37505.877077,0
1556841600000,0.4643,0.5223,0.4607,0.511,1017233.78,1556927999999,502255.676203,3891,526179.24,259828.742367,0
1556928000000,0.5118,0.5151,0.4783,0.4964,640984.06,1557014399999,318811.507836,2937,320377.74,159567.169867,0
1557014400000,0.4964,0.5238,0.4902,0.5058,641774.32,1557100799999,328895.388404,2643,322173.74,164798.558833,0
1557100800000,0.5058,0.5882,0.4901,0.5745,1593771.02,1557187199999,868680.989601,6084,948218.72,517939.658583,0
1557187200000,0.5798,0.6186,0.5409,0.5435,2267674.3,1557273599999,1314846.891036,8074,1174699.56,682196.774159,0
1557273600000,0.5433,0.6157,0.5212,0.594,1255624.91,1557359999999,730122.02836,4797,584234.04,340793.622194,0
1557360000000,0.594,0.704,0.5873,0.6403,3548028.13,1557446399999,2284998.871122,10948,1775386.28,1142690.29213,0
1557446400000,0.6402,0.7233,0.6374,0.6703,2987660.69,1557532799999,2051444.51188,9173,1401899.47,965095.061658,0
1557532800000,0.6731,0.7484,0.6517,0.6752,3014329.89,1557619199999,2076341.525905,9763,1344470.56,927256.289337,0
1557619200000,0.679,0.6999,0.6285,0.6586,1760800.08,1557705599999,1165285.921864,6345,820216.54,543720.014624,0
1557705600000,0.6607,0.6872,0.6336,0.6474,1281864.7,1557791999999,853179.428728,5907,579976.67,386441.287331,0
1557792000000,0.6474,0.9565,0.6332,0.828,7911014.07,1557878399999,6371210.43235,27495,3711327.37,2988431.593159,0
1557878400000,0.8251,0.889,0.7772,0.8427,3798325.64,1557964799999,3148626.361888,12549,1672831.63,1392659.380189,0
1557964800000,0.8427,0.9389,0.7551,0.928,4555532.19,1558051199999,3883945.234255,17837,2237911.95,1920152.115893,0
1558051200000,0.9264,0.9869,0.81,0.8911,5725645.69,1558137599999,5097003.16005,21757,2562643.66,2290800.250247,0
1558137600000,0.895,0.9592,0.8457,0.9359,2389369.04,1558223999999,2179041.174403,10994,1119398.85,1023167.303476,0
1558224000000,0.936,1.05,0.9279,0.9934,4785605.62,1558310399999,4702849.494509,21076,2387715.13,2349651.89721,0
1558310400000,0.9927,1.143,0.946,1.117,2936467.3,1558396799999,2982285.87569,14240,1361977.78,1391935.378111,0
1558396800000,1.1146,1.25,1.06,1.1798,5046994.2,1558483199999,5745623.487639,21707,2427846.67,2763177.703791,0
1558483200000,1.1855,1.474,1.1301,1.2205,14821357.09,1558569599999,19619790.33193,53298,6826953.49,9048230.767483,0
1558569600000,1.2205,1.3655,1.1418,1.3392,6874618.39,1558655999999,8592874.224192,27453,3384086.54,4231973.315633,0
1558656000000,1.3393,1.4347,1.2216,1.3314,5097940.05,1558742399999,6795296.790503,23885,2313704.29,3096625.463402,0
1558742400000,1.3314,1.3376,1.0961,1.113,6245467.5,1558828799999,7275849.637991,23014,2668155.32,3106694.7738,0
1558828800000,1.113,1.1824,1.034,1.0828,4854605.26,1558915199999,5317940.971548,19207,2141674.8,2349435.434386,0
1558915200000,1.0802,1.275,1.0802,1.2119,7339191.28,1559001599999,8694289.417604,31838,3666057.49,4357523.963317,0
1559001600000,1.2173,1.35,1.1441,1.2788,5580233.08,1559087999999,6953474.359032,26790,2758611.04,3440035.456281,0
1559088000000,1.2787,1.2844,1.1426,1.1725,4654393.37,1559174399999,5580540.158367,20598,1954118.94,2352010.051235,0
1559174400000,1.1722,1.2257,0.9009,1.0023,10326672.93,1559260799999,11158245.528769,43021,4354149.34,4719400.999826,0
1559260800000,1.0018,1.0444,0.933,1.0189,7748553.79,1559347199999,7626141.239982,21930,3527417.91,3463859.988512,0
1559347200000,1.0236,1.0598,0.9511,0.956,3797903.78,1559433599999,3799790.573025,13119,1638468.49,1642329.533584,0
1559433600000,0.9536,1.0554,0.9323,1.0155,3449110.82,1559519999999,3434246.09842,13542,1702820.24,1701316.251164,0
1559520000000,1.0155,1.02,0.8853,0.9,3308495.33,1559606399999,3184563.205367,13255,1387100.3,1338481.140336,0
1559606400000,0.8985,0.9299,0.8368,0.885,4577420.9,1559692799999,4017639.797845,16372,1879032.59,1648289.28954,0
1559692800000,0.885,1.0991,0.8838,1.096,10134603.36,1559779199999,10260184.725952,34337,5231264.6,5296864.78388,0
1559779200000,1.0959,1.27,1.0556,1.1098,11128235.33,1559865599999,12735058.339794,39493,5325797.69,6104051.330781,0
1559865600000,1.1099,1.2589,1.071,1.1753,6340116.8,1559951999999,7478286.807196,24865,2986290.03,3538880.580797,0
1559952000000,1.1747,1.1991,1.1165,1.1326,2537076.42,1560038399999,2927714.642507,11125,1069220.31,1234648.53296,0
1560038400000,1.1376,1.1486,1.0085,1.0595,3544981.93,1560124799999,3806409.600863,13128,1617518.4,1731372.092601,0
1560124800000,1.0595,1.2104,1.0301,1.206,3560999.95,1560211199999,4027582.25629,13271,1929865.06,2193525.957824,0
1560211200000,1.2043,1.207,1.0876,1.1243,3072196.39,1560297599999,3513179.68798,12406,1409355.95,1617533.115567,0
1560297600000,1.1241,1.1643,1.0875,1.1448,2552375.74,1560383999999,2871799.937782,10688,1161415.04,1309041.784667,0
1560384000000,1.1448,1.97,1.1126,1.868,34048038.46,1560470399999,58331496.989973,121167,17765601.08,30254415.208608,0
1560470400000,1.868,1.8936,1.49,1.6395,33219623.47,1560556799999,54554409.953439,115068,15115156.73,24879429.161045,0
1560556800000,1.6364,1.8065,1.6022,1.7179,10734639.21,1560643199999,18448605.667715,42524,5122945.46,8815141.444584,0
1560643200000,1.718,1.7924,1.6,1.6621,8287172.15,1560729599999,14008833.982843,36546,3744621.18,6352014.515407,0
1560729600000,1.6651,2.0776,1.6525,1.9631,17066477.53,1560815999999,32443361.458512,66077,9014794.73,17157564.64312,0
1560816000000,1.9615,2.0185,1.76,1.8194,13903673.74,1560902399999,25883624.643829,49717,6428829.32,11993293.321499,0
1560902400000,1.8158,1.9016,1.7869,1.8353,4857793.43,1560988799999,8954934.219505,20943,2355022.08,4345538.93511,0
1560988800000,1.8352,1.8865,1.6859,1.7656,5377028.0,1561075199999,9540141.377436,25242,2415272.25,4295377.270042,0
1561075200000,1.7671,1.79,1.61,1.6883,6940438.91,1561161599999,11648112.151072,31270,3083084.04,5185266.37744,0
1561161600000,1.6895,1.947,1.6827,1.8428,8447723.54,1561247999999,15223949.293719,46598,4154205.65,7487973.164559,0
1561248000000,1.8429,1.91,1.7702,1.8169,4603366.09,1561334399999,8435896.351093,31706,2217020.07,4069317.988662,0
1561334400000,1.8169,1.8884,1.79,1.8689,2384487.82,1561420799999,4400730.711528,19196,1269479.43,2346172.247393,0
1561420800000,1.8689,2.4273,1.8613,2.1928,22004618.38,1561507199999,47774694.543523,112726,10881152.76,23562516.181828,0
1561507200000,2.1931,2.5,2.0231,2.28,16314862.03,1561593599999,36133293.911836,97300,7490484.69,16680542.186255,0
1561593600000,2.2821,2.555,2.1123,2.2879,14032427.25,1561679999999,32964955.56639,91668,6644539.78,15704302.923247,0
1561680000000,2.2912,3.0981,2.215,3.0392,16193947.24,1561766399999,43075487.92249,100570,8857848.2,23591176.597728,0
1561766400000,3.0391,4.5826,2.9499,3.7125,55522584.24,1561852799999,212325728.145116,339919,26291002.43,100610983.089783,0
1561852800000,3.7051,4.22,3.23,3.3885,25198062.62,1561939199999,97131943.379047,189555,11984464.07,46455470.737952,0
1561939200000,3.3885,3.862,2.9266,3.6369,25318756.74,1562025599999,85715319.937099,164015,12013666.07,40785606.723112,0
1562025600000,3.6476,3.9914,3.201,3.7453,26694285.35,1562111999999,97140287.168159,186154,12700389.46,46321747.201179,0
1562112000000,3.7441,3.8857,3.4769,3.49,11110619.17,1562198399999,40919314.470379,87597,5025813.68,18552302.391844,0
1562198400000,3.4854,3.61,3.204,3.453,9880436.75,1562284799999,33808432.695044,82943,4728945.56,16186422.446428,0
1562284800000,3.4555,3.75,3.441,3.64,10535825.86,1562371199999,37923583.669243,88803,5128290.47,18491159.711775,0
1562371200000,3.64,3.6611,3.4384,3.4603,4979198.01,1562457599999,17632773.832058,44022,2103203.39,7453059.247936,0
1562457600000,3.465,3.5038,3.25,3.275,5553670.72,1562543999999,18694593.883943,46263,2424940.45,8164463.041681,0
1562544000000,3.275,3.5731,3.25,3.3362,5283821.17,1562630399999,17859623.589512,45082,2440022.79,8267726.613229,0
1562630400000,3.3334,3.3741,2.9401,3.067,9165611.15,1562716799999,28835425.254028,67093,4310876.66,13584273.585849,0
1562716800000,3.067,3.2568,2.8578,3.1166,9566090.98,1562803199999,29441146.119608,73143,4614982.36,14243089.836834,0
1562803200000,3.1166,3.1555,2.71,2.7853,7302194.48,1562889599999,21295316.688881,52546,3123091.72,9119293.288234,0
1562889600000,2.787,3.3282,2.6,3.166,11732670.96,1562975999999,35188291.865344,78572,5561000.91,16688157.903889,0
1562976000000,3.166,3.2953,3.04,3.1652,9069996.44,1563062399999,28825984.745644,65182,4290522.88,13660918.598768,0
1563062400000,3.1689,3.2413,2.7611,2.7856,8270840.72,1563148799999,24656046.201309,55500,3645019.0,10850637.138285,0
1563148800000,2.7792,2.8498,2.5801,2.6913,7328956.43,1563235199999,19979889.877149,47037,3222625.36,8801050.4539,0
1563235200000,2.6911,2.7749,2.1521,2.1948,8049014.93,1563321599999,19732975.212408,52392,3467704.1,8482855.604913,0
1563321600000,2.1947,2.6,2.0531,2.398,13229065.69,1563407999999,30902383.509696,73776,6211816.52,14489886.838882,0
1563408000000,2.3951,2.8094,2.3542,2.67,13388877.99,1563494399999,34942865.131188,80822,6398131.49,16699813.007567,0
1563494400000,2.67,2.749,2.491,2.6046,5548232.12,1563580799999,14390758.32311,37423,2632511.9,6836805.084809,0
1563580800000,2.602,2.7314,2.5751,2.637,4607848.26,1563667199999,12233251.543469,32818,2131244.58,5662491.283775,0
1563667200000,2.6369,2.665,2.46,2.5319,3349432.24,1563753599999,8531199.090973,24791,1476656.94,3755185.296122,0
1563753600000,2.5319,2.5857,2.3732,2.4078,3419071.85,1563839999999,8435367.334695,24351,1550939.7,3828479.030509,0
1563840000000,2.4073,2.52,2.2489,2.3535,5670564.0,1563926399999,13435602.949333,36656,2713271.07,6430600.017498,0
1563926400000,2.3559,2.5131,2.27,2.3999,5323022.48,1564012799999,12721415.797474,36533,2519600.13,6031087.554475,0
1564012800000,2.3971,2.5149,2.3595,2.3615,4029732.82,1564099199999,9872407.064349,26227,1887774.46,4631695.738303,0
1564099200000,2.3615,2.43,2.3201,2.3989,1979267.83,1564185599999,4706305.416462,14829,948420.43,2257316.630379,0
1564185600000,2.3954,2.46,2.1525,2.2453,4296972.72,1564271999999,9987221.298919,25633,1965911.82,4560099.348443,0
1564272000000,2.2372,2.2733,2.1,2.2156,1921301.06,1564358399999,4241100.63159,13005,848824.71,1878685.519097,0
1564358400000,2.2178,2.2482,2.11,2.1251,2228158.07,1564444799999,4832736.868437,15361,1052331.04,2280813.034436,0
1564444800000,2.125,2.1854,1.9694,2.0682,4818376.29,1564531199999,10003715.581754,29343,2045048.62,4255813.184265,0
1564531200000,2.0672,2.25,2.0589,2.2102,4592022.53,1564617599999,9994586.202668,27588,2163896.47,4715825.373905,0
1564617600000,2.2169,2.231,2.1054,2.161,2890541.35,1564703999999,6235734.283717,17489,1374685.22,2967239.507611,0
1564704000000,2.1612,2.49,2.1275,2.4271,6325797.01,1564790399999,14643305.505848,34657,3245495.21,7512994.418845,0
1564790400000,2.4269,2.7342,2.3569,2.4211,11329664.01,1564876799999,29150936.829983,67463,5281800.44,13607108.467074,0
1564876800000,2.4186,2.6044,2.3811,2.5099,6257643.44,1564963199999,15627140.861426,42790,3042951.88,7606568.041156,0
1564963200000,2.5097,2.6495,2.4562,2.4562,5401188.63,1565049599999,13740374.437002,34002,2436698.63,6213351.005732,0
1565049600000,2.4599,2.5181,2.31,2.4785,6060839.71,1565135999999,14681993.071052,36003,2770445.74,6721823.728246,0
1565136000000,2.4822,2.5,2.3502,2.3826,3394545.7,1565222399999,8209664.153099,23156,1419622.34,3439175.055309,0
1565222400000,2.3883,2.3998,2.2713,2.2755,2864214.0,1565308799999,6668165.723875,18648,1235417.75,2880311.119036,0
1565308800000,2.2784,2.2919,2.151,2.1669,2368990.8,1565395199999,5269591.703724,14805,1011877.94,2251370.058178,0
1565395200000,2.169,2.4091,2.1306,2.3336,5262480.44,1565481599999,12116492.758711,33194,2656110.36,6121844.449501,0
1565481600000,2.3336,2.49,2.2901,2.415,3709082.7,1565567999999,8883566.758516,23950,1801670.65,4325628.735578,0
1565568000000,2.4165,2.479,2.335,2.39,2574671.09,1565654399999,6197771.772701,37821,1187614.21,2861462.927887,0
1565654400000,2.3868,2.4679,2.306,2.4229,3152764.71,1565740799999,7512364.831599,26794,1476297.62,3524882.087147,0
1565740800000,2.419,2.6031,2.163,2.2842,6940625.71,1565827199999,16780308.016792,42688,3276299.67,7928891.30676,0
1565827200000,2.284,2.4506,2.2565,2.4232,2808342.69,1565913599999,6614943.187347,16508,1350069.55,3184857.79212,0
1565913600000,2.4225,2.459,2.227,2.3,3572488.27,1565999999999,8303548.666686,22280,1562264.49,3635513.221611,0
1566000000000,2.3046,2.419,2.282,2.4036,2035414.39,1566086399999,4797115.851595,14017,1065557.98,2514304.909198,0
1566086400000,2.405,2.5657,2.3729,2.5051,3610567.41,1566172799999,8910268.691309,22491,1839765.88,4541536.534433,0
1566172800000,2.5055,2.6,2.4508,2.4958,4288720.33,1566259199999,10873902.29275,23900,1931008.27,4904148.613092,0
1566259200000,2.4943,2.5401,2.3354,2.3624,3477390.83,1566345599999,8399786.436471,19755,1426387.62,3448896.268669,0
1566345600000,2.3622,2.371,2.15,2.2054,4952696.55,1566431999999,11108904.237859,27515,2069408.23,4631872.134922,0
1566432000000,2.2058,2.2896,2.135,2.2227,2981137.74,1566518399999,6619741.312981,20005,1384614.32,3078664.936899,0
1566518400000,2.2231,2.295,2.1723,2.2333,4173130.85,1566604799999,9343956.836114,26802,2034132.18,4557916.198525,0
1566604800000,2.234,2.2545,2.1537,2.1681,1634146.8,1566691199999,3584393.344388,12880,728129.65,1597733.171171,0
1566691200000,2.1704,2.1804,2.0255,2.078,2772672.99,1566777599999,5849427.106923,17646,1258796.15,2654285.99085,0
1566777600000,2.0783,2.1546,2.045,2.0739,2291314.91,1566863999999,4803942.752191,15387,998383.39,2095059.979402,0
1566864000000,2.0737,2.1788,2.005,2.1128,3009068.12,1566950399999,6305881.123432,20777,1507294.24,3158981.896998,0
1566950400000,2.1098,2.1134,1.875,1.8957,3217225.93,1567036799999,6406247.929481,20709,1357789.58,2699643.783055,0
1567036800000,1.8956,1.8956,1.7253,1.7744,4211077.18,1567123199999,7603993.455903,21640,1835595.46,3313788.463789,0
1567123200000,1.7763,1.8913,1.7365,1.796,2660522.1,1567209599999,4851727.818895,16311,1299217.91,2370579.223783,0
1567209600000,1.7958,1.8535,1.74,1.7791,1831969.16,1567295999999,3279132.271257,11731,919852.94,1647719.386056,0
1567296000000,1.7788,1.8,1.717,1.7686,1332701.68,1567382399999,2343808.993756,8320,640768.36,1128459.960153,0
1567382400000,1.7696,1.89,1.7272,1.8287,3044387.69,1567468799999,5527140.173787,16202,1506133.56,2739443.285705,0
1567468800000,1.8307,1.9424,1.8147,1.849,3208754.39,1567555199999,5997210.327933,18617,1506249.54,2815534.431094,0
1567555200000,1.8486,1.87,1.7167,1.7784,3579394.12,1567641599999,6383418.411104,18905,1625184.8,2903400.242396,0
1567641600000,1.7793,1.8624,1.768,1.7921,2744215.93,1567727999999,4979721.839578,15051,1268907.64,2305359.831434,0
1567728000000,1.7919,1.86,1.6767,1.7226,3184048.39,1567814399999,5630495.566505,15071,1360196.27,2412498.208357,0
1567814400000,1.7222,1.806,1.7085,1.7672,2404181.98,1567900799999,4219207.724271,11440,1241199.8,2178384.540197,0
1567900800000,1.7672,1.9054,1.761,1.8275,3504716.5,1567987199999,6430515.622676,17352,1820045.95,3340669.895855,0
1567987200000,1.829,1.8731,1.761,1.7872,3483191.16,1568073599999,6323682.303087,16969,1613266.3,2927877.328492,0
1568073600000,1.7883,1.8326,1.773,1.7998,2713368.74,1568159999999,4891387.975576,11896,1236224.09,2228219.631877,0
1568160000000,1.7988,1.8258,1.7136,1.7301,2229727.06,1568246399999,3918515.822395,11755,1011627.26,1777845.371492,0
1568246400000,1.7301,1.7458,1.6918,1.7073,2229068.92,1568332799999,3823973.622408,9598,974158.19,1671252.219306,0
1568332800000,1.7073,1.7099,1.51,1.5759,6639098.35,1568419199999,10598044.802062,28807,3130891.64,4998740.635247,0
1568419200000,1.5761,1.6375,1.5239,1.5634,5719166.79,1568505599999,9072573.988018,22397,2872604.53,4559905.274599,0
1568505600000,1.5634,1.6458,1.56,1.6104,4049102.77,1568591999999,6482781.439093,15329,2091400.1,3347994.953425,0
1568592000000,1.611,1.6355,1.545,1.5806,3549602.58,1568678399999,5624544.163061,13797,1761987.63,2792504.855807,0
1568678400000,1.5806,1.6765,1.5532,1.624,5393985.89,1568764799999,8714835.385778,21318,2735633.18,4417117.161207,0
1568764800000,1.624,1.8462,1.624,1.801,8269809.73,1568851199999,14349788.105683,37964,4200611.15,7287468.052508,0
1568851200000,1.7994,1.9075,1.7079,1.8744,8590087.52,1568937599999,15710104.15257,51360,4389889.23,8035327.812241,0
1568937600000,1.8743,1.8772,1.751,1.8245,3503491.24,1569023999999,6350663.860901,19417,1720778.07,3118254.9732,0
1569024000000,1.8215,1.8888,1.7881,1.8855,2773787.16,1569110399999,5105903.211972,16606,1333795.08,2457221.529058,0
1569110400000,1.8848,1.8868,1.7711,1.8157,2311848.65,1569196799999,4207056.964399,13996,1037548.52,1888559.676912,0
1569196800000,1.8149,1.88,1.7799,1.8048,2670201.16,1569283199999,4898382.212044,17268,1339381.67,2460205.290945,0
1569283200000,1.8034,2.0657,1.4612,1.716,16495451.14,1569369599999,30520015.62132,77463,8098357.76,14995974.877169,0
1569369600000,1.7135,1.9286,1.6249,1.7443,8910418.88,1569455999999,15541919.879327,47780,4157949.93,7262517.601153,0
1569456000000,1.7476,1.7584,1.5276,1.6512,6950205.76,1569542399999,11469705.438744,35628,3357189.7,5533664.062728,0
1569628800000,1.6593,1.7017,1.6284,1.6742,2378769.19,1569715199999,3966341.324873,12491,1200455.94,2002200.909283,0
1569715200000,1.6748,1.7492,1.6441,1.7002,3307432.07,1569801599999,5630013.418347,18956,1683143.45,2867411.84929,0
1569801600000,1.7004,1.769,1.6404,1.7677,3573550.83,1569887999999,6091950.81525,17595,1768053.92,3018330.386174,0
1569888000000,1.7677,1.882,1.7522,1.8286,4084117.04,1569974399999,7423999.322832,23205,1984180.66,3607861.278088,0
1569974400000,1.8285,2.0233,1.8121,2.011,5790547.34,1570060799999,11112247.031841,29219,2949602.14,5662739.596907,0
1570060800000,2.0134,2.0338,1.88,1.9442,7013380.23,1570147199999,13738006.095326,32086,3397526.67,6657260.052059,0
1570147200000,1.9443,1.9949,1.888,1.9663,3422137.61,1570233599999,6616268.435621,17892,1702976.87,3296473.063094,0
1570233600000,1.9663,1.9775,1.9113,1.9624,2233660.2,1570319999999,4352706.761247,12252,1033689.11,2016050.438973,0
1570320000000,1.9624,2.2659,1.9531,2.1669,9778198.66,1570406399999,20769400.456857,47092,4896720.53,10391495.836794,0
1570406400000,2.1669,2.4899,2.0971,2.3963,12795782.67,1570492799999,29801791.519983,62512,6150961.95,14318905.136249,0
1570492800000,2.3963,2.65,2.268,2.5765,16096459.09,1570579199999,39941066.734364,80741,8096624.09,20137734.89726,0
1570579200000,2.577,2.95,2.501,2.8011,21792384.08,1570665599999,59920511.493088,113313,10840540.61,29803036.490031,0
1570665600000,2.7977,2.8058,2.465,2.6279,15341951.1,1570751999999,40234731.695434,78819,7202406.89,18907871.570782,0
1570752000000,2.6293,2.7936,2.5619,2.7481,11417701.51,1570838399999,30788011.386101,60458,5588653.09,15087389.751832,0
1570838400000,2.7443,2.7572,2.5519,2.5975,6182391.51,1570924799999,16335299.928878,34477,2842358.15,7512557.714627,0
1570924800000,2.5975,2.6443,2.4351,2.486,5534063.18,1571011199999,14028108.107929,27207,2552678.19,6471025.058744,0
1571011200000,2.485,2.6741,2.4527,2.5324,5833573.38,1571097599999,14946710.649806,29915,2891037.3,7410103.91888,0
1571097600000,2.5315,2.597,2.332,2.3974,6236112.72,1571183999999,15365785.895973,31702,2863330.56,7061328.656279,0
1571184000000,2.3949,2.4143,2.182,2.3717,11864805.05,1571270399999,27206709.268527,51766,5680911.36,13033396.008732,0
1571270400000,2.3736,2.49,2.274,2.4124,10565628.71,1571356799999,25329634.625496,44977,5010314.79,12008980.987838,0
1571356800000,2.419,2.4999,2.3164,2.3546,7264838.28,1571443199999,17402268.009348,34363,3514126.88,8430915.005328,0
1571443200000,2.3521,2.391,2.2914,2.3521,4513732.32,1571529599999,10576298.587082,19706,2251998.06,5280421.364882,0
1571529600000,2.3513,2.451,2.278,2.4444,4491335.27,1571615999999,10590364.059115,22436,2199727.26,5187252.382804,0
1571616000000,2.4443,2.69,2.4347,2.6223,11337672.86,1571702399999,29229981.871716,52727,5689914.04,14675400.252358,0
1571702400000,2.6216,2.8178,2.5619,2.6074,11209530.78,1571788799999,30378844.911824,57438,5451834.63,14786688.504261,0
1571788800000,2.6073,2.684,2.3717,2.6055,14101549.77,1571875199999,35925377.402288,69350,6849031.37,17462441.709779,0
1571875200000,2.6071,2.7748,2.602,2.72,9751557.57,1571961599999,26208747.16147,55785,4744626.32,12758762.395673,0
1571961600000,2.7201,3.0063,2.6165,2.8374,14004511.97,1572047999999,39183456.515066,69140,6779953.94,18971313.85345,0
1572048000000,2.8374,2.9977,2.664,2.7348,13344088.09,1572134399999,37577155.6897,71109,6723304.22,18976574.721146,0
1572134400000,2.7323,2.762,2.6511,2.6646,5974202.16,1572220799999,16107491.701176,37703,2631056.32,7101797.503152,0
1572220800000,2.6707,2.8859,2.66,2.6611,7839146.77,1572307199999,21718242.279411,46631,3790370.6,10526385.803748,0
1572307200000,2.6601,2.769,2.6321,2.662,3559236.65,1572393599999,9594968.284065,23066,1641616.89,4431427.867948,0
1572393600000,2.661,2.6768,2.5107,2.6093,3975481.96,1572479999999,10291062.33242,25034,1791603.9,4641121.889774,0
1572480000000,2.6044,2.7573,2.5365,2.7219,4136829.05,1572566399999,10990946.465983,26574,2027231.0,5387374.21247,0
1572566400000,2.7233,2.7952,2.6428,2.7091,3786813.42,1572652799999,10249112.158616,23310,1975377.72,5351245.723528,0
1572652800000,2.7092,2.7399,2.6828,2.6973,1945703.47,1572739199999,5268003.218848,12497,943697.53,2556137.179359,0
1572739200000,2.7015,2.7104,2.6202,2.6605,1676754.85,1572825599999,4469114.694315,11434,742581.28,1979902.097166,0
1572825600000,2.6594,2.73,2.6267,2.6746,2315985.74,1572911999999,6212035.895785,16273,1149596.3,3086557.538062,0
1572912000000,2.6746,2.6947,2.6322,2.6746,1985221.73,1572998399999,5293153.906611,14031,911511.08,2433332.326499,0
1572998400000,2.6743,2.82,2.6479,2.7448,3174248.63,1573084799999,8633537.38242,23369,1648090.26,4491984.336316,0
1573084800000,2.7446,2.7549,2.6022,2.6757,3498869.77,1573171199999,9378925.726752,22454,1546071.28,4149261.030609,0
1573171200000,2.6758,2.7333,2.621,2.71,2932879.67,1573257599999,7872219.383253,23387,1490731.28,4008178.690041,0
1573257600000,2.7091,2.8497,2.7031,2.8009,4656993.44,1573343999999,12964192.96665,33961,2434104.35,6782764.693441,0
1573344000000,2.8008,2.837,2.7362,2.777,2619550.08,1573430399999,7305469.524705,19449,1191280.17,3327140.640224,0
1573430400000,2.7773,2.7777,2.6655,2.744,2141763.75,1573516799999,5828171.1037,16052,961764.34,2620770.377715,0
1573516800000,2.7438,2.8733,2.7311,2.8152,3219733.0,1573603199999,9014693.33417,22541,1639318.61,4594332.740849,0
1573603200000,2.8177,3.0894,2.7851,3.02,6541016.76,1573689599999,19407023.301341,38592,3528911.72,10464627.698047,0
1573689600000,3.0189,3.16,2.9666,3.039,6594266.26,1573775999999,20357505.651534,45504,3152550.95,9740918.990703,0
1573776000000,3.037,3.07,2.797,3.0389,5650698.64,1573862399999,16687015.248947,38836,2535742.62,7497912.337799,0
1573862400000,3.0372,3.0435,2.9115,2.9894,1973143.82,1573948799999,5875410.748617,18613,906746.35,2698469.555855,0
1573948800000,2.9893,2.9894,2.8644,2.91,1638489.88,1574035199999,4777241.256149,16371,742921.52,2167372.467989,0
1574035200000,2.91,2.961,2.6977,2.7885,3495345.66,1574121599999,9896687.156992,26345,1447376.15,4101675.529233,0
1574121600000,2.7886,2.8069,2.58,2.7255,4538639.68,1574207999999,12210133.545297,30645,2145372.61,5776910.200433,0
1574208000000,2.7279,2.7957,2.63,2.6982,3588766.35,1574294399999,9788974.060772,23815,1713563.5,4677016.10676,0
1574294400000,2.6983,2.7153,2.471,2.5456,4566589.41,1574380799999,11822351.34076,26547,2092432.28,5420537.61417,0
1574380800000,2.5456,2.5952,2.1,2.3466,10793729.34,1574467199999,25155731.535202,58641,5053641.23,11758289.155984,0
1574467200000,2.3434,2.4621,2.2604,2.4266,4841617.12,1574553599999,11394019.118919,32856,2375005.51,5593713.526718,0
1574553600000,2.4272,2.4533,2.2,2.2216,4491218.33,1574639999999,10364009.312878,29752,2187313.95,5045784.229365,0
1574640000000,2.2218,2.3976,2.02,2.2523,8169446.39,1574726399999,18067328.574598,40360,3878083.28,8591042.718193,0
1574726400000,2.2554,2.3578,2.1459,2.2424,7541215.92,1574812799999,16895075.120843,35072,3476680.0,7805164.170211,0
1574812800000,2.2437,2.2882,2.1002,2.2242,7877612.52,1574899199999,17482571.172316,35057,3932578.07,8744619.107064,0
1574899200000,2.2216,2.3248,2.1711,2.2702,4774519.93,1574985599999,10686163.320838,26825,2376139.86,5325767.27162,0
1574985600000,2.2716,2.3763,2.2611,2.3403,4135940.21,1575071999999,9593827.726752,24600,2021466.49,4692113.476999,0
1575072000000,2.3403,2.3437,2.1943,2.2373,2921785.1,1575158399999,6609497.051741,18720,1243124.88,2809018.198946,0
1575158400000,2.236,2.2385,2.1274,2.1638,3517483.43,1575244799999,7624553.065352,23647,1741056.44,3773561.664073,0
1575244800000,2.1634,2.166,2.0524,2.0911,3655978.97,1575331199999,7690564.314598,21679,1584442.7,3330394.532506,0
1575331200000,2.0913,2.1891,2.058,2.1222,3779139.53,1575417599999,8035197.925475,24675,1835460.12,3906133.875114,0
1575417600000,2.1222,2.17,2.0,2.029,6597003.71,1575503999999,13621672.234095,32272,3025867.0,6261311.09457,0
1575504000000,2.0282,2.074,1.9583,2.0068,5364919.99,1575590399999,10777462.949475,26649,2516900.98,5058899.58068,0
1575590400000,2.0059,2.1042,1.9685,2.0943,3859727.3,1575676799999,7884108.644559,19452,1832363.1,3747560.78509,0
1575676800000,2.0918,2.1114,2.0346,2.044,2405401.82,1575763199999,4979102.437878,12720,1169838.31,2423481.209564,0
1575763200000,2.0402,2.085,2.0012,2.0528,2020725.98,1575849599999,4133361.364856,11251,1028077.12,2103793.637203,0
1575849600000,2.052,2.0985,2.0151,2.0984,2777749.05,1575935999999,5692654.630081,14866,1353307.57,2774583.209296,0
1575936000000,2.0983,2.2862,2.0611,2.2657,10814539.15,1576022399999,23756741.183967,56331,5307558.56,11661577.435142,0
1576022400000,2.2655,2.3042,2.147,2.1786,4814219.68,1576108799999,10700085.694165,25204,2214034.58,4927246.260694,0
1576108800000,2.1784,2.1951,2.0197,2.1056,4784990.28,1576195199999,10011804.878543,24560,2255197.41,4720733.973942,0
1576195200000,2.1037,2.121,2.0575,2.0709,1963976.04,1576281599999,4103172.485886,11418,955426.35,1998503.518933,0
1576281600000,2.0713,2.0933,1.97,1.9946,1752984.19,1576367999999,3558852.032907,11719,766765.59,1560480.75213,0
1576368000000,1.9947,2.1168,1.9606,2.0708,2576084.24,1576454399999,5298548.406837,16580,1259594.28,2593643.305662,0
1576454400000,2.0722,2.0873,1.967,1.9751,2569583.57,1576540799999,5163335.703938,15171,1077917.32,2169125.933181,0
1576540800000,1.9705,2.0025,1.7,1.7598,7385844.66,1576627199999,13404189.603779,35498,3225038.39,5842053.654346,0
1576627200000,1.7594,1.8995,1.5996,1.8703,8597518.31,1576713599999,15257212.512118,41668,4007984.33,7122000.524802,0
1576713600000,1.8703,1.8901,1.749,1.805,5045402.58,1576799999999,9133713.965819,23213,2434665.23,4409440.554741,0
1576800000000,1.805,1.9238,1.7849,1.9182,3285479.38,1576886399999,6091824.338371,17052,1618519.25,3001828.987843,0
1576886400000,1.9182,1.9204,1.8544,1.8575,2246207.92,1576972799999,4254205.469336,11445,895195.18,1696870.590588,0
1576972800000,1.8563,1.94,1.853,1.9181,2959721.12,1577059199999,5644600.76416,13312,1424106.35,2715838.462838,0
1577059200000,1.9167,1.9532,1.846,1.8629,2832932.76,1577145599999,5427329.28527,14572,1297182.24,2486358.219525,0
1577145600000,1.8638,1.8854,1.8154,1.8435,2279849.44,1577231999999,4213545.308207,11562,1039452.89,1922107.532008,0
1577232000000,1.8434,1.8462,1.76,1.7826,1580097.4,1577318399999,2850096.336449,8849,700894.44,1265296.223036,0
1577318400000,1.7836,1.9604,1.7702,1.8539,2674255.35,1577404799999,4968900.806642,15044,1395675.05,2591686.984508,0
1577404800000,1.8538,1.9299,1.8435,1.8751,2417432.93,1577491199999,4554211.728957,13900,1169882.64,2204549.425393,0
1577491200000,1.8777,1.8994,1.8555,1.8746,1269364.7,1577577599999,2384012.458777,7050,606965.28,1140582.661398,0
1577577600000,1.8716,1.92,1.8444,1.8976,1411417.05,1577663999999,2639603.916525,8079,733075.13,1371936.853942,0
1577664000000,1.898,1.898,1.8072,1.8243,1099037.99,1577750399999,2036388.793954,6555,495453.82,917940.90793,0
1577750400000,1.8215,1.8292,1.754,1.7673,1637649.28,1577836799999,2932500.922639,9333,646244.62,1156611.730189,0
1577836800000,1.7678,1.8548,1.7606,1.8111,1158748.32,1577923199999,2106254.74259,8288,534522.69,971951.352995,0
1577923200000,1.8109,1.8164,1.7065,1.7366,1422992.29,1578009599999,2504308.00848,9180,648434.95,1139283.244031,0
1578009600000,1.7366,1.8292,1.7013,1.804,1789613.99,1578095999999,3187182.290008,11588,914299.41,1627164.86315,0
1578096000000,1.803,1.8446,1.784,1.8242,1241322.81,1578182399999,2252857.636543,7721,647959.78,1175966.493139,0
1578182400000,1.8243,1.8413,1.785,1.7957,1524717.4,1578268799999,2772110.961593,9712,654083.41,1190252.765323,0
1578268800000,1.7954,1.9386,1.7925,1.9374,3301261.66,1578355199999,6220041.881102,19197,1807743.86,3405016.808347,0
1578355200000,1.9373,2.1398,1.8993,2.1033,6873503.39,1578441599999,14001167.440691,45381,3543840.53,7227176.137127,0
1578441600000,2.1006,2.3495,2.1006,2.1892,12147661.7,1578527999999,27023850.830352,72150,6035255.55,13428990.035901,0
1578528000000,2.1877,2.2344,2.0977,2.1886,5099844.97,1578614399999,11033777.878201,29874,2341834.88,5072198.641179,0
1578614400000,2.1867,2.2489,2.1455,2.2257,4235526.03,1578700799999,9348490.029328,26861,2052052.04,4532527.564564,0
1578700800000,2.2255,2.345,2.218,2.2734,4347105.06,1578787199999,9937638.524702,32828,2253393.87,5153052.8622,0
1578787200000,2.273,2.3212,2.212,2.2383,2502624.23,1578873599999,5654985.971158,20502,1147030.89,2590787.124149,0
1578873600000,2.2382,2.2382,2.1561,2.1901,1977335.23,1578959999999,4316436.049985,15616,884222.94,1930092.740237,0
1578960000000,2.1904,2.4701,2.1792,2.3751,7062307.44,1579046399999,16495572.985585,50544,3569965.88,8347225.322978,0
1579046400000,2.3751,2.5604,2.3332,2.3953,6414464.86,1579132799999,15725822.570767,47821,3121874.18,7654515.310361,0
1579132800000,2.3991,2.51,2.2932,2.4925,4944704.42,1579219199999,11961158.69569,36913,2403081.42,5824596.955096,0
1579219200000,2.4924,2.86,2.4589,2.7006,12221911.1,1579305599999,32928477.751669,118960,6093885.5,16422975.286158,0
1579305600000,2.7006,2.7946,2.58,2.7709,4502826.05,1579391999999,12187370.41578,57926,2169891.72,5882779.22904,0
1579392000000,2.7749,2.8475,2.5385,2.6212,6650884.78,1579478399999,17723998.926728,65413,2981104.11,7968140.52107,0
1579478400000,2.6207,2.7443,2.5425,2.688,4142689.53,1579564799999,10966736.422783,47116,1979967.68,5244117.284769,0
1579564800000,2.6881,2.744,2.57,2.6716,3244654.09,1579651199999,8677468.397662,39797,1517101.94,4058604.043371,0
1579651200000,2.6724,2.6978,2.6187,2.6426,1637205.02,1579737599999,4351550.91377,19272,850942.11,2263427.96473,0
1579737600000,2.6425,2.647,2.4256,2.4698,4806803.21,1579823999999,11989939.300899,48286,2042137.38,5090238.13745,0
1579824000000,2.4695,2.533,2.3638,2.5024,4161651.97,1579910399999,10232694.793375,41244,1922764.42,4734798.89305,0
1579910400000,2.5024,2.51,2.421,2.4468,1881931.46,1579996799999,4631083.628652,19847,900210.96,2216422.688664,0
1579996800000,2.4425,2.5764,2.4266,2.5764,1936836.47,1580083199999,4876802.332708,20435,944584.62,2378603.310769,0
1580083200000,2.5764,2.6764,2.5656,2.6055,3426087.65,1580169599999,8983048.130743,36052,1594740.32,4182313.28984,0
1580169600000,2.6051,2.67,2.5868,2.6558,3113588.17,1580255999999,8190994.708915,31313,1573415.78,4142569.812112,0
1580256000000,2.6544,2.8348,2.6316,2.7773,5269667.72,1580342399999,14425009.197172,49910,2542065.2,6968839.991388,0
1580342400000,2.7785,2.9482,2.7167,2.9156,5780750.02,1580428799999,16529966.221006,57312,3019619.51,8636601.657446,0
1580428800000,2.912,2.9153,2.7628,2.8259,3910431.21,1580515199999,11114615.65424,34346,1977855.71,5619501.913116,0
1580515200000,2.8258,2.88,2.7438,2.8378,2737541.77,1580601599999,7681755.743857,29612,1309805.07,3678531.805058,0
1580601600000,2.8372,2.8869,2.7314,2.8267,3442889.59,1580687999999,9768511.051874,30994,1800249.91,5113134.630574,0
1580688000000,2.8225,2.879,2.7451,2.771,3106758.86,1580774399999,8691569.654548,30435,1508052.5,4220607.557744,0
1580774400000,2.7713,2.8038,2.6751,2.7395,4494415.89,1580860799999,12270090.086861,35573,1987522.93,5427177.734123,0
1580860800000,2.7397,2.8845,2.7261,2.839,4267689.22,1580947199999,12053160.78155,40185,2143216.53,6056051.167577,0
1580947200000,2.836,2.9436,2.79,2.89,4383200.46,1581033599999,12632075.944485,40155,2120789.25,6116954.365458,0
1581033600000,2.89,3.3682,2.8882,3.3072,14840163.74,1581119999999,47536114.156012,156041,7833204.33,25079018.048375,0
1581120000000,3.3071,3.4865,3.131,3.4171,10059760.55,1581206399999,33442719.414118,104763,5140089.9,17108045.238726,0
1581206400000,3.4179,3.4984,3.233,3.4945,6151025.56,1581292799999,20655537.547869,60824,3113360.36,10469597.719195,0
1581292800000,3.4927,3.4972,3.2806,3.3862,6758374.35,1581379199999,22873780.17518,72032,3202798.19,10841887.999716,0
1581379200000,3.3874,3.9964,3.35,3.9931,11780106.07,1581465599999,43237892.692082,118440,6077484.72,22317148.353312,0
1581465600000,3.9937,4.2,3.8472,3.9953,13673147.31,1581551999999,55003441.647905,143053,6815085.42,27440678.051298,0
1581552000000,3.993,4.1147,3.7123,3.8765,8232595.29,1581638399999,32416055.398167,89477,3970382.31,15641966.462958,0
1581638400000,3.8753,4.487,3.7873,4.426,10369344.95,1581724799999,43468717.183474,110173,5480854.8,22990197.683542,0
1581724800000,4.4262,4.621,4.065,4.3241,15608978.06,1581811199999,68514672.461874,163882,7667234.21,33716000.721672,0
1581811200000,4.3215,4.8671,4.0384,4.4566,22171359.69,1581897599999,99672983.283162,239160,10591738.5,47663876.980142,0
1581897600000,4.4563,4.5522,3.8449,4.3108,19343142.25,1581983999999,80859272.12602,203214,9305911.0,38936080.638687,0
1581984000000,4.3059,4.636,4.1416,4.5523,11931206.57,1582070399999,52870430.990999,127067,6025764.88,26741509.822789,0
1582070400000,4.5539,4.8355,4.193,4.3873,10109760.48,1582156799999,46417990.67109,108921,4701055.84,21647314.544201,0
1582156800000,4.384,4.4865,4.0673,4.2644,11478760.65,1582243199999,48988610.962952,130166,5472400.76,23361664.519566,0
1582243200000,4.2666,4.5127,4.184,4.2778,7730080.2,1582329599999,33610465.144214,86900,3840502.06,16717323.231315,0
1582329600000,4.2789,4.35,4.0332,4.1066,6716454.02,1582415999999,27976312.645338,74109,3334267.02,13896203.688929,0
1582416000000,4.1006,4.3768,4.0693,4.2365,5652318.24,1582502399999,24032570.083964,63222,2828367.23,12030042.467961,0
1582502400000,4.2366,4.2871,3.7916,3.9148,8591286.07,1582588799999,34393400.24606,87016,4034959.23,16170765.890305,0
1582588800000,3.9179,3.96,3.4864,3.4905,12394531.52,1582675199999,45560015.711433,132649,5876917.0,21605621.608209,0
1582675200000,3.4874,3.8587,3.3113,3.5648,22248039.55,1582761599999,79253903.994869,203425,10783694.96,38422297.827615,0
1582761600000,3.5648,4.132,3.4197,3.9579,19252934.55,1582847999999,73709388.667313,202340,9623263.82,36866732.750833,0
1582848000000,3.9568,4.2395,3.75,4.1609,18277736.2,1582934399999,72869826.761623,194537,9102141.68,36331934.268254,0
1582934400000,4.1614,4.3535,4.0572,4.0579,12512141.06,1583020799999,52784929.732009,139262,6217042.77,26233155.643691,0
1583020800000,4.06,4.2385,3.7607,3.859,14748523.07,1583107199999,58869388.27488,166679,7086788.46,28322537.600167,0
1583107200000,3.8622,4.3435,3.8173,4.2423,12656156.05,1583193599999,52493228.923206,126321,6289727.03,26111993.585282,0
1583193600000,4.2421,4.68,4.1249,4.5846,17189323.0,1583279999999,75145836.87199,186840,8855633.93,38730173.456734,0
1583280000000,4.5873,4.9762,4.5333,4.6406,18623299.51,1583366399999,88271977.43112,200285,9220273.96,43718591.738529,0
1583366400000,4.6388,4.899,4.6239,4.7151,11867449.08,1583452799999,56507767.004489,151802,5991713.88,28541747.404919,0
1583452800000,4.7144,4.78,4.5429,4.6814,7667605.13,1583539199999,35594630.161441,85892,3735769.57,17352959.699612,0
1583539200000,4.6813,4.6863,4.3143,4.3412,8209506.85,1583625599999,37077348.439829,76471,3813110.99,17243344.967626,0
1583625600000,4.3468,4.4646,3.85,4.0537,18324667.26,1583711999999,76704000.260849,159751,8648907.34,36253137.115022,0
1583712000000,4.0537,4.369,3.6012,4.1231,29055644.52,1583798399999,117048733.6128,234015,14104758.06,56976188.140114,0
1583798400000,4.1237,4.2119,3.9132,4.0839,18071323.59,1583884799999,73423955.1774,183772,8774692.38,35672598.656801,0
1583884800000,4.0842,4.11,3.5514,3.8169,19593491.56,1583971199999,74775482.53567,206382,9463441.52,36149231.292358,0
1583971200000,3.817,3.8519,0.0001,1.9931,72676626.17,1584057599999,190728042.065768,432243,34191619.94,90170688.91574,0
1584057600000,1.999,2.752,1.36,2.4333,73634341.0,1584143999999,158669681.822411,452861,35817897.82,77209336.186515,0
1584144000000,2.4328,2.5141,2.0607,2.1379,21644199.58,1584230399999,49665845.0193,164059,10414788.6,23937368.73396,0
1584230400000,2.1401,2.4,2.015,2.0884,24056586.5,1584316799999,51979848.940518,155416,11664751.37,25225850.42173,0
1584316800000,2.0868,2.0898,1.5571,1.7832,47175196.27,1584403199999,83730824.597792,282101,22688517.91,40272797.351609,0
1584403200000,1.7832,2.069,1.73,1.8641,32839078.68,1584489599999,63607268.71138,216429,15786517.14,30593506.884228,0
1584489600000,1.866,1.9543,1.762,1.9483,22313474.3,1584575999999,41616263.148234,152303,11342182.6,21182861.799475,0
1584576000000,1.9497,2.37,1.8841,2.2398,33408982.34,1584662399999,72131641.874988,211883,16908556.07,36534022.788147,0
1584662400000,2.2409,2.6249,2.0143,2.26,39390658.87,1584748799999,92950604.203597,266204,18994312.54,44901061.885745,0
1584748800000,2.2631,2.375,2.105,2.2787,19488573.19,1584835199999,43555963.344588,142713,9767119.27,21834309.487489,0
1584835200000,2.2754,2.33,1.9334,1.9898,21634031.69,1584921599999,45651954.71691,139879,9832275.62,20797011.781595,0
1584921600000,1.9889,2.3,1.9352,2.2468,23688851.36,1585007999999,50113221.86206,150383,11784474.31,24924138.225601,0
1585008000000,2.247,2.3709,2.195,2.3104,18400021.32,1585094399999,42125779.988059,117439,9017000.7,20653537.10378,0
1585094400000,2.3109,2.35,2.1804,2.257,11321064.3,1585180799999,25603393.547877,80450,5383995.25,12183171.586825,0
1585180800000,2.2569,2.3132,2.1884,2.3132,6818801.71,1585267199999,15381812.42816,51855,3455787.49,7798847.640313,0
1585267200000,2.3125,2.3599,2.1055,2.1373,8151561.2,1585353599999,18458235.878502,60044,3745277.37,8498786.516555,0
1585353600000,2.1372,2.1544,2.0372,2.1364,11038170.15,1585439999999,23165235.569611,71702,5327261.83,11187511.42761,0
1585440000000,2.1356,2.152,2.007,2.0083,6879303.84,1585526399999,14309647.633855,43316,3181899.66,6622355.506583,0
1585526400000,2.0083,2.2,2.0006,2.135,8453846.9,1585612799999,17962419.164607,50466,4287656.73,9115021.495677,0
1585612800000,2.1348,2.302,2.1102,2.2658,8612405.93,1585699199999,18900217.731304,52732,4523746.23,9924068.218121,0
1585699200000,2.2657,2.2999,2.14,2.2753,13433598.33,1585785599999,29903847.761825,81383,6778877.62,15091739.238639,0
1585785600000,2.2764,2.485,2.2566,2.2941,13266669.39,1585871999999,30798141.032473,84305,6701847.55,15565139.173165,0
1585872000000,2.294,2.3837,2.2652,2.3013,8452189.45,1585958399999,19628894.276646,58884,4113347.95,9557785.803927,0
1585958400000,2.2995,2.3423,2.2545,2.3155,6143193.28,1586044799999,14060279.534739,43025,3054160.35,6992850.419733,0
1586044800000,2.3155,2.3219,2.2437,2.2635,3228659.23,1586131199999,7361336.519118,24768,1503493.96,3430840.252276,0
1586131200000,2.2638,2.5677,2.2621,2.5555,12222925.81,1586217599999,29594871.538147,72932,6561623.71,15871344.830014,0
1586217600000,2.5556,2.908,2.555,2.7303,30449781.01,1586303999999,83403369.18591,182672,14877965.51,40758603.968725,0
1586304000000,2.7295,3.2748,2.7124,3.1693,27092993.24,1586390399999,80619866.264211,180246,13796465.33,41109420.685558,0
1586390400000,3.1695,3.4741,3.1224,3.3099,37011877.66,1586476799999,122792285.89866,252703,18290260.93,60698235.723378,0
1586476800000,3.3099,3.3199,2.945,3.22,43621490.6,1586563199999,136026639.499367,294071,20934049.41,65285613.99669,0
1586563200000,3.2207,3.4364,3.0629,3.29,30487430.82,1586649599999,99484494.047391,208550,14975496.9,48903790.722777,0
1586649600000,3.2912,3.6412,3.167,3.4189,32589266.79,1586735999999,111420529.959802,222509,16278651.36,55652613.594402,0
1586736000000,3.4117,3.4602,3.2,3.3702,29488744.48,1586822399999,99093977.113535,203060,14464304.3,48628449.721821,0
1586822400000,3.3719,3.4437,3.21,3.252,17078827.01,1586908799999,57101788.376537,130826,8124022.0,27190605.645017,0
1586908800000,3.2517,3.3061,3.1085,3.1212,15635873.11,1586995199999,50161624.541745,123549,7830799.04,25114532.092504,0
1586995200000,3.1212,3.5555,2.9761,3.4851,24817961.65,1587081599999,81880780.976227,182231,12756640.92,42167777.177386,0
1587081600000,3.4831,3.525,3.3778,3.4523,12689070.26,1587167999999,43843772.888384,101024,6064969.84,20958633.890862,0
1587168000000,3.4525,3.83,3.447,3.7805,16406819.22,1587254399999,59767496.007162,118334,8656143.9,31550779.552397,0
1587254400000,3.7814,3.8102,3.5131,3.5902,16350496.02,1587340799999,59872603.955703,129655,7797709.24,28551585.659356,0
1587340800000,3.5885,3.792,3.372,3.4322,20566086.81,1587427199999,73867372.338287,156154,9705369.42,34910104.232637,0
1587427200000,3.4317,3.5719,3.3903,3.4577,13887634.41,1587513599999,48394710.657951,100561,6975889.3,24323681.156874,0
1587513600000,3.4593,3.6904,3.4327,3.6786,11953381.82,1587599999999,43010614.01199,86043,6205445.28,22336948.317954,0
1587600000000,3.6787,3.9101,3.5968,3.7533,14233201.39,1587686399999,53390059.847793,110628,7382397.69,27716900.983274,0
1587686400000,3.7551,3.8874,3.7364,3.7735,7951365.77,1587772799999,30361499.52359,70435,3748711.09,14315625.89746,0
1587772800000,3.7735,3.9062,3.742,3.7865,6095069.38,1587859199999,23261065.041254,56743,2941716.23,11234550.09164,0
1587859200000,3.7865,3.816,3.6432,3.721,8246658.13,1587945599999,30808734.632196,92780,3886857.63,14527830.583667,0
1587945600000,3.7212,3.7385,3.4621,3.6383,11371929.86,1588031999999,40891564.502353,102173,5303785.95,19075550.991182,0
1588032000000,3.6373,3.7354,3.5554,3.6413,7379317.23,1588118399999,26928714.472057,74397,3670234.14,13393312.257162,0
1588118400000,3.6422,3.9918,3.63,3.8879,15125283.54,1588204799999,57370181.286304,128111,7762132.13,29453994.476587,0
1588204800000,3.8881,3.9741,3.62,3.7025,13545136.02,1588291199999,51376800.294297,125873,6280479.02,23820267.056327,0
1588291200000,3.7014,3.9162,3.7003,3.7571,8084328.36,1588377599999,30928293.222303,82174,3883673.67,14870727.420006,0
1588377600000,3.7571,3.86,3.73,3.8182,4467234.01,1588463999999,16996494.732517,49608,2173384.16,8274913.856299,0
1588464000000,3.8186,3.86,3.6379,3.7092,5570724.79,1588550399999,20891814.879718,59845,2592825.1,9728435.733924,0
1588550400000,3.7098,3.8272,3.5033,3.7499,10973722.27,1588636799999,40395738.452247,96089,5472848.76,20165483.696557,0
1588636800000,3.7496,3.814,3.654,3.6833,4730504.58,1588723199999,17621530.53707,48535,2281310.82,8498671.522468,0
1588723200000,3.682,3.7654,3.57,3.5872,5299802.59,1588809599999,19570134.054998,56978,2532793.61,9363777.433221,0
1588809600000,3.5874,3.85,3.5633,3.756,8481271.59,1588895999999,31361055.942226,79271,4391820.27,16254078.315472,0
1588896000000,3.758,3.859,3.6874,3.801,7383724.48,1588982399999,27986549.846176,67174,3874688.41,14701222.660952,0
1588982400000,3.8001,4.2129,3.7601,4.015,15240721.63,1589068799999,61673011.985419,131110,7900684.58,31938597.08607,0
1589068800000,4.0149,4.0197,3.4602,3.7582,19818388.73,1589155199999,73819362.155943,173713,9480813.47,35299346.090224,0
1589155200000,3.7574,3.832,3.2865,3.5837,13273873.62,1589241599999,47852980.089775,118136,6406143.16,23109609.159461,0
1589241600000,3.5838,3.7932,3.54,3.6943,7797486.43,1589327999999,28881156.065597,70200,3793737.68,14057626.456326,0
1589328000000,3.6938,3.815,3.6366,3.7655,5989489.14,1589414399999,22305758.75735,55594,3097736.21,11542552.26844,0
1589414400000,3.7654,3.8583,3.6947,3.8096,7333655.81,1589500799999,27791822.366878,61011,3560864.15,13509496.554216,0
1589500800000,3.8093,3.8337,3.6144,3.6615,5572562.89,1589587199999,20834597.144413,45727,2658957.43,9954645.036472,0
1589587200000,3.6626,3.79,3.6168,3.7614,4045380.2,1589673599999,15074632.82974,36882,2045582.25,7624062.492679,0
1589673600000,3.7621,3.8524,3.7526,3.7815,3636901.86,1589759999999,13836374.900628,33171,1960244.94,7458651.256285,0
1589760000000,3.7815,3.95,3.7786,3.8895,5744922.71,1589846399999,22325924.800608,52664,2909814.08,11309982.127439,0
1589846400000,3.8895,3.9488,3.7734,3.947,3771880.28,1589932799999,14566206.961468,37380,1912951.56,7391298.603128,0
1589932800000,3.9466,4.1388,3.8955,4.0866,9821300.61,1590019199999,39739891.923841,84202,4987796.18,20179603.162481,0
1590019200000,4.088,4.174,3.7292,3.8298,10446021.86,1590105599999,41318047.346203,93517,4915592.2,19485267.463756,0
1590105600000,3.8307,4.1447,3.7932,4.0611,7194944.89,1590191999999,28640710.818572,69756,3763007.12,14993634.559101,0
1590192000000,4.062,4.1072,3.91,3.925,5867357.07,1590278399999,23409323.210431,52615,2836985.9,11323301.3725,0
1590278400000,3.9242,4.0262,3.7844,3.7917,6236647.02,1590364799999,24381695.037582,53852,2814346.13,11013061.511946,0
1590364800000,3.7878,3.9073,3.77,3.8614,4443996.51,1590451199999,17123412.802926,36191,2268508.58,8742389.940461,0
1590451200000,3.8634,3.8816,3.7689,3.844,3774200.83,1590537599999,14457491.49291,28556,1936999.89,7421720.887212,0
1590537600000,3.8436,3.9143,3.8065,3.8526,3795380.76,1590623999999,14676078.521812,31312,1810688.62,7002978.399772,0
1590624000000,3.8542,4.0601,3.827,4.0461,4242354.59,1590710399999,16636880.49073,35373,2180470.35,8549297.841483,0
1590710400000,4.0462,4.13,3.9488,3.98,5243291.12,1590796799999,21163186.505656,41832,2626408.73,10608850.666329,0
1590796800000,3.982,4.18,3.943,4.1763,4734058.34,1590883199999,19356855.902123,42157,2506909.08,10253248.933075,0
1590883200000,4.178,4.2838,4.041,4.131,6223457.99,1590969599999,25986422.584228,63618,3161790.76,13208525.898749,0
1590969600000,4.1278,4.48,4.1175,4.3785,8703425.47,1591055999999,38003418.526322,85283,4371108.03,19089664.30557,0
1591056000000,4.3795,4.6185,4.1075,4.3976,8182461.05,1591142399999,36032762.072281,80291,4084211.41,18008484.431968,0
1591142400000,4.3987,4.53,4.2898,4.4892,4215824.76,1591228799999,18674008.891019,41180,2119879.52,9397336.499917,0
1591228800000,4.4881,4.5081,4.2864,4.4243,3231902.99,1591315199999,14276426.128534,34397,1533023.44,6773701.090267,0
1591315200000,4.4263,4.486,4.3405,4.358,2316069.89,1591401599999,10222018.438044,24367,1075165.12,4749918.926377,0
1591401600000,4.3569,4.3979,4.3034,4.3512,1377160.26,1591487999999,5990660.11973,15353,671475.3,2921362.936854,0
1591488000000,4.3513,4.41,4.2068,4.3465,2146650.66,1591574399999,9251257.559036,22360,1017235.04,4385914.96413,0
1591574400000,4.3487,4.4759,4.325,4.473,2037163.21,1591660799999,8929343.506046,22349,1079818.12,4735442.032061,0
1591660800000,4.4753,4.5062,4.3605,4.435,2296314.26,1591747199999,10188354.437975,24710,1062335.35,4716463.901488,0
1591747200000,4.4374,4.4404,4.3426,4.4225,2236477.86,1591833599999,9805902.949828,23108,1058285.15,4642161.535209,0
1591833600000,4.4207,4.4503,3.91,3.9565,6610463.34,1591919999999,27281682.636331,62141,2963863.75,12210915.504814,0
1591920000000,3.953,4.1874,3.8573,4.0819,4837530.74,1592006399999,19678935.310617,44371,2335191.35,9498469.088121,0
1592006400000,4.0807,4.1346,4.0054,4.11,1604660.74,1592092799999,6524511.677829,17678,799131.79,3250121.966583,0
1592092800000,4.11,4.1134,3.9143,3.9371,1710213.36,1592179199999,6841578.031834,19779,829051.16,3316064.186872,0
1592179200000,3.9395,3.9889,3.6551,3.9274,6850306.11,1592265599999,26068942.977983,68878,3197650.39,12169965.041145,0
1592265600000,3.9254,4.0918,3.8935,4.0502,3623759.71,1592351999999,14554530.182153,41132,1817407.14,7303973.24899,0
1592352000000,4.0502,4.2,3.957,4.1659,4301280.98,1592438399999,17558113.834275,46311,2069645.6,8442161.939297,0
1592438400000,4.1663,4.2491,4.0957,4.1415,3348384.08,1592524799999,13969700.005075,40758,1608258.51,6713310.153899,0
1592524800000,4.1417,4.1839,4.0521,4.098,2424386.7,1592611199999,9970938.730321,29018,1175631.0,4837338.673097,0
1592611200000,4.0978,4.2072,4.0654,4.1765,2414698.62,1592697599999,10014907.932098,27359,1260603.44,5229367.063307,0
1592697600000,4.1762,4.2058,4.1395,4.1812,1336859.5,1592783999999,5582676.143464,15192,655643.81,2738634.972135,0
1592784000000,4.1819,4.4859,4.176,4.4841,4659609.05,1592870399999,20337993.409293,51031,2415848.83,10544814.178714,0
1592870400000,4.484,4.9422,4.4254,4.8051,10884418.78,1592956799999,51490875.405939,121576,5600486.2,26480550.675452,0
1592956800000,4.8061,4.9411,4.4986,4.7075,10253258.21,1593043199999,48438749.917063,102982,4990571.16,23586435.493365,0
1593043200000,4.7075,4.8407,4.5033,4.8134,7030842.15,1593129599999,33201638.532615,75807,3482699.07,16448874.02274,0
1593129600000,4.8129,4.8587,4.6424,4.6813,5532469.51,1593215999999,26122757.013841,59762,2673949.32,12626133.248353,0
1593216000000,4.683,4.6957,4.3,4.4058,6165533.05,1593302399999,27809003.537887,66703,2844387.14,12842723.63193,0
1593302400000,4.4051,4.62,4.3647,4.5668,4751931.74,1593388799999,21438525.932538,51273,2340827.84,10557906.739019,0
1593388800000,4.5658,4.65,4.4232,4.6187,4789663.32,1593475199999,21719855.120024,50633,2276430.58,10326590.435211,0
1593475200000,4.6192,4.6622,4.5337,4.5626,3008041.61,1593561599999,13846694.623755,33040,1427721.66,6574336.127157,0
1593561600000,4.5625,4.73,4.5217,4.7067,4096719.3,1593647999999,18974243.782419,43855,2031160.34,9405914.24215,0
1593648000000,4.7068,4.9181,4.6025,4.7996,7638387.35,1593734399999,36415952.505931,84115,3736588.18,17818616.018374,0
1593734400000,4.7998,4.8964,4.7031,4.7309,4622377.34,1593820799999,22310627.42872,51759,2200852.83,10630807.816704,0
1593820800000,4.73,4.8539,4.7186,4.82,2884275.22,1593907199999,13800358.488113,33250,1461952.17,6994558.052617,0
1593907200000,4.8198,4.8325,4.6118,4.7439,3650974.38,1593993599999,17222148.352507,42317,1756040.9,8282219.995056,0
1593993600000,4.7426,5.5,4.7362,5.3617,12032948.97,1594079999999,61715137.636092,126401,6474583.29,33173822.781227,0
1594080000000,5.3613,5.889,5.33,5.7248,13786031.79,1594166399999,77507285.647053,161289,7025483.99,39495840.447594,0
1594166400000,5.7245,6.5782,5.592,6.4987,16816910.79,1594252799999,103639173.926565,184934,8460087.97,52102826.311014,0
1594252800000,6.5001,6.5006,5.7029,6.082,12955549.78,1594339199999,78926963.649899,147411,6348749.83,38686174.013131,0
1594339200000,6.082,6.2009,5.7096,6.1488,9946933.5,1594425599999,59206657.003459,113510,4822530.85,28712114.454424,0
1594425600000,6.15,6.27,5.961,6.0994,5442718.22,1594511999999,33306983.432903,67008,2716234.42,16627272.649355,0
1594512000000,6.1043,7.3898,6.0975,7.3345,18949318.62,1594598399999,128119147.502207,220203,9663015.45,65355996.57794,0
1594598400000,7.3447,8.48,6.8525,7.163,30737550.96,1594684799999,235671215.534008,355795,15089571.76,115829648.865536,0
1594684800000,7.1616,8.3446,6.965,8.1321,25153380.41,1594771199999,192793205.386486,290484,12464078.67,95619199.109446,0
1594771200000,8.1315,8.908,7.8309,8.6494,20518883.22,1594857599999,172454027.970736,259104,9937169.46,83572503.067591,0
1594857600000,8.6486,8.8822,7.9427,8.354,20705851.79,1594943999999,173628619.952191,257501,9941279.11,83430257.266817,0
1594944000000,8.3545,8.6444,8.2,8.2605,8727930.83,1595030399999,73132110.990298,105988,4268106.58,35777041.762028,0
1595030400000,8.2589,8.2648,7.657,7.9734,11416632.85,1595116799999,90986110.877302,146101,5548685.81,44231792.914751,0
1595116800000,7.9731,8.21,7.7782,8.0784,6896213.31,1595203199999,54936816.029277,92799,3363413.44,26797974.021304,0
1595203200000,8.0848,8.1388,7.121,7.2301,11043721.17,1595289599999,84263150.672353,144838,5242920.88,40033246.62503,0
1595289600000,7.2301,7.6788,6.9232,7.3101,10937153.27,1595375999999,80041038.794645,166218,5332837.44,39028484.176667,0
1595376000000,7.3086,7.6365,7.0832,7.4689,9599551.14,1595462399999,70889640.581397,131542,4759917.12,35153924.294208,0
1595462400000,7.469,8.099,7.4029,7.8983,10917062.94,1595548799999,85602332.793113,140762,5253377.4,41196154.234597,0
1595548800000,7.8982,7.9304,7.384,7.4284,7314721.87,1595635199999,55872769.49791,93338,3353768.37,25621669.177015,0
1595635200000,7.4284,7.8009,7.3744,7.672,7507174.9,1595721599999,57301182.627428,98606,3747076.87,28601257.274991,0
1595721600000,7.6737,7.945,7.1885,7.5022,10637660.32,1595807999999,80431491.353258,134584,5045254.49,38186103.244585,0
1595808000000,7.5009,7.5045,6.5101,7.1,16681214.34,1595894399999,117115066.796146,244904,7775339.96,54618358.093305,0
1595894400000,7.099,7.4243,6.9106,7.2333,8500726.83,1595980799999,60812597.213253,119738,4218103.99,30193722.026569,0
1595980800000,7.2332,7.4871,6.9867,7.0876,7058913.79,1596067199999,50881041.657358,94912,3431124.32,24737552.657675,0
1596067200000,7.0876,7.5757,7.0253,7.4093,7673434.47,1596153599999,56187278.516101,102382,3804308.5,27867123.750681,0
1596153600000,7.4093,7.8649,7.4085,7.8033,7419454.26,1596239999999,57010133.853312,109121,3742689.31,28759753.912396,0
1596240000000,7.8025,8.472,7.6373,8.3248,9345076.4,1596326399999,74293026.607006,128620,4765995.9,37927657.955013,0
1596326400000,8.3216,8.7972,6.87,8.2814,22647614.34,1596412799999,187308467.652054,321072,11173351.95,92516394.849477,0
1596412800000,8.2851,9.2707,8.1408,9.2502,12814524.98,1596499199999,110153067.259904,163245,6552267.51,56391670.566753,0
1596499200000,9.2502,9.9645,9.0807,9.8687,18485930.37,1596585599999,175441511.349966,255932,9136026.99,86750969.266445,0
1596585600000,9.8686,9.8686,9.3207,9.5253,9682088.77,1596671999999,92516426.181216,132712,4701878.43,44927971.35872,0
1596672000000,9.5265,10.2917,9.4515,10.2343,9041552.6,1596758399999,88144051.281299,128098,4557493.13,44461305.965319,0
1596758400000,10.2284,10.2615,9.05,10.1286,11737996.62,1596844799999,115615702.847156,166548,5653885.43,55714590.056335,0
1596844800000,10.1286,13.8799,9.9287,12.7093,28681387.91,1596931199999,344524050.251085,499590,14644899.34,175715719.015493,0
1596931200000,12.7095,14.4586,12.0,13.8104,28455039.72,1597017599999,380027221.109276,508654,14347283.85,191650669.508499,0
1597017600000,13.8105,14.0551,12.52,13.4722,17912553.32,1597103999999,240435838.158743,318664,8861935.1,119079448.36431,0
1597104000000,13.4722,13.5403,12.0905,12.9971,17514622.42,1597190399999,225363799.555485,271457,8780896.47,113132548.419216,0
1597190400000,12.9999,16.8,12.5936,16.4635,23116748.13,1597276799999,342158761.497398,441379,11706891.59,173394168.415005,0
1597276800000,16.4634,18.3488,15.9175,17.1883,30941693.96,1597363199999,527277033.75007296,681520,15434492.74,263241680.215832,0
1597363200000,17.1728,17.5998,16.3,16.9574,11352121.05,1597449599999,192093622.379803,249344,5529767.46,93601376.735992,0
1597449600000,16.9447,19.8303,16.5554,19.2285,17941112.01,1597535999999,330894146.757813,379015,9111854.48,168033422.072414,0
1597536000000,19.2108,20.1111,18.5144,18.8061,10757844.39,1597622399999,206509430.890802,261112,5363419.17,103038798.154796,0
1597622400000,18.8096,19.7111,15.5,16.8196,13542369.79,1597708799999,248379200.466978,308059,6541070.8,120069141.991499,0
1597708800000,16.8064,17.6738,14.69,16.1927,27088057.76,1597795199999,445332598.90678304,529192,13450505.46,221304684.572797,0
1597795200000,16.1846,17.2554,14.8653,16.1863,18401947.05,1597881599999,297904852.921642,390119,9140253.53,148042603.949903,0
1597881600000,16.1884,16.7862,15.7232,16.0483,11077161.69,1597967999999,180390522.546372,239767,5733195.31,93381842.065124,0
1597968000000,16.0476,16.1421,12.89,13.8325,26181371.6,1598054399999,376950369.86233,511098,12596006.87,181468363.265766,0
1598054400000,13.8342,16.33,13.66,15.8078,16713843.17,1598140799999,252846542.374424,357646,8368077.85,126575610.280001,0
1598140800000,15.8085,16.0042,14.6536,15.1428,10766009.01,1598227199999,163472424.139357,224569,5288995.87,80338017.686794,0
1598227200000,15.1572,15.8797,14.7,15.1419,8460822.0,1598313599999,129276315.544617,182305,4136275.63,63196275.257735,0
1598313600000,15.1363,15.3743,13.4578,14.1164,12813252.0,1598399999999,185468410.615145,279268,6215762.76,90028891.698166,0
1598400000000,14.1171,15.6664,14.0537,15.2,11417184.57,1598486399999,169354713.555486,233542,5715066.45,84801580.061928,0
1598486400000,15.2088,15.5215,13.9679,14.5234,11695421.1,1598572799999,173417861.594761,231293,5691291.01,84457390.200773,0
1598572800000,14.5234,15.4989,14.236,15.1207,7263858.01,1598659199999,108574634.620773,147324,3618630.92,54090669.656883,0
1598659200000,15.1136,17.0305,14.9565,16.3612,12476977.78,1598745599999,201913227.676983,276318,6239354.63,100931254.22425,0
1598745600000,16.3612,17.7777,16.3547,16.4788,12067693.46,1598831999999,206099731.368455,251190,5861789.59,100147892.165847,0
1598832000000,16.4782,16.9495,15.4451,15.5772,9615963.27,1598918399999,157331308.632499,199347,4661579.08,76354481.754655,0
1598918400000,15.5746,16.5053,15.0629,16.0333,9246701.59,1599004799999,147310626.184526,223463,4519820.75,72054768.981604,0
1599004800000,16.0284,16.3587,14.0,14.7982,10432171.58,1599091199999,156728589.070049,223188,4889482.15,73512890.628254,0
1599091200000,14.7922,14.9989,10.8261,11.8895,17461923.93,1599177599999,234194680.238765,354563,8116953.81,109156077.614676,0
1599177600000,11.8802,12.904,11.0,12.3708,18649479.71,1599263999999,226424705.221292,313472,9228942.03,112074713.514389,0
1599264000000,12.3804,12.7655,9.1,10.6017,25530147.88,1599350399999,278579076.119159,402165,12271182.45,134012482.446461,0
1599350400000,10.6087,13.24,9.7155,12.8044,21900428.59,1599436799999,255921102.715099,361819,10928966.97,127821424.320048,0
1599436800000,12.806,13.1747,11.17,12.47,21235045.25,1599523199999,258808749.464222,354557,10573073.32,128915669.125973,0
1599523200000,12.4744,12.7362,11.0284,11.746,14832129.81,1599609599999,176444797.969033,247396,7200943.83,85702598.13242,0
1599609600000,11.7359,12.6566,11.4356,12.3444,10649791.43,1599695999999,129646130.940538,164334,5104842.95,62183097.935445,0
1599696000000,12.3452,13.28,12.18,12.4957,15073295.03,1599782399999,192824150.234178,209596,7445684.46,95294624.653051,0
1599782400000,12.4948,12.696,12.019,12.4406,7498865.16,1599868799999,92935019.612597,118187,3681907.37,45664014.600553,0
1599868800000,12.4406,12.747,12.0934,12.7187,6270783.45,1599955199999,77894547.324634,101789,3041626.62,37796755.085573,0
1599955200000,12.7194,13.23,11.7658,12.067,11107099.48,1600041599999,138433490.779564,207648,5385081.06,67240688.011433,0
1600041600000,12.0757,12.3863,11.6349,12.1374,8830940.16,1600127999999,106057143.095359,139868,4502749.7,54063124.644819,0
1600128000000,12.13,12.24,10.75,10.9314,11413633.63,1600214399999,132790893.203613,192751,5495055.06,63985474.203347,0
1600214400000,10.9301,11.3002,10.4771,10.7367,10362445.08,1600300799999,112764173.289477,174348,5062453.75,55097946.707612,0
1600300800000,10.7367,11.6759,10.472,11.0139,10163046.46,1600387199999,111006019.313852,194007,5243779.15,57312224.697117,0
1600387200000,11.0139,11.1315,9.7863,10.094,8890206.07,1600473599999,93387663.390679,161741,4242978.29,44624823.033781,0
1600473600000,10.0938,10.4969,9.8756,10.1209,5596803.08,1600559999999,57003865.43326,101321,2705901.39,27565056.668541,0
1600560000000,10.1192,10.6199,9.5,9.7357,7500145.61,1600646399999,75754454.122826,140177,3536596.41,35747726.284213,0
1600646400000,9.7394,9.9235,8.5012,8.7114,15761415.85,1600732799999,141463825.603597,242000,7638813.89,68663153.356168,0
1600732800000,8.7162,9.08,8.54,8.7401,8384112.37,1600819199999,74013112.799925,126208,4264342.2,37647021.634413,0
1600819200000,8.744,8.8016,7.2869,7.6364,18221835.52,1600905599999,146302053.27176,247793,8705416.41,69893795.567804,0
1600905600000,7.6404,10.53,7.4761,9.87,26948146.31,1600991999999,244576010.031214,377228,13178050.37,119384623.625351,0
1600992000000,9.8701,11.199,9.3771,10.7279,20220142.07,1601078399999,206454816.906008,329310,9840811.53,100656368.290075,0
1601078400000,10.7218,11.1,9.9757,10.3169,12020281.92,1601164799999,125904478.046726,206809,6037517.48,63226202.541178,0
1601164800000,10.3079,10.991,9.9122,10.7939,10053108.71,1601251199999,105032767.023057,165743,4891226.96,51154097.944713,0
1601251200000,10.8,11.07,10.15,10.283,8731492.42,1601337599999,92852705.719628,152891,4191439.85,44590069.54271,0
1601337600000,10.2809,10.3882,9.4502,10.135,13378180.79,1601423999999,133367813.411048,186336,6830504.66,68125790.630502,0
1601424000000,10.1356,10.2314,9.5768,9.8694,6665669.78,1601510399999,65702358.508233,111050,3199604.68,31549052.583142,0
1601510400000,9.8727,10.4119,9.2457,9.6394,9704023.92,1601596799999,95847497.433632,151457,4725810.29,46751329.054645,0
1601596800000,9.6394,9.8449,8.7975,9.2167,11180624.68,1601683199999,102858124.310114,162208,5319035.55,48928958.449119,0
1601683200000,9.2132,9.5555,9.104,9.269,4805191.52,1601769599999,44596863.209795,77557,2423155.91,22506906.040852,0
1601769600000,9.2686,9.466,9.1141,9.3922,4665626.69,1601855999999,43259192.531491,69820,2222336.52,20619953.589483,0
1601856000000,9.3906,9.72,9.2629,9.6176,6217366.67,1601942399999,59002318.704904,93838,3144915.04,29855053.693456,0
1601942400000,9.6134,9.658,8.563,8.7689,7424722.62,1602028799999,67725437.73261,128804,3428905.17,31312292.177676,0
1602028800000,8.769,9.01,8.3817,8.9799,7543306.98,1602115199999,66050966.575883,119071,3757137.33,32931856.643783,0
1602115200000,8.9801,9.6909,8.4016,9.5594,10913109.33,1602201599999,98953033.692226,164405,5417327.11,49132679.604008,0
1602201600000,9.5519,10.5254,9.3701,10.3959,11276147.45,1602287999999,112848361.622316,180881,5653167.61,56578801.163492,0
1602288000000,10.3923,10.92,10.37,10.5198,9504046.97,1602374399999,100981242.650247,152430,4705314.32,50027944.411155,0
1602374400000,10.5168,11.0258,10.15,10.8515,8174876.86,1602460799999,86822525.348776,138841,4122314.8,43822643.852369,0
1602460800000,10.8515,11.8028,10.6807,11.4259,11882241.47,1602547199999,133822859.020918,195369,5825235.26,65599428.230965,0
1602547200000,11.4259,11.5833,10.5221,11.0016,9695225.65,1602633599999,108341426.898189,156562,4799212.89,53655406.266612,0
1602633600000,11.0016,11.3536,10.6201,10.8896,7758446.61,1602719999999,85355115.387802,131330,3873819.44,42624547.207467,0
1602720000000,10.8896,10.9317,10.455,10.7483,6983355.76,1602806399999,74710678.913053,96857,3711009.87,39715789.219177,0
1602806400000,10.7472,10.8935,10.2694,10.5877,6662666.86,1602892799999,70509800.968159,93266,2962451.91,31381594.117667,0
1602892800000,10.5867,10.7149,10.4082,10.6267,3322174.05,1602979199999,35094088.72581,52155,1678744.04,17737339.186257,0
1602979200000,10.6254,11.0,10.6,10.9409,3679623.94,1603065599999,39786628.520014,52844,1916109.04,20714783.993155,0
1603065600000,10.9435,11.2226,10.651,10.9147,4474849.31,1603151999999,48718810.825249,79808,2232286.42,24310095.160179,0
1603152000000,10.9116,10.9349,9.7665,9.8589,7095706.59,1603238399999,73348543.718074,130656,3364453.38,34765912.104625,0
1603238400000,9.8589,11.1372,9.7864,10.7863,8276637.42,1603324799999,87959927.254485,155615,4164691.86,44250572.046829,0
1603324800000,10.7805,12.4173,10.7142,11.9539,10308176.43,1603411199999,120347363.471673,194706,5196274.66,60668707.110737,0
1603411200000,11.9551,12.264,11.5784,12.1586,8789968.21,1603497599999,105284717.757531,162789,4290594.38,51431144.735624,0
1603497600000,12.1592,12.95,11.9839,12.7001,7538193.48,1603583999999,94696449.50991,144641,3871989.95,48634911.967353,0
1603584000000,12.7002,12.8574,11.908,12.1481,7000941.96,1603670399999,86556404.590524,117555,3500917.96,43284919.103751,0
1603670400000,12.148,12.4472,11.2594,11.7096,8858167.82,1603756799999,105064062.243032,154501,4237721.91,50311946.588803,0
1603756800000,11.7086,12.4774,11.49,11.9224,7621501.69,1603843199999,91575986.391052,135535,3699101.0,44487509.281056,0
1603843200000,11.921,12.16,11.15,11.4403,8020300.25,1603929599999,92907204.404543,147249,3859862.97,44726082.140545,0
1603929600000,11.4448,11.81,11.0816,11.2772,8541785.18,1604015999999,97764888.03438,131340,4160392.58,47650600.504326,0
1604016000000,11.2743,11.4811,10.72,11.09,7960249.95,1604102399999,87953508.452678,132809,3867090.71,42726861.957023,0
1604102400000,11.0947,11.3981,10.9053,11.2277,4971547.22,1604188799999,55628362.477468,90903,2398384.02,26837087.154867,0
1604188800000,11.2259,11.5885,11.0181,11.5722,3872679.99,1604275199999,43600203.221406,78092,1899398.5,21404129.592851,0
1604275200000,11.5681,11.685,10.7049,10.7814,6924910.69,1604361599999,77195587.414894,142389,3299578.31,36804995.276016,0
1604361600000,10.7814,10.7814,9.9454,10.3911,9964299.86,1604447999999,103361987.76138,214826,4687323.7,48641045.644372,0
1604448000000,10.3982,10.675,9.75,10.4713,8587173.03,1604534399999,87960780.13898,165320,4151547.44,42520960.880252,0
1604534400000,10.473,11.2749,10.0764,10.9794,10634722.28,1604620799999,113944704.163996,218722,5289472.13,56691321.463569,0
1604620800000,10.9822,12.2813,10.9286,12.1687,10971288.73,1604707199999,127324266.424005,284317,5549723.46,64455235.60354,0
1604707200000,12.1686,13.5956,11.3123,11.7638,24928180.96,1604793599999,313997464.19674,607177,12153047.17,153274323.762517,0
1604793600000,11.7668,13.1,11.477,12.71,12949524.47,1604879999999,160307018.584043,286739,6408540.72,79336935.250908,0
1604880000000,12.7083,13.0026,12.04,12.5107,12660359.23,1604966399999,158185417.453007,308772,6324934.41,79080029.174153,0
1604966400000,12.5182,13.278,12.3156,13.0017,12355950.65,1605052799999,159010073.800091,279337,6071936.18,78187911.247078,0
1605052800000,13.0017,13.4293,12.75,12.753,9416548.92,1605139199999,123406439.354398,221834,4419802.25,57971034.381632,0
1605139200000,12.753,13.0956,12.27,12.4038,8920340.53,1605225599999,112513610.954958,200405,4275022.41,53944477.921607,0
1605225600000,12.4038,13.0,12.3079,12.8687,7892649.62,1605311999999,100542935.44233,182820,4054485.59,51680842.215805,0
1605312000000,12.8679,12.9335,12.3,12.5574,5010394.11,1605398399999,62985384.748301,125436,2347238.03,29524188.332822,0
1605398400000,12.557,12.6484,11.8156,12.1192,5716347.24,1605484799999,70272602.843772,126501,2713826.98,33392046.856339,0
1605484800000,12.1199,12.8132,11.9971,12.6223,5982803.38,1605571199999,74513586.46646,133067,3078516.89,38356586.321385,0
1605571200000,12.6204,13.4228,12.5414,13.3944,11150763.55,1605657599999,144053287.434351,258659,5604243.52,72454783.175501,0
1605657600000,13.3943,14.2669,12.585,13.5598,18517527.67,1605743999999,250471400.734222,461464,9117634.46,123407699.778342,0
1605744000000,13.5602,14.0,13.0111,13.6187,9805683.27,1605830399999,132702779.576659,215465,4818431.7,65268768.709294,0
1605830400000,13.6117,14.477,13.4618,14.0933,11203096.77,1605916799999,157339512.781055,242602,5603238.41,78722307.469346,0
1605916800000,14.0913,15.5,13.6876,15.4511,14003272.57,1606003199999,205026976.631182,313376,6988418.96,102458735.939822,0
1606003200000,15.4408,15.7179,13.8402,14.5098,14244002.32,1606089599999,209484344.072466,294258,6931291.47,101957421.593901,0
1606089600000,14.5098,15.425,14.252,15.2746,12472333.45,1606175999999,185908896.434168,255890,6268696.52,93464015.2503,0
1606176000000,15.2648,16.39,14.943,15.6703,15636471.17,1606262399999,244854909.968313,354432,7739662.65,121321993.384826,0
1606262400000,15.6637,15.86,13.79,14.2016,9521564.1,1606348799999,143152160.425823,227277,4514709.32,67936651.293754,0
1606348800000,14.218,14.4743,11.2939,12.603,24596535.81,1606435199999,307279277.327672,524048,12219719.21,152681522.194527,0
1606435200000,12.6036,12.953,11.9454,12.4989,9129104.44,1606521599999,113207146.166308,231521,4636371.62,57528068.978818,0
1606521600000,12.5038,13.43,12.3489,13.0853,7286264.48,1606607999999,94277169.777059,147521,3686778.64,47719612.715751,0
1606608000000,13.0848,13.4765,12.8408,13.38,6551088.54,1606694399999,86105236.957895,130452,3141801.58,41305597.986467,0
1606694400000,13.3855,14.437,13.3855,14.2677,10302701.22,1606780799999,144279297.497666,225033,5135386.32,71933956.017489,0
1606780800000,14.2626,14.8328,13.0456,13.3461,11186350.89,1606867199999,156494544.102538,261150,5448091.89,76191985.255936,0
1606867200000,13.3544,14.1482,13.05,13.9799,6173228.08,1606953599999,84254383.606195,150383,3116957.74,42542039.326583,0
1606953600000,13.9785,14.22,13.6446,13.9749,4275317.88,1607039999999,59535321.277544,99188,2102862.22,29289792.379804,0
1607040000000,13.9749,14.0332,12.5101,12.68,5795163.01,1607126399999,77278887.900824,137754,2830260.2,37766138.363898,0
1607126400000,12.68,13.3478,12.5265,13.1748,3447469.25,1607212799999,45139625.043621,80724,1719627.93,22525667.695036,0
1607212800000,13.1743,13.5282,12.7671,13.5057,3871281.59,1607299199999,51066277.919775,83201,1971222.18,26007079.668842,0
1607299200000,13.509,13.5536,12.8671,13.0704,3224398.04,1607385599999,42456988.214556,103790,1526369.86,20101264.33529,0
1607385600000,13.0737,13.1929,12.0,12.1356,5176177.45,1607471999999,65179633.510039,120589,2512093.35,31633732.713321,0
1607472000000,12.128,12.829,11.5726,12.6212,6780799.24,1607558399999,82265185.579124,157909,3366827.46,40876346.924478,0
1607558400000,12.62,12.673,11.8549,11.9172,3569558.42,1607644799999,43505463.200802,97978,1769735.26,21573266.865928,0
1607644800000,11.9172,11.9899,11.43,11.6335,5013258.55,1607731199999,58518128.081848,103039,2409175.15,28133929.182928,0
1607731200000,11.6393,12.3529,11.601,12.2259,4394492.22,1607817599999,53042649.048896,95041,2244336.41,27089270.435217,0
1607817600000,12.228,13.2697,12.021,12.9392,6036848.97,1607903999999,76518629.712782,135421,3039910.07,38534711.199276,0
1607904000000,12.9389,12.98,12.3238,12.8502,4529267.12,1607990399999,57479569.418854,107630,2201247.28,27937843.569078,0
1607990400000,12.8513,13.022,12.4659,12.6818,3202210.62,1608076799999,40697243.409961,91373,1620519.31,20599776.227183,0
1608076800000,12.6786,13.5,12.3119,13.4852,6700261.8,1608163199999,86754874.400685,163636,3382162.42,43806417.279934,0
1608163200000,13.484,14.5038,13.0575,13.444,11585591.26,1608249599999,159771314.816353,266952,5839460.15,80578195.866093,0
1608249600000,13.444,14.0235,13.1725,13.5001,5520717.04,1608335999999,74887035.618083,134412,2781142.14,37750433.772587,0
1608336000000,13.5,13.9697,13.2981,13.4747,4606603.33,1608422399999,63085787.183181,123674,2213272.65,30311524.31983,0
1608422400000,13.4748,13.8,12.6752,13.0604,5227497.02,1608508799999,69925342.050334,153079,2483077.29,33215487.934773,0
1608508800000,13.0603,13.27,12.1354,12.3049,5719339.88,1608595199999,72463318.720611,140050,2731277.73,34617734.945972,0
1608595200000,12.3028,12.84,11.8117,12.7842,6175240.24,1608681599999,76401009.342543,148768,2992426.49,37031631.464239,0
1608681600000,12.7811,12.8634,8.05,10.9736,15255910.26,1608767999999,169896907.859621,317869,7146261.94,79664878.667927,0
1608768000000,10.973,11.6877,9.8564,11.5724,14771438.4,1608854399999,157801028.127017,305775,7239494.92,77431700.748197,0
1608854400000,11.5705,11.9234,11.0601,11.5543,7386434.11,1608940799999,84858112.102137,163438,3670592.04,42182150.116261,0
1608940800000,11.564,11.8151,10.6238,10.9809,9097514.52,1609027199999,101097430.676484,207158,4371306.98,48596435.391963,0
1609027200000,10.984,13.2448,10.4763,12.1541,18965140.77,1609113599999,227207994.125888,382543,9560501.61,114678011.535442,0
1609113600000,12.1542,12.9781,11.971,12.6081,11288955.85,1609199999999,140502595.13623,260587,5606539.9,69804602.42234,0
1609200000000,12.608,13.0351,10.8161,11.7786,12895731.37,1609286399999,151908257.485387,261235,6112522.7,71996810.190061,0
1609286400000,11.7786,11.99,11.0671,11.2435,7720859.08,1609372799999,88452080.080807,228642,3880410.89,44477029.411375,0
1609372800000,11.2437,11.753,10.9039,11.2364,6640134.19,1609459199999,75185499.510762,155078,3279282.91,37129112.307987,0
1609459200000,11.2364,12.46,11.0638,11.8477,8296826.17,1609545599999,98568840.49803,212525,4161924.97,49464013.976935,0
1609545600000,11.8453,12.4188,11.4303,12.2215,9618221.31,1609631999999,114491937.948875,217017,4802251.7,57169404.274084,0
1609632000000,12.2206,13.9999,11.8355,13.6814,15938080.42,1609718399999,205217865.592833,356717,7983167.11,102975130.034389,0
1609718400000,13.6815,15.644,12.3713,13.5935,23288863.81,1609804799999,322955066.71522,566412,11750214.52,163342791.457873,0
1609804800000,13.5962,14.89,13.0928,14.5162,14842337.83,1609891199999,209370877.254314,376097,7211674.65,101773286.743379,0
1609891200000,14.5141,17.2997,14.1427,17.2322,21381167.21,1609977599999,340015154.899592,541437,11205623.28,178418565.589361,0
1609977600000,17.2342,17.41,15.0657,15.9628,16881688.42,1610063999999,277758064.872215,417804,8329622.65,137221621.011745,0
1610064000000,15.9659,16.1917,14.12,15.2381,14986392.75,1610150399999,229670019.321559,378121,7412120.36,113671011.665491,0
1610150400000,15.2395,17.8888,15.0029,17.5501,12818964.22,1610236799999,209291870.637596,315905,6325786.5,103311315.285846,0
1610236800000,17.5501,18.4386,15.4418,16.206,16496553.31,1610323199999,280816795.252121,383162,8122473.65,138453502.900613,0
1610323200000,16.1998,16.2596,12.5,14.6393,21996244.79,1610409599999,312237273.697086,506686,10703332.96,151955874.459398,0
1610409600000,14.6312,15.476,13.6701,13.9655,11921544.49,1610495999999,173492877.43317,323142,6080900.31,88508476.774935,0
1610496000000,13.9609,16.2356,13.3701,15.9356,11467831.41,1610582399999,171574472.365628,305067,5859276.58,87789820.428225,0
1610582400000,15.9396,17.99,15.33,17.9804,13484717.13,1610668799999,222251134.879382,349919,6777968.57,111778370.156173,0
1610668800000,17.9888,21.4533,17.5355,20.7375,38649175.6,1610755199999,747230065.6881459,890714,20001600.05,387105149.30297697,0
1610755200000,20.7405,22.96,19.628,20.1054,27884173.39,1610841599999,604888546.579992,889194,13721007.66,297867505.961729,0
1610841600000,20.1003,23.767,19.3729,23.2819,21794612.18,1610927999999,467638469.644666,601493,10793923.87,231568222.329265,0
1610928000000,23.2676,23.6862,21.06,22.0336,13781943.03,1611014399999,305185395.253203,501610,6939169.72,153719161.179231,0
1611014400000,22.0325,22.8564,20.3774,20.5557,10968890.7,1611100799999,237722946.070185,345669,5302109.98,114994931.849404,0
1611100800000,20.5437,21.9788,19.0645,21.8482,12454231.89,1611187199999,253774113.5538,369111,6211680.45,126676759.612365,0
1611187200000,21.8421,22.0307,18.0611,18.4119,14857086.13,1611273599999,296783676.889193,488680,7054241.74,140749919.861656,0
1611273600000,18.4109,22.4997,17.1269,21.5519,17060778.1,1611359999999,345510917.564393,489197,8530880.21,173379764.198357,0
1611360000000,21.5467,25.5,21.14,24.8046,19024881.67,1611446399999,454839786.10718,684722,9415697.35,225107236.515062,0
1611446400000,24.8168,24.953,23.1612,24.7935,11910682.71,1611532799999,288463125.649637,485162,6045714.94,146433080.137144,0
1611532800000,24.7912,25.7824,22.6,23.3418,12581468.33,1611619199999,306912765.134203,575742,6241301.02,152204721.167059,0
1611619200000,23.3418,23.9761,21.65,23.0981,8984444.57,1611705599999,204806722.400524,256820,4469724.45,101973652.44727,0
1611705600000,23.0914,23.2295,20.2767,20.9586,10837677.2,1611791999999,231685950.637728,277207,5329965.35,113881108.568735,0
1611792000000,20.9586,24.4716,20.501,23.0145,11205369.43,1611878399999,261037335.334986,434229,5685711.63,132541369.292877,0
1611878400000,22.9869,24.24,22.045,22.748,11638550.99,1611964799999,268974918.797829,435827,5711265.75,132069764.1867,0
1611964800000,22.748,23.98,22.1534,23.6399,7393324.48,1612051199999,170151883.013205,227049,3568871.68,82131118.399863,0
1612051200000,23.6491,24.678,22.0603,22.5613,7645210.89,1612137599999,176522664.396065,239012,3707105.77,85657553.319228,0
1612137600000,22.5643,23.2,21.6526,22.8757,6446970.41,1612223999999,143840563.077423,200881,3125101.57,69732709.975672,0
1612224000000,22.8752,24.1693,22.7354,23.6582,6484871.27,1612310399999,150785695.697183,210321,3282020.08,76323795.820159,0
1612310400000,23.6578,25.5674,23.5318,25.087,8466371.72,1612396799999,208371471.102371,315541,4307727.94,106101193.944543,0
1612396800000,25.0814,26.15,22.6174,24.492,8646387.1,1612483199999,211454409.799766,349215,4248147.34,103922624.783495,0
1612483200000,24.4841,27.0,24.4081,26.3034,10000326.58,1612569599999,261420127.991983,383719,4923532.15,128762178.793209,0
1612569600000,26.3023,26.8,24.2081,25.0231,7063684.91,1612655999999,179162080.81319,242166,3349577.25,85033374.552156,0
1612656000000,25.0336,25.2836,22.81,24.7254,6514277.3,1612742399999,158090713.43822,206368,3106952.28,75455559.649996,0
1612742400000,24.7335,25.98,23.9587,25.4115,7026903.54,1612828799999,176555192.563758,241358,3491583.57,87748734.972826,0
1612828800000,25.407,28.0,25.0,27.6034,9472870.32,1612915199999,246830741.984506,317483,4823337.54,125826623.243066,0
1612915200000,27.615,28.6412,25.1227,26.8121,11721097.14,1613001599999,318520820.936008,462126,5735070.68,155853114.412567,0
1613001600000,26.8,28.5705,26.2172,27.8475,6660619.1,1613087999999,184194154.343396,249276,3312415.35,91600678.889094,0
1613088000000,27.8645,31.4485,26.6746,30.6265,9762295.77,1613174399999,284415827.015371,330401,5157076.79,150397081.242953,0
1613174400000,30.6404,34.7573,29.07,34.1941,11028490.78,1613260799999,346597837.151995,381837,5614180.64,176701082.018638,0
1613260800000,34.1969,35.6945,32.3088,33.1565,9440094.38,1613347199999,320608675.072321,454802,4574408.25,155488701.900326,0
1613347200000,33.1555,34.9252,27.5,32.5899,10844636.76,1613433599999,347155987.362537,398798,5288907.81,169655648.519285,0
1613433600000,32.5853,33.4269,30.784,31.9632,7062989.71,1613519999999,226739707.795313,272831,3465149.38,111340377.224671,0
1613520000000,31.963,32.6705,30.0,32.2324,5680522.18,1613606399999,179236500.482032,223007,2842844.39,89730375.704627,0
1613606400000,32.2256,33.5961,31.7785,32.4801,5452990.6,1613692799999,177806526.830069,204466,2600614.55,84861360.719171,0
1613692800000,32.4727,35.5072,31.3799,34.6846,8412150.64,1613779199999,283085390.984455,324792,4181119.11,140773609.328073,0
1613779200000,34.6846,36.9307,32.0,33.9387,10078348.9,1613865599999,353378014.183607,417552,4981729.04,174870281.060882,0
1613865600000,33.9293,35.2918,33.2712,34.0915,5179283.24,1613951999999,177022601.013856,217375,2507327.89,85704163.465034,0
1613952000000,34.0916,34.2185,25.2312,31.4542,13342706.36,1614038399999,405234941.61420304,463162,6482385.53,197020698.220518,0
1614038400000,31.4482,31.6822,20.8088,25.9249,24333706.63,1614124799999,624277459.572454,712504,11942956.17,306194642.482931,0
1614124800000,25.9573,29.337,24.505,28.0851,11441037.71,1614211199999,315453616.879729,376184,5694884.44,157091958.09403,0
1614211200000,28.0737,28.6802,24.2509,24.7144,7925390.07,1614297599999,215188023.480766,262863,3855032.75,104720017.380181,0
1614297600000,24.7144,26.9906,23.6574,25.1862,9141896.37,1614383999999,229379802.333632,298391,4410328.22,110609729.138332,0
1614384000000,25.165,27.4472,24.8545,26.1896,7629090.66,1614470399999,197484805.389982,250162,3866171.09,100051961.179327,0
1614470400000,26.1941,26.7624,22.8578,24.7016,7913084.04,1614556799999,192931571.231219,254067,3856629.46,94009897.43529,0
1614556800000,24.6954,27.7326,24.5758,27.7116,12300905.73,1614643199999,325463708.368687,259419,6154153.26,162825897.413287,0
1614643200000,27.7187,30.5251,27.1757,28.4769,9716494.53,1614729599999,280459229.088758,389158,4858641.37,140339230.239118,0
1614729600000,28.464,31.43,28.1272,29.85,6863848.85,1614815999999,207575714.103625,286060,3318201.91,100304166.466324,0
1614816000000,29.8334,30.5731,27.1891,27.6943,6809212.29,1614902399999,196844608.981791,260997,3334662.46,96477757.897199,0
1614902400000,27.6856,28.2338,25.6483,27.8343,5835770.65,1614988799999,156133465.590018,214041,2826414.55,75599649.553362,0
1614988800000,27.8195,28.3985,26.2889,28.1479,3809103.37,1615075199999,104430323.982577,146669,1810889.07,49685144.569387,0
1615075200000,28.1608,29.1258,27.3859,28.5932,4599258.02,1615161599999,130068525.626605,372640,2291492.69,64797504.720351,0
1615161600000,28.5918,31.8469,28.2652,31.8469,7181496.7,1615247999999,214499763.671706,377072,3587438.56,107155086.905194,0
1615248000000,31.8227,32.0,30.3639,31.4914,5209845.28,1615334399999,162354930.344317,501889,2508144.65,78173218.766666,0
1615334400000,31.4914,31.7934,29.2545,29.9036,4916671.7,1615420799999,149593272.645724,201348,2311707.4,70327992.333962,0
1615420800000,29.8743,30.5285,28.5516,30.1166,5079711.85,1615507199999,149748656.001503,176958,2436260.28,71823859.070707,0
1615507200000,30.1227,30.411,27.3717,28.3553,4815001.06,1615593599999,138581044.615935,186738,2282462.88,65759482.564134,0
1615593600000,28.3523,30.57,26.9326,29.7384,5690169.1,1615679999999,165481441.627432,225862,2711141.62,78797739.847111,0
1615680000000,29.7506,30.2,28.5108,28.5469,3148221.83,1615766399999,92035323.393899,127720,1453936.13,42499138.745205,0
1615766400000,28.531,29.4217,26.8,27.5091,5267823.29,1615852799999,146211161.745217,189541,2529782.11,70225359.600991,0
1615852800000,27.5006,28.1883,26.3975,27.9099,3775086.95,1615939199999,103719656.374653,155028,1859909.85,51106177.008042,0
1615939200000,27.91,31.2,27.3027,31.0579,8170703.32,1616025599999,242286489.388598,442460,4201295.85,124576262.526892,0
1616025600000,31.0579,31.3588,29.0,29.3949,4993129.5,1616111999999,149811858.606948,443840,2349546.85,70509954.64417,0
1616112000000,29.3929,30.551,28.6802,29.777,3576087.99,1616198399999,106995221.745171,197038,1770144.29,52987142.630052,0
1616198400000,29.7866,31.4325,29.5701,29.6465,3370847.33,1616284799999,103288551.131955,200702,1662386.1,50959216.074677,0
1616284800000,29.6564,30.08,28.5817,29.2097,2589005.21,1616371199999,75950277.119193,161992,1247388.95,36579679.939318,0
1616371200000,29.2117,29.4444,27.1362,27.2431,3569707.65,1616457599999,101952820.239153,162430,1737788.47,49624056.801398,0
1616457600000,27.2551,27.9351,26.6283,26.7813,3697991.34,1616543999999,100854061.547892,149578,1800536.76,49103040.738708,0
1616544000000,26.7831,27.8814,23.61,24.8684,5130184.12,1616630399999,134144662.883672,237871,2427367.79,63421355.968076,0
1616630400000,24.8679,26.6401,24.3665,25.535,5165569.26,1616716799999,131267808.362475,219974,2562997.47,65133370.3578,0
1616716800000,25.53,27.4,25.3591,27.3927,4214750.51,1616803199999,110639639.877689,191743,2267641.85,59430587.150104,0
1616803200000,27.3988,27.4982,26.003,26.8766,2033830.6,1616889599999,54444866.171443,101981,1016504.64,27219431.596564,0
1616889600000,26.8765,27.6624,26.0889,26.6588,2209824.35,1616975999999,59540478.333827,114293,1030372.61,27777696.892547,0
1616976000000,26.6576,28.6203,26.3886,28.0357,3631401.63,1617062399999,100828209.959639,161812,1683528.07,46690231.69697,0
1617062400000,28.0356,28.5735,27.446,27.8301,2522498.95,1617148799999,70951865.805178,130536,1185213.42,33333300.998545,0
1617148800000,27.83,29.4401,26.18,29.4167,4354539.16,1617235199999,120899948.307188,198875,2069923.76,57573026.294522,0
1617235200000,29.4168,31.125,29.3143,30.0684,5441691.37,1617321599999,163918974.46391,262579,2856377.95,86028899.636862,0
1617321600000,30.0808,32.5555,29.361,32.4864,4541298.12,1617407999999,140319884.091602,252576,2191282.93,67773150.769079,0
1617408000000,32.4867,33.1707,29.1256,29.293,5352533.08,1617494399999,168809622.793117,299926,2606072.0,82279580.177715,0
1617494400000,29.293,31.4643,28.6801,30.7471,3036730.2,1617580799999,92244085.273381,180490,1504011.11,45715010.343675,0
1617580800000,30.7473,32.6399,29.6179,32.3791,5116263.33,1617667199999,159550598.481593,265933,2457313.69,76638358.523658,0
1617667200000,32.3791,34.9,31.3074,34.725,8893492.94,1617753599999,294619829.342981,437637,4582635.32,151711743.82235,0
1617753600000,34.7295,35.12,30.2286,31.109,7354475.72,1617839999999,238994490.26708,364739,3467812.48,113060027.872876,0
1617840000000,31.1008,32.8999,30.9466,32.7884,3548631.28,1617926399999,113821093.938442,172891,1761035.28,56499391.815867,0
1617926400000,32.787,33.2876,31.2348,31.5893,3146093.79,1618012799999,101198020.859738,158699,1453604.32,46775878.375994,0
1618012800000,31.5961,33.0,31.0,31.8944,3548018.58,1618099199999,114002353.797651,194774,1740687.18,55952148.754444,0
1618099200000,31.898,34.4397,31.7283,33.8811,4950189.88,1618185599999,164132318.892838,260724,2442410.53,80965901.103663,0
1618185600000,33.8811,34.1468,31.8601,33.108,4114028.73,1618271999999,135740510.080708,213799,1894529.67,62548637.718485,0
1618272000000,33.1023,35.8645,32.3842,35.5217,6101006.72,1618358399999,209119134.357158,317506,3081570.15,105707133.161912,0
1618358400000,35.5416,41.9901,35.0,41.3641,14042147.72,1618444799999,529881704.40130097,743697,7033942.01,265661706.70813,0
1618444800000,41.3371,44.33,39.6638,42.5601,12590877.74,1618531199999,528586963.21279293,682685,6211161.69,260935168.61446,0
1618531200000,42.5654,43.2902,38.5273,41.9861,9660045.35,1618617599999,396960532.153648,562236,4663503.68,191785000.68725,0
1618617600000,41.9797,44.1116,39.8304,39.9137,6767640.23,1618703999999,285166359.494866,463807,3407443.26,143711312.568648,0
1618704000000,39.9135,40.3436,28.8,39.0799,16201648.58,1618790399999,582629851.498307,837995,8077711.54,290587906.556721,0
1618790400000,39.0858,41.99,34.8144,35.7359,13081158.33,1618876799999,501387565.85788304,689586,6297571.2,241614073.088695,0
1618876800000,35.7504,39.3901,33.1933,38.9954,12155649.58,1618963199999,444597297.456849,646110,5978308.28,218868992.617767,0
1618963200000,38.9983,39.4872,35.8933,36.2274,7984885.79,1619049599999,300536189.265606,456361,3893402.45,146619059.396723,0
1619049600000,36.2364,40.82,33.7859,35.1306,14019133.9,1619135999999,525902201.5961,792723,6975882.96,261823526.241369,0
1619136000000,35.1256,35.9643,30.02,35.2121,15422132.24,1619222399999,506298101.483447,726112,7653737.81,251283904.686201,0
1619222400000,35.2121,35.3033,31.0,31.2443,6655452.01,1619308799999,217943013.101465,352265,3264587.52,106861046.538301,0
1619308800000,31.237,33.432,29.801,31.692,4590476.743,1619395199999,145623471.9601612,311561,2161603.711,68567995.4359392,0
1619395200000,31.69,35.275,31.363,35.13,6660309.239,1619481599999,227581850.891747,483488,3297937.105,112682479.568154,0
1619481600000,35.112,37.665,34.483,36.788,5463142.477,1619567999999,197766128.622712,385721,2723919.844,98618053.198913,0
1619568000000,36.786,37.808,34.901,36.233,5219076.553,1619654399999,188502398.651488,329196,2540350.959,91806349.010502,0
1619654400000,36.253,37.45,35.0,36.467,5148499.846,1619740799999,185805140.864879,306737,2516830.222,90826279.347029,0
1619740800000,36.465,38.79,35.827,38.1,5295313.708,1619827199999,199687110.530773,327834,2721742.567,102604833.444566,0
1619827200000,38.101,41.27,37.428,41.257,5227786.221,1619913599999,205646715.546808,388094,2679012.291,105462880.94085,0
1619913600000,41.249,41.46,38.69,39.461,5208051.325,1619999999999,207340045.270796,500404,2601449.559,103533376.849937,0
1620000000000,39.461,42.728,39.166,42.052,6029697.571,1620086399999,247350302.019397,374918,2925012.108,120109731.445207,0
1620086400000,42.06,48.54,38.634,45.527,19637684.71,1620172799999,863252537.6632614,1060625,9906975.876,435866154.0698265,0
1620172800000,45.508,51.2,44.865,49.575,16873790.901,1620259199999,821248409.7581129,906900,8630438.962,420409829.64928895,0
1620259200000,49.576,49.9,45.343,47.154,9895004.189,1620345599999,470680577.330889,619201,4870549.974,231778079.987266,0
1620345600000,47.148,51.969,45.666,49.129,10599319.111,1620431999999,516351633.188068,699562,5230950.232,254948549.338456,0
1620432000000,49.134,50.265,46.5,48.597,5902382.664,1620518399999,284891150.261694,367579,2926240.385,141300304.960797,0
1620518400000,48.607,52.426,45.83,52.269,8601375.485,1620604799999,426793073.532266,593158,4360128.017,216542938.069762,0
1620604800000,52.277,53.0,40.7,46.334,11459163.62,1620691199999,558406008.399448,693325,5599287.213,273122192.306383,0
1620691200000,46.326,49.0,44.576,48.826,7532480.798,1620777599999,350323815.039442,462584,3844965.917,178908768.353798,0
1620777600000,48.805,49.836,40.914,41.622,8304570.51,1620863999999,385143024.00314707,516634,3959567.451,183929133.929596,0
1620864000000,41.541,44.958,39.227,43.287,10978718.589,1620950399999,465894176.27535903,645959,5526840.357,234706162.288583,0
1620950400000,43.273,47.875,42.935,46.567,6310269.001,1621036799999,286892711.13827,424973,3169659.547,144072600.799923,0
1621036800000,46.558,47.8,40.975,41.492,9858340.364,1621123199999,432508792.292812,536423,5040092.48,221100682.587093,0
1621123200000,41.512,44.901,37.944,40.67,9820375.699,1621209599999,405459703.416693,510225,4938023.312,204193640.985456,0
1621209600000,40.662,40.674,35.068,37.177,10672040.785,1621295999999,402004417.07057106,580067,5096515.517,192144587.132954,0
1621296000000,37.176,44.69,36.655,42.566,11237931.791,1621382399999,458446915.797016,631071,5548940.089,226477931.277329,0
1621382400000,42.555,43.5,21.0,26.227,30087569.964,1621468799999,955151359.6236064,1279703,14575915.212,464850294.88214725,0
1621468800000,26.227,33.05,22.35,30.606,20474453.97,1621555199999,581361616.798996,865075,10123875.994,288529257.364376,0
1621555200000,30.633,31.945,22.019,25.546,16394437.613,1621641599999,441531414.63277,646448,8013638.339,216039850.602997,0
1621641600000,25.548,26.2,22.225,23.296,13176375.348,1621727999999,318178020.601505,518577,6604705.433,159520679.604061,0
1621728000000,23.293,24.368,15.0,19.844,28838486.247,1621814399999,544418294.525986,832395,13989209.326,264442159.279868,0
1621814400000,19.849,26.431,19.677,26.412,18781247.484,1621900799999,438969277.53074,678040,9497478.9,222254373.679499,0
1621900800000,26.4,27.644,23.673,27.503,13594283.818,1621987199999,349644756.552859,559982,6782389.719,174560942.031306,0
1621987200000,27.505,34.285,26.847,34.018,15626091.013,1622073599999,480343382.033353,696771,7773469.7,238786915.680437,0
1622073600000,34.03,35.334,30.033,31.732,14928881.511,1622159999999,489547108.00429,667926,7188682.254,235793643.285814,0
1622160000000,31.723,32.185,26.821,27.878,18329155.015,1622246399999,534795267.558348,665257,9065427.617,264633949.000092,0
1622246400000,27.872,29.734,24.12,25.365,11852877.566,1622332799999,315256380.511648,474085,5830565.701,155168150.741759,0
1622332800000,25.377,29.168,23.7,26.818,11581989.136,1622419199999,312950968.243365,434892,5773441.0,156138878.400918,0
1622419200000,26.813,32.159,25.555,32.098,11530173.536,1622505599999,331718286.962684,501938,5764110.033,165865767.378065,0
1622505600000,32.098,32.65,29.035,30.719,8541347.958,1622591999999,259984727.939724,394645,4314474.769,131436821.34529,0
1622592000000,30.729,32.218,29.669,30.67,6690371.855,1622678399999,206237098.253458,316247,3472466.7,107021806.920442,0
1622678400000,30.669,32.856,30.0,32.198,7153659.069,1622764799999,227488589.358243,339784,3561103.437,113254800.141429,0
1622764800000,32.199,32.267,27.172,28.826,11814359.672,1622851199999,342066389.421376,523658,5722544.117,165727780.362682,0
1622851200000,28.829,30.186,26.044,27.129,8061770.985,1622937599999,225679386.339502,381344,3896845.048,109272577.568757,0
1622937600000,27.127,28.19,26.818,27.532,4103120.692,1623023999999,112444104.352036,191545,2076911.236,56921329.28795,0
1623024000000,27.53,28.693,24.234,24.584,7596956.78,1623110399999,203643550.99746,343401,3744982.945,100377663.49818,0
1623110400000,24.574,25.098,21.334,24.076,12541377.995,1623196799999,295574436.161603,546750,6106750.592,143921262.099059,0
1623196800000,24.079,25.626,22.441,25.585,10774426.546,1623283199999,260291692.384243,456514,5336623.038,128891227.57437,0
1623283200000,25.589,25.78,22.721,23.114,8528580.189,1623369599999,205165324.424408,365477,4104188.646,98790022.138743,0
1623369600000,23.117,23.374,21.0,21.478,7708441.111,1623455999999,173010156.641202,336301,3695151.264,82956884.002166,0
1623456000000,21.475,22.287,20.0,21.67,8866594.23,1623542399999,187229450.897955,356118,4310960.004,90953966.25474,0
1623542400000,21.671,23.886,20.396,23.312,8518777.758,1623628799999,185046191.056721,402754,4233865.851,92080595.811879,0
1623628800000,23.314,25.28,22.837,24.973,8601439.911,1623715199999,205700381.909721,341100,4441100.634,106219868.799945,0
1623715200000,24.967,26.458,24.376,24.482,7591140.11,1623801599999,193319127.421206,452662,3627922.898,92454712.513593,0
1623801600000,24.48,24.64,22.918,23.044,7504910.032,1623887999999,178533107.224234,422803,3429850.84,81631925.850095,0
1623888000000,23.042,24.445,22.81,23.396,5252377.095,1623974399999,124169528.162337,256802,2488306.888,58809858.906822,0
1623974400000,23.401,23.425,20.526,21.233,6991986.015,1624060799999,152509020.466292,314756,3126434.471,68191014.293838,0
1624060800000,21.236,21.95,20.0,20.246,5051884.872,1624147199999,106637463.105757,217941,2347908.689,49608138.292399,0
1624147200000,20.263,22.071,19.077,21.646,6747456.736,1624233599999,137732898.205387,247105,3342318.754,68277048.656848,0
1624233600000,21.641,21.881,16.981,17.365,16334287.906,1624319999999,308466419.020081,595178,7973212.424,150524918.615986,0
1624320000000,17.357,18.797,15.0,16.85,19816152.567,1624406399999,331778322.879534,523934,9534361.901,159813114.912027,0
1624406400000,16.84,19.199,16.149,18.395,10955575.372,1624492799999,198558592.683205,304718,5395976.031,97808593.087191,0
1624492800000,18.393,19.525,17.352,19.06,6913929.289,1624579199999,128546084.063027,209540,3335028.978,62048773.935639,0
1624579200000,19.06,19.5,16.813,16.87,10064722.521,1624665599999,180427350.819284,295401,4886240.64,87618655.48483,0
1624665600000,16.872,17.495,15.92,16.952,8397555.9,1624751999999,139573102.416934,262727,4079668.605,67855033.637023,0
1624752000000,16.951,18.412,16.591,18.406,6672229.029,1624838399999,114536575.969322,189665,3295914.525,56617656.016626,0
1624838400000,18.407,19.434,17.902,18.83,7730969.378,1624924799999,143388019.449989,317683,3921876.144,72740099.617917,0
1624924800000,18.83,20.546,18.752,19.535,7920272.502,1625011199999,156696688.26957,355754,3883271.946,76824573.352917,0
1625011200000,19.531,19.776,18.149,19.516,7407061.566,1625097599999,140455540.498243,240504,3559469.532,67533647.333025,0
1625097600000,19.517,19.533,17.603,18.186,6081147.359,1625183999999,110692885.333255,178728,2876410.074,52364717.399365,0
1625184000000,18.184,18.523,17.256,18.274,5454370.72,1625270399999,96812536.24166,240706,2625218.463,46609155.539191,0
1625270400000,18.277,18.894,17.864,18.543,3457947.186,1625356799999,63881017.228346,119720,1624667.378,30007261.291652,0
1625356800000,18.543,19.925,18.002,19.242,4719545.203,1625443199999,89744606.463504,167849,2291688.599,43651955.619651,0
1625443200000,19.238,19.242,17.767,18.362,5293286.65,1625529599999,97808426.100181,168930,2530645.512,46782291.902625,0
1625529600000,18.364,20.271,18.317,20.073,8365971.342,1625615999999,163897700.319879,385255,4152096.053,81341329.413428,0
1625616000000,20.073,21.274,19.62,19.788,7382310.549,1625702399999,151741420.254102,417520,3600615.215,74026481.042446,0
1625702400000,19.786,19.873,18.138,18.353,7810651.198,1625788799999,147286139.11518,235428,3697437.979,69731808.644296,0
1625788800000,18.365,18.877,17.617,18.656,5274715.584,1625875199999,96078729.731306,174659,2540075.884,46267529.297104,0
1625875200000,18.656,18.988,17.734,18.204,4080693.184,1625961599999,74281041.51352,133345,1876943.999,34194806.27086,0
1625961600000,18.209,18.581,17.861,18.383,2750998.477,1626047999999,50175468.813285,88471,1373392.879,25051082.82351,0
1626048000000,18.382,18.609,17.0,17.518,3787713.432,1626134399999,67478473.010961,119657,1724615.131,30749316.319183,0
1626134400000,17.514,17.766,16.663,16.87,3654707.118,1626220799999,63065527.862072,149905,1735949.954,29978125.363593,0
1626220800000,16.873,17.419,16.014,16.936,5451319.438,1626307199999,91077161.197475,194479,2464500.187,41160200.16938,0
1626307200000,16.936,17.238,15.517,15.764,6244804.485,1626393599999,100749032.952886,199920,2860579.102,46162723.906482,0
1626393600000,15.764,16.33,15.125,15.234,5213696.453,1626479999999,81425975.08708,146693,2475425.87,38673601.302456,0
1626480000000,15.234,15.678,15.02,15.352,5177561.722,1626566399999,79367648.641436,133572,2488128.107,38162216.291902,0
1626566400000,15.352,16.078,15.155,15.47,3946695.121,1626652799999,61782528.397115,105675,2027425.277,31746051.338274,0
1626652800000,15.475,15.641,14.404,14.528,5829694.304,1626739199999,86687221.757585,143292,2703249.631,40221466.382675,0
1626739200000,14.529,14.783,13.384,13.742,7700512.325,1626825599999,106144415.473661,199253,3570220.206,49217593.108618,0
1626825600000,13.744,15.797,13.46,15.297,8493449.369,1626911999999,125644680.883429,227351,4116543.865,60855082.951156,0
1626912000000,15.3,16.176,14.961,16.071,5864766.171,1626998399999,90861872.183538,175184,2879007.442,44587793.207644,0
1626998400000,16.073,16.572,15.23,16.502,5208073.46,1627084799999,82912521.788886,185032,2501698.819,39870840.367374,0
1627084800000,16.507,17.132,16.307,16.683,5410931.847,1627171199999,90598549.748561,201472,2637869.392,44180977.978557,0
1627171200000,16.687,17.062,16.156,16.746,4708980.418,1627257599999,77949003.95935,142306,2303678.733,38133546.844931,0
1627257600000,16.745,19.958,16.662,18.028,14210837.673,1627343999999,266013577.596689,459412,7064624.052,132256151.226649,0
1627344000000,18.03,19.58,17.602,19.489,8327513.617,1627430399999,155100408.386629,322858,4082670.297,76033979.640906,0
1627430400000,19.483,19.987,18.611,19.109,7596790.315,1627516799999,146917435.66299,420535,3745799.729,72453812.434355,0
1627516800000,19.106,19.472,18.608,19.37,4161840.776,1627603199999,78822273.253904,208511,2011855.486,38106468.54511,0
1627603200000,19.372,22.666,18.823,22.269,12896563.782,1627689599999,268533799.715331,529952,6096218.224,126820470.587271,0
1627689600000,22.269,23.375,21.266,22.713,7637055.914,1627775999999,168549900.215942,613811,3780086.682,83444359.959044,0
1627776000000,22.722,23.94,21.789,22.062,8728644.337,1627862399999,201172448.424459,503408,4176035.184,96254909.423785,0
1627862400000,22.065,23.975,21.401,23.472,7225124.74,1627948799999,165193520.862074,426591,3544217.204,81044712.26865,0
1627948800000,23.474,24.431,22.039,23.942,9465472.392,1628035199999,220346161.674371,743114,4724887.792,109998225.428872,0
1628035200000,23.942,25.0,22.869,24.193,8225660.808,1628121599999,196908547.172268,572198,4262990.697,102073833.373479,0
1628121600000,24.188,24.335,22.468,24.057,7144781.467,1628207999999,168718502.093171,397817,3554513.92,83951151.429551,0
1628208000000,24.051,24.391,22.996,23.89,7433704.425,1628294399999,175331359.863921,299696,4004309.463,94351267.678966,0
1628294400000,23.889,25.157,23.626,24.694,6218217.158,1628380799999,151438825.098517,319613,3119187.206,76006552.168517,0
1628380800000,24.688,24.946,22.565,23.029,5179399.165,1628467199999,123871284.081399,260258,2617709.369,62553419.903343,0
1628467200000,23.026,24.691,22.072,24.197,5994876.946,1628553599999,140917845.704159,280978,2909275.961,68433651.039237,0
1628553600000,24.198,25.518,23.736,24.537,6592102.333,1628639999999,161685184.321108,337730,3547624.635,87096462.830384,0
1628640000000,24.536,27.313,24.459,25.906,7843592.877,1628726399999,203922175.381076,428394,3804768.572,98800897.892062,0
1628726400000,25.902,26.902,24.085,24.944,6385288.818,1628812799999,161099505.1582,292673,3050148.524,77048595.498336,0
1628812800000,24.941,27.771,24.715,27.748,4895829.581,1628899199999,129526890.472951,276890,2513882.357,66515517.833653,0
1628899200000,27.748,27.955,26.371,27.144,5869978.184,1628985599999,159572397.88547,292600,2803138.704,76268330.675616,0
1628985600000,27.139,27.983,25.901,27.901,4492523.836,1629071999999,120758382.482116,253919,2223427.916,59791264.577321,0
1629072000000,27.901,30.51,27.638,27.944,9364186.799,1629158399999,272278412.021482,535669,4523358.593,131608172.256282,0
1629158400000,27.95,30.299,25.881,26.146,9870163.634,1629244799999,278293062.35701,511820,4655919.557,131383938.695036,0
1629244800000,26.145,26.922,24.847,25.341,8437887.642,1629331199999,218987283.912359,373998,4088129.143,106089127.271457,0
1629331200000,25.341,27.132,24.479,27.096,7978787.57,1629417599999,205111314.43783,363593,3891661.469,99996864.273004,0
1629417600000,27.101,29.048,26.647,28.678,6765096.705,1629503999999,188171433.776857,359643,3250735.182,90431473.813246,0
1629504000000,28.681,29.156,27.648,27.844,5165729.464,1629590399999,147280224.130137,297222,2481320.174,70755934.469765,0
1629590400000,27.85,28.663,26.785,27.982,4266944.356,1629676799999,118510108.269127,226106,2113401.561,58701194.083301,0
1629676800000,27.981,29.3,27.78,28.552,6106352.511,1629763199999,175067867.43627,316711,2996727.943,85924416.32362,0
1629763200000,28.556,28.923,25.712,25.728,6394087.605,1629849599999,174291548.746339,314121,3038821.272,82764840.041542,0
1629849600000,25.728,26.879,25.279,26.612,5810278.155,1629935999999,152307753.162034,273837,2830370.415,74220477.773378,0
1629936000000,26.612,26.94,23.88,24.39,5809610.757,1630022399999,145782918.645656,225506,2740387.874,68801431.998967,0
1630022400000,24.38,26.14,24.0,26.04,5116792.068,1630108799999,128684391.282661,191597,2512611.995,63198293.157741,0
1630108800000,26.05,26.2,25.36,25.73,2939678.44,1630195199999,75721358.115834,101553,1372977.56,35375975.418434,0
1630195200000,25.74,26.57,25.14,25.76,3384982.599,1630281599999,87162661.728826,135545,1733192.096,44638492.857246,0
1630281600000,25.77,26.49,24.3,25.04,4514605.77,1630367999999,114577875.3275,187101,2191015.48,55627784.4484,0
1630368000000,25.03,27.537,24.69,26.7,7673601.309,1630454399999,202343311.592602,365583,3672315.843,96847551.401712,0
1630454400000,26.7,29.81,26.09,29.72,8266693.87,1630540799999,233967142.722385,487744,4106098.128,116253976.031133,0
1630540800000,29.72,30.88,28.75,29.95,7084187.065,1630627199999,211324527.158422,397326,3376213.514,100705566.694512,0
1630627200000,29.95,31.75,29.05,30.75,6866886.796,1630713599999,210704046.340617,400875,3285443.925,100825986.368357,0
1630713600000,30.75,31.17,29.39,29.88,4242332.29,1630799999999,128774927.119,204589,2042060.51,62041058.2803,0
1630800000000,29.89,33.61,29.54,33.55,5891988.187,1630886399999,186565201.480855,496734,3066086.027,97126562.371895,0
1630886400000,33.54,36.33,32.44,34.81,10355273.267,1630972799999,359725411.704594,755606,5134247.005,178353174.161974,0
1630972800000,34.8,35.34,23.79,28.26,22716428.307,1631059199999,675535326.609229,903257,10743807.31,319760511.89972,0
1631059200000,28.25,29.19,25.18,27.16,13670715.16,1631145599999,371272295.0182,463192,6750249.85,183476891.4713,0
1631145600000,27.17,30.18,26.46,28.01,10379368.4,1631231999999,292636702.9322,423441,5183557.69,146261785.4393,0
1631232000000,28.01,29.56,25.62,26.39,9834554.01,1631318399999,269253580.2753,387017,4734252.07,129772525.2638,0
1631318400000,26.39,27.71,26.25,26.99,4993779.99,1631404799999,134903434.7141,200823,2495605.92,67436345.5521,0
1631404800000,27.0,29.77,26.36,29.42,6990717.38,1631491199999,198717011.401,342367,3492996.09,99271060.2625,0
1631491200000,29.42,29.95,25.17,26.96,13538132.86,1631577599999,363906756.6709,521640,6869346.47,184567369.3457,0
1631577600000,26.96,30.85,26.73,30.8,10233565.39,1631663999999,290787002.4649,462359,5143448.07,146177867.8938,0
1631664000000,30.78,31.46,29.57,30.67,9772286.29,1631750399999,298930029.6147,438401,4686330.22,143390994.8179,0
1631750400000,30.68,32.11,29.04,29.8,9659752.1,1631836799999,297027429.0797,432446,4599091.52,141581354.2221,0
1631836800000,29.81,30.12,27.38,27.72,7110390.59,1631923199999,204569127.0901,298035,3357400.04,96683071.4883,0
1631923200000,27.73,29.46,27.39,28.39,4567816.67,1632009599999,130401775.4333,193332,2229405.02,63656418.2228,0
1632009600000,28.39,28.8,26.93,27.36,3892742.39,1632095999999,108695425.7988,168114,1874876.01,52389799.3792,0
1632096000000,27.37,27.43,23.0,23.57,12265514.894,1632182399999,303481204.646239,480303,5743160.796,142177031.06118,0
1632182400000,23.57,24.39,20.82,21.42,11263574.24,1632268799999,257038365.289715,415915,5284776.316,120836380.012726,0
1632268800000,21.42,24.5,21.03,24.45,7772096.46,1632355199999,179127417.377,288495,3867505.45,89140799.6189,0
1632355200000,24.45,25.48,23.39,25.41,6813474.989,1632441599999,166632655.2143,261871,3251684.129,79552561.1109,0
1632441600000,25.42,25.5,21.35,23.26,10530560.3,1632527999999,243229989.794,396623,5124619.86,118288912.2207,0
1632528000000,23.26,24.7,22.03,24.51,6978838.89,1632614399999,162372503.9971,291197,3539753.94,82420361.7426,0
1632614400000,24.5,25.38,22.36,24.6,11996414.44,1632700799999,289614171.502,448575,5992699.39,144771326.3041,0
1632700800000,24.59,25.47,22.96,23.01,5674010.84,1632787199999,137166091.797,226706,2628773.12,63603574.5974,0
1632787200000,23.02,23.75,22.0,22.1,6277178.15,1632873599999,144327578.9825,214044,2979818.64,68562374.7216,0
1632873600000,22.09,23.93,22.01,22.85,5352492.64,1632959999999,123228384.4463,188839,2623296.93,60383090.9311,0
1632960000000,22.85,24.4,22.72,24.0,5584599.18,1633046399999,132908673.1182,198656,2673622.61,63642126.3535,0
1633046400000,24.0,26.7,23.59,26.31,7425309.08,1633132799999,188696923.2822,358254,3527639.47,89648112.9687,0
1633132800000,26.32,27.81,25.82,26.89,5235579.85,1633219199999,139984158.8072,301699,2473802.66,66160643.6743,0
1633219200000,26.88,28.16,26.5,27.57,4506819.77,1633305599999,122973585.8386,261111,2287893.43,62441259.3335,0
1633305600000,27.56,27.67,25.59,26.6,5539695.96,1633391999999,147184107.0616,251770,2576881.62,68462790.2604,0
1633392000000,26.62,27.49,26.19,27.23,5119998.39,1633478399999,137177146.17,229974,2387216.93,63985773.1859,0
1633478400000,27.23,28.19,25.2,26.8,6976264.13,1633564799999,187167451.6521,388601,3280879.95,88007133.6994,0
1633564800000,26.8,27.71,25.9,26.83,6025827.07,1633651199999,161995988.3842,294437,2846627.28,76528616.2546,0
1633651200000,26.84,27.46,26.12,26.39,4972738.23,1633737599999,133594013.9075,205086,2348860.25,63123538.1721,0
1633737600000,26.4,27.89,26.05,27.45,4731175.38,1633823999999,127639892.4566,215477,2420925.02,65381647.524,0
1633824000000,27.45,27.49,25.44,25.56,3914402.57,1633910399999,104540172.856,172735,1806377.07,48268161.8015,0
1633910400000,25.55,26.76,24.63,25.22,4293243.83,1633996799999,110756408.8246,186286,2052720.23,52974086.104,0
1633996800000,25.22,25.27,23.53,24.65,5370932.72,1634083199999,130953565.7681,224010,2612991.7,63711695.2414,0
1634083200000,24.63,25.67,24.16,25.66,6207286.13,1634169599999,153577716.8722,244454,3118873.52,77159183.2404,0
1634169600000,25.67,27.88,25.38,26.72,7753968.37,1634255999999,208382842.835,426425,3871922.98,104075800.3021,0
1634256000000,26.71,27.38,26.01,27.01,7635027.67,1634342399999,203600573.6458,269001,3679811.46,98158400.0622,0
1634342400000,27.01,28.7,26.92,27.23,6223161.96,1634428799999,172819229.2902,395643,3093820.15,85986493.7277,0
1634428800000,27.22,27.63,25.58,26.54,4590060.14,1634515199999,123093321.2514,183440,2200675.57,59029187.0485,0
1634515200000,26.54,26.74,25.26,25.71,4419668.63,1634601599999,114680943.6922,194528,2037907.84,52870812.3109,0
1634601600000,25.71,26.29,25.36,25.91,3568771.92,1634687999999,92082312.6447,140692,1714124.85,44248745.4085,0
1634688000000,25.9,27.66,25.85,27.49,4477050.21,1634774399999,119651352.5267,235500,2171392.13,58070200.3604,0
1634774400000,27.48,29.34,27.19,28.26,9719211.48,1634860799999,275264013.8636,649128,4781415.79,135494271.4615,0
1634860800000,28.27,30.04,28.02,28.67,7699280.53,1634947199999,223941941.7964,494582,3792028.59,110346857.297,0
1634947200000,28.68,31.46,28.3,31.36,8142359.19,1635033599999,246544672.1703,625762,4195229.71,127049013.8599,0
1635033600000,31.37,31.53,28.72,29.7,5743439.15,1635119999999,172220456.0015,357004,2707744.52,81161304.194,0
1635120000000,29.71,32.9,29.53,32.38,7440428.58,1635206399999,235678353.1584,642388,3794496.73,120228859.1845,0
1635206400000,32.38,33.82,31.31,32.52,6553789.22,1635292799999,212122010.7046,530852,3264019.05,105651384.5596,0
1635292800000,32.52,33.91,27.91,28.88,12021487.77,1635379199999,365825738.4038,744633,5756319.17,175294181.1425,0
1635379200000,28.89,30.85,28.61,30.19,7186569.57,1635465599999,215922508.7382,406644,3628250.71,109015909.3335,0
1635465600000,30.19,31.96,29.94,30.96,5402654.58,1635551999999,168280705.9125,360105,2706462.62,84308489.6766,0
1635552000000,30.96,31.12,29.16,29.79,3768896.65,1635638399999,113508318.1549,194281,1818516.38,54768561.7402,0
1635638400000,29.78,30.68,28.65,30.0,4380461.27,1635724799999,129916693.0723,234022,2210538.1,65574417.6843,0
1635724800000,30.0,31.87,29.14,31.66,4961708.55,1635811199999,152394280.3435,363221,2515130.96,77243674.1746,0
1635811200000,31.67,32.48,31.0,32.26,4634421.26,1635897599999,147808570.1859,282155,2194619.94,70001040.6444,0
1635897600000,32.27,32.78,30.54,31.96,4908993.56,1635983999999,155722212.5987,375911,2319757.96,73654353.6492,0
1635984000000,31.97,32.11,30.2,31.0,3782722.68,1636070399999,117107390.041,255325,1775138.33,54972810.3808,0
1636070400000,30.99,33.71,30.66,32.86,6695588.25,1636156799999,218324159.8591,629864,3385745.22,110398192.9047,0
1636156800000,32.86,33.2,30.72,32.05,4479318.72,1636243199999,142478643.2637,315075,2015867.18,64106718.4537,0
1636243200000,32.05,32.59,31.71,32.34,2854681.46,1636329599999,91900787.4229,163040,1377046.45,44339256.9024,0
1636329600000,32.34,34.82,32.18,34.46,6265144.9,1636415999999,211438857.9524,715149,3100787.4,104654721.4053,0
1636416000000,34.46,35.62,33.38,33.82,5454354.68,1636502399999,188246325.3437,557791,2648320.99,91506144.0258,0
1636502400000,33.82,38.31,31.9,34.21,13584912.625,1636588799999,484542930.644952,1368833,6781487.255,242224970.182462,0
1636588800000,34.21,36.95,33.34,34.69,7608988.9,1636675199999,268520710.2074,611974,3772025.26,133093155.4263,0
1636675200000,34.68,35.46,32.67,34.26,5997062.19,1636761599999,203926058.5896,471402,2918508.45,99296061.1354,0
1636761600000,34.26,34.58,33.19,34.0,3374260.7,1636847999999,114282890.856,195578,1628805.62,55161145.2924,0
1636848000000,34.0,34.43,32.53,33.75,2898724.84,1636934399999,97034110.7755,195747,1381659.75,46264297.6371,0
1636934400000,33.75,34.5,31.98,32.04,4212705.79,1637020799999,140614159.6195,292447,2001337.73,66871212.5071,0
1637020800000,32.05,32.06,28.0,29.16,10287002.12,1637107199999,307891678.6864,586312,5018778.09,150224551.3831,0
1637107200000,29.16,29.74,28.03,29.18,5076689.07,1637193599999,146908040.9354,270697,2501919.19,72406153.449,0
1637193600000,29.19,29.72,25.82,26.55,7061894.53,1637279999999,195432231.2096,337336,3328282.62,92215247.0277,0
1637280000000,26.55,28.85,26.08,28.27,5005660.19,1637366399999,138754406.8755,235339,2523640.89,69963835.2364,0
1637366400000,28.27,28.72,27.26,28.36,4535914.25,1637452799999,127393978.7966,184246,2245589.18,63056373.4635,0
1637452800000,28.37,29.26,27.69,28.98,3837676.91,1637539199999,108852048.0423,187839,1933740.85,54869320.5129,0
1637539200000,29.0,29.09,26.31,26.77,4773826.99,1637625599999,130553615.0629,226323,2301489.82,62934722.8241,0
1637625600000,26.77,27.57,26.17,26.94,4650554.32,1637711999999,125099886.437,210498,2272385.41,61122295.8727,0
1637712000000,26.94,27.15,25.15,25.58,4968971.25,1637798399999,129261942.4865,211476,2370067.1,61658256.5792,0
1637798400000,25.58,27.61,25.37,26.41,5650379.16,1637884799999,150830095.8527,260578,2752794.19,73515304.4621,0
1637884800000,26.41,26.59,22.9,23.96,10693190.38,1637971199999,260363332.6457,402431,5306565.41,129221940.7746,0
1637971200000,23.96,24.99,23.78,24.1,3976318.59,1638057599999,97166554.054,156504,1971983.65,48213060.1597,0
1638057600000,24.09,25.01,22.63,24.76,4563690.39,1638143999999,108229165.9946,190976,2242456.46,53237618.3798,0
1638144000000,24.76,25.61,24.54,24.99,4733398.72,1638230399999,118292090.3941,194904,2430006.1,60749424.8356,0
1638230400000,24.99,26.52,24.11,25.31,5806301.22,1638316799999,147809397.0321,299785,2795721.75,71179364.9615,0
1638316800000,25.31,26.9,24.96,25.32,4642138.01,1638403199999,120852707.4284,236473,2280568.42,59400213.3975,0
1638403200000,25.32,25.33,24.16,24.55,3910782.56,1638489599999,96880208.5884,161973,1843895.33,45679782.7896,0
1638489600000,24.54,25.85,22.44,23.31,5725480.6,1638575999999,139727086.7806,263647,2782300.4,67959995.6229,0
1638576000000,23.31,23.36,15.32,20.64,20782013.826,1638662399999,400552429.456512,632039,10203745.936,196712438.476084,0
1638662400000,20.65,20.93,18.46,19.48,7454749.61,1638748799999,146003619.8558,236610,3698761.09,72505796.9676,0
1638748800000,19.49,20.01,17.21,19.8,8513440.09,1638835199999,156835015.0453,266315,4291129.88,79009694.3802,0
1638835200000,19.79,21.18,19.7,21.09,7483015.81,1638921599999,152134118.4617,244033,3767924.5,76570257.087,0
1638921600000,21.08,23.2,20.75,22.91,11114837.71,1639007999999,245695427.8884,419208,5666714.73,125361877.8804,0
1639008000000,22.91,23.05,20.25,20.25,8209134.24,1639094399999,175227578.6201,280703,3964540.94,84621483.8113,0
1639094400000,20.25,20.88,18.46,18.56,7767639.78,1639180799999,153508749.6456,239282,3824691.95,75654449.2546,0
1639180800000,18.55,20.22,18.16,19.97,5569559.09,1639267199999,107528362.3066,176840,2864744.49,55333425.0292,0
1639267200000,19.97,20.8,19.2,20.41,3211538.08,1639353599999,63954847.3416,118615,1575317.24,31392201.0085,0
1639353600000,20.41,20.56,17.3,17.78,7022411.65,1639439999999,130400790.3866,229319,3345153.92,62079507.8896,0
1639440000000,17.78,18.61,17.44,18.44,5679303.2,1639526399999,102484139.1595,184555,2839470.58,51258535.6738,0
1639526400000,18.43,20.0,17.26,19.69,7026159.04,1639612799999,130271869.372,246720,3491192.66,64771715.6343,0
1639612800000,19.7,20.34,18.69,18.76,4943919.45,1639699199999,97031213.5986,173268,2358144.55,46330156.6407,0
1639699200000,18.77,19.23,17.74,18.25,5458704.38,1639785599999,101169381.4316,187681,2591423.55,48043517.5381,0
1639785600000,18.26,20.0,17.81,19.54,5362509.6,1639871999999,103094931.359,192501,2739208.21,52661244.9247,0
1639872000000,19.53,20.38,18.8,18.86,4918775.96,1639958399999,96439325.2557,180724,2406644.53,47188277.9664,0
1639958400000,18.86,19.2,18.04,18.78,5052339.6,1640044799999,93947844.0741,151536,2473870.68,46024940.9237,0
1640044800000,18.79,19.67,18.37,19.42,3667347.22,1640131199999,69855265.8686,122684,1840503.73,35051228.6303,0
1640131200000,19.41,20.83,19.2,19.93,5032493.39,1640217599999,101027782.2842,203139,2490132.95,49984520.2776,0
1640217600000,19.92,22.22,19.57,22.17,7579889.52,1640303999999,159293814.9153,344992,3829407.99,80526761.3253,0
1640304000000,22.18,22.66,21.2,21.48,5593044.19,1640390399999,123373338.9068,254805,2679502.83,59116855.3695,0
1640390400000,21.48,22.39,21.29,22.1,3223439.24,1640476799999,70245227.3653,122936,1593097.22,34718369.3818,0
1640476800000,22.11,23.58,21.12,22.98,6566168.47,1640563199999,147018868.6954,277931,3305962.58,74062315.6988,0
1640563200000,22.99,24.49,22.75,23.02,6523023.34,1640649599999,154284087.5188,285797,3148828.31,74520630.1149,0
1640649600000,23.02,23.02,20.32,20.37,9022968.5,1640735999999,196524428.5217,295625,4327176.23,94253177.71,0
1640736000000,20.38,20.97,19.53,19.74,6951841.9,1640822399999,141572982.9865,198829,3382697.22,68912827.9968,0
1640822400000,19.74,20.44,19.17,19.93,6009325.13,1640908799999,119027096.5511,149469,2945157.34,58299359.6535,0
1640908800000,19.94,20.63,19.04,19.51,5579016.19,1640995199999,111303815.013,154471,2705258.37,53964152.6014,0
1640995200000,19.52,20.79,19.5,20.76,3459474.38,1641081599999,69230918.4038,106234,1705544.53,34136092.9064,0
1641081600000,20.75,22.2,20.57,21.87,5108786.84,1641167999999,109522039.379,183268,2517166.58,53971926.8564,0
1641168000000,21.86,23.75,21.25,23.72,7982877.02,1641254399999,180419192.4853,375035,3804929.93,86031424.5685,0
1641254400000,23.72,24.49,22.71,23.42,10784755.22,1641340799999,255837161.1855,457881,5279901.69,125293303.1154,0
1641340800000,23.43,27.48,22.29,25.24,24289357.8,1641427199999,618136964.5705,1248128,12144355.64,309293353.2624,0
1641427200000,25.24,25.98,23.34,25.38,17086946.69,1641513599999,417934611.1043,678729,8539655.45,209001895.4696,0
1641513600000,25.39,27.33,22.65,25.98,22033325.64,1641599999999,551175663.0047,1076986,11002738.87,275520043.1294,0
1641600000000,25.98,27.33,23.51,25.32,15635153.07,1641686399999,399127842.1983,731327,7537664.99,192612270.2129,0
1641686400000,25.31,28.68,25.08,27.54,18630446.63,1641772799999,506801131.9938,945787,9469269.4,257635908.9131,0
1641772800000,27.54,28.51,25.07,27.98,18516507.58,1641859199999,500988361.4577,799653,9171532.32,248241265.1262,0
1641859200000,27.98,28.71,25.84,26.59,13498246.97,1641945599999,365234104.8324,593405,6745901.7,182430172.4803,0
1641945600000,26.6,27.25,25.61,26.75,10319762.43,1642031999999,273364207.6394,382680,5007717.34,132736156.2113,0
1642032000000,26.76,26.76,24.43,24.86,7890385.69,1642118399999,202251622.0303,302406,3738775.99,95878104.6262,0
1642118400000,24.86,25.89,23.91,25.72,6488595.95,1642204799999,160797497.4295,256847,3234928.46,80181547.6275,0
1642204800000,25.72,26.22,25.11,25.17,4141482.21,1642291199999,106235389.3842,197270,1954754.51,50141396.0681,0
1642291200000,25.17,26.34,24.65,25.5,4415951.38,1642377599999,113329790.2881,210237,2171063.07,55741182.5784,0
1642377600000,25.51,25.62,23.27,23.79,4471877.32,1642463999999,109015495.323,210698,2023293.5,49370095.1799,0
1642464000000,23.79,24.34,22.04,22.96,4910863.58,1642550399999,113153055.2759,205554,2320695.65,53480197.0257,0
1642550400000,22.96,23.15,21.22,21.55,5688676.47,1642636799999,125193459.9224,196499,2775511.96,61080702.17,0
1642636800000,21.54,22.98,20.04,20.17,5603272.17,1642723199999,121967570.9576,217345,2712593.48,59090867.4386,0
1642723200000,20.18,20.51,17.1,17.42,14621190.27,1642809599999,275442573.2219,462961,7049830.99,132768880.0672,0
1642809600000,17.41,17.82,14.24,15.85,18934134.953,1642895999999,299956002.600027,516129,9354467.97,148265099.0671,0
1642896000000,15.86,16.88,15.15,16.64,9533639.18,1642982399999,152413055.6084,255366,4784636.79,76540220.2224,0
1642982400000,16.63,16.65,13.48,15.58,14743580.999,1643068799999,216929048.321753,403806,7341946.0,108089958.9382,0
1643068800000,15.58,16.03,14.59,15.49,7694012.53,1643155199999,117703286.302,216178,3942856.28,60318710.6383,0
1643155200000,15.5,16.8,14.68,15.23,9794747.0,1643241599999,155159933.3695,298897,5021837.76,79642577.2493,0
1643241600000,15.23,15.71,14.29,15.22,8536301.47,1643327999999,127973205.9005,212818,4303304.16,64497739.7435,0
1643328000000,15.22,16.28,14.74,16.15,6246161.02,1643414399999,96104908.219,180736,3107156.87,47846578.4626,0
1643414400000,16.14,16.75,15.96,16.23,3920458.64,1643500799999,64038684.7702,134889,1922559.88,31418630.957,0
1643500800000,16.23,18.1,16.01,17.77,7593446.41,1643587199999,131395815.4636,294084,3824469.72,66251037.1617,0
1643587200000,17.76,17.88,16.45,17.15,7695443.58,1643673599999,131452085.6335,223430,3982536.51,68077472.4084,0
1643673600000,17.15,17.91,16.8,16.98,5923564.6,1643759999999,102234729.4359,181536,2967637.03,51260042.4389,0
1643760000000,16.98,17.38,15.56,15.78,4741039.26,1643846399999,78422000.4434,160932,2268934.12,37546312.5657,0
1643846400000,15.78,16.33,15.26,16.3,5327213.34,1643932799999,84010991.6284,144147,2636097.96,41570457.93,0
1643932800000,16.31,17.55,16.0,17.5,5829149.36,1644019199999,97039293.2028,169564,3104855.67,51740462.6822,0
1644019200000,17.5,18.32,17.42,17.76,5007027.59,1644105599999,89508285.2541,178681,2533541.12,45308301.6945,0
1644105600000,17.75,18.17,17.17,18.07,3114467.57,1644191999999,55233444.7925,112194,1554287.77,27576821.3198,0
1644192000000,18.06,19.4,17.65,18.88,6242937.28,1644278399999,117087736.9866,253129,3234516.51,60658697.1663,0
1644278400000,18.89,19.54,17.72,18.38,6603587.99,1644364799999,121935156.5698,227706,3250064.7,60030132.82,0
1644364800000,18.38,18.75,17.75,18.67,3742482.7,1644451199999,68516797.831,114150,1987212.16,36357183.6807,0
1644451200000,18.67,18.75,17.35,17.5,5796638.84,1644537599999,104841441.4918,197796,2789881.56,50475647.9327,0
1644537600000,17.51,17.81,15.89,16.21,4468507.35,1644623999999,76473743.4779,143141,2185483.31,37377832.0613,0
1644624000000,16.2,16.38,15.56,15.95,4161869.44,1644710399999,66586538.0481,119423,2103520.09,33673384.4183,0
1644710400000,15.96,16.33,15.52,15.6,2671296.28,1644796799999,42713256.3958,72135,1333337.96,21339974.395,0
1644796800000,15.61,16.12,15.2,15.9,3638626.12,1644883199999,56833036.2866,101370,1822195.78,28465037.3553,0
1644883200000,15.91,17.45,15.81,17.34,4132749.5,1644969599999,68875782.8101,117576,2127631.91,35456971.486,0
1644969600000,17.34,17.41,16.49,17.12,3608928.92,1645055999999,61191862.8681,107095,1715551.43,29082429.9883,0
1645056000000,17.13,17.45,15.45,15.59,4927491.83,1645142399999,80145149.8648,137654,2449096.02,39840455.2983,0
1645142400000,15.6,16.06,15.03,15.19,3855947.82,1645228799999,59811086.8412,103162,1866017.56,28960737.3095,0
1645228800000,15.18,15.68,14.84,15.51,3219793.29,1645315199999,49243295.152,80085,1682882.99,25742312.6741,0
1645315200000,15.52,15.53,14.39,14.6,3837683.54,1645401599999,56555136.4965,102467,1849250.34,27254065.1985,0
1645401600000,14.61,15.31,13.38,13.51,7372976.51,1645487999999,106352661.976895,175233,3640295.77,52549878.739,0
1645488000000,13.5,14.2,13.02,13.99,5856340.62,1645574399999,80031788.126204,120418,2897101.48,39613517.273034,0
1645574400000,13.98,14.66,13.3,13.35,5114288.86,1645660799999,72145875.2838,118113,2476932.73,34969765.9304,0
1645660800000,13.34,13.95,11.4,13.27,15759305.0,1645747199999,194779955.280825,330438,7553107.202,93418568.68195,0
1645747200000,13.27,14.49,13.08,14.36,6030934.14,1645833599999,82424455.8236,139311,3141008.86,42889206.7187,0
1645833600000,14.36,15.05,14.09,14.72,5169319.32,1645919999999,75218312.1233,129330,2611084.79,37997815.1006,0
1645920000000,14.71,14.86,13.47,13.64,6636801.7,1646006399999,94148021.37,154846,3108341.96,44095527.4735,0
1646006400000,13.64,15.15,13.31,15.13,6565276.42,1646092799999,93550858.3643,151538,3417759.14,48779652.4528,0
1646092800000,15.12,15.73,14.72,15.35,6417303.01,1646179199999,97490908.6031,167186,3280669.75,49836229.8688,0
1646179200000,15.34,15.87,14.91,15.28,6289045.87,1646265599999,96972346.7457,170283,3057403.65,47168235.8527,0
1646265600000,15.29,15.38,14.46,14.89,4619929.39,1646351999999,69108685.0394,104038,2262572.51,33858766.1497,0
1646352000000,14.89,14.98,13.54,13.73,6010183.64,1646438399999,85251891.0681,133635,2893016.77,41043039.4445,0
1646438400000,13.74,14.27,13.41,14.03,2774984.85,1646524799999,38502970.7803,66375,1404126.53,19489679.0709,0
1646524800000,14.02,14.12,13.25,13.32,3535626.53,1646611199999,48376701.6897,76099,1679359.28,22991680.0181,0
1646611200000,13.31,13.67,12.42,12.68,7302965.91,1646697599999,94927795.2518,143075,3602279.8,46864226.6429,0
1646697600000,12.67,13.56,12.58,13.08,6877422.56,1646783999999,90221634.4376,122657,3439151.31,45137902.3748,0
1646784000000,13.08,14.46,13.05,14.01,6462680.43,1646870399999,89907155.634,126685,3336205.14,46405588.0628,0
1646870400000,14.0,14.11,12.96,13.17,5469282.04,1646956799999,72953590.5137,111990,2618068.08,34917943.9178,0
1646956800000,13.18,13.65,12.8,13.05,4657580.01,1647043199999,61442961.8707,91763,2265626.03,29896719.1431,0
1647043200000,13.04,13.46,13.02,13.15,2499460.74,1647129599999,33179306.4054,54939,1190671.86,15806738.9628,0
1647129600000,13.15,13.43,12.59,12.7,2732503.8,1647215999999,35795294.9224,56917,1360474.02,17826722.3435,0
1647216000000,12.71,13.44,12.6,13.41,4643719.7,1647302399999,60609653.0943,86786,2360133.56,30808603.142,0
1647302400000,13.41,13.8,12.87,13.69,3454099.55,1647388799999,46015312.1289,95115,1677717.74,22362111.0858,0
1647388800000,13.69,14.78,13.66,14.66,6546791.14,1647475199999,92216913.7764,165697,3285416.76,46311213.427,0
1647475200000,14.66,14.93,14.23,14.4,4152174.08,1647561599999,60628137.1681,91907,2088574.11,30502822.9788,0
1647561600000,14.41,15.27,14.12,15.01,4421110.43,1647647999999,65203270.6102,113682,2281597.13,33681303.7916,0
1647648000000,15.0,15.4,14.83,15.01,3285256.26,1647734399999,49510365.2854,92700,1601519.87,24142724.857,0
1647734400000,15.01,15.13,14.42,14.54,2883923.42,1647820799999,42574847.0582,72883,1373663.24,20283640.8315,0
1647820800000,14.54,15.28,14.3,15.0,3719572.96,1647907199999,55353265.1045,98338,1871919.09,27858422.6262,0
1647907200000,14.99,15.86,14.98,15.43,4500280.54,1647993599999,69966605.0453,122289,2303795.17,35815265.6079,0
1647993600000,15.43,15.98,15.13,15.83,3827078.04,1648079999999,59400737.8182,105492,2018144.93,31341098.2216,0
1648080000000,15.84,16.44,15.6,16.17,5204988.98,1648166399999,83473816.3395,146937,2588926.38,41527460.7396,0
1648166400000,16.16,16.46,15.47,15.59,4654254.07,1648252799999,74390545.181,137398,2253876.67,36035079.6127,0
1648252800000,15.6,15.96,15.49,15.83,2425031.02,1648339199999,38109551.5704,57852,1181738.62,18575658.3467,0
1648339200000,15.83,16.91,15.63,16.87,3937478.83,1648425599999,63833184.4172,127580,2052426.82,33283305.4862,0
1648425600000,16.86,17.37,16.34,16.5,5918598.6,1648511999999,100611693.976,179705,3049025.37,51848531.7017,0
1648512000000,16.5,17.52,16.47,16.98,4496577.65,1648598399999,76536909.502,141595,2245178.54,38213878.7253,0
1648598400000,16.98,17.58,16.53,17.22,4866676.4,1648684799999,83570486.8355,157683,2402127.78,41255340.1021,0
1648684800000,17.21,18.05,16.64,16.91,5770687.14,1648771199999,99995868.4872,182635,2782569.98,48248562.8638,0
1648771200000,16.91,17.37,16.16,17.34,4521915.84,1648857599999,76273213.6886,124231,2163957.72,36522302.9662,0
1648857600000,17.34,17.87,17.1,17.4,3634084.25,1648943999999,63498083.4955,127433,1813217.0,31686222.5573,0
1648944000000,17.4,18.32,17.15,18.08,3430897.49,1649030399999,61222535.4909,137165,1737913.49,31017745.4437,0
1649030400000,18.07,18.08,16.82,17.5,3811139.33,1649116799999,66498861.6262,131638,1797271.03,31380769.6901,0
1649116800000,17.51,17.66,16.66,16.74,2337093.84,1649203199999,40235806.3799,82105,1079964.95,18604089.0681,0
1649203200000,16.75,16.79,15.27,15.41,4629748.58,1649289599999,73962946.5128,145790,2097290.55,33514947.2882,0
1649289600000,15.41,15.88,15.1,15.75,2867861.76,1649375999999,44539243.1236,81407,1437981.6,22341278.2702,0
1649376000000,15.74,15.91,15.01,15.13,2321153.06,1649462399999,36076432.846,63734,1138681.65,17705251.6259,0
1649462400000,15.12,15.47,15.12,15.43,1366727.9,1649548799999,20934233.2204,34800,680527.01,10425329.1664,0
1649548800000,15.43,15.93,15.17,15.24,1611326.85,1649635199999,25031136.9472,46788,845867.64,13139632.3773,0
1649635200000,15.23,15.28,13.51,13.76,3982122.72,1649721599999,56867147.907,98702,1820565.55,25977346.5074,0
1649721600000,13.76,14.33,13.63,13.98,2649528.63,1649807999999,36982702.9426,66505,1361320.86,19009650.0838,0
1649808000000,13.98,14.22,13.68,14.19,2228609.09,1649894399999,31209233.1008,56309,1194985.88,16741630.0259,0
1649894400000,14.2,14.33,13.33,13.65,2905294.96,1649980799999,40058996.1995,64246,1475994.56,20374784.8029,0
1649980800000,13.64,14.19,13.63,14.11,1819449.78,1650067199999,25350090.7386,43330,965557.54,13456585.6335,0
1650067200000,14.11,14.28,13.83,14.14,1517456.04,1650153599999,21326680.4148,33687,750643.17,10555298.0282,0
1650153600000,14.14,14.62,13.65,13.73,2635685.7,1650239999999,37678856.6933,68259,1296566.39,18550601.6926,0
1650240000000,13.72,14.06,13.14,14.06,3940066.58,1650326399999,53176002.9999,81882,1935849.16,26130745.795,0
1650326400000,14.06,14.42,13.83,14.24,2269575.91,1650412799999,32027601.8026,52555,1137019.97,16045111.1701,0
1650412800000,14.24,14.5,13.7,14.02,3259324.92,1650499199999,46019392.9416,72538,1613683.5,22794632.616,0
1650499200000,14.02,14.37,13.34,13.57,2982911.59,1650585599999,41645796.1182,70819,1448118.86,20239430.154,0
1650585600000,13.57,13.88,13.47,13.58,2458584.25,1650671999999,33652260.0545,51216,1227467.23,16808309.2202,0
1650672000000,13.58,13.68,13.18,13.31,1566301.36,1650758399999,21095370.5333,37643,757251.8,10206353.1357,0
1650758400000,13.32,13.63,13.21,13.26,1809966.78,1650844799999,24261683.4846,40581,919039.45,12314889.2734,0
1650844800000,13.27,13.51,12.53,13.44,4158403.4,1650931199999,54036943.8854,91726,2046366.45,26596118.9627,0
1650931200000,13.44,13.51,12.14,12.37,3283715.22,1651017599999,42323550.2275,71536,1571961.69,20248759.0891,0
1651017600000,12.36,12.8,12.3,12.74,3202787.51,1651103999999,40314743.0097,62239,1600200.19,20150787.0993,0
1651104000000,12.74,12.99,12.4,12.66,3668346.34,1651190399999,46528598.7315,85481,1887554.38,23942272.6832,0
1651190400000,12.66,12.73,11.83,11.97,3050465.77,1651276799999,37407510.2406,67732,1501808.9,18419994.8844,0
1651276800000,11.98,12.25,10.65,10.95,4336325.59,1651363199999,49780867.207473,77823,2104681.21,24172171.955,0
1651363200000,10.96,11.5,10.81,11.31,4020103.97,1651449599999,44773156.0761,65862,2059725.33,22952802.4404,0
1651449600000,11.3,11.45,10.77,11.17,3937746.95,1651535999999,43794663.6338,64441,1912713.06,21272545.393,0
1651536000000,11.17,11.5,10.8,11.12,3860280.78,1651622399999,43106903.0506,53729,1899031.08,21210194.3795,0
1651622400000,11.13,12.23,11.08,12.2,4762067.09,1651708799999,54854651.716,76024,2441339.4,28149449.9776,0
1651708800000,12.2,12.29,10.63,10.91,6346341.8,1651795199999,71802693.9503,99040,3074497.72,34776965.2777,0
1651795200000,10.91,11.03,10.4,10.79,5327741.571,1651881599999,57237421.550972,78324,2603189.1,27974178.8996,0
1651881600000,10.78,10.84,10.0,10.21,2641029.994,1651967999999,27820440.66591,47836,1296123.09,13663369.7536,0
1651968000000,10.21,10.38,9.84,10.0,4021452.062,1652054399999,40602718.8936,65615,1975907.96,19958594.1226,0
1652054400000,10.0,10.16,8.01,8.1,11098749.49,1652140799999,100610655.720183,168827,5317006.17,48275845.7705,0
1652140800000,8.1,9.33,7.89,8.59,13985725.048,1652227199999,121134236.569251,209164,7132093.07,61767774.5253,0
1652227200000,8.58,8.85,6.54,6.95,18694665.891,1652313599999,146064756.898573,309387,9178015.078,71844988.613,0
1652313600000,6.95,7.43,5.53,6.56,20649629.965,1652399999999,131329606.19725,273386,10331133.552,65694328.8957,0
1652400000000,6.57,7.8,6.48,7.15,9752518.3,1652486399999,70512452.1805,130650,4972422.76,35971342.5334,0
1652486400000,7.14,7.44,6.64,7.26,5661831.53,1652572799999,39769756.7776,73964,2860109.92,20110249.4677,0
1652572800000,7.26,7.99,7.01,7.96,5054597.35,1652659199999,37873868.8894,72130,2522400.38,18903253.3623,0
1652659200000,7.97,7.97,7.16,7.42,7682510.94,1652745599999,56982782.4787,106754,3714740.05,27568226.7197,0
1652745600000,7.42,7.98,7.3,7.72,5287316.89,1652831999999,40466316.4093,79751,2585018.05,19794374.0577,0
1652832000000,7.72,7.81,6.78,6.81,5450468.13,1652918399999,39277333.097,73304,2655305.14,19124635.4293,0
1652918400000,6.81,7.26,6.64,7.22,5891795.13,1653004799999,41012245.0276,74787,2922988.8,20353453.3038,0
1653004800000,7.23,7.37,6.75,6.87,5326415.7,1653091199999,37572689.2074,92583,2572151.9,18153170.844,0
1653091200000,6.86,7.12,6.77,7.06,2165477.61,1653177599999,15102458.5424,30583,1101185.49,7678950.4932,0
1653177600000,7.05,7.41,6.92,7.33,5525822.44,1653263999999,40008400.7254,57509,2891827.49,20951116.3455,0
1653264000000,7.32,7.68,6.98,7.02,5136136.21,1653350399999,37995958.753,67442,2545144.18,18850407.001,0
1653350400000,7.03,7.81,6.72,7.23,5997773.04,1653436799999,42160985.6123,69285,2944748.38,20705285.2549,0
1653436800000,7.23,7.4,6.94,6.96,4738917.15,1653523199999,33720204.0734,52321,2341360.05,16663132.029,0
1653523200000,6.96,7.09,6.22,6.57,6011561.06,1653609599999,39950162.1538,67279,3054067.83,20296704.0123,0
1653609600000,6.57,6.71,6.2,6.29,6403701.79,1653695999999,41229793.3964,76294,3148097.87,20279279.2495,0
1653696000000,6.29,6.66,6.21,6.58,3597414.0,1653782399999,23194522.112,39602,1758227.14,11338455.123,0
1653782400000,6.58,6.75,6.34,6.71,2495176.05,1653868799999,16420032.1576,28955,1226855.13,8078113.1244,0
1653868800000,6.72,7.52,6.65,7.46,5964086.79,1653955199999,42810935.3658,70287,2985529.29,21425114.7637,0
1653955200000,7.45,7.73,7.18,7.59,5256209.91,1654041599999,39252966.0777,71666,2631996.7,19656506.4427,0
1654041600000,7.59,7.77,6.75,6.93,6436515.03,1654127999999,46981037.0894,78373,3055176.34,22304463.2196,0
1654128000000,6.93,7.25,6.81,7.19,3846549.94,1654214399999,26875630.649,46571,1969398.12,13767904.0892,0
1654214400000,7.19,7.22,6.69,6.85,3738907.2,1654300799999,25773951.6662,45498,1661259.61,11440446.0654,0
1654300800000,6.86,7.44,6.68,7.4,3007035.99,1654387199999,21208428.0714,38844,1600180.4,11296376.4273,0
1654387200000,7.41,7.89,7.25,7.64,5204882.16,1654473599999,39043094.1822,63521,2730408.21,20489866.4628,0
1654473600000,7.64,8.2,7.62,7.97,6805688.94,1654559999999,53998159.3722,86753,3476878.71,27602315.8163,0
1654560000000,7.98,9.0,7.31,8.71,11449915.03,1654646399999,94007882.7919,150453,5588863.06,45863612.4107,0
1654646400000,8.72,9.0,8.23,8.7,12751229.89,1654732799999,109136255.141,158572,6169017.66,52829917.2968,0
1654732800000,8.71,9.64,8.49,9.27,12151419.13,1654819199999,111309516.3347,162765,5998068.51,54962091.9669,0
1654819200000,9.27,9.54,8.0,8.04,12553253.98,1654905599999,109820757.8569,168882,6017279.8,52700894.4896,0
1654905600000,8.04,8.42,6.94,7.04,12079552.59,1654991999999,91748233.0123,145034,5845565.02,44385602.5924,0
1654992000000,7.04,7.14,6.25,6.27,10758386.83,1655078399999,72087245.0119,120739,5136400.83,34434730.792,0
1655078400000,6.26,6.35,5.3,5.93,23703953.67,1655164799999,137029443.70315,251507,11952989.83,69127899.7863,0
1655164800000,5.92,6.88,5.39,6.74,22195143.72,1655251199999,138443843.0185,227019,11114125.59,69427725.1985,0
1655251200000,6.73,7.38,5.83,7.33,28804901.14,1655337599999,187200794.6955,297838,14060912.85,91614292.4717,0
1655337600000,7.33,7.51,6.2,6.36,16785768.12,1655423999999,111579849.2836,177180,8151221.11,54166008.8656,0
1655424000000,6.36,6.74,6.26,6.36,8044145.27,1655510399999,52014916.9823,95609,3986485.5,25800794.1992,0
1655510400000,6.36,6.47,5.41,5.92,15948947.65,1655596799999,93218207.5501,160780,7451500.39,43554286.3844,0
1655596800000,5.92,6.82,5.83,6.6,9867779.28,1655683199999,62030912.3105,115396,5020088.75,31565267.7759,0
1655683200000,6.6,7.29,6.31,6.98,10165932.01,1655769599999,69272588.5894,125387,4769563.93,32501848.1047,0
1655769600000,6.98,7.57,6.75,6.86,9463662.53,1655855999999,68197003.8219,115493,4715895.21,34031159.9131,0
1655856000000,6.86,7.03,6.44,6.63,8513601.16,1655942399999,57398967.9096,100361,4209591.78,28399471.1241,0
1656028800000,6.99,7.44,6.95,7.26,6466777.49,1656115199999,46292015.7441,77234,3229359.28,23135254.8911,0
1656115200000,7.27,7.38,6.79,7.26,5651119.11,1656201599999,40043466.4848,65113,2852084.42,20209887.2508,0
1656201600000,7.27,7.49,6.68,6.7,5600782.15,1656287999999,39742467.1945,68034,2624101.62,18653711.6411,0
1656288000000,6.7,6.99,6.41,6.55,6501336.11,1656374399999,43497628.5187,69067,3172124.91,21231413.5221,0
1656374400000,6.56,7.26,6.27,6.32,10657624.7,1656460799999,71863302.4993,118470,5274927.96,35587047.5194,0
1656460800000,6.32,6.49,6.13,6.23,6958633.85,1656547199999,43952686.1686,75337,3428214.09,21668869.1803,0
1656547200000,6.23,6.32,5.88,6.27,6704771.13,1656633599999,40714345.0006,74170,3270547.67,19866298.3874,0
1656633600000,6.27,6.43,5.93,6.08,6544501.16,1656719999999,40304067.281,64985,3219174.37,19831616.3874,0
1656720000000,6.07,6.29,5.98,6.22,2769828.44,1656806399999,16983433.6865,29970,1393750.83,8554281.1274,0
1656806400000,6.23,6.25,6.01,6.22,2777067.0,1656892799999,17024207.5669,28715,1371400.05,8411040.2106,0
1656892800000,6.22,6.46,6.02,6.43,4520606.05,1656979199999,28254559.0332,42512,2228937.46,13948753.189,0
1656979200000,6.43,6.56,6.06,6.31,5814668.1,1657065599999,36673354.3818,57311,2877489.97,18156397.0912,0
1657065600000,6.31,6.42,6.17,6.34,3956691.82,1657151999999,24890623.6757,42256,2005216.83,12622926.2226,0
1657152000000,6.34,6.76,6.31,6.64,4475514.81,1657238399999,29350846.0899,48057,2228503.71,14613563.8865,0
1657238400000,6.64,6.84,6.33,6.36,6115037.79,1657324799999,39817724.4627,65034,2967622.65,19323203.3687,0
1657324800000,6.35,6.59,6.34,6.48,2687603.38,1657411199999,17366422.5302,27816,1392315.04,9003286.3355,0
1657411200000,6.49,6.49,6.1,6.2,3373071.93,1657497599999,21167272.6431,32109,1539900.94,9657631.0073,0
1657497600000,6.2,6.43,5.98,6.04,4876457.92,1657583999999,30320038.2836,52381,2318359.84,14421349.216,0
1657584000000,6.05,6.24,5.92,5.94,3787474.63,1657670399999,23175302.1459,38983,1814075.98,11105745.3393,0
1657670400000,5.95,6.19,5.7,6.175,6781550.56,1657756799999,40572266.16831,78389,3282401.41,19655624.71448,0
1657756800000,6.176,6.387,5.993,6.275,7059352.99,1657843199999,43730141.85638,100014,3571438.12,22129673.59351,0
1657843200000,6.275,6.457,6.121,6.325,9989551.15,1657929599999,62808375.36216,129639,4992277.74,31400615.78544,0
1657929600000,6.325,6.618,6.142,6.595,6864043.49,1658015999999,43646748.97339,109947,3578071.65,22774504.04241,0
1658016000000,6.596,6.715,6.32,6.347,5345851.61,1658102399999,34758380.0106,91998,2630699.1,17110389.98208,0
1658102400000,6.347,7.149,6.329,7.037,10405880.84,1658188799999,71169344.83324,195068,5265343.37,36015203.60825,0
1658188800000,7.037,7.37,6.734,7.254,11657400.23,1658275199999,82404411.94676,251679,5827343.95,41192338.47329,0
1658275200000,7.255,7.581,6.83,6.867,9617554.21,1658361599999,69775261.95435,225875,4827343.6,35052720.75805,0
1658361600000,6.867,7.055,6.645,6.994,6368824.05,1658447999999,43696936.04157,140751,2964411.6,20344876.7422,0
1658448000000,6.994,7.285,6.744,6.782,6994223.62,1658534399999,49292620.68294,147444,3245081.84,22871712.14421,0
1658534400000,6.783,7.03,6.608,6.844,4232714.82,1658620799999,28813078.96695,101211,1992765.32,13564861.86185,0
1658620800000,6.844,7.247,6.841,7.094,4994618.62,1658707199999,35173349.98796,115755,2489584.28,17533997.24368,0
1658707200000,7.093,7.145,6.411,6.431,6144463.03,1658793599999,41374561.58907,138641,2955241.48,19914668.76874,0
1658793600000,6.431,6.448,6.077,6.341,5500963.87,1658879999999,34545203.78449,118864,2713221.3,17036867.76484,0
1658880000000,6.341,6.869,6.187,6.86,5426141.68,1658966399999,35212894.56094,127976,2695714.09,17520017.6428,0
1658966400000,6.86,7.295,6.677,7.217,6859329.18,1659052799999,47808997.45995,158802,3470622.71,24192834.52094,0
1659052800000,7.218,8.118,7.11,7.883,12769838.65,1659139199999,98558590.00732,273463,6293081.32,48570993.16088,0
1659139200000,7.883,8.21,7.668,7.82,8374838.83,1659225599999,66142845.40776,181751,4270621.61,33742663.76592,0
1659225600000,7.82,8.092,7.578,7.651,6185487.29,1659311999999,48549080.23288,132777,3202007.98,25124330.91754,0
1659312000000,7.652,7.88,7.407,7.57,5133233.8,1659398399999,39088080.69869,105400,2470346.45,18820993.69694,0
1659398400000,7.572,7.665,7.02,7.177,7189977.1,1659484799999,52079531.55883,156953,3580837.2,25932057.29508,0
1659484800000,7.179,7.638,7.05,7.284,4537931.2,1659571199999,33546977.34701,107615,2285610.5,16905683.9749,0
1659571200000,7.284,7.54,7.176,7.364,3904773.33,1659657599999,28733209.82378,90292,1898349.28,13973500.60548,0
1659657600000,7.364,7.9,7.348,7.878,5243900.93,1659743999999,40357692.11313,107470,2555229.3,19668966.74768,0
1659744000000,7.88,8.11,7.735,7.792,3210801.4,1659830399999,25345730.59329,67952,1500134.19,11845307.35235,0
1659830400000,7.792,8.375,7.658,8.343,4206785.59,1659916799999,33651300.35938,87006,2222666.92,17771222.06139,0
1659916800000,8.343,8.78,8.224,8.608,8106496.09,1660003199999,69310259.30124,166335,4166892.72,35610441.03626,0
1660003200000,8.605,8.953,8.27,8.742,9851012.47,1660089599999,84864026.06994,193308,4841954.12,41769241.44728,0
1660089600000,8.74,9.3,8.297,9.055,9014475.12,1660175999999,79825735.52954,212862,4413313.49,39137320.25311,0
1660176000000,9.056,9.227,8.823,8.958,6036670.62,1660262399999,54635868.17544,138799,2899028.24,26246619.19412,0
1660262400000,8.96,9.5,8.8,9.324,7821288.89,1660348799999,71928677.34532,175455,3955072.56,36408447.54881,0
1660348800000,9.326,9.482,9.06,9.144,3780601.51,1660435199999,34905834.67888,90500,1757210.5,16219589.39421,0
1660435200000,9.147,9.369,8.677,8.765,4419480.65,1660521599999,39749353.87508,104792,2080480.15,18719609.99328,0
1660521600000,8.768,9.057,8.493,8.646,5174239.24,1660607999999,45055104.74294,119772,2482825.73,21627978.80917,0
1660608000000,8.644,8.826,8.37,8.452,3458071.07,1660694399999,29624458.82304,85532,1677104.33,14364665.74464,0
1660694400000,8.45,8.749,7.99,8.061,5048616.87,1660780799999,41955340.16401,110763,2441513.1,20306429.09331,0
1660780800000,8.061,8.241,7.615,7.649,3942547.81,1660867199999,31618611.90682,96784,1955958.09,15692002.12634,0
1660867200000,7.647,7.701,6.816,6.899,8503684.17,1660953599999,61153670.24644,169384,3933865.42,28311577.95706,0
1660953600000,6.898,7.207,6.66,6.9,5183524.99,1661039999999,36145198.46848,103369,2572697.8,17951715.80088,0
1661040000000,6.899,7.177,6.88,7.082,3494331.78,1661126399999,24608503.5207,69314,1755423.54,12367007.69603,0
1661126400000,7.083,7.088,6.68,7.044,3717077.28,1661212799999,25530427.23032,73567,1829950.72,12564675.69888,0
1661212800000,7.043,7.355,6.772,7.241,4171438.41,1661299199999,29604683.193,84813,2154655.86,15294385.3525,0
1661299200000,7.243,7.376,7.016,7.124,2677109.42,1661385599999,19178724.23715,60514,1260000.22,9033267.8715,0
1661385600000,7.123,7.372,6.998,7.124,3854369.74,1661471999999,27617025.38008,75708,2000814.67,14331500.18305,0
1661472000000,7.125,7.187,6.404,6.504,5882866.0,1661558399999,40263869.003,119266,2771192.25,18984780.64848,0
1661558400000,6.501,6.614,6.414,6.529,3261835.63,1661644799999,21266674.965,66483,1638395.49,10682724.0711,0
1661644800000,6.531,6.634,6.226,6.255,3410582.54,1661731199999,22016912.24138,60282,1666401.88,10758664.60932,0
1661731200000,6.255,6.734,6.2,6.7,3497049.43,1661817599999,22597963.90913,66959,1781994.91,11536957.89248,0
1661817600000,6.699,6.827,6.366,6.556,3526118.71,1661903999999,23364279.41051,72911,1754876.51,11626889.33075,0
1661904000000,6.558,6.9,6.545,6.627,3745292.73,1661990399999,25150740.90064,70679,1804812.73,12125454.30016,0
1661990400000,6.627,6.961,6.445,6.925,3358074.69,1662076799999,22290267.38214,75843,1666931.09,11071926.61181,0
1662076800000,6.924,7.24,6.787,6.926,3995703.78,1662163199999,27975817.74945,86973,1896145.31,13281776.75902,0
1662163200000,6.926,6.966,6.721,6.859,1632727.92,1662249599999,11180622.5627,34984,817399.3,5597430.39212,0
1662249600000,6.859,7.278,6.79,7.156,4063993.58,1662335999999,28731529.93182,88444,2214267.98,15666006.42218,0
1662336000000,7.153,7.424,7.094,7.375,4038036.05,1662422399999,29157524.86369,83927,2087605.6,15078531.40975,0
1662422400000,7.375,7.568,6.576,6.659,5614260.23,1662508799999,39622443.78449,128715,2673375.51,18881864.26633,0
1662508800000,6.656,7.15,6.57,7.085,4855936.5,1662595199999,32982903.96032,98382,2412807.32,16396143.14012,0
1662595200000,7.086,7.5,7.006,7.406,5886218.74,1662681599999,42815707.8057,114269,3054747.9,22231136.74558,0
1662681600000,7.406,8.099,7.392,7.742,7480952.81,1662767999999,58479606.59632,166837,3691056.9,28847411.29013,0
1662768000000,7.746,8.034,7.616,7.904,6041837.88,1662854399999,47341623.50823,139622,3038971.97,23814143.59532,0
1662854400000,7.906,8.173,7.732,8.028,5046847.02,1662940799999,40108401.79013,108488,2556485.33,20321492.84659,0
1662940800000,8.029,8.3,7.609,7.762,6491820.37,1663027199999,51621488.53888,158489,3153599.36,25078844.08208,0
1663027200000,7.759,7.963,7.02,7.025,7208485.39,1663113599999,53776344.29322,155824,3444565.37,25701910.43606,0
1663113600000,7.024,7.54,6.982,7.456,5913599.99,1663199999999,43274790.40934,120786,3048286.77,22289499.1298,0
1663200000000,7.454,7.605,7.011,7.566,7092549.47,1663286399999,51848441.89125,150177,3495792.68,25550652.1056,0
1663286400000,7.568,7.803,7.419,7.656,6626471.8,1663372799999,50484446.25131,150600,3328926.51,25370608.68843,0
1663372800000,7.657,8.143,7.641,8.092,5062423.99,1663459199999,40162313.48519,109787,2641863.93,20963637.29157,0
1663459200000,8.092,8.14,7.402,7.523,5466342.65,1663545599999,42768091.98391,134037,2658589.43,20794499.49339,0
1663545600000,7.524,7.677,7.005,7.301,7816123.17,1663631999999,56711372.88069,164375,3849721.05,27933953.84833,0
1663632000000,7.3,7.337,6.81,6.883,5309023.06,1663718399999,37589384.58074,101881,2539043.06,17973848.85642,0
1663718400000,6.884,7.318,6.519,6.68,8284440.77,1663804799999,57418597.63909,167569,4150956.93,28809816.68425,0
1663804800000,6.679,7.176,6.638,7.123,4570101.39,1663891199999,31725321.03978,84590,2337635.81,16235532.76618,0
1663891200000,7.123,7.492,6.963,7.449,7636318.05,1663977599999,54796588.81423,150217,3704151.63,26606127.1619,0
1663977600000,7.45,7.874,7.371,7.629,6935588.81,1664063999999,52838264.16569,145633,3448932.32,26285109.73062,0
1664064000000,7.629,8.078,7.563,7.865,8545949.27,1664150399999,67223442.56234,186080,4424860.28,34817372.17639,0
1664150400000,7.866,7.957,7.465,7.945,6539945.09,1664236799999,50568452.08945,144834,3183918.77,24635662.37731,0
1664236800000,7.942,8.399,7.651,8.056,11918766.06,1664323199999,96376105.35531,226708,6422561.35,51932376.24985,0
1664323200000,8.056,8.54,7.722,7.795,16016947.82,1664409599999,129864233.21631,348714,7603432.76,61725951.8514,0
1664409600000,7.795,7.949,7.57,7.899,7686852.42,1664495999999,59629415.48128,151751,3871228.98,30038051.92534,0
1664496000000,7.904,7.919,7.505,7.585,5589081.1,1664582399999,43081976.47168,99775,2560182.0,19741909.76416,0
1664582400000,7.584,7.646,7.313,7.394,3432480.55,1664668799999,25707960.62466,63129,1569391.54,11749697.76225,0
1664668800000,7.393,7.545,7.09,7.11,4104285.81,1664755199999,30054052.35212,79567,1921110.49,14080883.31989,0
1664755200000,7.111,7.354,7.01,7.33,5135856.74,1664841599999,36913418.83145,92436,2458996.97,17676879.85783,0
1664841600000,7.328,7.83,7.323,7.723,6319868.05,1664927999999,48311938.89082,123183,3340173.08,25543479.25415,0
1664928000000,7.724,7.943,7.585,7.875,6151566.03,1665014399999,47763393.60037,112268,3081839.68,23947376.60636,0
1665014400000,7.876,7.939,7.595,7.632,4060166.94,1665100799999,31618387.5434,80137,1859992.85,14494206.11032,0
1665100800000,7.63,7.802,7.473,7.606,4087837.73,1665187199999,31133283.90935,74316,1929770.67,14696107.60214,0
1665187200000,7.606,7.656,7.339,7.455,2060120.82,1665273599999,15452064.55222,42073,997872.83,7483035.56125,0
1665273600000,7.455,7.657,7.417,7.63,1649107.98,1665359999999,12449216.75935,41974,806303.83,6089834.91983,0
1665360000000,7.628,7.733,7.321,7.335,3592487.93,1665446399999,27157209.69339,80634,1710375.94,12936481.29732,0
1665446400000,7.334,7.384,7.068,7.135,4132067.46,1665532799999,29809359.56152,95884,1856562.76,13397092.62057,0
1665532800000,7.135,7.278,7.087,7.145,2205045.13,1665619199999,15824076.15696,47066,1004004.42,7205592.8373,0
1665619200000,7.145,7.157,6.306,7.027,7403456.5,1665705599999,50097183.4845,169568,3464091.42,23451006.65257,0
1665705600000,7.026,7.25,6.796,6.887,4417987.63,1665791999999,31215130.87252,89284,1943915.09,13746369.90452,0
1665792000000,6.886,6.991,6.818,6.886,1997815.4,1665878399999,13798762.56723,41959,1050036.61,7257955.73557,0
1665878400000,6.886,7.237,6.876,7.173,2251234.69,1665964799999,15940568.83857,57914,1149459.29,8143135.34856,0
1665964800000,7.167,7.374,7.067,7.328,3223224.95,1666051199999,23364961.14815,61534,1394806.79,10112242.1338,0
1666051200000,7.33,7.372,6.963,7.127,3812172.36,1666137599999,27259786.93776,71865,1774175.71,12670033.35709,0
1666137600000,7.126,7.135,6.698,6.772,2898811.58,1666223999999,20118068.56335,60537,1364680.52,9478781.39548,0
1666224000000,6.773,6.912,6.601,6.657,3053738.2,1666310399999,20681408.41961,61682,1425427.25,9656396.35759,0
1666310400000,6.658,6.847,6.444,6.809,3884356.73,1666396799999,25846102.59334,82234,1888781.91,12573735.14755,0
1666396800000,6.81,6.931,6.725,6.868,1242501.08,1666483199999,8500540.74031,36603,611854.19,4186856.20037,0
1666483200000,6.87,7.092,6.799,7.066,2603397.53,1666569599999,18020720.76184,57222,1330910.31,9214831.87619,0
1666569600000,7.067,7.086,6.791,6.906,3517550.87,1666655999999,24335258.79955,60570,1610008.75,11137918.32719,0
1666656000000,6.908,7.28,6.814,7.063,5408134.51,1666742399999,38086977.2091,105592,2606538.09,18377308.84477,0
1666742400000,7.063,7.29,7.027,7.157,4195506.95,1666828799999,30065054.06679,93369,2016119.32,14457070.34219,0
1666828800000,7.158,7.365,6.858,6.892,4318895.49,1666915199999,30714307.53915,98592,2072234.83,14761185.5893,0
1666915200000,6.893,7.2,6.83,7.109,3195848.02,1667001599999,22384385.43907,71963,1509748.56,10577528.15036,0
1667001600000,7.108,7.661,7.076,7.636,5922885.58,1667087999999,43586411.00135,130478,3033026.64,22336156.53874,0
1667088000000,7.637,7.932,7.48,7.782,6277383.29,1667174399999,48314353.79686,153138,3086064.64,23757304.30471,0
1667174400000,7.783,8.333,7.664,7.857,8476588.97,1667260799999,67630099.8215,211492,4268160.62,34068972.61474,0
1667260800000,7.854,7.923,7.63,7.684,3790469.73,1667347199999,29439256.27702,92032,1739604.58,13513178.42647,0
1667347200000,7.683,8.0,7.338,7.437,8337674.08,1667433599999,64029729.00664,190798,3993520.5,30672304.9193,0
1667433600000,7.436,8.02,7.388,7.72,8014383.31,1667519999999,62564608.05491,175418,3884037.24,30336159.03953,0
1667520000000,7.72,8.898,7.66,8.715,11886503.72,1667606399999,98774017.64201,292027,5912313.46,49166129.9632,0
1667606400000,8.715,9.008,8.562,8.663,6375166.7,1667692799999,55895433.24499,171233,3212926.23,28196880.84854,0
1667692800000,8.664,8.772,8.094,8.101,5402107.02,1667779199999,45910250.4759,128195,2504878.27,21304222.36861,0
1667779200000,8.101,9.261,7.895,8.956,11376076.89,1667865599999,97366046.73339,259312,5462708.95,46748663.22674,0
1667865600000,8.956,9.47,6.578,7.708,36115113.39,1667951999999,301313110.23092,877883,17264667.57,144255408.23904,0
1667952000000,7.708,7.9,5.775,6.231,23647479.31,1668038399999,159062051.39263,534761,11282005.51,76033943.53872,0
1668038400000,6.232,7.51,6.087,7.21,18632257.98,1668124799999,128075832.11045,394838,9541533.57,65643601.20622,0
1668124800000,7.209,7.339,6.513,7.044,11210254.17,1668211199999,77651501.14814,226301,5380165.14,37283989.85919,0
1668211200000,7.045,7.074,6.158,6.281,15181553.03,1668297599999,97643564.02154,268378,7555938.94,48621376.16163,0
1668297600000,6.28,6.545,5.94,6.078,7288028.03,1668383999999,45422401.31609,159288,3541810.03,22117361.85412,0
1668384000000,6.077,6.438,5.69,6.291,12214030.16,1668470399999,74288053.37186,264243,5629853.19,34247073.30603,0
1668470400000,6.291,6.672,6.207,6.421,9028489.34,1668556799999,58364458.60071,162347,4496031.02,29075790.64564,0
1668556800000,6.421,6.564,6.077,6.179,6291977.07,1668643199999,39562816.09355,122221,2871753.73,18075889.77238,0
1668643200000,6.18,6.342,6.029,6.225,4888412.25,1668729599999,30263489.00306,100903,2410301.52,14930365.3125,0
1668729600000,6.224,6.44,6.069,6.183,5216596.13,1668815999999,32627018.46391,87798,2489228.53,15560647.20524,0
1668816000000,6.184,6.22,5.99,6.146,2913602.05,1668902399999,17818230.55664,55789,1426472.72,8726948.72497,0
1668902400000,6.146,6.252,5.709,5.768,4952741.6,1668988799999,29792054.05031,89931,2380574.0,14339974.87827,0
1668988800000,5.767,5.896,5.528,5.876,7858097.01,1669075199999,45079333.64236,142035,4038486.35,23171799.80561,0
1669075200000,5.874,6.485,5.837,6.422,11891787.33,1669161599999,73312569.08168,206660,6159877.44,37999087.24869,0
1669161600000,6.423,6.809,6.343,6.707,9877403.25,1669247999999,64504866.00591,174060,4905410.35,32052145.61022,0
1669248000000,6.708,6.978,6.586,6.831,6713104.24,1669334399999,45421620.88419,137507,3487081.95,23586414.27711,0
1669334400000,6.83,6.993,6.661,6.848,5761022.33,1669420799999,39209013.52817,113315,2813200.02,19149681.65128,0
1669420800000,6.848,7.299,6.824,7.156,8067345.14,1669507199999,57109526.62374,134550,4154986.63,29432482.80417,0
1669507200000,7.157,7.278,6.858,6.902,4986550.69,1669593599999,35387622.00056,90351,2375009.8,16869047.40439,0
1669593600000,6.904,7.347,6.53,7.194,13592230.54,1669679999999,93251021.80269,244302,6726981.84,46214163.94018,0
1669680000000,7.194,7.513,7.123,7.318,9043323.82,1669766399999,66419163.60329,158405,4616857.17,33923978.44671,0
1669766400000,7.317,7.75,7.272,7.672,8332281.04,1669852799999,62610480.76876,166962,3802349.29,28568767.48475,0
1669852800000,7.673,7.812,7.441,7.681,7617442.3,1669939199999,57997359.00621,134924,3632436.65,27664124.62554,0
1669939200000,7.681,7.726,7.479,7.61,5062435.56,1670025599999,38484351.5025,104325,2521866.31,19177792.45132,0
1670025600000,7.611,7.633,7.207,7.235,3708734.4,1670111999999,27484803.09496,67054,1753928.5,13002558.18173,0
1670112000000,7.238,7.47,7.185,7.444,3401151.78,1670198399999,24955057.75554,67238,1704289.61,12506461.25508,0
1670198400000,7.442,7.594,7.16,7.275,5610549.45,1670284799999,41707402.26287,100862,2572124.02,19137845.03937,0
1670284800000,7.275,7.336,6.957,7.132,5417019.69,1670371199999,38902423.36086,97867,2537954.79,18217509.70091,0
1670371200000,7.132,7.158,6.77,6.881,4586810.78,1670457599999,31650320.0927,75523,2173612.92,15002845.51644,0
1670457600000,6.881,7.069,6.775,7.0,3737485.32,1670543999999,25863736.07694,61791,1774345.78,12276607.43854,0
1670544000000,7.001,7.054,6.796,6.863,3053488.23,1670630399999,21194713.01702,48581,1425466.76,9902893.62356,0
1670630400000,6.863,6.921,6.694,6.858,2430271.44,1670716799999,16610861.42092,43053,1093400.46,7476451.29901,0
1670716800000,6.857,6.96,6.646,6.7,2014728.27,1670803199999,13753519.50922,41176,961119.63,6564480.82945,0
1670803200000,6.698,6.728,6.457,6.701,3916237.64,1670889599999,25899772.45907,67608,1805091.34,11944060.77553,0
1670889600000,6.702,7.101,6.466,6.926,6912945.43,1670975999999,47049528.39863,116158,3373482.4,22968959.65211,0
1670976000000,6.926,6.965,6.687,6.718,3469806.01,1671062399999,23701361.48376,69321,1654715.68,11309493.18452,0
1671062400000,6.719,6.732,6.386,6.456,4035740.38,1671148799999,26485632.78609,64051,1700622.37,11161670.08083,0
1671148800000,6.456,6.543,5.778,5.893,6985610.0,1671235199999,42799427.82887,125924,3211992.04,19675132.75218,0
1671235200000,5.892,6.067,5.789,6.03,4125251.26,1671321599999,24567920.30177,63489,2042000.05,12163982.96139,0
1671321600000,6.03,6.064,5.914,5.949,2206062.25,1671407999999,13226533.47215,38057,1099997.56,6595835.17156,0
1671408000000,5.95,6.066,5.671,5.79,4022803.84,1671494399999,23787722.11608,73506,1899185.51,11247438.36847,0
1671494400000,5.789,6.12,5.752,6.013,3550497.69,1671580799999,21314539.93941,62667,1760654.11,10566513.26298,0
1671580800000,6.014,6.044,5.885,5.989,2101320.78,1671667199999,12505987.81068,39051,966000.83,5749011.10183,0
1671667200000,5.988,6.04,5.856,6.005,2921902.73,1671753599999,17402389.15747,48265,1424919.14,8489506.57898,0
1671753600000,6.005,6.053,5.924,5.941,2227204.91,1671839999999,13360754.86452,39732,1120076.98,6718962.19768,0
1671840000000,5.94,5.962,5.88,5.916,1051133.66,1671926399999,6223708.58438,22058,504486.42,2987091.71396,0
1671926400000,5.915,5.996,5.887,5.99,1728090.48,1672012799999,10247507.22446,29272,804099.81,4769538.34631,0
1672012800000,5.989,6.048,5.94,6.048,1779029.19,1672099199999,10661498.31252,31473,923449.13,5534565.14955,0
1672099200000,6.048,6.068,5.846,5.903,2483617.2,1672185599999,14783476.51445,39111,1088649.01,6476705.28416,0
1672185600000,5.905,5.913,5.625,5.675,3313018.41,1672271999999,19035813.77013,55230,1520625.33,8737114.55086,0
1672272000000,5.676,5.731,5.5,5.601,3568750.37,1672358399999,20058605.6627,53472,1619943.92,9102471.49163,0
1672358400000,5.6,5.642,5.413,5.475,3416846.41,1672444799999,18768827.17925,57222,1634556.34,8978823.03526,0
1672444800000,5.475,5.627,5.387,5.575,2312337.82,1672531199999,12746327.87999,34599,1183375.17,6518819.56336,0
1672531200000,5.575,5.64,5.505,5.628,1468070.67,1672617599999,8172481.03839,26670,734392.41,4088728.3719,0
1672617600000,5.63,5.76,5.548,5.691,2634300.76,1672703999999,14951181.60487,48511,1297358.83,7361706.60682,0
1672704000000,5.691,5.724,5.567,5.621,2144096.39,1672790399999,12105562.07781,38441,926286.73,5233873.97765,0
1672790400000,5.621,5.895,5.61,5.809,3831647.37,1672876799999,22133875.52122,58805,2022892.79,11690319.23101,0
1672876800000,5.809,5.818,5.606,5.66,2841645.64,1672963199999,16251716.14117,47281,1244968.77,7117747.67998,0
1672963200000,5.661,5.73,5.523,5.712,2697540.01,1673049599999,15204458.9633,47808,1341299.44,7567976.73196,0
1673049600000,5.713,5.846,5.691,5.83,1991098.15,1673135999999,11501693.13655,35511,984104.85,5684272.82797,0
1673136000000,5.832,5.977,5.755,5.963,2333904.16,1673222399999,13630980.5762,44493,1268762.83,7413395.95035,0
1673222400000,5.965,6.255,5.931,6.065,5682130.67,1673308799999,34742722.98921,95938,2876579.16,17586750.71455,0
1673308800000,6.064,6.3,5.968,6.166,3453264.89,1673395199999,21181878.72951,60673,1767011.35,10845486.5239,0
1673395200000,6.167,6.305,6.01,6.284,3599580.1,1673481599999,22079870.24658,59606,1854747.74,11387582.90169,0
1673481600000,6.284,6.412,6.05,6.387,5862705.97,1673567999999,36912811.99152,108371,2981390.7,18782385.9924,0
1673568000000,6.386,6.618,6.26,6.605,4441199.22,1673654399999,28529776.55137,79520,2358374.87,15151807.71371,0
1673654400000,6.604,7.107,6.45,6.856,10425339.64,1673740799999,70949747.81748,189448,5173000.59,35224944.30056,0
1673740800000,6.857,6.926,6.6,6.694,5652541.29,1673827199999,38136470.35041,107288,2609736.48,17617124.98791,0
1673827200000,6.694,6.948,6.413,6.669,7143088.32,1673913599999,47802567.248,146344,3454893.55,23128586.14464,0
1673913600000,6.67,6.995,6.543,6.804,6038879.49,1673999999999,40872760.76221,120105,3050985.55,20659900.91095,0
1674000000000,6.807,6.985,6.256,6.334,8425216.27,1674086399999,55881221.2481,166545,3942530.82,26152137.19739,0
1674086400000,6.333,6.545,6.314,6.506,3290241.13,1674172799999,21134635.4237,62176,1546736.01,9938429.12258,0
1674172800000,6.506,6.971,6.414,6.941,4178985.33,1674259199999,27830731.73289,81226,2070822.17,13798370.03428,0
1674259200000,6.942,7.11,6.802,6.853,6497547.24,1674345599999,45344248.1008,123985,3242090.13,22637207.51417,0
1674345600000,6.853,7.271,6.777,6.984,6817766.36,1674431999999,47764216.74929,130465,3413101.38,23920941.00873,0
1674432000000,6.983,7.234,6.848,7.015,6475146.95,1674518399999,45756617.40156,126162,3175323.94,22446479.5476,0
1674518400000,7.015,7.2,6.525,6.661,5392217.62,1674604799999,37589315.59651,105537,2385461.74,16637333.96212,0
1674604800000,6.661,7.099,6.51,6.954,6744418.44,1674691199999,45612002.73189,115210,3234428.63,21868344.92238,0
1674691200000,6.955,7.316,6.824,7.169,7008005.12,1674777599999,49340507.52614,119331,3435453.04,24211337.49931,0
1674777600000,7.17,7.496,6.922,7.384,6803663.45,1674863999999,49240075.45307,134636,3274798.08,23713948.34892,0
1674864000000,7.384,7.509,7.12,7.211,4021763.73,1674950399999,29341991.26285,75427,1942221.28,14173301.26822,0
1674950400000,7.21,7.518,7.144,7.372,5028035.0,1675036799999,37008071.6078,88697,2485991.51,18308929.98347,0
1675036800000,7.373,7.439,6.748,6.914,5014854.05,1675123199999,35325388.07901,109497,2297937.56,16179824.67365,0
1675123200000,6.915,7.074,6.855,6.952,3336356.54,1675209599999,23271447.02712,73440,1606184.77,11202742.01381,0
1675209600000,6.952,7.277,6.67,7.214,5493548.16,1675295999999,38229868.24028,123396,2664853.6,18553709.33018,0
1675296000000,7.214,7.484,7.035,7.099,5767987.46,1675382399999,41979312.77008,121741,2682165.73,19530450.14577,0
1675382400000,7.1,7.338,7.012,7.294,4395091.81,1675468799999,31580344.48917,97911,2188724.77,15726126.59501,0
1675468800000,7.293,7.364,7.126,7.237,3211192.96,1675555199999,23306427.94014,63126,1484833.96,10776751.05776,0
1675555200000,7.24,7.252,6.861,6.985,3416697.21,1675641599999,24029442.25939,79083,1630683.17,11466784.46979,0
1675641600000,6.985,7.063,6.765,6.832,3504454.35,1675727999999,24368382.10801,71794,1717369.8,11943763.52709,0
1675728000000,6.831,7.214,6.814,7.197,4543771.59,1675814399999,31940844.58184,87292,2169759.18,15247326.48258,0
1675814400000,7.199,7.3,6.952,7.136,4910694.89,1675900799999,35202886.85344,93463,2294276.44,16451503.06768,0
1675900800000,7.137,7.817,6.818,6.984,18751956.03,1675987199999,139108115.06778,387770,9191981.35,68214721.01859,0
1675987200000,6.983,7.12,6.777,6.89,6619057.31,1676073599999,45977522.77328,152760,3118407.28,21669693.44845,0
1676073600000,6.889,7.036,6.853,7.003,2293574.29,1676159999999,15897589.82762,56057,1119094.86,7757132.42538,0
1676160000000,7.003,7.09,6.685,6.808,3320809.33,1676246399999,23000593.11427,77871,1546445.67,10725855.84772,0
1676246400000,6.81,6.847,6.4,6.669,5424849.87,1676332799999,35797891.451,134450,2381107.05,15724466.46569,0
1676332800000,6.669,6.832,6.527,6.808,4395799.03,1676419199999,29402031.08378,96495,2126212.18,14225090.08336,0
1676419200000,6.808,7.31,6.726,7.281,5174614.29,1676505599999,36181020.0506,101980,2535906.99,17716584.26656,0
1676505600000,7.28,7.495,6.997,7.011,8199081.68,1676591999999,59698915.45343,161363,4037955.92,29424728.84143,0
1676592000000,7.011,7.711,6.972,7.65,8097968.31,1676678399999,59820622.23835,158332,4002785.28,29556659.68211,0
1676678400000,7.649,8.256,7.495,7.989,11389046.79,1676764799999,90689528.98713,218859,5740952.32,45715331.94662,0
1676764800000,7.986,8.289,7.82,8.014,9416026.58,1676851199999,75998996.05408,204560,4590665.77,37075376.47107,0
1676851200000,8.01,8.4,7.721,8.017,8065377.47,1676937599999,65299250.76544,186099,3980396.61,32230872.45536,0
1676937600000,8.019,8.077,7.505,7.64,5893974.86,1677023999999,45835031.50449,122144,2742629.02,21320661.70392,0
1677024000000,7.641,7.752,7.294,7.717,6496942.59,1677110399999,48803507.79223,137512,3204411.54,24093536.09892,0
1677110400000,7.717,8.21,7.67,7.935,10150106.82,1677196799999,80670114.08024,215511,5083895.06,40391739.30044,0
1677196800000,7.937,8.149,7.22,7.466,9713019.08,1677283199999,75162145.09463,243030,4892935.33,37938936.85877,0
1677283200000,7.466,7.491,7.168,7.373,4277893.98,1677369599999,31404475.91232,113972,1826112.6,13407151.28462,0
1677369600000,7.371,7.548,7.293,7.497,2541969.05,1677455999999,18856092.10065,66715,1248021.75,9253656.91157,0
1677456000000,7.494,7.508,7.121,7.274,4004585.73,1677542399999,29286764.82945,100711,1839876.55,13462996.2489,0
1677542400000,7.274,7.422,7.096,7.195,4034405.79,1677628799999,29419842.87225,97297,1844099.44,13452222.39683,0
1677628800000,7.196,7.547,7.146,7.536,3750777.74,1677715199999,27768618.58261,87704,1949419.7,14440367.28834,0
1677715200000,7.536,7.585,7.163,7.275,2870686.88,1677801599999,20987481.36674,72266,1335306.86,9766207.08799,0
1677801600000,7.275,7.276,6.655,6.958,5309534.51,1677887999999,36480196.78213,123692,2351087.44,16147444.08089,0
1677888000000,6.958,7.011,6.708,6.857,2738464.51,1677974399999,18824654.48917,64299,1260114.43,8662641.44054,0
1677974400000,6.857,7.017,6.807,6.945,1968494.16,1678060799999,13658001.79348,52176,967899.01,6716336.83111,0
1678060800000,6.946,6.981,6.819,6.854,2608480.81,1678147199999,17978200.71398,61567,1272628.75,8771653.02894,0
1678147200000,6.857,6.974,6.667,6.881,3015787.65,1678233599999,20542030.2261,69549,1383862.33,9427203.03658,0
1678233600000,6.884,6.948,6.494,6.577,4098815.39,1678319999999,27510464.06733,100792,2017122.57,13545317.59633,0
1678320000000,6.578,6.69,6.007,6.16,5988809.54,1678406399999,38140540.92253,125513,2736413.39,17450389.40461,0
1678406400000,6.161,6.264,5.89,6.215,6622037.72,1678492799999,40558501.03733,139867,3316072.71,20316779.56333,0
1678492800000,6.214,6.392,5.92,6.162,5658192.38,1678579199999,34587171.82137,131411,2762386.38,16891542.96008,0
1678579200000,6.161,6.574,6.07,6.551,4811076.25,1678665599999,30170146.64141,106663,2384905.19,14962299.47182,0
1678665600000,6.552,6.885,6.395,6.761,7817274.03,1678751999999,51948034.91692,168544,4016459.97,26697964.82098,0
1678752000000,6.76,7.2,6.608,6.96,8906153.46,1678838399999,61574401.71164,204145,4371204.64,30216453.82156,0
1678838400000,6.959,7.11,6.379,6.546,6800328.84,1678924799999,45730101.22589,178019,3272961.55,22055912.00735,0
1678924800000,6.546,6.678,6.443,6.656,3617223.3,1679011199999,23828025.7148,109394,1725633.26,11369471.31181,0
1679011200000,6.656,7.258,6.597,7.207,6885611.19,1679097599999,48176993.16447,157259,3469671.05,24284118.69236,0
1679097600000,7.206,7.299,6.85,6.922,5649288.39,1679183999999,40291430.98778,136009,2673318.05,19072830.75902,0
1679184000000,6.922,7.281,6.916,7.081,3603006.94,1679270399999,25619028.29212,98411,1821311.77,12954442.65844,0
1679270400000,7.081,7.48,6.91,7.05,8993047.32,1679356799999,64932408.53673,225263,4630552.55,33453154.62342,0
1679356800000,7.05,7.47,6.838,7.375,6546284.62,1679443199999,47034209.42232,169380,3233100.05,23251851.47436,0
1679443200000,7.375,7.723,7.001,7.173,12062579.73,1679529599999,89425523.05166,288515,6240084.19,46292207.6817,0
1679529600000,7.173,7.637,7.086,7.61,5950130.81,1679615999999,44172430.96029,137801,3084106.03,22901774.82389,0
1679616000000,7.608,7.659,7.111,7.191,4842235.46,1679702399999,35722855.94783,118345,2225661.37,16433293.23028,0
1679702400000,7.191,7.254,6.97,7.075,3022565.33,1679788799999,21478926.48334,70405,1449266.12,10306449.81635,0
1679788800000,7.074,7.29,7.049,7.261,1964988.21,1679875199999,14143893.95785,46502,982638.31,7072594.71558,0
1679875200000,7.26,7.274,6.747,6.87,4551721.99,1679961599999,31727920.31528,95050,2046220.41,14277678.12054,0
1679961600000,6.871,7.046,6.75,6.947,4084989.03,1680047999999,28070389.00778,84301,1925745.7,13231920.09344,0
1680048000000,6.947,7.499,6.927,7.382,5824927.72,1680134399999,42347891.15739,117030,3003236.52,21838117.39219,0
1680134400000,7.382,7.558,7.132,7.233,5273756.88,1680220799999,38692226.47443,112867,2585566.49,18982441.24405,0
1680220800000,7.23,7.69,7.225,7.588,6318296.29,1680307199999,47505613.77922,123639,3009312.61,22621618.39614,0
1680307200000,7.588,7.636,7.427,7.548,2706651.34,1680393599999,20400775.36766,59979,1344463.5,10135864.99764,0
1680393600000,7.545,7.546,7.191,7.255,2630646.16,1680479999999,19324327.35443,63291,1181024.19,8672911.98325,0
1680480000000,7.255,7.441,7.022,7.245,5219378.14,1680566399999,37805653.34694,125410,2456287.1,17800909.79757,0
1680566400000,7.244,7.477,7.202,7.37,4364091.42,1680652799999,32057752.6772,97462,2110259.59,15509721.57894,0
1680652800000,7.37,7.606,7.217,7.321,5169868.03,1680739199999,38379947.40469,105043,2440053.59,18120767.63907,0
1680739200000,7.322,7.333,7.113,7.201,2983063.07,1680825599999,21549604.48375,66574,1337143.13,9665142.09157,0
1680825600000,7.2,7.308,7.106,7.267,1893828.83,1680911999999,13634980.29792,45683,932502.28,6717932.61225,0
1680912000000,7.267,7.297,7.076,7.13,1440334.33,1680998399999,10364315.76619,34801,607517.38,4374640.00781,0
1680998400000,7.129,7.255,7.05,7.203,1281793.0,1681084799999,9153036.08161,34174,643286.54,4595682.35458,0
1681084800000,7.203,7.367,7.131,7.343,2638647.13,1681171199999,19173014.02328,55502,1166753.39,8476404.06124,0
1681171200000,7.344,7.453,7.28,7.301,3009556.43,1681257599999,22172929.85957,65684,1404110.37,10347889.10801,0
1681257600000,7.3,7.372,7.1,7.23,3823180.7,1681343999999,27626823.71917,81299,1763335.74,12744698.72657,0
1681344000000,7.23,7.546,7.167,7.458,3853982.96,1681430399999,28459938.98811,72571,1893340.94,13987033.23236,0
1681430400000,7.458,7.899,7.457,7.743,7807389.3,1681516799999,60214451.34968,149691,3804768.51,29339692.35838,0
1681516800000,7.743,8.089,7.613,8.005,4830720.05,1681603199999,38047700.95187,99352,2378082.34,18732254.39757,0
1681603200000,8.005,8.19,7.902,8.14,4303246.65,1681689599999,34635875.44204,100098,2147360.73,17287940.48564,0
1681689600000,8.136,8.299,7.861,8.16,7702069.05,1681775999999,62536505.84512,163180,3788007.32,30763273.62235,0
1681776000000,8.161,8.798,8.03,8.578,9356075.46,1681862399999,79757906.32826,185540,4515048.89,38489112.81165,0
1681862400000,8.578,8.6,7.63,7.752,10140445.27,1681948799999,82052682.01753,213945,4835607.99,39141994.50704,0
1681948800000,7.752,7.967,7.453,7.512,7428716.2,1682035199999,57205335.10623,148713,3597873.08,27709959.96161,0
1682035200000,7.512,7.609,7.006,7.113,6884596.68,1682121599999,50478423.4445,128408,3266126.61,23963035.28578,0
1682121600000,7.113,7.242,7.08,7.175,3015617.24,1682207999999,21565753.41964,63758,1410848.8,10090795.52619,0
1682208000000,7.174,7.174,6.866,7.082,4150416.52,1682294399999,29179621.42612,88182,1880895.26,13224405.24868,0
1682294400000,7.082,7.269,6.996,7.068,4023418.3,1682380799999,28700514.76376,81022,1876048.33,13385932.29154,0
1682380800000,7.069,7.3,6.948,7.274,3659091.95,1682467199999,25952303.04914,72896,1685178.07,11963292.79624,0
1682467200000,7.275,7.503,6.703,7.004,7272868.62,1682553599999,51992232.75784,144850,3295729.65,23563042.39782,0
1682553600000,7.004,7.232,6.982,7.17,5324313.93,1682639999999,37864976.52222,99237,2556935.3,18186248.45106,0
1682640000000,7.17,7.187,6.949,7.04,3510662.05,1682726399999,24825457.35691,60094,1656679.55,11719888.56078,0
1682726400000,7.04,7.22,6.992,7.185,2390310.55,1682812799999,17030840.96356,47481,1224419.0,8727081.44315,0
1682812800000,7.185,7.305,7.014,7.025,2775030.59,1682899199999,19899522.30512,59188,1405088.18,10081856.32409,0
1682899200000,7.025,7.082,6.797,6.898,3285344.74,1682985599999,22770206.8544,67153,1449754.85,10048938.66382,0
1682985600000,6.896,7.013,6.8,6.987,2077200.39,1683071999999,14355313.93847,37650,1038921.04,7180147.3744,0
1683072000000,6.987,7.151,6.819,7.129,3262366.57,1683158399999,22744459.21031,67669,1706577.9,11906744.8705,0
1683158400000,7.129,7.162,6.959,6.998,1740570.99,1683244799999,12274252.01306,36047,846502.79,5971557.57794,0
1683244800000,6.997,7.28,6.888,7.226,2888965.91,1683331199999,20568455.39198,59652,1388047.56,9885703.5068,0
1683331200000,7.226,7.279,6.866,6.92,2603213.92,1683417599999,18291039.57772,50054,1183238.35,8320069.21115,0
1683417600000,6.92,6.989,6.858,6.911,1677014.89,1683503999999,11617584.62952,34020,771972.18,5348749.03592,0
1683504000000,6.911,6.913,6.394,6.582,5298917.35,1683590399999,35191093.98142,108033,2343316.42,15565427.09325,0
1683590400000,6.582,6.633,6.452,6.522,2199712.78,1683676799999,14392713.94019,41710,987315.2,6461446.04784,0
1683676800000,6.521,6.696,6.3,6.588,4297013.06,1683763199999,28099337.64414,79848,2050886.08,13414142.73423,0
1683763200000,6.588,6.592,6.212,6.36,3969206.65,1683849599999,25378190.3406,73288,1897325.72,12132772.43654,0
1683849600000,6.36,6.64,6.224,6.623,3322966.84,1683935999999,21374197.95657,64539,1596646.63,10269152.03743,0
1683936000000,6.623,6.636,6.475,6.491,1742486.51,1684022399999,11411039.09437,31511,866854.19,5677664.81957,0
1684022400000,6.49,6.61,6.41,6.547,1193769.45,1684108799999,7792947.53088,28405,594781.32,3884983.32753,0
1684108800000,6.547,6.711,6.453,6.635,2328720.13,1684195199999,15445235.16361,46640,1140157.75,7561158.36489,0
1684195200000,6.635,6.728,6.552,6.659,2297423.01,1684281599999,15268349.50031,47918,1041166.87,6920641.70719,0
1684281600000,6.658,6.812,6.552,6.758,3299636.01,1684367999999,22073448.37542,60529,1742248.09,11655875.11467,0
1684368000000,6.758,6.767,6.428,6.531,2274544.86,1684454399999,15005340.96092,46950,1011887.18,6681964.65953,0
1684454400000,6.531,6.555,6.458,6.51,1421337.78,1684540799999,9243474.54892,31027,629982.7,4097326.86457,0
1684540800000,6.51,6.543,6.471,6.503,757320.01,1684627199999,4921349.17727,15173,337608.13,2193744.7762,0
1684627200000,6.505,6.545,6.356,6.43,1279377.69,1684713599999,8245380.7009,24275,600852.53,3871512.4761,0
1684713600000,6.43,6.608,6.334,6.533,2602323.99,1684799999999,16922719.89121,49211,1337666.52,8700708.55897,0
1684800000000,6.534,6.635,6.474,6.504,1751271.68,1684886399999,11466306.23672,34165,859130.55,5627533.48014,0
1684886400000,6.505,6.509,6.206,6.32,3090108.04,1684972799999,19547662.73559,60957,1498292.72,9478182.63567,0
1684972800000,6.321,6.345,6.164,6.278,1856294.47,1685059199999,11655528.18828,34142,946719.94,5946621.16261,0
1685059200000,6.279,6.458,6.235,6.344,1704644.17,1685145599999,10775115.85727,28450,900895.62,5695002.44956,0
1685145600000,6.344,6.441,6.327,6.438,1100851.23,1685231999999,7029342.70093,19800,541098.83,3455584.37231,0
1685232000000,6.437,6.659,6.419,6.631,2028825.98,1685318399999,13274885.29828,38030,1074108.02,7030233.00423,0
1685318400000,6.636,6.678,6.527,6.637,2236832.15,1685404799999,14769767.0681,38608,1002076.86,6618438.66734,0
1685404800000,6.637,6.672,6.536,6.613,2395564.78,1685491199999,15815712.60994,44248,1144836.13,7558908.798,0
1685491200000,6.611,6.636,6.396,6.478,2604021.56,1685577599999,16905433.54684,41151,1265440.86,8214435.09179,0
1685577600000,6.478,6.513,6.317,6.344,2163580.25,1685663999999,13878183.13948,37995,986942.16,6334484.70531,0
1685664000000,6.344,6.481,6.306,6.45,2147074.04,1685750399999,13752657.82659,39184,1014967.59,6500427.99719,0
1685750400000,6.451,6.459,6.361,6.421,868599.69,1685836799999,5572719.11046,16471,389859.32,2501420.05301,0
1685836800000,6.421,6.532,6.393,6.452,1209935.67,1685923199999,7847441.8643,20659,582204.1,3774744.97764,0
1685923200000,6.45,6.492,5.961,6.054,4495305.78,1686009599999,27794982.01964,86536,1976696.41,12231267.06311,0
1686009600000,6.054,6.312,6.003,6.261,3709908.32,1686095999999,22843396.04315,63130,1685429.16,10388682.83307,0
1686096000000,6.261,6.269,5.829,5.917,2998801.55,1686182399999,18122151.28994,54618,1422541.93,8603669.05327,0
1686182400000,5.919,6.036,5.883,5.995,1426456.09,1686268799999,8520866.40416,29552,654025.16,3906485.2105,0
1686268800000,5.994,6.081,5.92,5.993,1267537.07,1686355199999,7581782.2428,27432,591028.11,3534926.86994,0
1686355200000,5.992,6.007,4.761,5.233,14028655.59,1686441599999,72264747.247205,254025,6400062.96,32913906.09265,0
1686441600000,5.233,5.254,5.089,5.175,2454695.33,1686527999999,12693018.52504,42613,1207613.13,6243337.4305,0
1686528000000,5.175,5.198,5.003,5.16,2746808.8,1686614399999,14080413.39215,50301,1298664.07,6656549.45261,0
1686614400000,5.16,5.412,5.11,5.3,2495494.52,1686700799999,13109533.55227,53413,1286380.97,6757900.20647,0
1686700800000,5.299,5.507,5.142,5.25,3786780.65,1686787199999,20245282.83326,78288,1906197.1,10195588.07775,0
1686787200000,5.25,5.419,5.163,5.312,2895922.21,1686873599999,15270873.03434,58825,1367476.64,7212189.82806,0
1686873600000,5.312,5.398,5.128,5.324,2176359.41,1686959999999,11473064.75639,44153,1032844.91,5443878.50913,0
1686960000000,5.325,5.396,5.221,5.279,1878846.73,1687046399999,9996244.35578,38938,935303.05,4974363.69649,0
1687046400000,5.282,5.302,5.04,5.156,1966918.59,1687132799999,10277445.20759,39931,948436.04,4955935.05876,0
1687132800000,5.157,5.194,4.993,5.133,3234945.88,1687219199999,16498548.28735,56642,1573399.6,8025715.99949,0
1687219200000,5.134,5.281,5.0,5.267,4247080.66,1687305599999,21819720.69244,71032,1985679.75,10213115.16759,0
1687305600000,5.267,5.588,5.242,5.556,5295791.26,1687391999999,28684063.09826,97463,2465419.7,13348705.38173,0
1687392000000,5.555,5.823,5.507,5.558,4647546.09,1687478399999,26318462.88739,90499,2220111.33,12579293.60957,0
1687478400000,5.557,6.154,5.551,6.07,6720273.6,1687564799999,39850155.7728,131266,3335698.61,19761303.8635,0
1687564800000,6.071,6.196,5.912,6.133,3204444.17,1687651199999,19412877.05974,75699,1520936.42,9214447.96202,0
1687651200000,6.133,6.378,6.059,6.157,3200149.72,1687737599999,19914491.44536,74584,1499661.98,9338476.06939,0
1687737600000,6.157,6.259,6.005,6.057,3875112.66,1687823999999,23755338.39903,88478,1835568.84,11256005.39832,0
1687824000000,6.058,6.255,6.046,6.198,3250133.19,1687910399999,20086360.6827,67302,1514190.86,9360013.47302,0
1687910400000,6.2,6.205,5.703,5.815,4135037.15,1687996799999,24680528.74771,85443,1834095.3,10946397.482,0
1687996800000,5.814,6.183,5.787,5.891,4221854.85,1688083199999,25226398.90809,76269,2021128.86,12079577.46929,0
1688083200000,5.891,6.452,5.721,6.313,8723371.76,1688169599999,53632119.65402,183367,4480859.71,27574297.94177,0
1688169600000,6.313,6.524,6.122,6.503,5141414.75,1688255999999,32311506.39291,91691,2668274.03,16774677.17706,0
1688256000000,6.503,6.565,6.333,6.54,4086985.57,1688342399999,26326953.97029,86742,1952330.04,12584822.62171,0
1688342400000,6.541,6.692,6.468,6.628,3237642.64,1688428799999,21370876.96785,74120,1591683.74,10509206.75722,0
1688428800000,6.628,6.63,6.392,6.521,2606479.19,1688515199999,16983151.19632,56427,1128306.97,7349214.34134,0
1688515200000,6.523,6.571,6.214,6.299,3023680.6,1688601599999,19197166.58383,67905,1413296.08,8973624.54648,0
1688601600000,6.299,6.507,6.08,6.08,3733833.93,1688687999999,23372277.90622,84165,1756315.44,10995427.45884,0
1688688000000,6.08,6.223,6.012,6.156,2063365.14,1688774399999,12651805.0435,50101,1046935.07,6418212.27984,0
1688774400000,6.157,6.222,6.094,6.196,1286251.86,1688860799999,7927204.49372,30651,643075.52,3964273.50309,0
1688860800000,6.198,6.24,6.123,6.15,1197225.34,1688947199999,7409719.1101,28779,613563.38,3799730.25929,0
1688947200000,6.149,6.303,6.02,6.167,2162467.25,1689033599999,13261291.21174,54299,1050312.48,6442661.68198,0
1689033600000,6.169,6.238,6.121,6.206,1065079.1,1689119999999,6582530.78199,30070,549565.01,3397691.47719,0
1689120000000,6.205,6.35,6.196,6.252,2069557.14,1689206399999,12947430.73593,48705,968539.7,6063166.89112,0
1689206400000,6.252,7.198,6.211,7.124,6685843.19,1689292799999,44787595.15615,172947,3639180.69,24339064.84444,0
1689292800000,7.125,7.343,6.687,6.958,7159768.77,1689379199999,50557965.59913,174552,3470754.81,24518368.42525,0
1689379200000,6.957,7.02,6.832,6.918,1900374.37,1689465599999,13187178.03788,48804,966729.06,6705936.43316,0
1689465600000,6.918,6.921,6.567,6.607,2658534.07,1689551999999,17987739.65552,72840,1093358.35,7393158.99131,0
1689552000000,6.608,7.265,6.45,7.186,8290250.05,1689638399999,56668213.86962,207634,4307377.91,29449884.45256,0
1689638400000,7.186,7.3,6.757,6.911,8507881.88,1689724799999,59930882.30374,183335,4389792.7,30918198.15982,0
1689724800000,6.913,7.048,6.773,6.915,4134376.74,1689811199999,28568055.62795,103996,1939034.11,13401215.44859,0
1689811200000,6.916,8.464,6.884,8.361,24470179.81,1689897599999,196113775.1554,596608,12965990.54,104008104.34844,0
1689897600000,8.361,8.449,8.042,8.133,8987313.71,1689983999999,73612142.85919,228371,4502624.77,36888412.45156,0
1689984000000,8.128,8.383,7.76,7.881,6296766.28,1690070399999,50608756.07241,157072,3032433.55,24388831.12332,0
1690070400000,7.88,8.099,7.817,7.89,3092197.0,1690156799999,24648696.65829,71551,1561703.58,12452877.50421,0
1690156800000,7.89,7.89,7.435,7.586,5711968.64,1690243199999,43718207.75491,120956,2847442.71,21790284.06979,0
1690243200000,7.584,7.643,7.34,7.392,3513090.68,1690329599999,26226693.55354,79790,1537012.84,11474864.53053,0
1690329600000,7.391,7.835,7.275,7.742,5983258.79,1690415999999,45440095.29291,140219,2987960.38,22699087.89195,0
1690416000000,7.741,8.145,7.68,7.989,5477383.07,1690502399999,43653133.66119,138845,2649408.94,21113387.24295,0
1690502400000,7.987,8.092,7.763,7.77,3119106.93,1690588799999,24614248.80612,76598,1370426.12,10819293.30617,0
1690588800000,7.77,7.897,7.724,7.842,1906734.68,1690675199999,14842881.05157,45515,955244.83,7439368.57614,0
1690675200000,7.843,7.863,7.343,7.555,2980351.07,1690761599999,22776451.57149,74338,1344483.28,10267240.3951,0
1690761600000,7.555,7.716,7.433,7.547,3457040.23,1690847999999,26205888.14845,76176,1705025.25,12926265.14727,0
1690848000000,7.55,7.648,7.139,7.641,3839827.85,1690934399999,28623340.7318,84706,1925925.94,14362194.67631,0
1690934400000,7.643,7.715,7.334,7.351,4200718.29,1691020799999,31652892.57016,96563,1912318.88,14429217.5604,0
1691020800000,7.35,7.409,7.07,7.125,3398269.99,1691107199999,24663930.98646,77068,1549260.8,11249875.94937,0
1691107200000,7.125,7.265,7.007,7.143,3081770.63,1691193599999,21997724.22843,67326,1515857.4,10823707.82921,0
1691193600000,7.143,7.246,7.103,7.231,1621170.15,1691279999999,11663367.45195,33751,820446.75,5900346.27624,0
1691280000000,7.231,7.275,7.076,7.102,1700576.48,1691366399999,12166000.93645,68990,762447.54,5456141.3899,0
1691366400000,7.101,7.397,6.94,7.324,3324085.3,1691452799999,23804328.42411,80022,1608521.55,11523034.80431,0
1691452800000,7.328,7.534,7.29,7.461,3984515.4,1691539199999,29462292.1506,92783,1899238.15,14045325.47612,0
1691539200000,7.458,7.919,7.378,7.678,5356202.6,1691625599999,41215740.17824,127801,2636778.99,20296859.5595,0
1691625600000,7.678,7.735,7.559,7.619,3233781.21,1691711999999,24705541.47516,72731,1550006.06,11846312.29263,0
1691712000000,7.619,7.642,7.405,7.492,1848871.59,1691798399999,13893134.68381,48078,807852.82,6072991.2634,0
1691798400000,7.492,7.539,7.385,7.442,1315001.68,1691884799999,9790328.68597,36573,607288.67,4522381.78676,0
1691884800000,7.443,7.56,7.313,7.369,2060255.56,1691971199999,15359384.74222,56406,980294.51,7308021.13381,0
1691971200000,7.368,7.636,7.307,7.412,3793787.02,1692057599999,28406427.95521,86206,1900877.39,14239101.78524,0
1692057600000,7.412,7.434,6.8,7.043,6078471.09,1692143999999,43724704.40437,122242,2711893.2,19508488.40073,0
1692144000000,7.041,7.072,6.6,6.762,6063000.38,1692230399999,41664313.48086,117457,2843740.33,19536674.5964,0
1692230400000,6.763,6.871,5.6,6.189,8367039.19,1692316799999,53670816.42712,204833,3925141.34,25149578.28017,0
1692316800000,6.187,6.287,6.065,6.176,4839502.37,1692403199999,29925614.05555,116386,2428019.03,15015592.11985,0
1692403200000,6.175,6.264,6.114,6.181,2324385.09,1692489599999,14372813.9845,48510,1160549.42,7174754.42188,0
1692489600000,6.18,6.236,6.118,6.22,1272820.99,1692575999999,7858884.07283,27650,665347.33,4108570.70053,0
1692576000000,6.22,6.256,6.002,6.174,3063645.91,1692662399999,18883471.00535,56499,1388293.99,8558050.80895,0
1692662400000,6.175,6.255,5.865,6.112,3937580.0,1692748799999,23952607.66752,75981,1851182.08,11268955.91546,0
1692748800000,6.116,6.435,6.103,6.352,3611220.57,1692835199999,22737210.35024,74956,1827266.14,11503924.9473,0
1692835200000,6.351,6.368,5.984,6.084,3008240.96,1692921599999,18546918.51151,63496,1383503.04,8532376.00551,0
1692921600000,6.084,6.085,5.913,6.014,3107452.3,1693007999999,18608605.44722,62455,1463974.35,8766666.42314,0
1693008000000,6.014,6.043,5.955,6.006,1636733.49,1693094399999,9831736.03779,23375,800514.37,4808709.9827,0
1693094400000,6.005,6.045,5.953,6.03,1327983.29,1693180799999,7962966.91621,25376,629878.8,3777239.98911,0
1693180800000,6.029,6.051,5.85,5.981,3374414.54,1693267199999,20081827.71261,57854,1572910.2,9361571.26791,0
1693267200000,5.981,6.318,5.842,6.194,5586925.4,1693353599999,34084138.22278,90791,2866026.16,17482369.91346,0
1693353600000,6.193,6.198,5.881,5.925,3206141.49,1693439999999,19254648.7181,53280,1650556.6,9914741.38347,0
1693440000000,5.925,6.064,5.73,5.879,4186968.01,1693526399999,24744528.63329,67128,1957765.13,11569139.64678,0
1693526400000,5.878,6.034,5.817,5.941,3668052.2,1693612799999,21825755.99281,61556,1798242.04,10699786.58401,0
1693612800000,5.941,5.999,5.89,5.972,1272779.56,1693699199999,7567146.35702,27310,603394.74,3587432.09705,0
1693699200000,5.972,6.064,5.948,6.027,1783671.76,1693785599999,10723458.90361,33433,877613.45,5276379.27237,0
1693785600000,6.03,6.164,5.944,6.012,2785879.47,1693871999999,16887315.62009,45996,1404584.96,8514612.93819,0
1693872000000,6.013,6.154,5.906,6.137,2961423.42,1693958399999,17908408.67184,45557,1452562.98,8785234.24211,0
1693958400000,6.138,6.35,6.094,6.302,4754687.99,1694044799999,29452089.43283,70340,2245111.61,13907031.44613,0
1694044800000,6.301,6.47,6.195,6.387,3097345.2,1694131199999,19579151.59193,52394,1552589.78,9814534.01892,0
1694131200000,6.388,6.404,6.144,6.28,2003043.64,1694217599999,12556152.42122,40705,934014.82,5855185.80219,0
1694217600000,6.28,6.293,6.157,6.165,1037278.42,1694303999999,6446688.80844,22849,480616.51,2988002.75745,0
1694304000000,6.165,6.165,5.949,6.015,2940010.89,1694390399999,17796169.16604,58876,1316759.52,7967345.34699,0
1694390400000,6.016,6.035,5.737,5.829,4285220.96,1694476799999,25228436.64476,67601,2124539.44,12508670.65548,0
1694476800000,5.827,6.077,5.808,5.957,3107349.35,1694563199999,18501829.29665,53244,1536491.71,9152341.71816,0
1694563200000,5.958,6.094,5.927,6.02,2998925.26,1694649599999,17982601.98484,46215,1461364.24,8762299.12567,0
1694649600000,6.021,6.213,6.006,6.151,3421841.03,1694735999999,20841059.89002,51052,1764090.71,10744624.46949,0
1694736000000,6.152,6.381,6.099,6.367,2517925.91,1694822399999,15627812.25801,45630,1327520.22,8241119.68652,0
1694822400000,6.367,6.421,6.184,6.281,1902334.13,1694908799999,11975787.79091,36221,939763.92,5917886.26308,0
1694908800000,6.279,6.282,6.051,6.146,1503567.78,1694995199999,9266864.64517,31517,705373.6,4347292.25754,0
1694995200000,6.146,6.84,6.099,6.567,7921921.79,1695081599999,52394596.90155,167064,4032988.81,26669836.62544,0
1695081600000,6.566,6.969,6.515,6.846,5536761.2,1695167999999,37469548.31765,101598,2787231.41,18857489.29682,0
1695168000000,6.846,7.045,6.741,6.905,4549051.69,1695254399999,31296697.6995,96566,2240319.84,15408986.98093,0
1695254400000,6.907,6.946,6.605,6.664,4270233.81,1695340799999,28782510.53296,84267,2377278.07,16015332.55229,0
1695340800000,6.665,6.972,6.593,6.958,3083344.65,1695427199999,20920452.02912,70689,1456416.5,9886587.32481,0
1695427200000,6.959,7.232,6.917,7.189,6314709.67,1695513599999,44634284.59624,122052,3007689.27,21255743.01857,0
1695513600000,7.189,7.25,6.95,6.972,3149084.7,1695599999999,22447202.1664,67208,1535211.3,10946130.57236,0
1695600000000,6.972,7.509,6.908,7.494,4956186.61,1695686399999,36254757.87521,117755,2602107.53,19039143.9968,0
1695686400000,7.494,7.576,7.248,7.356,3877254.09,1695772799999,28698339.6908,89315,1864353.3,13802549.93674,0
1695772800000,7.355,7.901,7.271,7.645,7180632.89,1695859199999,54590364.53385,164821,3679666.41,27989564.3421,0
1695859200000,7.641,8.07,7.572,7.807,7218442.3,1695945599999,56335724.06916,156514,3618458.11,28243654.08432,0
1695945600000,7.81,8.082,7.674,7.946,4632422.26,1696031999999,36311757.19381,100566,2255859.3,17690542.17368,0
1696032000000,7.947,8.276,7.939,8.191,5316780.65,1696118399999,43246928.17421,119758,2761526.64,22464420.3679,0
1696118400000,8.19,8.26,7.778,8.054,5741530.2,1696204799999,46153757.80741,137862,2806098.49,22579054.87888,0
1696204800000,8.053,8.103,7.352,7.47,7388633.58,1696291199999,57325674.01534,184195,3462584.02,26861795.6938,0
1696291200000,7.472,7.744,7.366,7.409,4753914.76,1696377599999,35916072.14376,108753,2385110.0,18019701.95707,0
1696377600000,7.408,7.78,7.2,7.674,5466659.39,1696463999999,41343272.94321,129276,2712424.52,20525884.39949,0
1696464000000,7.673,7.793,7.451,7.465,3846525.19,1696550399999,29362136.49098,90447,1977113.19,15098663.78613,0
1696550400000,7.469,7.764,7.432,7.639,3176035.64,1696636799999,24134850.62353,76272,1608211.72,12223529.64136,0
1696636800000,7.64,7.68,7.47,7.524,2235442.95,1696723199999,16934629.39497,53646,1020809.96,7737184.34845,0
1696723200000,7.521,7.948,7.5,7.673,5220385.39,1696809599999,40191832.55423,111364,2496311.76,19221327.83242,0
1696809600000,7.671,7.696,7.134,7.276,5400392.17,1696895999999,40026721.42072,136558,2538505.24,18821093.75254,0
1696896000000,7.276,7.392,7.174,7.259,3315249.53,1696982399999,24152207.66761,100496,1591747.39,11598397.91473,0
1696982400000,7.259,7.43,7.1,7.391,3701911.87,1697068799999,27006057.00437,118498,1831494.69,13367877.65126,0
1697068800000,7.39,7.416,7.115,7.197,3425077.36,1697155199999,24822409.42983,95626,1590518.64,11531855.68708,0
1697155200000,7.198,7.403,7.107,7.256,4244477.6,1697241599999,30666618.6949,89457,2020520.57,14603953.92852,0
1697241600000,7.257,7.373,7.205,7.331,1522386.46,1697327999999,11100863.28931,35368,764629.74,5578686.6321,0
1697328000000,7.331,7.568,7.285,7.423,2299972.73,1697414399999,17017438.84225,50872,1196803.47,8859078.36153,0
1697414400000,7.422,7.832,7.411,7.525,4491818.19,1697500799999,33964843.42367,119450,2306277.27,17444857.39,0
1697500800000,7.525,7.559,7.262,7.32,2869585.65,1697587199999,21226531.34853,65510,1288460.21,9527651.0366,0
1697587200000,7.32,7.483,7.28,7.356,2301928.23,1697673599999,16979414.97488,57757,1123736.45,8292956.02443,0
1697673600000,7.356,7.435,7.215,7.304,2421707.11,1697759999999,17759339.63534,59499,1150424.65,8435925.76998,0
1697760000000,7.304,7.71,7.261,7.57,4329807.55,1697846399999,32728827.35326,93955,2188008.81,16530438.14674,0
1697846400000,7.57,9.171,7.52,8.914,15593852.19,1697932799999,133634101.00988,380558,7999353.03,68504145.00342,0
1697932800000,8.914,10.288,8.839,10.19,18639585.65,1698019199999,176456914.83463,531601,9290658.87,88019121.29344,0
1698019200000,10.189,11.058,9.789,10.577,24657322.01,1698105599999,255886777.80713,714846,11942439.23,123969720.74049,0
1698105600000,10.578,11.15,9.661,10.372,17094050.82,1698191999999,175850424.5087,511856,8058401.93,82962367.11101,0
1698192000000,10.371,11.788,10.337,11.058,17153705.46,1698278399999,191623950.23086,562025,8290376.41,92651458.33211,0
1698278400000,11.059,11.392,10.348,10.928,10983527.2,1698364799999,119208669.04088,359773,5184376.86,56304000.17898,0
1698364800000,10.927,11.434,10.605,11.185,11720249.83,1698451199999,129451116.94823,427621,5629602.66,62231484.3928,0
1698451200000,11.184,11.666,10.819,10.923,7686066.07,1698537599999,86729883.32123,242142,3727735.64,42083718.50082,0
1698537600000,10.923,11.297,10.75,11.081,5275457.69,1698623999999,58255211.17639,159371,2577901.5,28460323.87346,0
1698624000000,11.085,11.854,10.89,11.22,9454805.93,1698710399999,106793709.23733,280872,4470458.8,50506148.32646,0
1698710400000,11.22,12.026,10.92,11.353,12476688.51,1698796799999,142813122.04359,362613,6031861.0,69050138.17491,0
1698796800000,11.352,11.786,10.647,11.638,10588892.04,1698883199999,118107823.74664,326348,4920042.22,54932340.69041,0
1698883200000,11.639,11.749,10.806,11.007,8003890.51,1698969599999,90049986.7764,246395,3727567.52,41972954.54759,0
1698969600000,11.007,11.596,10.5,11.46,8887394.75,1699055999999,98581602.62749,259282,4349234.85,48344633.80648,0
1699056000000,11.457,11.626,11.147,11.496,5234888.3,1699142399999,59443955.54407,146112,2529785.24,28725829.10686,0
1699142400000,11.496,12.559,11.356,12.231,11907068.54,1699228799999,143154909.31344,390095,5912857.99,71088367.06705,0
1699228800000,12.231,13.255,12.118,12.984,10027182.42,1699315199999,125991889.3028,352472,4967111.22,62469315.93188,0
1699315200000,12.984,13.34,12.528,13.04,11935472.54,1699401599999,154499235.8978,422682,5747329.38,74417277.03382,0
1699401600000,13.04,14.98,12.81,14.919,12601104.84,1699487999999,175239537.26609,452874,6183474.87,85884461.97041,0
1699488000000,14.918,15.99,13.589,14.603,18901164.92,1699574399999,280301399.72718,719457,9179408.7,136283985.13766,0
1699574400000,14.603,15.644,14.122,15.493,12832103.89,1699660799999,190685843.64798,490540,6170349.14,91743719.41033,0
1699660800000,15.502,16.6,14.708,16.477,11922184.55,1699747199999,187529355.93821,480735,5718538.19,89968936.36683,0
1699747200000,16.477,16.543,15.371,16.025,9480541.7,1699833599999,151077585.18664,373310,4571828.4,72865123.31267,0
1699833600000,16.025,16.3,14.304,14.358,10117089.62,1699919999999,153549320.18469,410940,4729801.53,71844286.02619,0
1699920000000,14.354,14.91,13.361,13.945,12808258.53,1700006399999,183276340.44336,455713,6183103.2,88508357.20277,0
1700006400000,13.947,15.389,13.93,15.027,9561100.03,1700092799999,141422139.78388,317567,4545440.61,67249517.97334,0
1700092800000,15.027,15.22,13.55,13.866,11515683.62,1700179199999,166032670.40601,430740,5259516.11,75897339.32413,0
1700179200000,13.866,14.269,12.853,13.702,10376868.15,1700265599999,140844962.09135,335009,4804044.05,65178890.98658,0
1700265600000,13.707,13.81,12.921,13.75,5989655.98,1700351999999,80700673.80889,179730,2916118.59,39297550.14361,0
1700352000000,13.751,15.054,13.369,14.908,8024107.07,1700438399999,114729933.55449,256182,3932120.33,56250489.42082,0
1700438400000,14.911,15.393,14.365,14.477,7852547.72,1700524799999,117470342.93036,293930,3747605.58,56086476.56582,0
1700524800000,14.475,14.663,13.3,13.359,9307600.94,1700611199999,130690622.72039,421106,4198100.06,58956036.11573,0
1700611200000,13.362,14.621,13.24,14.212,7341318.89,1700697599999,103981564.20852,237848,3619539.36,51293071.37321,0
1700697600000,14.213,14.887,14.122,14.398,5780105.38,1700783999999,83646270.85141,183612,2746773.97,39751756.87709,0
1700784000000,14.398,14.843,14.208,14.482,4360537.63,1700870399999,63064539.44479,147297,1991980.81,28826041.07893,0
1700870400000,14.481,14.975,14.376,14.762,3318038.65,1700956799999,48882638.95608,115215,1579291.21,23274599.63335,0
1700956800000,14.763,15.333,14.364,14.766,5240707.85,1701043199999,78025855.7933,188296,2510824.37,37385610.69788,0
1701043200000,14.768,15.3,13.88,14.186,6146071.04,1701129599999,88783677.67896,208291,2938910.82,42478481.02592,0
1701129600000,14.186,14.712,13.765,14.521,5394866.99,1701215999999,77128802.3456,158014,2463837.8,35236504.50259,0
1701216000000,14.524,14.993,14.376,14.511,4845528.8,1701302399999,70989583.41618,152720,2228157.71,32671702.4843,0
1701302400000,14.514,14.832,14.268,14.412,4398464.68,1701388799999,63719582.86703,137707,1997154.25,28947075.7843,0
1701388800000,14.411,15.048,14.271,14.988,4634512.61,1701475199999,68476548.32227,134581,2145178.79,31706160.94182,0
1701475200000,14.987,16.199,14.919,15.992,6568892.92,1701561599999,103112115.36964,223583,3348975.53,52555863.44984,0
1701561600000,15.992,16.29,15.666,15.705,4379093.89,1701647999999,69868182.81018,158907,2072567.62,33077113.01437,0
1701648000000,15.706,16.396,15.11,15.813,8826925.32,1701734399999,139434906.24724,302435,4167762.62,65893913.84028,0
1701734400000,15.812,16.088,15.178,15.729,7193745.83,1701820799999,111968205.436,218088,3385049.74,52688788.59624,0
1701820800000,15.72,16.164,15.232,15.268,8057101.19,1701907199999,126434036.28565,260644,3719472.18,58425345.78464,0
1701907200000,15.266,15.802,14.658,15.691,9080106.82,1701993599999,138728132.29109,286938,4430140.43,67665752.29469,0
1701993600000,15.688,17.324,15.55,16.925,10827786.35,1702079999999,177727228.50166,392323,5564078.69,91298981.95068,0
1702080000000,16.926,17.299,16.023,16.196,8430393.84,1702166399999,141427596.37533,283367,4004731.63,67207388.3644,0
1702166400000,16.195,16.454,15.791,16.367,4766574.66,1702252799999,77075783.57713,149643,2251370.52,36419970.05467,0
1702252800000,16.368,16.462,13.78,14.768,14107495.09,1702339199999,210262385.58783,525117,6533432.88,97351143.88992,0
1702339200000,14.767,15.138,14.17,14.523,7450890.25,1702425599999,109772316.28013,224669,3435377.68,50663919.68321,0
1702425600000,14.527,14.959,13.857,14.77,8205912.53,1702511999999,117925837.92027,226992,3999414.7,57488174.01287,0
1702512000000,14.773,15.586,14.21,15.37,8398653.34,1702598399999,126296875.80554,240704,4131653.1,62161656.60373,0
1702598400000,15.372,15.394,14.257,14.281,5588024.0,1702684799999,83190160.91558,152098,2522267.92,37544816.07767,0
1702684800000,14.281,14.801,14.086,14.32,3975469.06,1702771199999,57534750.23196,109411,1923774.65,27854969.49963,0
1702771200000,14.32,14.372,13.91,14.013,3560218.31,1702857599999,50496829.05702,101929,1588156.26,22532402.7676,0
1702857600000,14.016,14.681,13.633,14.674,8220244.73,1702943999999,116322335.44621,249063,4017220.24,56887851.14759,0
1702944000000,14.669,14.808,13.923,14.1,4715602.5,1703030399999,67856499.43635,128821,2218097.04,31931758.27164,0
1703030400000,14.1,14.805,13.975,14.253,5093239.98,1703116799999,73436419.14789,133521,2513385.88,36255261.86879,0
1703116800000,14.252,15.311,14.179,15.305,6978195.1,1703203199999,103275598.51638,197450,3623296.37,53659546.96344,0
1703203200000,15.306,15.729,14.969,15.479,6378166.47,1703289599999,97981959.72098,206013,3120698.14,47953249.20362,0
1703289600000,15.478,15.9,14.894,15.682,6241227.2,1703375999999,96703831.33163,177827,3191010.46,49477002.75708,0
1703376000000,15.682,15.95,15.11,15.262,5937006.95,1703462399999,92802129.55644,199417,2946567.1,46101366.65698,0
1703462400000,15.263,15.802,15.12,15.585,5182592.13,1703548799999,79928546.31045,148934,2472605.3,38114375.34074,0
1703548800000,15.586,15.9,14.3,15.092,6443612.14,1703635199999,97836193.17875,214568,3094780.88,47062797.51301,0
1703635200000,15.092,16.75,14.646,16.709,8604959.81,1703721599999,136785210.09551,276733,4319867.8,68726578.2027,0
1703721600000,16.711,17.672,15.975,16.005,12399584.63,1703807999999,209252738.19674,442153,6106473.37,103159541.0337,0
1703808000000,16.006,16.224,15.116,15.54,7020535.98,1703894399999,110618351.40606,232636,3255728.97,51328123.09343,0
1703894400000,15.539,15.623,15.017,15.167,2951588.48,1703980799999,45123375.11613,113096,1295483.94,19797078.54362,0
1703980800000,15.17,15.528,14.77,14.941,3495890.27,1704067199999,53145917.53242,108055,1663946.37,25313935.50255,0
1704067200000,14.942,15.58,14.81,15.548,3173937.89,1704153599999,48410299.5335,98335,1541344.24,23524749.84843,0
1704153600000,15.547,16.063,15.017,15.166,5675020.93,1704239999999,88582158.81126,161201,2643502.01,41267267.56273,0
1704240000000,15.165,15.578,12.2,14.148,10147635.17,1704326399999,143513686.83934,349177,4729253.47,66876744.39624,0
1704326400000,14.148,14.777,13.975,14.526,4365827.16,1704412799999,62880870.46925,126458,2103975.27,30309458.2714,0
1704412800000,14.53,14.655,13.705,14.091,6076419.59,1704499199999,86179566.41586,191464,3028211.62,42918646.11621,0
1704499200000,14.092,14.098,13.18,13.436,3565461.87,1704585599999,48206687.88498,124013,1846086.62,24956578.20197,0
1704585600000,13.435,13.741,13.0,13.151,3045099.87,1704671999999,41054293.34619,92044,1496859.63,20191890.59572,0
1704672000000,13.155,14.402,12.527,14.139,6343630.56,1704758399999,85708213.74553,208023,3043522.61,41114428.10643,0
1704758400000,14.143,14.25,13.242,13.716,6089402.93,1704844799999,83646753.23174,188402,2963407.43,40729418.23182,0
1704844800000,13.716,15.363,13.563,15.072,6108662.9,1704931199999,87012368.77934,220501,3019434.76,43029376.64546,0
1704931200000,15.073,15.695,14.597,15.022,5971021.52,1705017599999,90221354.98828,201569,2974289.66,44938422.82604,0
1705017600000,15.021,15.304,13.59,14.151,5199803.58,1705103999999,76063919.32785,192660,2568018.25,37574822.27833,0
1705104000000,14.155,14.43,13.788,14.345,2403223.09,1705190399999,34062289.54046,85286,1169740.06,16580461.3363,0
1705190400000,14.345,15.434,14.267,14.755,6981289.71,1705276799999,104648731.27882,223767,3492000.05,52338678.14896,0
1705276800000,14.755,16.018,14.75,15.185,7120605.92,1705363199999,110499086.02243,251461,3710704.05,57589851.86277,0
1705363200000,15.185,15.365,14.739,15.271,3995089.65,1705449599999,60443747.66732,139846,1782635.53,26978661.41365,0
1705449600000,15.267,16.395,15.267,15.761,8906227.12,1705535999999,141244276.42517,275190,4574003.28,72558002.3537,0
1705536000000,15.761,15.773,14.189,14.658,6730412.48,1705622399999,100766459.45176,224506,2863463.16,42892089.74659,0
1705622400000,14.658,16.415,14.461,16.118,9958120.37,1705708799999,152384672.95382,292986,5237234.83,80218265.2885,0
1705708800000,16.118,16.61,15.624,15.781,8343648.47,1705795199999,134024889.72297,237206,4261352.58,68541564.75761,0
1705795200000,15.781,15.912,15.365,15.396,3466755.98,1705881599999,54168056.07828,106949,1662526.61,25991984.37968,0
1705881600000,15.393,15.974,14.507,14.598,8999991.39,1705967999999,136876085.88633,257738,4372003.39,66561797.90534,0
1705968000000,14.597,14.886,13.561,14.3,7634724.2,1706054399999,108046194.11044,236181,3387468.02,47940363.73993,0
1706054400000,14.298,14.442,13.911,14.243,4902671.9,1706140799999,69367952.09241,130552,2360357.1,33405133.5165,0
1706140800000,14.242,14.261,13.506,13.744,3983863.76,1706227199999,54985527.16049,100291,1971294.03,27216576.88525,0
1706227200000,13.744,14.3,13.637,14.187,4124078.3,1706313599999,57876011.27382,98284,2040669.74,28628447.27868,0
1706313600000,14.188,14.4,14.091,14.345,2101656.52,1706399999999,29982600.03758,50239,1085209.12,15483689.28321,0
1706400000000,14.341,14.7,14.201,14.48,3924457.9,1706486399999,56753018.67047,92379,2124197.29,30729091.23157,0
1706486400000,14.479,15.081,14.265,15.004,5591006.51,1706572799999,82412342.22473,129986,2769901.95,40830060.73707,0
1706572800000,15.004,15.805,14.895,15.475,6613663.41,1706659199999,101537444.75931,167562,3323210.45,50977545.1628,0
1706659200000,15.474,16.06,15.083,15.429,9675848.46,1706745599999,151455614.08874,239358,4737860.55,74203793.9029,0
1706745600000,15.427,17.382,15.147,17.19,15982416.79,1706831999999,260696961.62748,424446,8342615.21,136248310.36282,0
1706832000000,17.192,18.88,17.132,17.828,18593885.47,1706918399999,335752047.10345,575693,9653658.11,174288299.82148,0
1706918400000,17.827,18.148,17.502,17.658,7618053.39,1707004799999,135768023.96605,188502,3614138.57,64439109.91413,0
1707004800000,17.661,18.711,17.532,18.153,7542592.91,1707091199999,136708704.23616,212136,3707783.68,67210218.69103,0
1707091200000,18.154,19.794,17.806,19.164,11701737.55,1707177599999,222110438.40201,394436,5694352.91,108157734.64033,0
1707177600000,19.163,19.333,18.21,18.287,7718020.78,1707263999999,144957782.21098,223752,3470871.53,65253728.75975,0
1707264000000,18.287,19.077,18.021,18.817,6288753.44,1707350399999,116099264.62914,193624,3064290.56,56575936.91508,0
1707350400000,18.818,19.271,17.969,18.212,6386966.04,1707436799999,118829903.5195,206064,3088140.52,57496279.03528,0
1707436800000,18.209,18.625,17.973,18.47,5692887.07,1707523199999,104384521.12498,189169,2770255.0,50803643.60098,0
1707523200000,18.47,19.17,17.986,19.084,4237108.87,1707609599999,78346370.59898,154758,2020224.53,37390914.51841,0
1707609600000,19.083,20.676,18.829,20.146,8729373.41,1707695999999,175091237.48581,320398,4287292.5,85900379.7635,0
1707696000000,20.147,20.856,19.751,20.465,9061699.87,1707782399999,184402354.62064,327306,4416614.93,89956251.51076,0
1707782400000,20.467,20.592,19.45,19.87,6228394.6,1707868799999,124378539.55182,223689,2834059.66,56634382.34291,0
1707868800000,19.869,20.43,19.702,20.24,5075660.98,1707955199999,102253074.33663,181534,2320640.76,46749553.93877,0
1707955200000,20.24,20.524,19.65,19.932,4869032.92,1708041599999,97647045.91914,187933,2157024.25,43268255.12109,0
1708041600000,19.931,20.31,19.116,19.551,4600202.39,1708127999999,90757236.43581,174457,2066747.46,40805685.95329,0
1708128000000,19.555,20.273,19.218,20.032,3715998.41,1708214399999,73120457.60744,145112,1873509.05,36867769.97599,0
1708214400000,20.031,20.373,19.752,20.119,2893117.13,1708300799999,57911475.34542,113051,1364179.92,27310044.715,0
1708300800000,20.12,20.245,19.647,19.832,4131134.93,1708387199999,82556516.09926,146563,1931828.88,38602442.75395,0
1708387200000,19.832,19.883,18.378,19.281,5699014.63,1708473599999,110028447.41696,202223,2589172.06,49988595.30097,0
1708473600000,19.281,19.287,18.0,18.594,4953060.58,1708559999999,91705367.23368,168528,2503163.03,46379935.23884,0
1708560000000,18.594,19.014,18.078,18.121,4209962.51,1708646399999,77791612.42669,144015,2099893.79,38821944.6118,0
1708646400000,18.12,18.286,17.56,17.935,4920946.76,1708732799999,88340099.7093,163591,2537957.83,45560173.14071,0
1708732800000,17.936,18.564,17.756,18.533,2305801.67,1708819199999,42167516.31767,80863,1206675.43,22072984.82051,0
1708819200000,18.533,18.859,18.37,18.722,2002911.08,1708905599999,37291396.05309,73179,1033125.28,19236279.63771,0
1708905600000,18.721,19.264,18.128,19.083,4454205.75,1708991999999,83595331.06823,142781,2196754.97,41217483.02095,0
1708992000000,19.083,19.362,18.662,19.023,4823735.82,1709078399999,92098585.27813,186878,2317443.36,44261198.03479,0
1709078400000,19.022,20.87,18.006,19.43,13518121.88,1709164799999,263558313.60712,632554,6696826.21,130698442.17545,0
1709164800000,19.43,20.455,18.801,19.274,8082763.33,1709251199999,160126241.27135,418884,4020748.87,79670396.25801,0
1709251200000,19.274,20.1,19.266,20.051,4054690.97,1709337599999,80257853.74536,223569,1875736.33,37132824.03714,0
1709337600000,20.052,21.69,19.956,21.398,7764412.97,1709423999999,163185570.13252,413457,4022790.62,84558573.70242,0
1709424000000,21.397,21.536,19.38,20.507,5670314.05,1709510399999,116500660.57904,335751,2677505.03,55007493.07902,0
1709510400000,20.507,20.895,19.82,20.416,6487639.07,1709596799999,132319926.31279,384720,3063407.64,62495658.96561,0
1709596800000,20.415,21.055,16.553,18.973,13545293.99,1709683199999,266234738.93392,785009,6449145.89,126990482.79371,0
1709683200000,18.973,20.152,18.389,20.085,6863998.61,1709769599999,133144093.87503,413602,3261600.05,63229711.99583,0
1709769600000,20.084,20.4,19.591,20.091,4703308.76,1709855999999,94128714.76551,280551,2240532.32,44828525.29948,0
1709856000000,20.092,20.391,19.14,19.699,5624596.13,1709942399999,111443901.13223,289342,2657424.64,52668254.44189,0
1709942400000,19.698,20.33,19.659,19.972,3713915.75,1710028799999,74275087.13876,169696,1781404.83,35637968.85947,0
1710028800000,19.973,21.96,19.379,21.68,6536500.81,1710115199999,133333119.0158,324660,3358581.02,68523987.87617,0
1710115200000,21.682,22.868,20.661,21.277,13248286.27,1710201599999,284360477.15631,631543,6603365.97,141771030.70352,0
1710201600000,21.277,21.341,19.516,20.704,9044025.32,1710287999999,185424289.08475,389551,4334481.71,88882772.97734,0
1710288000000,20.705,20.96,20.201,20.751,5205529.64,1710374399999,107163180.19576,225351,2586792.11,53279336.84298,0
1710374400000,20.752,21.949,19.87,20.88,12982071.97,1710460799999,272546001.8235,576930,6558111.66,137864045.03227,0
1710460800000,20.88,20.998,18.452,19.63,10111374.57,1710547199999,197487212.3742,557347,4739517.68,92508578.87182,0
1710547200000,19.633,19.829,17.806,18.115,6655371.41,1710633599999,125586774.53568,337167,3208356.65,60577628.06355,0
1710633600000,18.114,18.832,17.383,18.666,5308088.19,1710719999999,96794666.98712,259816,2809443.78,51289627.54621,0
1710720000000,18.666,19.494,18.043,18.301,7337983.8,1710806399999,137663354.97982,414738,3741265.27,70204283.48037,0
1710806400000,18.3,18.462,16.5,16.805,11140933.14,1710892799999,193299221.39321,523629,5382696.45,93409083.37802,0
1710892800000,16.804,18.5,16.244,18.412,8681676.8,1710979199999,150519292.98809,409545,4260856.11,73911739.14648,0
1710979200000,18.413,18.919,17.874,18.458,5074727.17,1711065599999,93456294.70775,286285,2520086.8,46412687.9669,0
1711065600000,18.458,18.584,17.325,18.367,4407460.12,1711151999999,79223048.09665,250141,2109908.07,37927921.66019,0
1711152000000,18.367,18.47,17.89,18.063,2509664.7,1711238399999,45968254.46026,128912,1244239.96,22793532.95733,0
1711238400000,18.063,18.628,17.97,18.518,1938843.98,1711324799999,35448067.06363,112225,989814.61,18103788.40538,0
1711324800000,18.519,19.497,18.372,19.375,3415287.99,1711411199999,64995356.77808,186229,1774010.93,33758938.49113,0
1711411200000,19.375,20.737,19.331,20.007,5054832.06,1711497599999,101403459.46345,297551,2574558.64,51646401.81874,0
1711497600000,20.007,20.186,19.002,19.289,4359990.06,1711583999999,85029021.92533,229108,2086028.93,40694039.74661,0
1711584000000,19.29,19.808,19.043,19.148,3051983.73,1711670399999,59097381.25182,182835,1461114.9,28297750.56753,0
1711670400000,19.148,19.294,18.71,18.967,2573526.7,1711756799999,48797214.22827,145219,1231577.55,23354789.70772,0
1711756800000,18.967,19.291,18.783,18.933,2095740.16,1711843199999,39912362.38394,115466,1094798.84,20847361.94212,0
1711843200000,18.932,19.35,18.872,19.171,1590144.42,1711929599999,30385988.1151,83618,790208.44,15101712.8333,0
1711929600000,19.17,19.275,17.856,18.358,3750501.14,1712015999999,69143799.68535,201944,1811445.83,33384967.46053,0
1712016000000,18.358,18.486,17.366,17.952,6634337.92,1712102399999,118980926.80136,251579,3456867.43,62020957.35888,0
1712102400000,17.953,18.337,17.38,17.687,3386259.96,1712188799999,60645794.95846,127902,1630672.9,29212560.60723,0
1712188800000,17.683,18.26,17.395,17.791,2903628.96,1712275199999,51782770.48602,118837,1467756.13,26173846.71119,0
1712275200000,17.79,17.791,16.862,17.325,2837274.08,1712361599999,49100447.22192,140287,1360926.2,23556548.23223,0
1712361600000,17.326,17.676,17.262,17.559,1487887.06,1712447999999,25989471.66445,69445,739072.86,12915567.8268,0
1712448000000,17.56,17.973,17.501,17.913,1694095.78,1712534399999,30020481.24214,83337,854582.78,15147440.93766,0
1712534400000,17.913,18.677,17.545,18.101,3848266.56,1712620799999,70168343.97081,159113,2133385.57,38899770.79767,0
1712620800000,18.1,18.181,17.241,17.362,3030395.75,1712707199999,53498413.62548,121057,1562458.23,27586601.86775,0
1712707200000,17.362,17.579,16.801,17.417,3470763.22,1712793599999,59883140.18139,173803,1663494.14,28710552.51546,0
1712793600000,17.417,17.62,17.006,17.555,1923583.47,1712879999999,33357319.38486,109467,924658.2,16029351.8551,0
1712880000000,17.554,17.869,13.368,15.156,12185442.13,1712966399999,186329086.53952,515870,5589612.9,85557772.68936,0
1712966400000,15.155,15.398,11.788,13.288,14506798.73,1713052799999,196434467.7536,587565,7218666.05,97559983.87998,0
1713052800000,13.288,14.256,12.717,14.098,10069683.52,1713139199999,136422048.53959,449542,5038697.25,68240857.42992,0
1713139200000,14.099,14.668,13.222,13.58,7325684.02,1713225599999,102508797.07606,334944,3565815.6,49905578.49913,0
1713225600000,13.582,13.814,12.816,13.46,4853855.31,1713311999999,64584389.9696,242291,2441552.25,32494347.9055,0
1713312000000,13.459,13.608,12.718,13.133,4828560.16,1713398399999,63770701.6001,227013,2282013.32,30153090.78487,0
1713398400000,13.132,13.984,12.815,13.887,3966318.26,1713484799999,52833808.63222,200369,1996101.31,26633227.45065,0
1713484800000,13.888,14.119,12.742,13.946,6021268.15,1713571199999,81859863.55707,286669,3019895.95,41059294.08496,0
1713571200000,13.945,15.037,13.746,14.959,3117853.09,1713657599999,44786506.81006,154081,1541558.32,22159943.25256,0
1713657600000,14.958,15.178,14.527,15.105,2115579.19,1713743999999,31444269.22872,118853,1060936.2,15771441.44699,0
1713744000000,15.105,16.039,15.012,15.445,4323797.19,1713830399999,67103232.57667,200841,2211318.2,34313750.70086,0
1713830400000,15.445,15.572,15.098,15.178,2579511.45,1713916799999,39562620.80913,124783,1322895.51,20290404.44241,0
1713916800000,15.178,15.638,14.361,14.536,4135836.88,1714003199999,61931876.68316,190752,2043110.83,30599389.56319,0
1714003200000,14.536,14.902,14.352,14.593,3431332.32,1714089599999,50197535.2519,166732,1723858.93,25221286.49191,0
1714089600000,14.594,14.934,14.348,14.49,2739843.04,1714175999999,40114877.7797,151731,1297240.76,18998834.22728,0
1714176000000,14.491,14.525,13.87,14.267,2913028.82,1714262399999,41192661.43715,148671,1408274.32,19922025.15214,0
1714262400000,14.267,14.443,13.729,13.809,1626015.75,1714348799999,23006422.76311,85153,809469.65,11457843.06884,0
1714348800000,13.809,14.186,13.714,14.074,2244207.74,1714435199999,31244980.90554,132081,1113255.7,15503449.60567,0
1714435200000,14.075,14.207,12.768,13.129,3667884.32,1714521599999,48812528.68349,196378,1693984.64,22567852.96372,0
1714521600000,13.128,13.506,12.35,13.347,4938418.64,1714607999999,63768531.38039,254363,2334542.51,30149887.34563,0
1714608000000,13.348,13.776,12.926,13.59,2408170.3,1714694399999,32470226.73454,116800,1137931.49,15335315.34827,0
1714694400000,13.59,14.2,13.459,14.093,2185366.29,1714780799999,30180754.91247,106279,1113886.43,15376692.03774,0
1714780800000,14.093,14.48,13.973,14.316,2150934.56,1714867199999,30620958.07491,98341,1162574.69,16547658.46402,0
1714867200000,14.317,14.662,14.11,14.371,1494724.41,1714953599999,21416508.55613,85829,706269.7,10122802.20088,0
1714953600000,14.371,15.165,14.277,14.484,3244647.01,1715039999999,47949159.52999,164970,1548652.89,22882412.18832,0
1715040000000,14.484,14.725,13.963,13.997,2558935.56,1715126399999,36780917.17889,144682,1220462.22,17552261.4814,0
1715126400000,13.997,14.121,13.689,13.9,2688746.46,1715212799999,37390609.20232,131552,1314237.45,18279633.6586,0
1715212800000,13.899,14.369,13.842,14.237,2293030.1,1715299199999,32267834.28268,111363,1172147.16,16490773.16379,0
1715299200000,14.237,14.37,13.5,13.564,2824808.84,1715385599999,39210541.46742,138210,1343204.48,18660198.9643,0
1715385600000,13.565,13.812,13.28,13.306,1322923.76,1715471999999,17891073.10781,61814,629249.39,8511480.35988,0
1715472000000,13.306,13.595,13.284,13.559,932004.7,1715558399999,12540149.18085,45701,470410.9,6328370.21143,0
1715558400000,13.559,13.678,13.076,13.393,2514847.72,1715644799999,33788159.45687,103632,1206713.55,16215323.67408,0
1715644800000,13.392,13.6,12.933,12.98,2612434.88,1715731199999,34651990.37375,73895,1242001.22,16493644.80564,0
1715731200000,12.985,13.938,12.84,13.865,2926889.87,1715817599999,39094126.12478,109924,1474630.81,19703324.37763,0
1715817600000,13.867,15.866,13.537,15.516,7412429.35,1715903999999,109596758.08333,271954,3889247.78,57462805.90706,0
1715904000000,15.516,16.765,15.478,16.231,9400608.31,1715990399999,151694684.95919,402520,4724536.37,76275010.55066,0
1715990400000,16.231,16.567,16.05,16.329,3328563.95,1716076799999,54178328.01008,134345,1675513.11,27278139.49188,0
1716076800000,16.33,17.136,16.3,16.56,4967635.46,1716163199999,82796253.85751,211112,2523995.57,42075286.85415,0
1716163200000,16.56,17.46,16.362,17.262,6577697.92,1716249599999,110623422.20124,299604,3204308.99,53894581.87646,0
1716249600000,17.263,17.439,16.51,16.739,5456936.22,1716335999999,92095128.35,210835,2517911.13,42481998.24761,0
1716336000000,16.741,16.929,16.148,16.354,4024068.18,1716422399999,66519417.2489,171028,1830995.33,30270350.4411,0
1716422400000,16.352,16.808,15.442,16.596,5766263.23,1716508799999,93811325.01619,249885,2746344.88,44690761.66555,0
1716508800000,16.596,17.798,16.56,17.25,7298192.05,1716595199999,126210221.12192,285342,3530700.48,61046354.48852,0
1716595200000,17.25,17.472,16.912,17.443,2426265.67,1716681599999,41668842.90567,104220,1202035.34,20646179.31019,0
1716681600000,17.442,17.915,16.991,17.042,3214720.65,1716767999999,55975360.47582,129901,1609525.76,28041445.61511,0
1716768000000,17.042,18.867,16.878,18.786,5638537.81,1716854399999,101809382.62813,244229,2874647.37,51961815.03052,0
1716854400000,18.791,18.838,17.847,18.528,5603881.79,1716940799999,102437426.27287,220611,2731184.15,49922689.82764,0
1716940800000,18.539,19.22,18.036,18.453,4377221.2,1717027199999,81824480.14262,203674,2064043.65,38608984.09141,0
1717027200000,18.453,19.207,17.781,17.944,3752099.99,1717113599999,68901339.3941,182696,1750140.01,32156495.27484,0
1717113600000,17.943,18.74,17.461,18.414,3063262.06,1717199999999,55169560.14045,151826,1477937.17,26632252.33305,0
1717200000000,18.411,18.686,18.266,18.443,1410910.67,1717286399999,26093242.6873,70502,700450.76,12956748.68118,0
1717286400000,18.442,18.566,18.072,18.143,1523835.06,1717372799999,27912583.96317,79018,699312.91,12809735.15213,0
1717372800000,18.142,18.359,17.539,17.629,2446283.0,1717459199999,43905977.56663,116312,1108700.1,19904712.0902,0
1717459200000,17.629,17.852,17.474,17.716,1872549.09,1717545599999,33108741.01947,86647,827500.23,14632696.78414,0
1717545600000,17.716,18.082,17.6,17.741,2229505.03,1717631999999,39721212.45145,90205,1015191.22,18102421.67836,0
1717632000000,17.743,17.776,17.102,17.248,2933861.04,1717718399999,51171292.36675,110233,1229818.86,21461296.5384,0
1717718400000,17.248,17.722,15.3,16.318,4192706.62,1717804799999,70071328.53364,204195,1908729.47,31960430.3684,0
1717804800000,16.319,16.421,15.682,15.928,1915926.5,1717891199999,30705500.20944,80375,855342.85,13696165.63427,0
1717891200000,15.929,16.383,15.901,16.372,1099628.14,1717977599999,17672329.90944,44208,567074.89,9115665.01588,0
1717977600000,16.371,16.39,15.76,15.905,1775765.43,1718063999999,28406239.59595,70320,880224.46,14081947.00298,0
1718064000000,15.906,15.913,14.662,14.988,3486215.88,1718150399999,53360601.49149,135904,1615295.04,24728399.40298,0
1718150400000,14.987,16.236,14.73,16.006,3534449.74,1718236799999,55451609.03928,144271,1802002.04,28263228.49999,0
1718236800000,16.007,16.05,15.052,15.141,2308110.11,1718323199999,35648129.52781,104113,1093606.47,16887517.36236,0
1718323200000,15.139,15.462,14.469,14.744,2962457.3,1718409599999,44344526.07192,112414,1427230.1,21377064.44293,0
1718409600000,14.745,15.113,14.702,14.857,1563299.76,1718495999999,23307238.40683,65714,782684.96,11670328.04786,0
1718496000000,14.859,15.23,14.57,15.144,1514250.0,1718582399999,22623114.31908,61244,748255.56,11178172.34362,0
1718582400000,15.141,15.22,14.017,14.523,2994665.1,1718668799999,43520971.91832,114404,1442214.54,20962646.45488,0
1718668800000,14.522,14.62,12.931,13.986,5575818.39,1718755199999,75772985.08947,222876,2661933.59,36168732.41169,0
1718755200000,13.986,14.503,13.913,14.345,2075689.63,1718841599999,29587077.81995,89803,1051930.62,14996517.02173,0
1718841600000,14.346,14.86,14.192,14.255,1908530.59,1718927999999,27641464.2479,84166,931548.26,13497074.0794,0
1718928000000,14.26,14.595,13.844,13.848,3109887.06,1719014399999,44259723.52028,118665,1394567.7,19861691.33671,0
1719014400000,13.849,13.912,13.468,13.482,1389556.99,1719100799999,19049290.08838,53940,653605.61,8961606.80357,0
1719100800000,13.483,13.685,13.123,13.194,1460540.28,1719187199999,19660625.41784,58524,717777.23,9668488.91387,0
1719187200000,13.194,13.689,12.63,13.617,3776245.24,1719273599999,49893335.76386,149533,1877240.64,24816364.61175,0
1719273600000,13.617,14.291,13.571,14.198,2163785.76,1719359999999,30234318.08154,84648,1067811.39,14922728.76142,0
1719360000000,14.197,14.293,13.857,13.915,1473178.38,1719446399999,20708639.63275,61023,722425.28,10156715.37931,0
1719446400000,13.917,14.63,13.585,14.433,2616406.14,1719532799999,36877510.92982,95310,1337821.76,18890397.46775,0
1719532800000,14.432,14.6,13.757,13.778,2211079.82,1719619199999,31484531.74658,101572,971765.86,13847201.69315,0
1719619200000,13.777,14.167,13.481,13.543,1485231.67,1719705599999,20507933.28121,61724,666871.13,9214656.93037,0
1719705600000,13.544,14.35,13.451,14.281,1645240.48,1719791999999,22634093.74383,57471,871867.74,11993761.9588,0
1719792000000,14.279,14.579,14.22,14.338,1755091.25,1719878399999,25246456.98834,70302,873563.66,12569337.13211,0
1719878400000,14.338,14.754,14.245,14.415,2151743.28,1719964799999,31255819.9625,81203,980410.32,14246116.99166,0
1719964800000,14.413,14.596,13.5,13.589,3543779.54,1720051199999,50200003.43705,143070,1487700.73,21109386.26791,0
1720051200000,13.59,13.739,12.512,12.538,4607993.13,1720137599999,60327391.91545,185079,2142274.41,28052318.54473,0
1720137600000,12.539,12.549,11.053,12.311,8073983.29,1720223999999,95362871.17224,297252,3817410.54,45057983.94777,0
1720224000000,12.312,13.283,12.187,13.18,1887193.74,1720310399999,23916467.89665,72876,966620.93,12258890.64608,0
1720310400000,13.18,13.195,12.289,12.352,1659445.12,1720396799999,21119755.17104,74799,788761.71,10035695.41986,0
1720396800000,12.355,13.526,11.772,13.121,3902970.7,1720483199999,50276492.08459,181166,1888798.81,24337857.19704,0
1720483200000,13.119,13.316,12.73,12.841,3025500.29,1720569599999,39263137.55584,130875,1332258.85,17290869.68879,0
1720569600000,12.841,13.168,12.69,12.79,2316344.53,1720655999999,29878993.33726,83011,1014599.68,13090639.59372,0
1720656000000,12.791,13.191,12.291,12.347,2913398.11,1720742399999,37169659.23675,107979,1294707.51,16532788.47457,0
1720742400000,12.343,12.829,12.228,12.74,3147280.64,1720828799999,39356669.04637,96307,1437528.25,17968222.35756,0
1720828800000,12.743,13.136,12.7,13.021,1843029.13,1720915199999,23881659.38673,68977,878764.66,11390490.0785,0
1720915200000,13.019,13.527,12.889,13.448,2749845.4,1721001599999,36209482.47733,80589,1447756.2,19066600.62203,0
1721001600000,13.448,14.511,13.405,14.394,3174140.86,1721087999999,44282081.63383,120356,1588476.97,22156917.44768,0
1721088000000,14.399,14.622,13.814,14.206,3371919.54,1721174399999,48033949.20382,137471,1482865.64,21124088.66097,0
1721174400000,14.208,14.504,13.73,13.737,2632485.26,1721260799999,37332174.45215,104790,1113508.43,15806320.86699,0
1721260800000,13.737,14.003,13.414,13.593,2447987.26,1721347199999,33593451.20059,83011,1073259.18,14731266.78703,0
1721347200000,13.592,14.139,13.335,14.076,2608696.21,1721433599999,35873622.46963,91026,1155086.34,15894631.45384,0
1721433600000,14.076,14.333,13.849,14.247,1546995.05,1721519999999,21803002.06585,57698,811082.73,11433342.01763,0
1721520000000,14.246,15.196,13.944,14.816,3427519.11,1721606399999,49736239.62883,143821,1734697.38,25157927.95808,0
1721606400000,14.817,14.881,13.78,13.93,1647419.89,1721692799999,23537598.89128,75343,720600.65,10320055.09198,0
1721692800000,13.93,14.17,13.494,13.91,1421942.97,1721779199999,19724004.18863,64656,712739.41,9891549.00987,0
1721779200000,13.9,13.96,13.25,13.4,1256030.46,1721865599999,17184424.89843,48310,580717.8,7966343.91532,0
1721865600000,13.41,13.45,12.47,12.94,1885396.08,1721951999999,24329947.43362,74571,878166.84,11340406.08072,0
1721952000000,12.93,13.64,12.91,13.53,1174587.03,1722038399999,15696596.4254,40853,592206.14,7916418.5734,0
1722038400000,13.53,13.88,13.26,13.54,1460433.56,1722124799999,19844666.7282,48432,682863.74,9285705.3924,0
1722124800000,13.55,13.65,13.19,13.3,705440.02,1722211199999,9473690.2123,27023,355883.8,4782185.4564,0
1722211200000,13.3,13.91,13.3,13.53,1524616.75,1722297599999,20801764.8055,52071,789554.24,10775118.5785,0
1722297600000,13.53,13.8,12.98,13.14,1362496.85,1722383999999,18289862.0967,45593,671574.59,9006570.9342,0
1722384000000,13.13,13.42,12.768,12.83,1497800.16,1722470399999,19618608.99638,47170,680154.76,8907987.9889,0
1722470400000,12.82,13.1,12.12,12.88,1870585.71,1722556799999,23652328.77057,61105,852787.49,10778847.3848,0
1722556800000,12.88,12.96,11.76,11.93,2658270.91,1722643199999,32567873.24865,84671,1130442.62,13822517.0134,0
1722643200000,11.92,12.14,11.34,11.68,1748000.69,1722729599999,20534667.91591,56713,797411.09,9374267.322,0
1722729600000,11.69,11.79,10.48,10.88,2457740.26,1722815999999,27172447.28827,69649,1125221.07,12442389.07045,0
1722816000000,10.88,10.97,8.08,9.49,17206780.72,1722902399999,156754898.71542,415779,8324481.39,75705515.21697,0
1722902400000,9.49,10.7,9.47,10.07,3797828.71,1722988799999,38306218.0025,122467,1840195.81,18582116.9127,0
1722988800000,10.06,10.49,9.39,9.48,2916617.05,1723075199999,28871324.2995,112822,1214446.26,12045152.704,0
1723075200000,9.49,10.84,9.34,10.75,2764327.55,1723161599999,28041256.5433,90317,1473634.83,14957597.0682,0
1723161600000,10.74,10.75,10.16,10.53,1744241.58,1723247999999,18220104.9101,60598,803589.29,8393959.3616,0
1723248000000,10.53,10.71,10.47,10.55,971316.1,1723334399999,10281526.8423,32124,462204.78,4894883.9493,0
1723334400000,10.56,10.84,9.94,10.0,1547361.69,1723420799999,16123415.2788,54074,685434.2,7152685.932,0
1723420800000,10.0,10.75,9.94,10.56,2572403.11,1723507199999,26700768.8802,96350,1334655.55,13857095.0098,0
1723507200000,10.55,10.69,10.09,10.58,1953151.78,1723593599999,20358607.7391,66546,940535.16,9802593.6282,0
1723593600000,10.58,10.74,10.21,10.39,1606087.78,1723679999999,16865548.6983,61816,719166.22,7557085.0494,0
1723680000000,10.39,10.69,9.98,10.17,2065975.02,1723766399999,21335970.6178,96083,972779.91,10048959.1379,0
1723766400000,10.17,10.4,9.91,10.12,1412866.98,1723852799999,14333131.3154,82770,681547.64,6918061.7782,0
1723852800000,10.13,10.18,10.03,10.16,660305.04,1723939199999,6672107.8226,30472,341527.99,3452212.3001,0
1723939200000,10.16,10.48,10.06,10.09,1294898.35,1724025599999,13284672.7061,50394,648358.37,6652376.8862,0
1724025600000,10.09,10.2,9.94,10.19,1446198.29,1724111999999,14553574.2244,63945,692995.14,6975042.0346,0
1724112000000,10.19,10.55,10.04,10.23,1584395.02,1724198399999,16369062.4349,70357,819977.85,8473232.542,0
1724198400000,10.24,11.4,10.14,11.22,2603911.22,1724284799999,28070836.8315,124469,1408832.71,15212513.5785,0
1724284800000,11.21,11.62,11.14,11.48,2372692.02,1724371199999,26938794.2177,114914,1183712.93,13446184.2073,0
1724371200000,11.48,12.21,11.45,12.05,2511841.64,1724457599999,29477737.0018,142425,1278268.02,15018977.7031,0
1724457600000,12.06,12.56,11.9,12.35,1890917.97,1724543999999,23050338.4369,102804,939847.34,11478221.6563,0
1724544000000,12.34,12.39,11.94,12.1,1680258.12,1724630399999,20401860.2357,114718,768143.72,9331994.1123,0
1724630400000,12.1,12.7,11.83,11.83,2726249.26,1724716799999,33412958.1766,152306,1324106.54,16247765.9683,0
1724716800000,11.83,12.06,10.9,11.16,2512859.8,1724803199999,29037748.7208,175570,1129041.4,13034757.7103,0
1724803200000,11.15,11.71,10.93,11.17,2391451.06,1724889599999,26925320.9453,187660,1147736.79,12924976.4362,0
1724889600000,11.17,11.47,10.81,10.94,1488137.35,1724975999999,16600245.2303,96662,694716.25,7754962.959,0
1724976000000,10.94,11.2,10.5,11.11,1605908.27,1725062399999,17519267.7637,105217,746073.27,8142430.1348,0
1725062400000,11.12,11.21,10.93,11.02,762838.01,1725148799999,8457110.7285,38581,367757.32,4079286.6489,0
1725148800000,11.02,11.02,10.23,10.37,1509016.4,1725235199999,16102186.8078,86565,661428.71,7062399.6772,0
1725235200000,10.37,10.84,10.32,10.77,1315079.57,1725321599999,13948067.3613,86450,630309.8,6682378.2634,0
1725321600000,10.77,10.88,10.21,10.31,1596734.24,1725407999999,16755650.4746,81922,769586.55,8072247.85,0
1725408000000,10.32,10.5,9.82,10.34,2274543.36,1725494399999,23237025.0498,122395,998190.36,10209765.5097,0
1725494400000,10.33,10.4,9.91,10.03,1234400.81,1725580799999,12507768.2345,72969,580184.84,5878968.3652,0
1725580800000,10.03,10.18,9.28,9.57,2726820.88,1725667199999,26527843.9012,150726,1336719.88,13021751.5807,0
1725667200000,9.58,10.16,9.56,10.03,1343150.05,1725753599999,13323006.8077,52762,681781.4,6755089.9782,0
1725753600000,10.03,10.46,9.97,10.35,1350353.58,1725839999999,13828599.6678,64318,667250.43,6838921.2008,0
1725840000000,10.35,10.83,10.27,10.53,2536489.74,1725926399999,26718063.6529,116318,1260858.83,13281476.1331,0
1725926400000,10.54,10.74,10.33,10.58,1474504.71,1726012799999,15501576.9502,73250,689291.31,7248305.7649,0
1726012800000,10.58,10.6,10.17,10.4,1527678.77,1726099199999,15871868.3345,86136,715628.96,7438876.0863,0
1726099200000,10.39,10.81,10.39,10.78,1446798.84,1726185599999,15367277.6936,70505,768969.89,8172237.4023,0
1726185600000,10.79,11.56,10.64,11.45,2956943.65,1726271999999,32876137.7234,133628,1594615.28,17723474.2813,0
1726272000000,11.45,11.48,11.21,11.29,1145891.32,1726358399999,12999299.8622,54242,513422.53,5826343.4355,0
1726358400000,11.3,11.36,10.79,10.81,1228933.57,1726444799999,13673465.5276,67059,539335.17,6000174.4052,0
1726444800000,10.81,10.83,10.41,10.54,1891935.14,1726531199999,20064712.8519,95880,953397.91,10105321.1448,0
1726531200000,10.54,10.92,10.43,10.63,1812776.35,1726617599999,19354105.616,82016,886951.24,9468485.8634,0
1726617600000,10.63,10.9,10.29,10.89,1980319.05,1726703999999,20870588.3934,112289,1022321.19,10784322.3206,0
1726704000000,10.9,11.4,10.9,11.21,2838273.01,1726790399999,31679431.6782,125784,1318741.07,14716983.6065,0
1726790400000,11.21,11.74,11.12,11.44,2711552.15,1726876799999,31157096.9414,136241,1143226.53,13149236.9854,0
1726876800000,11.44,11.55,11.21,11.5,1321660.74,1726963199999,15016361.0351,71158,567038.29,6448626.1328,0
1726963200000,11.5,11.55,10.84,11.13,1594550.09,1727049599999,17817304.1018,85599,764274.79,8545379.0744,0
1727049600000,11.12,11.61,10.92,11.39,2250270.71,1727135999999,25635451.6707,125166,1012049.64,11532815.7563,0
1727136000000,11.4,12.23,11.2,12.15,2854159.21,1727222399999,33199650.7093,151838,1424742.67,16606066.5245,0
1727222400000,12.15,12.56,12.06,12.11,2605279.51,1727308799999,31964507.9322,159861,1174886.51,14423296.5499,0
1727308800000,12.11,12.75,11.87,12.56,3111496.33,1727395199999,38464740.7062,163335,1459390.9,18046096.3258,0
1727395200000,12.56,12.88,12.44,12.67,2804745.6,1727481599999,35621967.9596,160701,1211211.48,15395833.203,0
1727481600000,12.66,12.98,12.36,12.95,2187458.11,1727567999999,27837112.2037,127162,1060819.67,13504724.9222,0
1727568000000,12.95,12.98,12.43,12.46,1484031.12,1727654399999,18741076.7222,105737,707403.63,8938463.4911,0
1727654400000,12.47,12.48,11.75,11.85,2055007.13,1727740799999,24879899.8394,125927,918581.97,11130014.1643,0
1727740800000,11.85,12.26,10.84,11.01,4149387.7,1727827199999,47623047.0095,226711,2137214.63,24551931.6823,0
1727827200000,11.01,11.31,10.45,10.66,3135603.43,1727913599999,34057936.2925,172655,1391940.56,15128899.6811,0
1727913600000,10.65,10.87,10.34,10.66,2609545.82,1727999999999,27606989.8183,169353,1235202.95,13074236.9239,0
1728000000000,10.66,11.25,10.59,11.08,2180620.51,1728086399999,23966102.125,117809,1016347.58,11162293.4682,0
1728086400000,11.08,11.38,10.98,11.27,1206500.32,1728172799999,13520992.709,62972,534325.51,5992717.8702,0
1728172800000,11.27,11.4,11.16,11.27,1438654.89,1728259199999,16213819.7,79985,726740.83,8194147.6661,0
1728259200000,11.28,11.76,11.12,11.16,2903675.63,1728345599999,33224432.7587,167205,1365748.24,15638353.547,0
1728345600000,11.16,11.29,10.78,10.82,2511775.1,1728431999999,27712365.2984,123295,1100770.32,12144402.0615,0
1728432000000,10.83,10.97,10.41,10.53,2572154.31,1728518399999,27496002.2021,120832,1193607.21,12751140.1313,0
1728518400000,10.54,10.75,10.25,10.56,2311977.76,1728604799999,24362408.2619,110809,1137739.87,11990413.1615,0
1728604800000,10.55,11.03,10.5,10.91,1729530.83,1728691199999,18606168.8034,73048,869757.8,9357779.5096,0
1728691200000,10.9,11.15,10.83,11.01,1409186.28,1728777599999,15550155.7285,58787,705564.44,7790428.5754,0
1728777600000,11.0,11.08,10.62,10.75,1465344.52,1728863999999,15891991.5502,67864,715323.2,7757560.8604,0
1728864000000,10.75,11.35,10.6,11.28,2770179.29,1728950399999,30574330.4135,115156,1499668.18,16550474.2104,0
1728950400000,11.29,11.7,10.93,11.45,4806201.65,1729036799999,54679228.448,217658,2369304.69,26955452.3343,0
1729036800000,11.45,11.54,11.06,11.24,2177488.42,1729123199999,24604795.1935,129371,1082331.79,12233739.4637,0
1729123200000,11.25,11.35,10.85,11.03,1843237.65,1729209599999,20395020.9788,111460,882918.82,9770026.188,0
1729209600000,11.03,11.51,10.98,11.48,2177797.1,1729295999999,24698092.6542,117117,1007380.92,11426570.9986,0
1729296000000,11.48,11.6,11.29,11.42,1040836.05,1729382399999,11890198.3948,60367,511160.77,5841118.6825,0
1729382400000,11.42,12.04,11.27,11.98,2070368.07,1729468799999,24296523.6718,117522,1063819.28,12491084.7703,0
1729468800000,11.98,12.03,11.54,11.71,2142895.94,1729555199999,25240002.015,130155,1000395.98,11790737.4641,0
1729555200000,11.7,12.35,11.59,11.97,3746862.51,1729641599999,45189493.6072,201614,1947784.97,23506920.6682,0
1729641600000,11.98,12.01,11.0,11.32,2846227.54,1729727999999,32500555.8142,140777,1339467.8,15286448.7017,0
1729728000000,11.32,11.65,11.22,11.62,2056184.87,1729814399999,23493466.7473,111492,997502.31,11396604.8745,0
1729814400000,11.62,12.1,10.8,11.13,4150315.56,1729900799999,48214747.343,265614,2016645.32,23437991.2545,0
1729900800000,11.14,11.4,10.82,11.01,2431743.17,1729987199999,26985405.7582,136194,1221389.77,13554805.5282,0
1729987200000,11.01,11.18,10.84,10.99,1292426.51,1730073599999,14211839.1016,69808,673214.14,7405240.0821,0
1730073600000,10.99,11.27,10.71,11.18,2232645.81,1730159999999,24528651.5482,140222,1067166.98,11730259.075,0
1730160000000,11.19,11.81,11.15,11.8,2413413.41,1730246399999,27812429.3616,141198,1179830.64,13592195.4023,0
1730246400000,11.8,12.45,11.65,12.39,3115047.04,1730332799999,37677510.2286,179362,1691645.36,20468364.288,0
1730332800000,12.4,12.47,11.31,11.41,2672404.77,1730419199999,31853582.752,165377,1260534.45,15037420.8994,0
1730419200000,11.41,11.73,11.13,11.25,3095385.47,1730505599999,35275245.8138,187758,1501742.13,17126107.6086,0
1730505600000,11.24,11.4,11.07,11.19,2144981.92,1730591999999,23988504.102,93464,1104725.48,12351537.3235,0
1730592000000,11.19,11.24,10.51,10.76,3043948.92,1730678399999,33003883.3729,175425,1334058.75,14485166.2609,0
1730678400000,10.75,10.92,10.07,10.26,3285395.24,1730764799999,34447144.6311,160456,1404958.66,14741953.4721,0
1730764800000,10.25,10.94,10.18,10.83,2451648.01,1730851199999,26107600.8513,133657,1215534.71,12949019.3211,0
1730851200000,10.84,12.32,10.8,12.17,6021284.14,1730937599999,70601112.812,350121,3103447.83,36391034.4479,0
1730937600000,12.17,12.71,12.06,12.59,4102157.95,1731023999999,50979081.8999,231794,2022958.92,25146115.1696,0
1731024000000,12.59,13.75,12.52,13.69,5862824.36,1731110399999,77064721.2067,340759,3016699.05,39663039.1286,0
1731110400000,13.69,13.84,13.28,13.78,3227868.58,1731196799999,43667844.8248,211760,1548076.54,20953543.9696,0
1731196800000,13.78,14.85,13.65,14.25,7213896.18,1731283199999,103540254.80292,516463,3727660.1,53468568.41092,0
1731283200000,14.26,14.94,13.61,14.91,7032175.76,1731369599999,100580417.27419,502645,3392341.51,48578633.62589,0
1731369600000,14.91,15.34,13.66,13.95,9709186.6,1731455999999,139544471.87743,693357,4586898.03,66050032.25343,0
1731456000000,13.95,14.38,13.05,13.48,7983731.02,1731542399999,109236722.8471,588722,3797356.52,51969968.0363,0
1731542400000,13.49,13.83,12.8,13.0,5553257.49,1731628799999,73907649.5921,380773,2804670.16,37334009.5455,0
1731628800000,13.0,13.9,12.71,13.84,4456308.53,1731715199999,59432128.5716,248564,2355837.14,31402463.8124,0
1731715200000,13.84,14.8,13.73,14.52,5856591.0,1731801599999,83889956.9425,426659,2940824.67,42141671.738,0
1731801600000,14.53,14.9,13.56,13.78,4925533.75,1731887999999,69837527.868,336676,2425259.69,34412888.0119,0
1731888000000,13.79,16.0,13.75,15.26,8507217.52,1731974399999,127404266.56973,469174,4338921.43,64997556.07503,0
1731974400000,15.27,15.43,14.33,14.62,4551823.82,1732060799999,67448092.5247,323785,2177767.91,32278918.4864,0
1732060800000,14.62,15.32,14.03,14.24,5709847.39,1732147199999,83253123.158,302734,2752776.49,40159911.4975,0
1732147200000,14.24,15.38,13.83,14.89,6056901.96,1732233599999,89308487.913,380364,2710652.36,39971634.1212,0
1732233600000,14.89,16.59,14.72,16.57,10260318.34,1732319999999,158160391.76448,602597,5252070.02,81139472.31878,0
1732320000000,16.57,18.39,16.3,17.38,11533900.71,1732406399999,198484986.16767,661875,5607128.18,96648131.78867,0
1732406400000,17.39,18.34,16.1,17.91,8358817.85,1732492799999,144372803.7186,576726,4006484.07,69223856.6031,0
1732492800000,17.91,19.06,17.14,17.34,10299574.1,1732579199999,187158991.52597,644341,4837280.56,88120636.88177,0
1732579200000,17.34,17.84,16.18,17.34,6811917.35,1732665599999,116079140.6982,477412,3212215.25,54735937.0189,0
1732665600000,17.34,19.0,16.96,18.66,7273824.08,1732751999999,131293904.8581,451445,3576659.27,64640690.5859,0
1732752000000,18.66,18.69,17.48,17.93,4613852.6,1732838399999,82881000.5,331632,1993208.12,35847053.8701,0
1732838400000,17.94,18.41,17.52,18.24,3855567.29,1732924799999,69377841.0361,322158,1715027.95,30882931.6871,0
1732924800000,18.25,19.441,17.93,19.0,5052772.3,1733011199999,94295089.27637,378345,2546173.32,47593997.48067,0
1733011200000,19.0,19.11,18.43,18.92,4149445.38,1733097599999,77778793.4794,310427,2077298.3,38942036.0349,0
1733097600000,18.91,26.9,18.57,25.23,36222747.77,1733183999999,794939892.0290499,2043248,18208605.24,400363522.45415,0
1733184000000,25.22,26.32,22.54,24.09,22028330.36,1733270399999,539645955.9869,1376487,10754737.26,263599969.7137,0
1733270400000,24.1,26.59,23.6,24.07,14113341.66,1733356799999,349634191.7628,890306,6514601.91,161797554.8347,0
1733356800000,24.07,24.82,22.41,23.15,9709163.86,1733443199999,231864607.3815,882039,4423174.09,105704671.7337,0
1733443200000,23.15,25.94,22.75,25.87,8541586.87,1733529599999,206332081.7244,770425,4229017.5,102366497.9151,0
1733529600000,25.88,26.89,24.44,24.79,6873804.42,1733615999999,175519398.5078,607308,3149221.26,80639570.8651,0
1733616000000,24.79,27.41,24.68,26.09,9422038.91,1733702399999,245095876.22351,993975,4739054.24,123366096.50421,0
1733702400000,26.09,27.36,19.56,22.25,19183245.38,1733788799999,463136992.4349,1644636,9348241.98,226178424.6269,0
1733788800000,22.24,23.78,20.27,22.12,15548546.65,1733875199999,342699534.092,1193530,7562855.8,166874038.5825,0
1733875200000,22.11,24.33,21.14,24.07,7801029.71,1733961599999,179963149.4907,596727,3674677.52,84844945.0712,0
1733961600000,24.06,29.45,23.87,29.13,21001352.82,1734047999999,583651247.24604,1465965,10448464.91,290434359.28084,0
1734048000000,29.14,30.94,27.53,28.99,14381820.64,1734134399999,417184765.98709,878756,7219266.57,209933857.64439,0
1734134400000,28.99,30.77,28.71,29.12,10705069.13,1734220799999,318524375.7764,947124,5353052.55,159419778.3844,0
1734220800000,29.13,29.88,28.02,29.26,7150900.76,1734307199999,207187309.3059,559121,3504512.17,101580723.247,0
1734307200000,29.25,30.85,28.41,28.73,11253244.27,1734393599999,333800200.398,988783,5445279.81,161620525.069,0
1734393600000,28.74,29.07,27.3,27.86,8162177.01,1734479999999,230177861.2048,786313,3726039.3,105168319.1033,0
1734480000000,27.86,28.4,24.72,24.86,10891198.88,1734566399999,291675807.9454,720832,4908291.26,131413164.8351,0
1734566400000,24.85,25.61,21.72,22.81,14916127.01,1734652799999,355068510.7792,623007,7269936.7,173517639.4824,0
1734652800000,22.81,23.72,20.02,23.39,13433143.15,1734739199999,295876174.5109,517367,6493323.04,143173606.6643,0
1734739200000,23.4,24.94,21.78,22.13,8748702.92,1734825599999,203382017.255,350222,4021194.56,93632342.0841,0
1734825600000,22.14,22.79,21.31,22.08,4483502.54,1734911999999,99094179.8304,196651,2227136.8,49281976.2379,0
1734912000000,22.08,24.97,21.49,24.55,9215196.76,1734998399999,213195847.4371,354818,4617330.54,106878008.699,0
1734998400000,24.55,25.99,23.54,25.42,8371919.06,1735084799999,205811032.7601,274564,3998077.16,98329793.7901,0
1735084800000,25.43,25.59,24.15,24.44,4716973.49,1735171199999,116984340.6108,175846,2120279.64,52632161.2738,0
1735171200000,24.44,24.7,22.42,22.68,4244868.44,1735257599999,98625756.6288,178885,2027037.41,47063637.4199,0
1735257600000,22.68,23.67,21.37,21.57,5144826.16,1735343999999,116409480.1271,212330,2318729.21,52596649.4185,0
1735344000000,21.56,22.38,21.06,21.99,4644178.39,1735430399999,100096973.6961,163727,2103591.48,45420923.7661,0
1735430400000,21.99,22.02,20.77,20.96,2537973.93,1735516799999,54398428.7225,101744,1188092.16,25490974.9164,0
1735516800000,20.96,21.83,20.09,20.58,4524110.74,1735603199999,94321234.0832,181584,2133877.85,44524285.1961,0
1735603200000,20.57,21.2,19.82,20.01,4498064.0,1735689599999,92115406.4129,172476,1966963.58,40334934.7348,0
1735689600000,20.02,21.86,19.67,21.73,4784506.5,1735775999999,98808034.4598,155681,2243157.11,46487434.8959,0
1735776000000,21.73,22.91,21.72,22.07,5942889.48,1735862399999,132406604.3565,305525,2890590.31,64421263.7887,0
1735862400000,22.07,23.9,21.63,23.48,6281911.66,1735948799999,142715278.7279,412669,2842293.85,64658518.0931,0
1735948800000,23.48,24.05,22.87,23.6,3449453.99,1736035199999,80640836.3873,254603,1575944.11,36881622.6465,0
1736035200000,23.6,23.83,22.85,23.58,2516610.67,1736121599999,58710231.9288,204106,1185081.21,27654749.7407,0
1736121600000,23.58,24.78,23.01,23.83,5871853.9,1736207999999,140499666.4445,345962,2915202.86,69774624.1268,0
1736208000000,23.83,23.84,21.18,21.38,7603584.68,1736294399999,170696788.1834,445963,3399361.55,76275123.7499,0
1736294400000,21.39,21.73,19.59,20.44,6791105.29,1736380799999,140072745.2986,382781,3019277.1,62276122.3527,0
1736380800000,20.44,20.73,19.14,19.65,5470102.72,1736467199999,108787360.969,306500,2345698.14,46642041.8972,0
1736467200000,19.64,20.54,19.53,20.24,5079025.48,1736553599999,101965764.5871,356730,2307636.36,46331683.7695,0
1736553600000,20.25,20.69,19.81,20.21,2575892.75,1736639999999,51828138.8911,186655,1102843.58,22208471.291,0
1736640000000,20.21,20.34,19.59,19.84,2354200.64,1736726399999,47152347.8702,127307,999930.91,20035633.7147,0
1736726400000,19.85,20.44,17.83,19.35,8929572.72,1736812799999,168130674.9303,611089,4108353.19,77389199.2581,0
1736812800000,19.36,20.51,19.25,20.32,4234979.71,1736899199999,84509578.1233,335040,2053989.68,41050113.2872,0
1736899200000,20.33,22.15,20.1,22.1,7193382.93,1736985599999,151854329.4827,456380,3723637.44,78770579.4032,0
1736985600000,22.1,23.78,21.3,23.03,8100341.74,1737071999999,183103343.9239,521352,4131975.43,93333001.2994,0
1737072000000,23.03,25.23,23.02,25.09,5333944.46,1737158399999,129010962.0974,412687,2767457.74,66951027.2409,0
1737158400000,25.1,25.67,23.37,24.12,7180885.24,1737244799999,173963184.4462,469331,3370407.31,81635377.065,0
1737244800000,24.12,26.71,22.19,24.34,18510171.54,1737331199999,453671100.9588,1100687,8949070.26,219352896.0231,0
1737331200000,24.34,26.94,23.4,25.09,21688921.29,1737417599999,548961117.217,1400372,10747045.51,272094094.1864,0
1737417600000,25.08,27.09,23.68,26.67,10509727.17,1737503999999,268157542.2658,702773,5159869.77,131755949.4956,0
1737504000000,26.67,27.21,25.13,25.3,4298632.85,1737590399999,111429165.8481,299395,2114698.17,54861841.4505,0
1737590400000,25.29,26.25,23.98,25.65,6658261.17,1737676799999,167236991.1679,501269,3265262.36,82163145.3899,0
1737676800000,25.66,26.44,24.86,25.18,4571970.71,1737763199999,118051494.0996,331314,2179461.55,56280594.304,0
1737763200000,25.17,25.44,24.68,24.93,2767936.88,1737849599999,69264726.054,210777,1337647.04,33486819.1282,0
1737849600000,24.93,26.39,24.86,24.88,3530502.68,1737935999999,90302768.2884,293711,1716182.96,43898127.4573,0
1737936000000,24.88,25.14,22.18,24.21,9451690.74,1738022399999,221324535.9099,699113,4567734.85,106923377.6237,0
1738022400000,24.22,24.66,22.36,22.61,4338921.76,1738108799999,103190284.8969,321537,2068987.8,49261941.1018,0
1738108800000,22.62,24.45,22.32,23.66,5429195.02,1738195199999,126332884.3251,429175,2759973.9,64265046.1735,0
1738195200000,23.66,25.21,23.41,24.46,4138779.01,1738281599999,101555003.1194,286601,1999954.3,49069657.9211,0
1738281600000,24.46,26.4,24.12,25.17,5624198.46,1738367999999,142130325.911,382826,2715344.48,68708872.8973,0
1738368000000,25.16,25.99,22.76,22.98,4595841.04,1738454399999,113176241.1501,333783,2299197.91,56819587.6404,0
1738454400000,22.98,23.33,19.29,20.46,12557348.56,1738540799999,267365103.6764,737584,6130878.65,130752793.401,0
1738540800000,20.47,22.05,15.4,21.64,31291131.83,1738627199999,593173905.1935,1689116,15388394.31,291924063.0229,0
1738627200000,21.64,21.71,19.32,19.97,10301205.02,1738713599999,208959507.1737,751915,5018912.76,101797800.9713,0
1738713600000,19.98,20.27,18.96,19.19,5964659.67,1738799999999,117386762.8041,437970,2815895.25,55424291.2776,0
1738800000000,19.19,19.94,18.41,18.58,4582527.29,1738886399999,87591563.0569,345335,2262042.84,43301328.7782,0
1738886400000,18.59,19.86,17.79,18.39,5908194.93,1738972799999,112190172.2275,371477,2913679.76,55365766.8803,0
1738972800000,18.39,18.63,17.87,18.45,2487416.07,1739059199999,45195182.669,176523,1206342.56,21935829.7524,0
1739059200000,18.44,19.0,17.44,18.26,3353841.91,1739145599999,61527497.4035,231791,1545154.16,28369902.383,0
1739145600000,18.26,19.13,17.67,18.81,3713087.79,1739231999999,68920948.0116,297732,1883256.88,34972152.995,0
1739232000000,18.8,19.79,18.22,18.66,4263524.03,1739318399999,81391089.5882,277718,2079985.7,39682350.0792,0
1739318400000,18.65,19.51,17.64,19.2,5633560.52,1739404799999,103689231.126,341211,2769824.75,50997176.8435,0
1739404800000,19.2,19.34,18.18,18.56,2549414.88,1739491199999,47661024.2132,206666,1195616.19,22336565.075,0
1739491200000,18.56,19.84,18.45,19.38,3273627.94,1739577599999,62976478.4745,231325,1611512.32,31021159.7168,0
1739577600000,19.39,19.67,18.73,18.99,1679060.06,1739663999999,32201612.5684,131457,842260.57,16169328.2529,0
1739664000000,19.0,19.26,18.56,18.69,1828935.06,1739750399999,34612458.6844,130608,831429.31,15745576.6961,0
1739750400000,18.7,19.8,18.36,19.12,3643081.5,1739836799999,69752680.8792,245131,1731798.0,33187782.5271,0
1739836800000,19.12,19.2,17.28,17.88,4505341.14,1739923199999,81125118.2242,305224,2200164.25,39666019.4476,0
1739923200000,17.88,18.21,17.44,17.98,2675151.19,1740009599999,47884780.9643,197972,1281824.63,22961511.3492,0
1740009600000,17.98,18.48,17.81,18.28,2731996.9,1740095999999,49529653.7905,155368,1297660.73,23548181.2295,0
1740096000000,18.28,19.06,17.12,17.43,4587895.37,1740182399999,83181155.1583,257095,2349110.96,42640100.7813,0
1740182400000,17.43,18.03,17.3,17.76,2055640.23,1740268799999,36269450.2652,109215,968113.76,17094818.0209,0
1740268800000,17.76,18.13,17.42,17.62,1720018.44,1740355199999,30501320.808,95605,894325.13,15854790.2999,0
1740355200000,17.62,17.75,14.97,15.26,5293023.88,1740441599999,85861287.8383,283073,2382876.77,38695139.0666,0
1740441600000,15.26,15.59,14.02,15.31,10228092.27,1740527999999,150983033.2925,490873,4876567.13,72010874.003,0
1740528000000,15.31,15.78,14.67,15.26,6144417.14,1740614399999,93861531.9061,306034,2851436.68,43551306.3981,0
1740614400000,15.26,15.78,14.78,15.1,3366542.39,1740700799999,51701783.8857,184822,1578620.99,24262017.2109,0
1740700800000,15.11,15.2,13.45,14.81,6722597.01,1740787199999,95138294.396,354541,3248254.4,45944939.5586,0
1740787200000,14.81,15.14,14.22,14.75,2768879.74,1740873599999,40610512.9202,138582,1347354.17,19770436.3676,0
1740873600000,14.75,17.55,14.4,17.42,7915106.42,1740959999999,128254562.6771,450780,4093226.41,66347299.0193,0
1740960000000,17.42,17.49,14.36,14.46,8257408.33,1741046399999,131102637.9407,459361,3859748.29,61272599.8687,0
1741046400000,14.46,15.36,13.08,14.86,10326427.49,1741132799999,144894861.9487,522248,5170143.63,72619858.5216,0
1741132800000,14.87,16.59,14.63,16.43,8116733.84,1741219199999,128604981.1236,415151,4255431.65,67432957.7129,0
1741219200000,16.43,17.67,16.37,17.06,8697077.04,1741305599999,148448982.1894,411963,4592474.27,78407572.7566,0
1741305600000,17.06,17.54,15.73,15.94,10299090.47,1741391999999,171490067.9756,532800,5161567.77,86080380.8527,0
1741392000000,15.95,16.04,15.13,15.26,3134313.82,1741478399999,48550942.9001,181622,1432526.49,22198546.3929,0
1741478400000,15.27,15.37,13.6,13.81,4248839.69,1741564799999,61017584.4974,225196,1911849.0,27480419.3959,0
1741564800000,13.81,14.57,12.41,12.65,7677019.97,1741651199999,103612729.9169,348681,3562133.95,48059269.9913,0
1741651200000,12.66,13.66,11.85,13.13,10016626.39,1741737599999,128415926.576,425468,4817912.63,61825195.8862,0
1741737600000,13.14,13.81,12.64,13.49,6327960.06,1741823999999,83574163.0875,265723,3073895.22,40620952.5247,0
1741824000000,13.49,13.6,12.71,13.04,4141753.02,1741910399999,54571993.252,202174,1961479.83,25865226.7051,0
1741910400000,13.04,14.71,12.99,13.66,12755289.32,1741996799999,178467468.7526,417668,6567332.0,91845519.8678,0
1741996800000,13.66,14.25,13.63,14.01,3408277.79,1742083199999,47621397.4214,125709,1779892.82,24872934.2322,0
1742083200000,14.02,14.19,13.21,13.37,2780110.54,1742169599999,38117285.1993,143543,1250250.38,17150555.0822,0
1742169600000,13.38,14.24,13.34,14.03,3319483.11,1742255999999,45834984.0301,147923,1641402.17,22673817.0721,0
1742256000000,14.03,14.28,13.46,13.91,2922034.37,1742342399999,40493548.8302,161335,1366415.23,18931620.2398,0
1742428800000,15.03,15.17,14.08,14.22,3092914.51,1742515199999,45029471.8729,137126,1482181.45,21601760.7432,0
1742515200000,14.22,14.39,13.82,13.97,1751688.08,1742601599999,24662386.0122,109403,807673.65,11379227.1478,0
1742601600000,13.96,14.5,13.93,14.25,1474759.41,1742687999999,20981581.1259,67838,721300.66,10266419.6991,0
1742688000000,14.25,14.5,14.21,14.47,1401116.5,1742774399999,20119989.6765,76064,740797.79,10638947.9862,0
1742774400000,14.46,15.41,14.16,15.13,3509456.58,1742860799999,52643960.5413,167418,1754192.34,26321746.5602,0
1742860800000,15.13,15.61,14.87,15.44,2219727.7,1742947199999,33976070.635,141005,1108290.41,16976173.5852,0
1742947200000,15.43,16.0,14.94,15.24,3150903.48,1743033599999,48811883.1577,160975,1621403.36,25106363.4573,0
1743033600000,15.25,15.8,15.17,15.52,2499733.03,1743119999999,38872790.8487,142654,1253350.86,19496323.4134,0
1743120000000,15.53,15.59,14.0,14.25,3532174.05,1743206399999,51328687.683,161931,1637565.27,23758568.6107,0
1743206400000,14.25,14.42,13.37,13.55,2413896.58,1743292799999,33228008.9476,132568,1041029.99,14335902.1954,0
1743292800000,13.56,13.87,13.19,13.41,2061395.48,1743379199999,28042290.8148,115436,1076030.4,14659799.3129,0
1743379200000,13.42,13.72,12.96,13.51,2664605.78,1743465599999,35568817.6807,167541,1306213.66,17452453.3684,0
1743465600000,13.5,14.4,13.49,14.04,2669710.9,1743551999999,37425026.2424,136757,1181840.9,16549577.6296,0
1743552000000,14.04,14.4,12.81,12.9,6814389.49,1743638399999,93448345.0399,303359,3154738.25,43328915.382,0
1743638400000,12.9,13.31,12.3,12.9,5139724.57,1743724799999,65353898.1755,194191,2387926.8,30342936.8532,0
1743724800000,12.9,13.2,12.35,12.94,4559146.69,1743811199999,58370703.5135,210445,2137532.67,27379470.8014,0
1743811200000,12.94,13.06,12.57,12.85,1414775.76,1743897599999,18140090.1823,69620,608112.47,7793698.1759,0
1743897600000,12.84,12.96,11.0,11.28,4370640.73,1743983999999,51683652.3928,216324,1975551.19,23312771.4733,0
1743984000000,11.29,11.89,10.1,11.45,13409341.29,1744070399999,148005629.9468,572272,6733117.26,74315289.4144,0
1744070400000,11.46,11.89,10.78,10.93,4384116.83,1744156799999,49810099.3274,211552,2064389.14,23474270.8596,0
1744156800000,10.93,12.82,10.44,12.65,8980891.69,1744243199999,104577153.3633,359453,4570019.47,53158535.17,0
1744243200000,12.65,12.67,11.68,12.08,4138245.7,1744329599999,50462805.3858,194166,2077828.17,25323770.2509,0
1744329600000,12.07,12.9,12.02,12.64,3323588.23,1744415999999,41561611.7371,144205,1732695.44,21672324.788,0
1744416000000,12.64,13.29,12.47,13.15,2468342.79,1744502399999,32037446.7888,120972,1165313.94,15113695.0383,0
1744502400000,13.15,13.23,12.43,12.62,3154296.08,1744588799999,40484024.7559,156648,1450864.24,18642362.3612,0
1744588800000,12.63,13.25,12.57,12.63,2801098.17,1744675199999,36103219.743,178760,1471710.9,18975197.1081,0
1744675200000,12.64,12.84,12.21,12.24,3088546.47,1744761599999,38697218.7511,145688,1548290.98,19418211.1791,0
1744761600000,12.24,12.53,11.89,12.35,2896851.83,1744847999999,35501633.4368,154211,1442797.77,17688594.1536,0
1744848000000,12.35,12.71,12.2,12.54,2255618.77,1744934399999,28220397.06,104587,1106761.8,13852429.8653,0
1744934400000,12.54,12.72,12.4,12.56,1155230.48,1745020799999,14539045.2185,61007,618903.76,7788397.9853,0
1745020800000,12.57,13.06,12.53,12.94,1188404.07,1745107199999,15247583.4879,50980,598315.82,7673978.4829,0
1745107200000,12.93,13.6,12.87,13.28,2277566.14,1745193599999,29961167.5767,92439,1125160.39,14793683.946,0
1745193600000,13.29,13.7,12.96,13.11,2623398.74,1745279999999,35188846.6664,115005,1343797.34,18036943.955,0
1745280000000,13.1,14.18,12.88,14.13,3872482.56,1745366399999,52701843.4132,170341,2066500.03,28118478.9811,0
1745366400000,14.13,15.28,14.01,15.02,4479481.4,1745452799999,66102867.0769,255574,2177886.3,32139023.9939,0
1745452800000,15.02,15.15,14.15,15.06,3263326.6,1745539199999,47927276.5427,194420,1618776.7,23751212.7639,0
1745539200000,15.06,15.36,14.71,14.92,3790777.91,1745625599999,57142634.9687,199448,1901748.36,28697605.2567,0
1745625600000,14.92,15.28,14.67,14.86,2127724.28,1745711999999,31841298.9259,123294,1016032.26,15218277.7167,0
1745712000000,14.87,15.1,14.37,14.56,2456622.73,1745798399999,35964045.7696,133499,1112044.69,16295294.0406,0
1745798400000,14.56,15.11,14.24,15.03,3049340.9,1745884799999,45048676.6752,170287,1472802.97,21773796.5871,0
1745884800000,15.03,15.24,14.47,14.6,2173196.17,1745971199999,32545347.3314,139949,1054998.17,15805564.5474,0
1745971200000,14.61,14.76,13.83,14.3,2127588.64,1746057599999,30425747.6123,126040,1056428.45,15116279.4115,0
1746057600000,14.3,15.04,14.3,14.74,2952704.48,1746143999999,43806454.9088,125474,1475456.02,21892249.1546,0
1746144000000,14.74,15.03,14.49,14.65,2801948.57,1746230399999,41315421.5009,109407,1305908.11,19258519.1801,0
1746230400000,14.65,14.67,14.16,14.24,1788850.74,1746316799999,25739335.7529,65694,796058.73,11450561.5799,0
1746316800000,14.24,14.37,13.81,13.86,1579429.9,1746403199999,22259219.134,67484,730349.98,10296999.1712,0
1746403200000,13.86,14.2,13.48,13.65,2448399.35,1746489599999,33776213.605,99222,1176049.88,16243610.507,0
1746489600000,13.65,13.89,13.2,13.82,2166912.06,1746575999999,29238187.005,99681,1041974.53,14069782.2814,0
1746576000000,13.82,14.09,13.46,13.82,1873337.32,1746662399999,25845423.1627,92316,952948.52,13149864.8853,0
1746662400000,13.81,15.99,13.81,15.88,5676038.21,1746748799999,85592538.46,213374,2896187.67,43717916.8972,0
1746748800000,15.89,16.73,15.58,16.01,6902689.72,1746835199999,110916967.6204,331339,3274401.48,52631525.8239,0
1746835200000,16.01,17.47,15.86,17.34,5230336.13,1746921599999,86521781.8084,266024,2528168.37,41841594.549,0
1746921600000,17.34,17.42,16.3,17.1,4824652.78,1747007999999,81013068.4355,248210,2169925.88,36456879.8757,0
1747008000000,17.1,17.98,16.03,16.74,6485836.98,1747094399999,110441899.9679,377018,3107520.34,52985800.2386,0
1747094400000,16.74,17.81,16.03,17.39,5140765.42,1747180799999,86828154.5487,268728,2388898.38,40335316.7721,0
1747180800000,17.4,17.53,16.67,17.01,3739156.87,1747267199999,63879760.3581,220371,1647980.05,28154977.577,0
1747267200000,17.02,17.21,15.69,16.04,4599640.32,1747353599999,75084627.9804,263741,2131278.99,34801990.8351,0
1747353600000,16.04,16.54,15.61,15.76,3037327.69,1747439999999,49102367.1938,182870,1362993.21,22045390.4564,0
1747440000000,15.76,15.79,15.07,15.32,2634568.83,1747526399999,40495046.6284,152872,1153843.62,17743779.0385,0
1747526400000,15.33,16.4,14.88,15.88,4286878.87,1747612799999,66955472.8385,199354,2057302.26,32155145.8805,0
1747612800000,15.88,16.01,14.84,15.78,4330819.39,1747699199999,66888436.7496,206416,2138928.28,33030452.2653,0
1747699200000,15.79,16.42,15.24,15.71,4389269.1,1747785599999,69428056.6977,200184,2064962.99,32686590.682,0
1747785600000,15.71,16.49,15.52,16.1,6093462.07,1747871999999,96998838.5374,285585,2815616.78,44835111.6686,0
1747872000000,16.1,16.91,16.04,16.74,4542884.36,1747958399999,75173542.4699,197093,2069480.95,34242819.5414,0
1747958400000,16.74,17.16,15.42,15.53,6190632.79,1748044799999,101599899.5984,282320,2693623.69,44181404.0107,0
1748044800000,15.53,15.91,15.24,15.34,2601739.54,1748131199999,40646828.7645,109419,1073366.06,16768068.7138,0
1748131200000,15.34,15.56,14.86,15.54,2236117.68,1748217599999,33989579.0638,111141,1065100.26,16196163.6506,0
1748217600000,15.54,15.96,15.4,15.54,2143637.24,1748303999999,33544257.0773,104107,1071488.59,16774555.9521,0
1748304000000,15.54,16.13,15.15,15.91,2513450.22,1748390399999,39677131.2203,126073,1311533.05,20702578.5332,0
1748390400000,15.91,16.16,15.31,15.69,2287285.42,1748476799999,35975289.5249,119816,1053493.27,16571288.3005,0
1748476800000,15.69,16.19,15.0,15.05,3470428.69,1748563199999,54242539.6518,166846,1732855.81,27072157.2643,0
1748563200000,15.05,15.12,13.76,13.9,6106096.75,1748649599999,87968905.5665,261451,3014026.54,43473992.8599,0
1748649600000,13.89,14.19,13.39,13.97,3241877.57,1748735999999,44667893.8954,175058,1645182.48,22677543.4713,0
1748736000000,13.97,14.13,13.58,14.06,1673437.42,1748822399999,23234299.9311,85413,836258.39,11619831.9973,0
1748822400000,14.06,14.12,13.59,14.07,1803670.48,1748908799999,24931302.4503,94482,796376.93,11014848.0992,0
1748908800000,14.08,14.45,13.98,14.11,2397370.67,1748995199999,34067280.4778,112439,1019148.52,14494246.158,0
1748995200000,14.12,14.48,13.7,13.83,1698210.37,1749081599999,23999080.6443,82637,817738.18,11565622.4189,0
1749081600000,13.84,14.04,12.64,12.89,4325191.79,1749167999999,57662797.0436,188942,2006038.56,26765851.4909,0
1749168000000,12.89,13.69,12.82,13.56,2892254.8,1749254399999,38630922.2731,118771,1481684.12,19781391.7425,0
1749254400000,13.57,14.08,13.48,13.83,1796907.09,1749340799999,24967310.4679,64617,881530.44,12248362.7239,0
1749340800000,13.82,13.98,13.55,13.73,1301631.33,1749427199999,17925650.2176,59275,646715.35,8908018.7432,0
1749427200000,13.73,14.4,13.54,14.36,2139591.17,1749513599999,29822019.1009,94510,1116755.6,15564261.8949,0
1749513600000,14.36,15.53,14.32,15.45,4610246.8,1749599999999,69253062.0324,213473,2433977.22,36581893.4097,0
1749600000000,15.45,15.66,14.77,14.89,4342696.57,1749686399999,66383169.8782,176120,2031491.15,31074982.7001,0
1749686400000,14.89,14.93,13.83,13.97,3957934.78,1749772799999,56686101.3956,160540,1982674.69,28395274.2481,0
1749772800000,13.98,13.99,12.75,13.44,6529679.32,1749859199999,86214544.512,260808,3300709.71,43585337.8699,0
1749859200000,13.45,13.46,12.83,13.15,1849077.29,1749945599999,24273624.7146,77471,881269.73,11579156.114,0
1749945600000,13.16,13.33,13.0,13.3,1457954.35,1750031999999,19219539.7896,60881,773749.56,10208664.9349,0
1750032000000,13.3,14.17,13.17,13.56,2758548.76,1750118399999,37895538.8579,114495,1262041.32,17337840.6275,0
1750118400000,13.57,13.79,12.8,12.99,3726610.19,1750204799999,49659770.9226,150294,1795916.01,23948439.169,0
1750204800000,13.0,13.23,12.63,13.11,2573912.22,1750291199999,33226796.5364,117526,1277307.96,16502781.4155,0
1750291200000,13.12,13.38,12.91,13.07,1851285.83,1750377599999,24286855.701,72703,947546.09,12429677.7275,0
1750377600000,13.07,13.29,12.3,12.51,2738596.05,1750463999999,35022843.9975,105780,1305675.86,16707628.3058,0
1750464000000,12.51,12.75,11.69,12.03,2605780.15,1750550399999,31745396.0504,109879,1211458.8,14756186.5787,0
1750550400000,12.03,12.2,10.94,11.65,5918789.6,1750636799999,68363262.3956,210727,2936309.49,33962157.1014,0
1750636800000,11.65,12.97,11.39,12.82,4411334.51,1750723199999,53053448.475,171594,2233942.02,26923254.3533,0
1750723200000,12.83,13.73,12.78,13.42,4188366.46,1750809599999,55373649.7408,174612,2150919.19,28457835.9145,0
1750809600000,13.42,13.51,12.99,13.13,2471771.03,1750895999999,32749333.961,108619,1200138.31,15907409.5679,0
1750896000000,13.14,13.57,12.88,12.94,1893346.8,1750982399999,24961668.317,101798,946663.96,12486305.7827,0
1750982400000,12.94,13.23,12.73,13.05,1558205.31,1751068799999,20257928.793,86321,776580.22,10099799.7437,0
1751068800000,13.05,13.45,13.0,13.39,1200113.9,1751155199999,15862065.3422,45088,619283.42,8187854.082,0
1751155200000,13.4,13.88,13.24,13.7,1498678.23,1751241599999,20223377.7405,61327,769056.16,10373764.9981,0
1751241600000,13.71,13.78,13.12,13.38,2514005.77,1751327999999,33657046.2936,89552,1240465.84,16606508.1326,0
1751328000000,13.37,13.44,12.78,12.9,1734062.81,1751414399999,22664460.6866,63052,748341.25,9798929.4563,0
1751414400000,12.9,13.85,12.73,13.56,3263950.46,1751500799999,43761483.7281,103212,1546799.46,20767082.3881,0
1751500800000,13.55,14.08,13.43,13.67,3061053.26,1751587199999,42127142.4484,108893,1423516.19,19612485.5842,0
1751587200000,13.66,13.78,12.93,13.16,2145964.77,1751673599999,28578440.9922,84226,976456.15,12999463.2571,0
1751673600000,13.16,13.27,12.99,13.23,900526.54,1751759999999,11861117.9427,36072,415860.43,5479798.5021,0
1751760000000,13.23,13.7,13.1,13.48,1349555.74,1751846399999,18067981.4736,57069,679204.25,9096316.4045,0
1751846400000,13.49,13.73,13.25,13.44,1830708.82,1751932799999,24756271.1825,79726,884861.82,11968801.8806,0
1751932800000,13.43,14.0,13.2,13.96,2064962.22,1752019199999,28085657.426,89228,1095551.17,14916789.0387,0
1752019200000,13.97,14.38,13.81,14.25,3387387.4,1752105599999,47744792.4223,132891,1794919.92,25307207.6339,0
1752105600000,14.25,15.34,14.15,15.23,3789246.68,1752191999999,55480787.449,156405,1837622.43,26920842.0894,0
1752192000000,15.24,15.88,15.01,15.28,5080650.86,1752278399999,78674913.1375,249247,2440320.28,37788828.9011,0
1752278400000,15.29,15.48,14.7,15.11,2060919.92,1752364799999,31177612.4552,127054,931703.93,14099698.9511,0
1752364800000,15.11,15.95,15.04,15.66,2764273.77,1752451199999,43074104.8496,137886,1328217.84,20692617.0686,0
1752451200000,15.66,16.47,15.57,15.75,4507587.92,1752537599999,72235528.3712,275038,2175916.81,34880531.9693,0
1752537600000,15.76,16.2,15.14,16.11,4643980.94,1752623999999,72517080.709,253239,2087658.3,32633486.3682,0
1752624000000,16.11,17.04,15.82,16.67,5287087.42,1752710399999,87448067.3148,263229,2444337.38,40474406.1585,0
1752710400000,16.68,18.1,16.32,18.0,5904663.79,1752796799999,101366991.3271,309029,2744476.44,47218558.038,0
1752796800000,18.0,19.17,17.32,17.83,9174118.14,1752883199999,168266381.0259,432632,4321340.97,79340812.06,0
1752883200000,17.83,18.55,17.53,18.39,3650635.55,1752969599999,65966365.1479,186570,1727877.24,31259450.7845,0
1752969600000,18.4,20.01,18.32,19.27,6911594.44,1753055999999,133197018.2732,340743,3411730.55,65769248.6658,0
1753056000000,19.28,20.28,18.98,19.5,5619450.18,1753142399999,110736296.9051,290149,2788567.16,54995307.1587,0
1753142400000,19.49,19.99,18.63,19.66,5855280.76,1753228799999,112576440.5863,347136,2862480.49,55075899.6246,0
1753228800000,19.66,19.76,17.55,18.18,5010078.18,1753315199999,92499909.4197,312188,2280513.67,42127705.4666,0
1753315200000,18.18,18.69,17.15,17.91,4483165.69,1753401599999,80747677.8369,294658,2012347.05,36328905.2266,0
1753401600000,17.92,18.49,17.23,18.28,4032429.61,1753487999999,71760116.1133,264711,1910192.16,34035877.1621,0
1753488000000,18.29,18.64,18.16,18.41,2049354.9,1753574399999,37652826.774,108538,929868.66,17100673.8968,0
1753574400000,18.41,19.3,18.35,19.24,2938359.71,1753660799999,55457140.5437,163287,1584650.92,29919619.2963,0
1753660800000,19.24,19.56,17.97,18.12,3736717.03,1753747199999,70090051.6286,219405,1653340.51,31063949.0396,0
1753747200000,18.11,18.64,17.47,17.83,3802532.57,1753833599999,68391211.1969,218041,1714839.26,30861720.4647,0
1753833600000,17.84,17.95,16.77,17.71,3659853.89,1753919999999,63890506.5654,196467,1708378.39,29855578.7557,0
1753920000000,17.72,18.24,16.84,16.92,3516703.42,1754006399999,61770354.3156,174164,1527280.21,26887596.0618,0
1754006400000,16.93,17.03,15.67,16.07,6610546.3,1754092799999,108695778.5687,329241,2949319.37,48542373.7408,0
1754092800000,16.07,16.27,15.43,15.65,3023394.29,1754179199999,48070465.9162,170944,1336641.74,21267485.738,0
1754179200000,15.64,16.4,15.44,16.3,1579840.27,1754265599999,25380539.0702,83245,823707.39,13236784.3448,0
1754265600000,16.3,17.2,16.27,17.11,2701936.82,1754351999999,45368686.7029,119358,1444197.28,24260724.4951,0
1754352000000,17.12,17.12,16.08,16.38,3046165.48,1754438399999,50543591.4657,154713,1217578.92,20195817.021,0
1754438400000,16.39,16.91,16.03,16.67,1844029.67,1754524799999,30430150.6037,107946,1020235.15,16840879.7785,0
1754524800000,16.67,18.5,16.57,18.48,5571750.6,1754611199999,98534678.2831,201857,2800704.33,49556663.4724,0
1754611200000,18.47,19.98,18.08,19.89,7663560.63,1754697599999,146342062.285,392104,3951965.82,75418307.8319,0
1754697600000,19.89,21.99,19.78,21.94,7563414.97,1754783999999,158668696.5059,378313,3976996.56,83403218.7666,0
1754784000000,21.95,22.7,21.15,22.06,8655572.56,1754870399999,190282586.4162,487446,4193048.71,92235273.6898,0
1754870400000,22.07,22.61,20.84,21.07,7095724.29,1754956799999,154725245.9017,365499,3235075.82,70628755.9527,0
1754956800000,21.07,24.2,21.0,23.6,11374582.29,1755043199999,258209987.2555,591139,5674978.36,129043374.9427,0
1755043200000,23.6,24.74,23.23,23.98,11235490.05,1755129599999,267958828.1029,558534,5454744.85,130150145.3267,0
1755129600000,23.98,24.31,21.51,22.46,10838260.75,1755215999999,248860284.3826,570865,4915018.59,112863579.1624,0
1755216000000,22.45,23.04,21.36,21.76,5502258.56,1755302399999,121914263.1424,370017,2466151.75,54676800.6451,0
1755302400000,21.75,22.97,21.39,22.64,4847903.21,1755388799999,107126329.6789,277798,2345083.68,51910715.7141,0
1755388800000,22.64,26.33,22.36,25.64,11607242.36,1755475199999,289795145.6654,681957,6128382.5,152865824.09,0
1755475200000,25.64,26.76,24.29,25.78,16005492.4,1755561599999,404980017.7776,946732,7890609.26,199900796.398,0
1755561600000,25.79,25.81,23.42,23.56,12457022.21,1755647999999,302898105.4892,701544,6036287.18,146778553.9765,0
1755648000000,23.56,26.89,23.36,26.45,14580303.4,1755734399999,368495089.9227,838744,7523300.81,190097639.2793,0
1755734400000,26.45,26.6,24.63,24.82,8579726.43,1755820799999,220162023.1821,538806,3863735.2,99295781.8083,0
1755820800000,24.82,27.87,24.09,26.79,17391120.82,1755907199999,454325685.6598,779585,8581636.35,224348944.4814,0
1755907200000,26.8,26.83,25.52,26.28,6342745.06,1755993599999,165012687.4876,285160,2942165.77,76528665.8274,0
1755993600000,26.28,26.62,25.21,25.82,7437373.67,1756079999999,192238925.1864,369079,3520789.18,91035033.3947,0
1756080000000,25.82,26.46,23.08,23.38,10082049.36,1756166399999,248745817.0702,508958,4334538.45,106984719.0243,0
1756166400000,23.38,24.76,22.88,24.38,8019450.82,1756252799999,190568138.4503,392877,3908608.93,92886359.8503,0
1756252800000,24.37,24.69,23.58,23.78,7229659.66,1756339199999,175003405.8096,350101,3349621.36,81137201.1413,0
1756339200000,23.78,26.03,23.56,25.18,12872418.89,1756425599999,320049702.6784,558504,6356470.96,158286317.9346,0
1756425600000,25.18,25.23,23.11,23.43,9640370.92,1756511999999,228709497.8727,408565,4771315.5,113078099.9343,0
1756512000000,23.43,23.52,22.83,23.51,2759889.54,1756598399999,64158346.728,139270,1345125.13,31288321.2067,0
1756598400000,23.51,24.06,23.18,23.2,4221549.06,1756684799999,99992630.6266,154567,2079355.1,49263059.1668,0
1756684800000,23.2,23.87,22.09,22.51,6922598.37,1756771199999,159108703.1891,286079,3394805.14,78048597.7439,0
1756771200000,22.52,23.6,22.34,23.49,5570998.65,1756857599999,128774407.6266,240915,2640301.06,61013061.7017,0
1756857600000,23.49,23.91,23.21,23.69,3694295.37,1756943999999,87010507.551,147347,1852750.89,43644339.9416,0
1756944000000,23.69,23.97,22.18,22.32,3947853.36,1757030399999,90562776.8383,152271,1803943.11,41421867.4856,0
1757030400000,22.32,23.24,22.04,22.28,6727388.7,1757116799999,152115446.3969,240250,3269516.48,73992583.6467,0
1757116800000,22.28,22.52,21.87,22.19,2487454.71,1757203199999,55207329.7461,86017,986797.62,21902853.3641,0
1757203200000,22.2,22.61,22.12,22.47,1891346.07,1757289599999,42244152.8599,67865,973782.03,21752853.0629,0
1757289600000,22.47,23.31,22.23,23.04,3767545.95,1757375999999,86186840.9771,170712,1840456.39,42111887.343,0
1757376000000,23.04,23.82,22.83,23.05,4633041.62,1757462399999,108066637.1708,210699,2296068.86,53586253.5045,0
1757462400000,23.05,23.93,22.89,23.57,3302753.17,1757548799999,77615935.5306,168070,1712330.05,40242792.9049,0
1757548800000,23.57,24.5,23.31,24.47,4025863.56,1757635199999,96072381.9688,188586,2066533.49,49344479.5975,0
1757635200000,24.47,25.33,24.16,25.13,4645718.7,1757721599999,114613000.2359,195923,2386052.82,58885878.7558,0
1757721600000,25.12,25.64,24.44,24.88,4154255.78,1757807999999,104112954.3763,175112,1839919.52,46136973.7329,0
1757808000000,24.88,25.02,23.84,24.09,2601143.16,1757894399999,63436716.4217,132576,1170095.76,28535218.8802,0
1757894400000,24.1,24.44,22.97,23.56,3698495.94,1757980799999,87178788.0969,201586,1809955.88,42678048.4662,0
1757980800000,23.56,23.76,23.1,23.48,2566010.45,1758067199999,60286769.7642,139641,1221793.27,28720633.7365,0
1758067200000,23.49,24.24,22.75,23.99,5315579.68,1758153599999,123805137.7382,255370,2457710.18,57313332.9824,0
1758153600000,24.0,24.75,23.68,24.62,3504432.03,1758239999999,85065535.9084,176205,1756754.7,42667513.5742,0
1758240000000,24.63,24.89,23.27,23.47,4258058.9,1758326399999,102828843.1999,210089,2058858.49,49713992.0461,0
1758326400000,23.48,23.66,23.09,23.34,1692009.53,1758412799999,39521252.0506,81372,863916.37,20189094.4439,0
1758412800000,23.33,23.49,22.9,22.96,1321893.75,1758499199999,30629669.5406,76446,620169.97,14378145.2688,0
1758499200000,22.95,23.05,20.24,21.65,8224657.83,1758585599999,176656232.5417,311307,4277007.01,91885708.3497,0
1758585600000,21.66,22.05,21.17,21.52,3338803.5,1758671999999,72488401.791,179931,1591248.32,34558989.2425,0
1758672000000,21.52,21.97,20.98,21.6,4170756.29,1758758399999,90200808.7833,155159,1817446.31,39338509.1881,0
1758758400000,21.61,21.66,19.82,20.14,6221553.31,1758844799999,128749834.4405,294104,2623925.12,54268881.192,0
1758844800000,20.15,21.24,19.93,21.07,3841681.96,1758931199999,78770386.1003,198897,1757533.08,36109493.5736,0
1758931200000,21.07,21.15,20.73,20.91,986010.15,1759017599999,20677011.1831,64580,418442.26,8776306.5266,0
1759017600000,20.92,21.71,20.43,21.68,1599640.6,1759103999999,33609887.9492,94188,773524.23,16262457.0664,0
1759104000000,21.68,21.9,20.9,21.74,2497335.67,1759190399999,53563424.0713,141919,1265164.93,27139452.7394,0
1759190400000,21.73,21.87,20.96,21.3,2883237.53,1759276799999,61658338.2592,159120,1275569.21,27294083.86,0
1759276800000,21.31,22.63,21.05,22.58,3207385.07,1759363199999,70760808.2876,165643,1486976.19,32820866.7047,0
1759363200000,22.57,23.13,21.93,22.77,3766228.87,1759449599999,85031159.847,181893,1656710.0,37410302.8633,0
1759449600000,22.78,23.09,22.09,22.5,4104599.03,1759535999999,92374557.4159,200735,1736969.22,39097979.2968,0
1759536000000,22.5,22.62,21.76,22.01,2081829.77,1759622399999,45908579.0524,107946,854337.7,18833850.7097,0
1759622400000,22.02,22.94,21.88,22.0,2618277.27,1759708799999,58769708.4454,172012,1170833.96,26280015.8395,0
1759708800000,22.0,23.6,21.47,23.37,5609599.65,1759795199999,126062593.3736,248379,2525767.85,56752428.3104,0
1759795200000,23.37,23.73,21.75,21.79,5844902.56,1759881599999,132453559.5759,296539,2644004.07,59736319.4365,0
1759881600000,21.8,22.67,21.62,22.63,2790526.23,1759967999999,61682423.264,172665,1424574.99,31472856.1137,0
1759968000000,22.63,22.67,21.32,21.99,3321045.72,1760054399999,72496560.2135,182763,1467009.81,32000033.9198,0
1760054400000,22.0,22.78,7.9,17.31,23919723.86,1760140799999,424313315.06812,1378009,11569931.38,204534346.0904,0
1760140800000,17.31,19.0,16.6,17.2,11458227.87,1760227199999,201287604.0769,700547,5403457.02,94956802.2942,0
1760227200000,17.2,19.42,16.68,19.0,7320321.66,1760313599999,133166030.5334,421334,3676710.88,66874153.4745,0
1760313600000,19.0,20.19,18.73,19.84,8049413.89,1760399999999,156883694.8941,472289,4130303.54,80557432.0828,0
1760400000000,19.84,20.07,18.07,19.1,7462448.83,1760486399999,140502777.7271,459702,3592062.61,67686839.2577,0
1760486400000,19.1,19.26,17.73,18.06,4509983.09,1760572799999,83623255.8907,273935,2123061.66,39412123.5667,0
1760572800000,18.05,18.63,17.1,17.43,5003348.51,1760659199999,89520789.2109,336875,2270674.06,40642836.7032,0
1760659200000,17.42,17.69,15.69,16.61,7835846.23,1760745599999,129092042.1475,442598,3908734.67,64433643.0345,0
1760745600000,16.61,17.01,16.57,16.82,1907438.23,1760831999999,32024467.4228,116763,887837.47,14913025.4092,0
1760832000000,16.81,17.66,16.53,17.29,3899283.36,1760918399999,66397326.1934,191696,1856634.71,31651057.9442,0
1760918400000,17.29,19.19,16.93,18.66,7350769.65,1761004799999,136518261.567,318527,3663191.13,68015740.9038,0
1761004800000,18.66,18.97,17.53,17.61,7395919.32,1761091199999,134982691.4482,353918,3447473.4,62891985.4622,0
1761091200000,17.6,17.84,16.71,17.2,4748622.1,1761177599999,82344984.2372,270048,2334429.44,40519271.5896,0
1761177600000,17.2,17.79,17.09,17.44,3347662.36,1761263999999,58311153.2967,159477,1618795.87,28199579.2691,0
1761264000000,17.44,18.1,17.29,17.89,3108106.38,1761350399999,55018803.6823,155679,1492314.16,26438922.7467,0
1761350400000,17.89,18.25,17.79,18.02,1335088.7,1761436799999,24012009.5039,70313,663080.38,11930959.9763,0
1761436800000,18.02,18.69,17.69,18.55,3365251.69,1761523199999,61142871.6062,146248,1765787.5,32073918.89,0
1761523200000,18.54,19.06,18.08,18.22,3943961.89,1761609599999,73511377.833,233019,1955198.46,36476985.5751,0
1761609600000,18.21,18.83,17.43,17.83,4096933.57,1761695999999,74491637.4322,243713,1932732.77,35161977.0997,0
1761696000000,17.83,18.67,17.54,18.13,5416675.72,1761782399999,97970668.4262,289813,2554143.58,46204530.2008,0
1761782400000,18.14,18.43,16.32,16.8,6399161.49,1761868799999,111308334.018,345655,3129950.39,54489727.2034,0
1761868800000,16.8,17.46,16.73,17.24,3731444.08,1761955199999,63810704.2166,150775,1908993.9,32622519.6525,0
1761955200000,17.24,17.44,17.04,17.14,1754292.31,1762041599999,30231815.6493,91976,797051.6,13741222.5134,0
1762041600000,17.15,17.64,16.99,17.58,2182107.95,1762127999999,37812644.3585,102414,1054264.67,18271506.051,0
1762128000000,17.59,17.66,14.51,15.25,8552762.39,1762214399999,135093125.8023,310347,4048014.69,63954711.4013,0
1762214400000,15.25,15.51,13.69,14.68,10850755.72,1762300799999,159417875.0818,416774,5093037.92,74783867.7785,0
1762300800000,14.69,15.4,13.98,15.09,5894032.13,1762387199999,87780127.2255,250731,2848263.5,42475222.8181,0
1762387200000,15.08,15.24,14.24,14.74,3839934.18,1762473599999,56793802.4727,205369,1923547.6,28460342.6843,0
1762473600000,14.74,16.23,14.31,15.79,5993232.84,1762559999999,91269828.9505,304436,3015178.43,45916670.277,0
1762560000000,15.79,16.03,15.12,15.51,4114455.99,1762646399999,64385281.162,182433,1933415.38,30275875.1407,0
1762646400000,15.52,16.13,15.02,15.93,3070400.01,1762732799999,47743763.1278,149324,1476355.92,23000936.9718,0
1762732800000,15.92,16.67,15.79,16.36,4747415.9,1762819199999,77171601.8591,221292,2357426.81,38338140.1615,0
1762819200000,16.36,16.8,15.25,15.28,4143466.43,1762905599999,66360489.0914,222978,1886652.91,30257537.6154,0
1762905600000,15.28,16.25,14.92,15.15,4424573.31,1762991999999,68754437.2653,208872,2309044.34,35932925.3251,0
1762992000000,15.15,16.02,14.14,14.54,5949252.14,1763078399999,89642367.2376,267416,3022043.19,45453842.5875,0
1763078400000,14.55,14.61,13.58,13.81,6599254.26,1763164799999,93803115.2458,317984,3093807.54,43986500.2941,0
1763164800000,13.81,14.34,13.79,14.14,2552274.78,1763251199999,36042431.0386,105663,1311400.1,18524838.2583,0
1763251200000,14.14,14.54,13.4,13.73,5401879.85,1763337599999,75183113.7796,176012,2539897.9,35393040.7504,0
1763337600000,13.73,14.29,13.08,13.33,5381203.2,1763423999999,73583167.9287,221543,2514734.18,34380097.884,0
1763424000000,13.34,14.0,13.06,13.79,4903240.7,1763510399999,66312483.8776,191663,2368458.48,32054631.3069,0
1763510400000,13.8,13.83,12.77,13.53,5275849.25,1763596799999,69972201.5739,200050,2459740.97,32614020.7218,0
1763596800000,13.53,14.0,12.77,12.93,7252067.4,1763683199999,96905302.7368,277248,3467883.01,46399485.6333,0
1763683200000,12.94,13.22,11.61,12.11,10358430.4,1763769599999,126787896.6579,322738,4938673.17,60431962.2498,0
1763769600000,12.12,12.31,11.74,12.17,3456903.63,1763855999999,41413898.5293,111790,1625441.86,19481503.5437,0
1763856000000,12.17,12.75,12.11,12.53,4334135.56,1763942399999,54217175.7413,100432,2085193.3,26087516.3504,0
1763942400000,12.52,13.21,12.3,12.97,4496999.27,1764028799999,57358224.7271,151414,2176817.78,27769730.4975,0
1764028800000,12.97,13.22,12.55,13.09,4555186.5,1764115199999,58865049.5415,120736,2102842.49,27169111.7227,0
1764115200000,13.08,13.51,12.75,13.46,3028988.41,1764201599999,39725922.7152,93931,1568138.42,20582463.399,0
1764201600000,13.45,13.57,13.23,13.34,1701459.82,1764287999999,22809217.7263,61200,763227.24,10238190.5169,0
1764288000000,13.33,13.55,13.04,13.13,2123209.77,1764374399999,28203522.9395,84586,1020062.67,13558158.4736,0
1764374400000,13.12,13.22,12.91,12.99,1416097.99,1764460799999,18509524.804,49782,742181.38,9706152.9335,0
1764460800000,12.99,13.42,12.93,12.95,1500368.36,1764547199999,19762726.2449,57368,747447.97,9858861.1441,0
1764547200000,12.95,12.99,11.74,12.07,5522451.03,1764633599999,67213426.0781,165352,2687471.07,32754412.8205,0
1764633600000,12.07,13.59,11.98,13.47,4969655.99,1764719999999,63855684.0533,138200,2369520.49,30486567.4667,0
1764720000000,13.47,14.75,13.43,14.64,7868526.73,1764806399999,112432949.906,195879,3975199.99,56825627.867,0
1764806400000,14.64,14.93,13.97,14.25,3758770.08,1764892799999,54432643.1086,126095,1734377.72,25146300.9932,0
1764892800000,14.25,14.4,13.36,13.59,3480586.8,1764979199999,48305309.5351,103626,1695059.56,23531352.0075,0
1764979200000,13.59,14.08,13.49,13.92,1853489.23,1765065599999,25540229.9148,59009,947595.95,13061893.1525,0
1765065600000,13.91,14.18,13.17,13.65,3292175.7,1765151999999,45086115.7118,106003,1567193.42,21438301.739,0
1765152000000,13.65,14.29,13.56,13.76,2670832.64,1765238399999,37112124.2449,91297,1322439.01,18388367.0997,0
1765238400000,13.76,15.01,13.53,14.41,3722324.34,1765324799999,53146246.0928,127771,1791209.32,25556017.7221,0
1765324800000,14.41,14.89,13.94,14.1,4263150.6,1765411199999,61041107.4988,162261,2054973.71,29458436.4479,0
1765411200000,14.09,14.21,13.4,14.07,3338662.89,1765497599999,45849001.9387,133628,1631280.52,22428413.7574,0
1765497600000,14.06,14.35,13.27,13.63,2772453.23,1765583999999,38346272.8271,117594,1344737.89,18595482.0663,0
1765584000000,13.64,13.97,13.6,13.74,1138943.54,1765670399999,15695093.6658,41643,540637.25,7453772.2485,0
1765670400000,13.74,13.8,13.09,13.28,1444630.59,1765756799999,19471342.9289,54330,662005.8,8934930.0842,0
1765756800000,13.28,13.74,12.47,12.85,3683730.69,1765843199999,48144651.3065,119318,1813122.71,23703574.8949,0
1765843200000,12.86,13.13,12.55,12.93,3079222.23,1765929599999,39608006.9272,88579,1512029.46,19455096.3225,0
1765929600000,12.93,13.18,12.12,12.27,4482766.86,1766015999999,56418647.3498,111862,2175249.6,27374993.9559,0
1766016000000,12.26,12.88,11.74,11.93,4358098.12,1766102399999,53387892.4916,134379,2074726.75,25435599.153,0
1766102400000,11.93,12.76,11.84,12.54,3247113.51,1766188799999,40169941.919,88644,1677800.94,20759423.5351,0
1766188800000,12.54,12.72,12.48,12.56,931824.28,1766275199999,11739075.9527,25760,463512.04,5840434.8127,0
1766275200000,12.55,12.71,12.22,12.44,1465467.53,1766361599999,18227475.6488,43141,733009.04,9121121.1353,0
1766361600000,12.44,12.95,12.33,12.58,2293793.13,1766447999999,28947755.8519,81204,1180136.05,14893397.4852,0
1766448000000,12.58,12.7,12.07,12.39,2796573.57,1766534399999,34549513.4011,70910,1463255.29,18079128.4605,0
1766534400000,12.39,12.44,12.01,12.28,1615917.48,1766620799999,19730636.6134,40325,737678.22,9010596.5983,0
1766620800000,12.27,12.43,11.99,12.07,1333620.15,1766707199999,16331924.9272,34626,636104.64,7789271.4066,0
1766707200000,12.06,12.54,12.02,12.19,1924237.68,1766793599999,23657855.6247,49700,947045.82,11648193.925,0
1766793600000,12.18,12.55,12.16,12.52,1069666.97,1766879999999,13167124.5448,32137,566203.84,6974491.0856,0
1766880000000,12.52,12.6,12.32,12.5,1277287.38,1766966399999,15911859.5201,44016,644991.92,8038023.8698,0
1766966400000,12.5,13.03,12.25,12.3,2954854.09,1767052799999,37256445.8783,92271,1493308.52,18841827.1682,0
1767052800000,12.31,12.61,12.26,12.42,1646109.08,1767139199999,20480164.4016,48861,825871.54,10277403.0407,0
1767139200000,12.42,12.55,12.19,12.21,1623004.35,1767225599999,20037119.63,55178,842473.46,10399974.9263,0
1767225600000,12.2,12.64,12.15,12.6,1298317.35,1767311999999,16089685.5682,51821,714180.21,8859916.7883,0
1767312000000,12.61,13.43,12.58,13.27,3912084.12,1767398399999,50972592.2501,119555,1892670.0,24639256.8671,0
1767398400000,13.27,13.37,12.97,13.23,1815555.33,1767484799999,23900078.1514,43793,700516.43,9225092.8223,0
1767484800000,13.24,13.58,13.21,13.43,1896532.62,1767571199999,25417305.4846,51179,984896.61,13200780.052,0
1767571200000,13.42,14.13,13.4,13.9,4109474.72,1767657599999,56425737.0829,108673,1968903.11,27043871.5416,0
1767657600000,13.91,14.24,13.47,14.04,4765607.39,1767743999999,66038990.6151,132260,2154806.53,29882061.326,0
1767744000000,14.03,14.04,13.29,13.44,3137962.62,1767830399999,42709995.1406,81814,1315469.77,17893047.1622,0
1767830400000,13.45,13.56,13.03,13.21,2702515.67,1767916799999,35778086.5531,72286,1250778.59,16559653.2676,0
1767916800000,13.22,13.45,13.03,13.14,2260152.41,1768003199999,29896518.5111,71529,1047567.96,13864246.3975,0
1768003200000,13.14,13.26,13.07,13.13,1031188.16,1768089599999,13576464.9652,29997,532464.36,7009855.8714,0
1768089600000,13.14,13.37,13.05,13.21,1177324.14,1768175999999,15563450.5616,39797,637163.45,8425967.4598,0
1768176000000,13.21,13.52,12.93,13.08,2177683.73,1768262399999,28820862.5458,71251,1012593.45,13405370.3509,0
1768262400000,13.08,14.18,13.05,14.06,3292078.9,1768348799999,44829712.1821,125943,1665105.01,22681740.9355,0
1768348800000,14.06,14.4,13.85,14.11,3393667.12,1768435199999,47983721.4615,88473,1702014.38,24079449.9838,0
1768435200000,14.11,14.22,13.56,13.8,3074233.52,1768521599999,42725367.5643,87044,1565371.28,21756203.0655,0
1768521600000,13.8,13.87,13.43,13.73,1843762.86,1768607999999,25209367.4497,55200,862882.13,11801111.2706,0
1768608000000,13.73,13.9,13.63,13.75,931201.13,1768694399999,12806072.5957,30554,454094.49,6246046.4836,0
1768694400000,13.74,13.88,13.3,13.32,1741389.83,1768780799999,23780543.2781,59672,993829.96,13566599.7584,0
1768780800000,13.31,13.32,12.37,12.88,4620041.93,1768867199999,59265075.9112,96911,2322758.95,29801765.6256,0
1768867200000,12.88,12.91,12.03,12.12,2563317.41,1768953599999,31915977.9951,76216,1229073.35,15311767.1984,0
1768953600000,12.13,12.66,11.89,12.4,2945663.72,1769039999999,36226357.4834,88176,1510527.78,18584926.3774,0
1769040000000,12.4,12.58,12.12,12.27,1814067.05,1769126399999,22470586.9079,50060,909636.78,11272760.5662,0
1769126400000,12.26,12.5,12.04,12.22,1371389.49,1769212799999,16817473.322,47573,649339.15,7965576.4496,0
1769212800000,12.22,12.28,12.13,12.2,873927.83,1769299199999,10676701.701,18625,413749.72,5056583.545,0
1769299200000,12.21,12.22,11.36,11.52,2941954.24,1769385599999,34581566.3963,65430,1355721.99,15937099.8283,0
1769385600000,11.53,12.13,11.51,11.95,2032874.78,1769471999999,24116764.5495,56410,1016178.37,12064456.1737,0
1769472000000,11.94,12.19,11.84,12.03,2172577.81,1769558399999,26132684.62,51311,1098597.21,13226247.2269,0
1769558400000,12.03,12.07,11.69,11.84,1644483.52,1769644799999,19549298.5442,51724,825612.16,9814669.7375,0
1769644800000,11.85,11.87,10.83,11.13,3626057.88,1769731199999,40531974.3749,83974,1760925.83,19670188.9201,0
1769731200000,11.13,11.17,10.51,10.79,4786187.32,1769817599999,51691643.2804,116265,2262817.31,24435725.7939,0
1769817600000,10.79,10.84,8.97,9.99,9723508.97,1769903999999,95340590.7771,181850,4674533.16,45870864.8644,0
1769904000000,9.99,10.08,9.22,9.41,5435399.92,1769990399999,52612673.3918,121974,2574748.37,24929868.3322,0
1769990400000,9.4,10.04,9.02,9.81,7134765.79,1770076799999,67946777.9824,175053,3466236.12,32962483.105,0
1770076800000,9.8,9.9,9.08,9.49,5840286.03,1770163199999,55810924.8063,140855,2807610.78,26819760.7015,0
1770163200000,9.49,9.78,9.02,9.25,5382703.22,1770249599999,50450603.3867,122084,2685847.88,25171755.7089,0
1770249600000,9.26,9.36,7.85,7.92,12548184.43,1770335999999,107071375.0315,274764,6019462.48,51367571.672,0
1770336000000,7.92,9.01,7.15,8.88,11728958.3,1770422399999,95725847.02128,222427,5876482.91,48013095.5836,0
1770422400000,8.88,9.05,8.58,8.91,6639108.5,1770508799999,58917653.76,122907,3235681.26,28728234.1937,0
1770508800000,8.91,9.05,8.72,8.83,2536395.22,1770595199999,22556678.1367,74090,1216152.11,10822698.1744,0
1770595200000,8.83,9.02,8.44,8.83,2810980.42,1770681599999,24570899.0815,70708,1325644.69,11603524.5605,0
1770681600000,8.84,8.89,8.47,8.57,2423078.44,1770767999999,20829991.3581,65661,1242005.74,10671723.4328,0
1770768000000,8.57,8.62,8.13,8.33,4013442.3,1770854399999,33460766.0915,82640,1920613.61,16022242.1747,0
1770854400000,8.32,8.6,8.17,8.41,2312895.87,1770940799999,19396890.8221,66667,1151912.7,9666161.6251,0
1770940800000,8.41,8.91,8.3,8.77,2312791.37,1771027199999,19870739.5545,53710,1217828.74,10453360.7518,0
1771027200000,8.76,9.21,8.75,9.09,2831707.88,1771113599999,25384873.1232,47469,1464450.87,13139765.6321,0
1771113600000,9.1,9.25,8.6,8.79,3072824.5,1771199999999,27455248.835,76151,1555676.03,13920741.7559,0
1771200000000,8.79,8.99,8.65,8.94,1897487.0,1771286399999,16699270.7685,47147,964536.69,8497169.7934,0
1771286400000,8.93,9.0,8.66,8.82,1822045.86,1771372799999,16108051.302,51667,946176.06,8369103.3886,0
1771372800000,8.83,9.0,8.52,8.6,1800699.08,1771459199999,15748873.0161,48664,860878.54,7532216.6617,0
1771459200000,8.6,8.76,8.35,8.58,1710735.8,1771545599999,14593206.7842,41487,849054.69,7244349.2182,0
1771545600000,8.58,9.02,8.45,8.95,3124444.03,1771631999999,27301942.2935,68982,1668772.06,14582011.704,0
1771632000000,8.95,9.05,8.85,8.87,1904565.08,1771718399999,16987408.716,35746,938009.93,8374524.1951,0
1771718400000,8.87,8.9,8.6,8.69,1310299.33,1771804799999,11480473.7858,27518,609170.64,5339877.416,0
1771804800000,8.69,8.7,8.17,8.26,4307602.85,1771891199999,35906134.9188,100337,2080324.22,17341333.1532,0
1771891200000,8.27,8.34,8.05,8.19,2590017.43,1771977599999,21236059.6384,51030,1315499.5,10791543.1011,0
1771977600000,8.2,9.59,8.18,9.27,5682666.11,1772063999999,51162991.8568,124297,3060916.06,27500901.8868,0
1772064000000,9.27,9.34,8.86,9.09,3368687.02,1772150399999,30844677.5571,73948,1663439.09,15237441.1448,0
1772150400000,9.1,9.3,8.55,8.71,2186732.81,1772236799999,19467499.5638,57753,1094923.47,9751819.177,0
1772236800000,8.71,8.95,8.21,8.85,4572875.45,1772323199999,38911906.4856,88695,2272595.08,19351243.573,0
1772323200000,8.85,9.21,8.54,8.67,3557448.24,1772409599999,31616196.481,83248,1722075.64,15312504.767,0
1772409600000,8.67,9.27,8.59,8.96,3615246.46,1772495999999,32223278.4667,87789,1680517.07,14972812.182,0
1772496000000,8.95,9.02,8.56,8.8,2444530.23,1772582399999,21460768.9846,73273,1150379.69,10094866.864,0
1772582400000,8.81,9.64,8.68,9.35,4234226.0,1772668799999,38888908.523,94230,2078569.25,19082081.5534,0
1772668800000,9.35,9.49,9.07,9.21,3411090.96,1772755199999,31672851.6241,75051,1651302.67,15345451.8373,0
1772755200000,9.2,9.3,8.67,8.8,2220301.94,1772841599999,19926066.9558,55726,1131474.66,10154390.5683,0
1772841600000,8.8,8.86,8.64,8.7,1183315.17,1772927999999,10365303.003,32766,540108.94,4732774.481,0
1772928000000,8.7,8.78,8.4,8.52,2230662.96,1773014399999,19163042.7546,58801,1060955.37,9120492.3962,0
1773014400000,8.51,9.1,8.51,8.87,3227979.6,1773100799999,28480823.4926,91158,1600960.65,14140155.3841,0
1773100800000,8.87,9.19,8.85,8.99,3158638.13,1773187199999,28541963.6045,89258,1711093.81,15471724.552,0
1773187200000,8.98,9.18,8.86,8.99,2870982.98,1773273599999,25862185.1185,72232,1411208.92,12715248.4968,0
1773273600000,8.99,9.11,8.83,9.05,2618504.7,1773359999999,23556260.1876,66404,1329643.43,11965008.6384,0
1773360000000,9.06,9.6,9.02,9.08,4660242.88,1773446399999,43293151.9733,107903,2270938.46,21106211.7814,0
1773446400000,9.08,9.18,8.92,9.17,1876782.32,1773532799999,16953772.9834,43498,810018.51,7320205.6332,0
1773532800000,9.17,9.56,9.11,9.5,3028709.92,1773619199999,28095397.7138,58354,1552459.19,14401901.7649,0
1773619200000,9.5,10.08,9.41,9.92,6674046.47,1773705599999,65020222.4712,127426,3340415.3,32564309.0341,0
1773705600000,9.92,10.03,9.68,9.79,3821697.74,1773791999999,37598764.5836,84867,1848565.42,18197144.4082,0
1773792000000,9.79,9.93,9.08,9.22,3501468.16,1773878399999,33074713.0418,84104,1684037.24,15902768.4312,0
1773878400000,9.23,9.34,8.89,9.04,3762569.79,1773964799999,34105500.8259,70725,1913959.41,17353409.0226,0
1773964800000,9.05,9.21,8.96,9.12,2825699.88,1774051199999,25631944.3458,54217,1390316.27,12613055.1777,0
1774051200000,9.11,9.17,8.76,8.82,1541020.98,1774137599999,13945763.114,31228,748266.11,6781718.712,0
1774137600000,8.82,8.97,8.57,8.68,3112411.45,1774223999999,27342717.0127,58270,1536993.31,13508186.3425,0
1774224000000,8.69,9.29,8.58,9.11,6135696.2,1774310399999,55174577.6327,120276,3118988.92,28047572.7396,0
1774310400000,9.1,9.27,9.01,9.25,3558808.47,1774396799999,32512991.5311,65153,1779107.13,16255531.417,0
1774396800000,9.25,9.5,9.17,9.37,2945718.74,1774483199999,27548301.319,59511,1446692.99,13526991.9858,0
1774483200000,9.37,9.39,8.81,8.91,3050140.21,1774569599999,27467902.3214,57617,1509562.04,13586265.2824,0
1774569600000,8.92,8.98,8.48,8.57,3065203.64,1774655999999,26623201.3962,63432,1528094.37,13273688.7577,0
1774656000000,8.57,8.7,8.37,8.44,2100702.76,1774742399999,17948712.1848,40481,1012441.97,8652680.8835,0
1774742400000,8.43,8.59,8.2,8.42,1505046.94,1774828799999,12699435.2152,36886,721758.87,6089776.357,0
1774828800000,8.42,8.93,8.4,8.62,2979309.11,1774915199999,26005346.3733,72718,1421981.65,12413086.5891,0
1774915200000,8.63,8.89,8.5,8.78,2519101.5,1775001599999,21955739.566,67162,1219573.49,10635687.1639,0
1775001600000,8.78,9.2,8.74,8.94,3121335.95,1775087999999,28086407.5541,74422,1441366.55,12972791.0923,0
1775088000000,8.94,9.01,8.42,8.63,3321091.67,1775174399999,28584249.9886,87668,1564051.91,13462037.5189,0
1775174400000,8.63,8.81,8.59,8.65,1234713.25,1775260799999,10723436.2862,31715,587292.65,5101880.1331,0
1775260800000,8.65,8.69,8.62,8.63,329964.18,1775347199999,2853517.9447,8141,170769.47,1477237.1018,0
