datetime,open,high,low,close,volume,close_time,quote_volume,count,taker_buy_volume,taker_buy_quote_volume,ignore
1528675200000,0.05,0.05,0.04258,0.0484,72569508.9,1528761599999,3361609.582839,7222,32380265.5,1497237.301882,0
1528761600000,0.04837,0.04849,0.04081,0.0433,189962494.5,1528847999999,8585564.51419,19753,96516684.9,4357199.772461,0
1528848000000,0.04332,0.04476,0.03726,0.04098,468993557.7,1528934399999,19187027.806684,28599,271299694.0,11110419.424175,0
1528934400000,0.04093,0.04574,0.03992,0.04505,488364234.2,1529020799999,21025184.113756,30362,277889582.6,11931281.620452,0
1529020800000,0.04506,0.04592,0.04149,0.04232,406097492.9,1529107199999,17896654.30456,22723,261870999.0,11532723.571548,0
1529107200000,0.04229,0.0436,0.04085,0.04295,353640751.6,1529193599999,15095982.705576,17408,259186864.6,11069186.304882,0
1529193600000,0.04294,0.0435,0.04219,0.04234,321205248.9,1529279999999,13793136.002413,15759,230942547.8,9918318.602056,0
1529280000000,0.04235,0.046,0.04111,0.04509,444293609.8,1529366399999,19249453.949335,23149,302583094.8,13052093.751281,0
1529366400000,0.0451,0.05216,0.0443,0.04965,682069690.9,1529452799999,32853106.874366,39910,374012173.7,17920703.352147,0
1529452800000,0.04967,0.05036,0.04542,0.0498,627484487.3,1529539199999,30193991.336123,36550,367731316.2,17717635.912194,0
1529539200000,0.04979,0.05092,0.0473,0.0487,487517074.1,1529625599999,23838384.090612,26301,325704712.5,15925667.35949,0
1529625600000,0.04868,0.0493,0.04125,0.0427,704300814.0,1529711999999,31403983.423687,38416,428462937.1,19184819.281091,0
1529712000000,0.04271,0.04496,0.04206,0.044,410180684.7,1529798399999,17877406.208222,21061,265229126.2,11556859.38258,0
1529798400000,0.04397,0.04444,0.03755,0.04205,674573640.7,1529884799999,27607972.202344,33572,391210054.9,16017823.551457,0
1529884800000,0.04205,0.04372,0.04075,0.04208,331759214.9,1529971199999,13938548.870342,22477,165353359.4,6945867.527469,0
1529971200000,0.04208,0.0423,0.03729,0.03737,214435118.9,1530057599999,8533355.408084,15547,104600476.0,4168895.196864,0
1530057600000,0.03736,0.03996,0.03666,0.03888,266803436.0,1530143999999,10210889.294191,17461,140624357.5,5387223.761301,0
1530144000000,0.03895,0.03981,0.03562,0.03605,355103306.8,1530230399999,13528996.990282,24030,172802016.5,6587292.210672,0
1530230400000,0.03596,0.03719,0.03315,0.03638,616344265.0,1530316799999,21703124.919016,33047,344153530.1,12129117.244414,0
1530316800000,0.03645,0.03997,0.03587,0.03756,721706327.6,1530403199999,27123204.876569,56224,379729451.8,14253964.478805,0
1530403200000,0.0376,0.03784,0.03601,0.03665,323005581.9,1530489599999,11878221.254305,34622,155019411.3,5703295.730829,0
1530489600000,0.03662,0.04298,0.03635,0.03962,617553915.6,1530575999999,24053999.526839,53850,316535799.1,12317374.297804,0
1530576000000,0.03964,0.04079,0.0378,0.03808,543676860.7,1530662399999,21433591.601338,45231,268471127.7,10588501.085168,0
1530662400000,0.03808,0.04012,0.03765,0.03888,257661875.5,1530748799999,10076208.573749,16139,135205341.7,5288560.534304,0
1530748800000,0.03891,0.03968,0.0364,0.03703,756133477.3,1530835199999,28824604.936168,37706,418176354.4,15925031.451021,0
1530835200000,0.03705,0.03722,0.03431,0.03584,431072065.4,1530921599999,15492455.175068,23718,265244221.6,9529161.027871,0
1530921600000,0.03585,0.03731,0.03477,0.03704,380932296.8,1531007999999,13516047.67334,16614,286387545.1,10167786.99624,0
1531008000000,0.03707,0.03814,0.0363,0.03677,387453974.3,1531094399999,14381669.48614,18784,260546875.2,9669269.701848,0
1531094400000,0.03676,0.03686,0.0353,0.0355,370122418.9,1531180799999,13392397.860597,16922,264083434.3,9558935.582354,0
1531180800000,0.03553,0.0358,0.03239,0.03318,504720829.6,1531267199999,17146628.700053,25583,309914400.6,10536562.52497,0
1531267200000,0.03319,0.03451,0.0325,0.0335,548317548.3,1531353599999,18301795.717643,21846,398692603.9,13310556.891946,0
1531353600000,0.0335,0.03351,0.03105,0.03242,529087683.3,1531439999999,17111371.895045,22285,370612050.5,12005705.034531,0
1531440000000,0.03243,0.03474,0.03225,0.0332,624021052.5,1531526399999,20722807.762141,24378,455521149.6,15121073.28153,0
1531526400000,0.0332,0.0339,0.03251,0.0333,624203829.4,1531612799999,20687452.440334,18435,522213300.8,17310673.974181,0
1531612800000,0.03339,0.03495,0.03307,0.03437,594037396.1,1531699199999,20317124.283259,19116,466764096.9,15958102.642723,0
1531699200000,0.03437,0.03778,0.03403,0.03751,736888244.3,1531785599999,26311196.818624,28059,562451980.2,20045418.691658,0
1531785600000,0.03754,0.04093,0.03602,0.03973,852853141.4,1531871999999,32537272.296309,38962,578895231.0,22009340.028439,0
1531872000000,0.03976,0.0439,0.0384,0.03969,1100192035.8,1531958399999,44653154.091377,58284,691231849.3,27988488.444439,0
1531958400000,0.03967,0.03972,0.03735,0.03804,786159431.9,1532044799999,30111324.587642,33482,561912096.0,21522041.186027,0
1532044800000,0.03802,0.03805,0.03434,0.03487,888893258.8,1532131199999,32003105.217516,31395,659716147.1,23760339.254467,0
1532131200000,0.03482,0.03652,0.0336,0.03554,658043763.8,1532217599999,23284862.433078,23994,505421866.2,17894575.708914,0
1532217600000,0.03555,0.03652,0.03486,0.0351,526288572.8,1532303999999,18818590.390592,19292,392665298.7,14042361.242498,0
1532304000000,0.03507,0.03649,0.03394,0.03406,800259848.8,1532390399999,27979177.03851,25709,599354985.5,20952181.303668,0
1532390400000,0.03413,0.0392,0.03279,0.0379,1334177931.1,1532476799999,48340000.924688,48982,931357004.6,33685228.250425,0
1532476800000,0.03796,0.03929,0.03609,0.03713,1079161813.4,1532563199999,40518193.763569,35750,788332916.3,29600596.310954,0
1532563200000,0.03717,0.03879,0.03535,0.03593,987999714.1,1532649599999,37044107.808078,29918,746379444.1,28001877.271876,0
1532649600000,0.03586,0.03717,0.0351,0.03654,858778885.8,1532735999999,31155781.501953,26639,629442445.5,22850549.024192,0
1532736000000,0.03656,0.03697,0.03573,0.0369,783963947.4,1532822399999,28612956.088832,20324,617855410.6,22554065.743308,0
1532822400000,0.03693,0.041,0.0368,0.03905,738737711.5,1532908799999,28382082.193064,33038,437526343.5,16748094.786382,0
1532908800000,0.03901,0.03961,0.03516,0.03635,725668372.4,1532995199999,26877411.943459,30900,374999648.2,13887317.065703,0
1532995200000,0.03634,0.03643,0.03319,0.03373,968338101.2,1533081599999,33318881.134494,29431,701301116.3,24120607.375692,0
1533081600000,0.0338,0.03395,0.03141,0.03252,931494824.3,1533167999999,30592773.810092,26940,709735377.7,23325578.335722,0
1533168000000,0.03252,0.03317,0.03059,0.03128,857218305.6,1533254399999,27204176.66094,27096,652675357.9,20712309.998473,0
1533254400000,0.03129,0.03155,0.02917,0.03039,889167873.0,1533340799999,26976589.753003,28409,659835557.8,20026502.378102,0
1533340800000,0.0304,0.03126,0.02827,0.02879,818507481.3,1533427199999,24343231.833111,26048,591048709.4,17598408.416756,0
1533427200000,0.02879,0.03059,0.0281,0.03025,628989651.8,1533513599999,18345135.131023,19868,455958885.3,13277095.424903,0
1533513600000,0.03026,0.03109,0.02868,0.02912,813018411.6,1533599999999,24006008.363463,23257,620800782.3,18318361.497218,0
1533600000000,0.02914,0.02995,0.02739,0.02766,869392315.3,1533686399999,25207688.084043,27134,645846753.7,18747306.122924,0
1533686400000,0.02767,0.02768,0.02325,0.02428,1089655190.1,1533772799999,27375298.578063,41724,763402368.5,19202807.640281,0
1533772800000,0.02426,0.02645,0.02348,0.02551,892745829.0,1533859199999,22328698.255202,35401,613442987.4,15329157.905175,0
1533859200000,0.02551,0.02597,0.0231,0.02362,958839673.2,1533945599999,23640173.742185,36297,678838886.3,16748431.960894,0
1533945600000,0.02366,0.02385,0.02167,0.02213,900529916.4,1534031999999,20566112.254096,39105,646955127.8,14776645.065949,0
1534032000000,0.02215,0.02349,0.022,0.02248,794533232.9,1534118399999,17968853.933065,30262,595263520.7,13465461.085673,0
1534118400000,0.02246,0.02278,0.01885,0.01909,955173349.8,1534204799999,20320964.432921,37837,649721090.6,13882147.251897,0
1534204800000,0.01906,0.02201,0.016,0.01858,997605288.3,1534291199999,17508909.781405,40843,545467890.3,9576146.956858,0
1534291200000,0.01867,0.02074,0.01857,0.01918,1235615851.5,1534377599999,24347862.293474,56311,760574385.6,14981549.316042,0
1534377600000,0.01919,0.01997,0.01884,0.01931,766532158.3,1534463999999,14813631.253597,37783,507150802.1,9792412.262897,0
1534464000000,0.01932,0.02346,0.01915,0.02333,986723126.9,1534550399999,21128192.144632,47691,547257407.2,11699099.990474,0
1534550400000,0.02332,0.02463,0.02005,0.02131,791602787.4,1534636799999,17599133.224971,39302,448902426.3,9972486.573107,0
1534636800000,0.02132,0.02284,0.02072,0.02205,410647406.4,1534723199999,8941487.429355,21140,259317664.3,5640126.843219,0
1534723200000,0.02209,0.02263,0.02009,0.02035,660328745.5,1534809599999,14225736.902164,25097,468565759.8,10104303.645779,0
1534809600000,0.02031,0.02116,0.01984,0.02091,693850189.4,1534895999999,14321459.035118,21478,520907245.8,10761453.476557,0
1534896000000,0.02091,0.02234,0.01897,0.0195,786487263.9,1534982399999,16379337.665648,26070,513114603.4,10738223.961562,0
1534982400000,0.01949,0.0208,0.01938,0.02067,791993545.3,1535068799999,15849069.78117,24388,548299685.6,10966129.400181,0
1535068800000,0.02067,0.02163,0.02024,0.02152,752950617.2,1535155199999,15734866.372011,28674,485809468.4,10141320.154201,0
1535155200000,0.02152,0.0228,0.02099,0.02238,581761722.2,1535241599999,12599210.777833,28232,333582329.0,7225125.502351,0
1535241600000,0.02237,0.02312,0.02112,0.02273,668580322.4,1535327999999,14836513.050936,36123,383043250.9,8502546.414812,0
1535328000000,0.02273,0.02473,0.0223,0.02461,800941626.7,1535414399999,18789921.796499,42255,442004547.3,10371629.616996,0
1535414400000,0.02464,0.0279,0.02419,0.02684,1302925511.1,1535500799999,34155094.475488,63396,673985146.7,17652303.403376,0
1535500800000,0.02689,0.02729,0.02456,0.02538,1023665564.4,1535587199999,26661772.586729,51371,534431186.3,13932650.596695,0
1535587200000,0.02539,0.02596,0.02319,0.02495,815836917.9,1535673599999,19864362.355072,45567,410400889.6,9997493.05305,0
1535673600000,0.02495,0.0257,0.02423,0.0253,621098533.9,1535759999999,15515627.282266,36452,328551872.8,8210464.600861,0
1535760000000,0.02531,0.0273,0.0253,0.02666,668673283.5,1535846399999,17542450.03141,34878,350788857.5,9204518.491666,0
1535846400000,0.02668,0.02669,0.02469,0.02568,645697439.7,1535932799999,16646201.363072,36993,337525707.5,8710453.493195,0
1535932800000,0.02567,0.02589,0.02447,0.02507,502039171.8,1536019199999,12623866.045942,29380,269820224.6,6786949.596095,0
1536019200000,0.02506,0.02592,0.02497,0.02524,498577158.0,1536105599999,12702083.857446,26731,254192775.1,6475287.412265,0
1536105600000,0.02525,0.02551,0.0212,0.02153,975750188.0,1536191999999,22572794.746549,49966,505447522.2,11697675.683235,0
1536192000000,0.0215,0.02198,0.02007,0.02163,818887295.8,1536278399999,17009119.050039,46802,441250099.0,9167651.258445,0
1536278400000,0.02165,0.022,0.02015,0.02034,545929787.0,1536364799999,11425359.552999,34481,300892232.4,6297092.498863,0
1536364800000,0.02032,0.0208,0.01867,0.01921,562509052.2,1536451199999,11217180.576596,31156,314836085.2,6294745.220094,0
1536451200000,0.01919,0.02024,0.01878,0.01932,521294794.4,1536537599999,10174128.206118,29118,301296727.8,5877978.039675,0
1536537600000,0.01932,0.02024,0.01876,0.01923,546863149.2,1536623999999,10673598.120503,28768,318940050.0,6222200.899184,0
1536624000000,0.01926,0.01965,0.01776,0.0185,530585251.6,1536710399999,9949659.781005,30320,302680741.3,5686581.741658,0
1536710400000,0.0185,0.01864,0.017,0.01823,555482852.0,1536796799999,9827816.156226,31700,307418316.1,5439461.991248,0
1536796800000,0.01823,0.0206,0.01822,0.01984,754107316.8,1536883199999,14730062.204018,42878,413052826.6,8059682.947132,0
1536883200000,0.01984,0.02073,0.0191,0.01966,705111152.3,1536969599999,14023185.593773,39307,362224233.4,7201226.59244,0
1536969600000,0.01968,0.02046,0.01965,0.01986,434063202.3,1537055999999,8701502.381571,25656,243342331.5,4878171.292548,0
1537056000000,0.01988,0.02013,0.01915,0.01994,438853959.1,1537142399999,8662699.087592,25436,247850872.6,4891912.109637,0
1537142400000,0.01995,0.02028,0.01809,0.01839,672870993.2,1537228799999,12934170.4908,35574,337648378.5,6501078.49583,0
1537228800000,0.01839,0.01965,0.01823,0.01928,509730607.1,1537315199999,9653731.199228,27825,285426480.2,5402661.72692,0
1537315200000,0.01925,0.02021,0.01865,0.01976,609259635.1,1537401599999,11930371.415659,33645,325556542.6,6378018.711966,0
1537401600000,0.01976,0.0219,0.01967,0.02134,766551294.7,1537487999999,15722032.025049,39364,396948848.2,8131248.97554,0
1537488000000,0.02133,0.0264,0.02106,0.02492,1693572635.3,1537574399999,39813357.202049,69735,829015667.5,19424809.311133,0
1537574400000,0.02492,0.0256,0.02229,0.02324,935098821.1,1537660799999,21782313.134697,36686,479075589.2,11169530.501991,0
1537660800000,0.02323,0.02485,0.02308,0.02381,706826464.9,1537747199999,16845953.990719,38859,344942730.4,8219927.284325,0
1537747200000,0.0238,0.02424,0.02172,0.02202,759692878.9,1537833599999,17295745.677184,31610,388364490.0,8844449.550966,0
1537833600000,0.02203,0.02205,0.02013,0.0213,790633362.5,1537919999999,16448266.05548,30665,413333405.3,8602529.74947,0
1537920000000,0.02132,0.02208,0.02032,0.02096,481622397.1,1538006399999,10234732.724515,21657,239604026.9,5098536.073425,0
1538006400000,0.02095,0.02299,0.02065,0.0225,531358777.5,1538092799999,11626452.401408,25597,290847008.6,6354198.468733,0
1538092800000,0.02248,0.02311,0.02126,0.02195,554670340.2,1538179199999,12287093.090746,22666,307658394.9,6817226.272475,0
1538179200000,0.02193,0.02258,0.02111,0.02203,332078141.9,1538265599999,7250854.029002,16472,197572392.6,4316615.273082,0
1538265600000,0.02202,0.02278,0.02177,0.02227,656971452.3,1538351999999,14608491.858658,26163,390231493.3,8674963.862636,0
1538352000000,0.02224,0.02245,0.02155,0.02209,596571091.9,1538438399999,13169800.667764,24245,370878560.6,8192515.045271,0
1538438400000,0.02209,0.02251,0.02175,0.02202,682474938.6,1538524799999,15095925.668202,27443,415593791.3,9196473.751815,0
1538524800000,0.02202,0.02204,0.02119,0.02165,674331750.0,1538611199999,14519937.888497,28650,420840047.4,9063866.017202,0
1538611200000,0.02166,0.02361,0.02162,0.0228,901405417.4,1538697599999,20354362.670477,37137,504851992.5,11388591.31583,0
1538697600000,0.02283,0.02359,0.02235,0.02343,753578548.7,1538783999999,17300675.238629,31455,431372372.9,9907914.283643,0
1538784000000,0.02345,0.0245,0.0229,0.02383,825146894.9,1538870399999,19391666.0631,31634,472219280.5,11098831.518879,0
1538870400000,0.02383,0.02769,0.02365,0.02699,1371815250.9,1538956799999,34573279.270151,53690,721673662.1,18165419.854915,0
1538956800000,0.02699,0.02837,0.02597,0.02667,1382741381.5,1539043199999,37373998.320807,56340,720747616.2,19485543.987136,0
1539043200000,0.02665,0.02693,0.02536,0.0261,836800674.0,1539129599999,21717293.335871,36378,457724982.8,11875407.029581,0
1539129600000,0.02608,0.02609,0.02461,0.02553,801056045.5,1539215999999,20280754.08052,35859,455842794.1,11545681.714032,0
1539216000000,0.02553,0.02553,0.0207,0.02095,1271929997.8,1539302399999,28694979.248862,48407,676470448.0,15236856.296075,0
1539302400000,0.02096,0.02391,0.02063,0.0228,1019616895.8,1539388799999,22932636.327684,43025,569647229.1,12801455.166272,0
1539388800000,0.02278,0.0242,0.02271,0.02385,427541072.7,1539475199999,10131234.88201,25498,248187675.4,5879312.514357,0
1539475200000,0.02387,0.02497,0.0235,0.02387,453914652.7,1539561599999,11065007.441211,26228,260642220.3,6352082.989333,0
1539561600000,0.02384,0.02806,0.02285,0.02575,1086815474.7,1539647999999,27916781.324255,55061,551141666.8,14168118.879746,0
1539648000000,0.02575,0.02581,0.02451,0.02497,260347434.7,1539734399999,6541085.103817,19986,128699089.3,3232114.244676,0
1539734400000,0.02499,0.02525,0.02432,0.02496,490584911.7,1539820799999,12199913.857633,26921,266868637.9,6639699.808286,0
1539820800000,0.02498,0.02576,0.02437,0.02471,635014543.5,1539907199999,15928750.410974,32121,332192028.2,8331793.061344,0
1539907200000,0.02473,0.02492,0.02418,0.02437,405826592.4,1539993599999,9930321.016713,21758,238706861.8,5841547.142241,0
1539993600000,0.02435,0.02471,0.02421,0.02448,479015985.7,1540079999999,11743961.94331,21995,273942496.7,6714378.774708,0
1540080000000,0.02447,0.0251,0.02442,0.02458,502947856.6,1540166399999,12461890.224395,24491,281341226.3,6971533.069603,0
1540166400000,0.02457,0.0246,0.02388,0.02423,314882052.5,1540252799999,7672200.213497,21598,171021661.1,4168321.804889,0
1540252800000,0.02422,0.02423,0.02333,0.02372,213425443.8,1540339199999,5074229.067695,18589,116163634.4,2762560.510332,0
1540339200000,0.02371,0.02419,0.02367,0.02373,160747802.2,1540425599999,3844073.008957,14210,89794268.8,2147993.759051,0
1540425600000,0.02372,0.02378,0.02335,0.0234,142543603.9,1540511999999,3356071.555747,12465,79703515.2,1876362.517913,0
1540512000000,0.02339,0.02405,0.02322,0.02391,168010246.6,1540598399999,3954410.59371,16000,102432139.9,2411154.895607,0
1540598400000,0.02391,0.024,0.02335,0.02343,134594620.9,1540684799999,3185953.660205,16059,79022421.4,1871037.271522,0
1540684800000,0.02345,0.02372,0.02337,0.02358,122559284.1,1540771199999,2881896.690639,11399,78606231.2,1848854.164506,0
1540771200000,0.02357,0.02369,0.02165,0.02221,264299436.4,1540857599999,5976399.676294,19911,147380501.0,3337413.684312,0
1540857600000,0.02222,0.0225,0.02206,0.02222,175087725.1,1540943999999,3897122.648332,14915,127729670.2,2842875.283428,0
1540944000000,0.02223,0.02272,0.02137,0.02239,215538835.3,1541030399999,4772178.217454,17348,139437235.7,3091188.523495,0
1541030400000,0.02239,0.0226,0.0221,0.02253,189567713.1,1541116799999,4239331.686772,15859,140779025.2,3148605.760914,0
1541116800000,0.02255,0.02326,0.02242,0.023,250753695.0,1541203199999,5712282.36641,18209,174967880.8,3984723.703969,0
1541203200000,0.023,0.02305,0.02248,0.02273,200976943.1,1541289599999,4573243.264467,15943,142954104.0,3254288.86465,0
1541289600000,0.02274,0.02402,0.02231,0.02369,304529926.3,1541375999999,7085362.489338,22454,185444416.6,4315168.312228,0
1541376000000,0.02367,0.02414,0.02331,0.02394,307017412.2,1541462399999,7279106.087046,22240,197070595.4,4672769.416352,0
1541462400000,0.02394,0.0249,0.02376,0.02475,382269101.4,1541548799999,9297619.791022,31338,235221163.3,5720471.154111,0
1541548800000,0.02475,0.0251,0.02378,0.02415,368914986.0,1541635199999,8994276.493145,31867,225351761.5,5494371.314488,0
1541635200000,0.02416,0.02432,0.02307,0.02319,332973343.4,1541721599999,7887110.780211,28690,203681620.5,4827620.345704,0
1541721600000,0.02319,0.02356,0.02287,0.02315,267379666.8,1541807999999,6203554.524606,25755,180823547.9,4196114.422661,0
1541808000000,0.02314,0.02349,0.0228,0.02309,236910869.0,1541894399999,5475500.220664,22776,167012837.0,3860751.23306,0
1541894400000,0.02309,0.02315,0.02259,0.02299,222369520.5,1541980799999,5098631.878323,20185,151970536.1,3485093.815267,0
1541980800000,0.02299,0.02318,0.02229,0.02269,261836117.9,1542067199999,5967500.709356,23120,177163864.2,4039695.108364,0
1542067200000,0.0227,0.02296,0.02221,0.02222,256601745.4,1542153599999,5799810.303534,23432,170579852.2,3857300.478733,0
1542153600000,0.02222,0.02224,0.01861,0.01999,546539319.2,1542239999999,11038678.159718,38331,295268524.0,5974282.707539,0
1542240000000,0.02,0.02015,0.0175,0.01942,619084383.7,1542326399999,11696081.72686,44638,352441162.0,6667613.98433,0
1542326400000,0.01944,0.0198,0.01868,0.01912,407002367.2,1542412799999,7843373.785061,29300,257742999.2,4969845.24634,0
1542412800000,0.01911,0.0192,0.01855,0.01904,332339848.4,1542499199999,6283490.704688,23141,224091520.5,4237727.364245,0
1542499200000,0.01903,0.01941,0.01877,0.01896,289759714.0,1542585599999,5527266.672016,21618,184474180.8,3520221.127739,0
1542585600000,0.01897,0.01898,0.0156,0.01588,696106787.1,1542671999999,11697984.58501,36408,392832142.9,6598617.115575,0
1542672000000,0.0159,0.0166,0.01262,0.01416,1293497112.3,1542758399999,18809343.763943,62134,703771235.5,10249423.906063,0
1542758400000,0.01414,0.0153,0.01358,0.01489,942272119.3,1542844799999,13657311.287411,49204,541376001.8,7847879.488233,0
1542844800000,0.01491,0.01505,0.01372,0.01381,463146010.9,1542931199999,6738768.804757,29644,265645196.1,3871858.617464,0
1542931200000,0.01383,0.01416,0.01319,0.01387,561693364.8,1543017599999,7681094.171373,33058,331512691.2,4532708.325786,0
1543017600000,0.01384,0.01435,0.01213,0.01262,599652768.6,1543103999999,8067038.852914,33673,333945063.4,4506259.533163,0
1543104000000,0.01263,0.01296,0.01107,0.01252,1004123804.3,1543190399999,12118804.258782,48165,555525666.3,6701278.01045,0
1543190400000,0.0125,0.01319,0.01135,0.01192,876816950.2,1543276799999,10739903.938687,51226,473420650.6,5805968.754913,0
1543276800000,0.01192,0.01224,0.01135,0.01204,595403269.0,1543363199999,7009997.036708,38281,346512791.6,4080647.647593,0
1543363200000,0.01204,0.0159,0.01203,0.01467,1351036970.5,1543449599999,19266185.527804,59168,685649907.1,9701926.258811,0
1543449600000,0.01467,0.01713,0.0143,0.01574,1849856295.0,1543535999999,29049238.715143,76965,904112732.6,14168896.550167,0
1543536000000,0.01574,0.01586,0.0136,0.01451,1381229746.3,1543622399999,20113873.496219,62148,720317161.2,10493384.005629,0
1543622400000,0.01452,0.01568,0.01395,0.01508,740419759.0,1543708799999,11040170.20972,40513,404722438.4,6033494.064257,0
1543708800000,0.01509,0.01557,0.0147,0.01499,573550014.0,1543795199999,8633915.762463,31347,324970159.3,4894497.830776,0
1543795200000,0.01498,0.01505,0.01341,0.01377,548989131.4,1543881599999,7789930.581324,31874,299602927.1,4257170.268367,0
1543881600000,0.01377,0.0153,0.01327,0.01433,633105641.5,1543967999999,9086976.36433806,34229,360654142.5,5169820.50719728,0
1543968000000,0.01433,0.01477,0.01388,0.01397,498753061.6,1544054399999,7119766.14587271,31368,279605510.3,3993645.931609,0
1544054400000,0.01399,0.01458,0.01269,0.01279,751978664.2,1544140799999,10346500.935218,43494,383093271.4,5282877.82038,0
1544140800000,0.01278,0.01351,0.01212,0.01321,1047600916.8,1544227199999,13381417.949338,57650,567727995.9,7260280.972701,0
1544227200000,0.01321,0.01396,0.01262,0.01324,735886007.8,1544313599999,9744556.988456,45130,397746638.0,5265877.298446,0
1544313600000,0.01326,0.01396,0.013,0.01341,534569771.6,1544399999999,7188994.766845,34208,290072520.8,3898692.25226,0
1544400000000,0.01341,0.01369,0.0128,0.01311,478094148.5,1544486399999,6292748.973719,30365,279447201.6,3681132.961301,0
1544486400000,0.01311,0.0135,0.01292,0.01317,421922602.4,1544572799999,5550893.762957,26333,232452784.8,3059771.565034,0
1544572800000,0.01315,0.01352,0.01302,0.0132,350215028.0,1544659199999,4655561.578398,23025,211480959.9,2812215.653424,0
1544659200000,0.01319,0.01345,0.01285,0.01304,366097497.8,1544745599999,4822999.278117,23271,209347060.4,2761777.088552,0
1544745600000,0.01304,0.01322,0.01252,0.01272,363530014.2,1544831999999,4694868.712222,22985,198882648.9,2571096.50195,0
1544832000000,0.01271,0.01295,0.0125,0.01273,292596660.0,1544918399999,3713594.932019,19749,183418497.1,2329118.316239,0
1544918400000,0.01272,0.01339,0.01264,0.01293,321862725.5,1545004799999,4196137.99561,21373,197134788.1,2570876.016555,0
1545004800000,0.01293,0.0146,0.0129,0.01407,589953611.8,1545091199999,8096756.440463,31297,341931291.4,4678988.07993,0
1545091200000,0.01407,0.01478,0.01378,0.01475,581885688.4,1545177599999,8275916.688064,33366,325368674.7,4629187.381822,0
1545177600000,0.01475,0.01745,0.01462,0.01526,1300688796.8,1545263999999,20931011.505711,64600,664667264.8,10708074.979654,0
1545264000000,0.01525,0.01722,0.01511,0.01703,985461494.6,1545350399999,16301661.96387,55258,537010846.9,8879516.582689,0
1545350400000,0.01702,0.02248,0.01676,0.01973,2278365315.3,1545436799999,44690355.800172,106347,1171581782.0,22960424.946875,0
1545436800000,0.01975,0.02121,0.01827,0.02065,1475151421.0,1545523199999,29500322.424447,78073,785580323.7,15717938.752486,0
1545523200000,0.02066,0.0219,0.01994,0.02056,958651192.9,1545609599999,19921886.526803,55927,501108996.2,10415261.050385,0
1545609600000,0.02058,0.02339,0.01998,0.02065,1357137739.9,1545695999999,29682231.75647,75416,711771122.6,15562919.408714,0
1545696000000,0.02063,0.02071,0.01819,0.01967,1037596911.4,1545782399999,19813022.525861,61023,535452607.3,10222682.454255,0
1545782400000,0.01967,0.02061,0.01892,0.02001,814775586.9,1545868799999,16120499.503474,51056,424352074.4,8393756.401955,0
1545868800000,0.02001,0.02024,0.01776,0.01798,674686376.0,1545955199999,12868534.346926,44244,339563038.0,6478377.733034,0
1545955200000,0.01798,0.02058,0.0175,0.0203,794371564.4,1546041599999,15262248.529819,47068,422820650.8,8121268.589963,0
1546041600000,0.02029,0.0205,0.01921,0.01939,621895768.4,1546127999999,12393971.727028,42814,331565881.4,6613937.359813,0
1546128000000,0.0194,0.02007,0.01906,0.01961,432871427.0,1546214399999,8464028.127533,34764,235466017.1,4605439.787036,0
1546214400000,0.01961,0.01967,0.01839,0.01868,378869408.1,1546300799999,7211479.048958,32625,205753689.7,3920338.106731,0
1546300800000,0.01867,0.01941,0.01842,0.01928,351832810.6,1546387199999,6655074.822608,30407,198513857.4,3756666.60388,0
1546387200000,0.01929,0.02007,0.01886,0.01974,451662383.4,1546473599999,8791280.765824,36692,253110464.2,4924927.615221,0
1546473600000,0.01975,0.02049,0.0193,0.01966,523399218.5,1546559999999,10357586.93841,40506,286357006.0,5666948.354228,0
1546560000000,0.01967,0.02179,0.01941,0.02106,826847232.6,1546646399999,16967884.677907,53201,435175511.4,8930427.52512,0
1546646400000,0.02105,0.0232,0.0209,0.0219,1119659806.0,1546732799999,24712864.240722,66944,595437419.2,13140548.457843,0
1546732800000,0.02191,0.02306,0.0213,0.02249,867831913.1,1546819199999,19397448.525434,61050,443715034.4,9918033.240822,0
1546819200000,0.0225,0.0239,0.02224,0.02334,705264402.1,1546905599999,16264676.523301,55877,373509920.0,8609386.605863,0
1546905600000,0.02333,0.02659,0.02281,0.02589,1370141124.8,1546991999999,34492232.584532,91507,710246043.6,17875405.735513,0
1546992000000,0.0259,0.02944,0.02521,0.02785,1572991504.4,1547078399999,43307824.232748,98363,814525906.0,22415636.855249,0
1547078400000,0.02784,0.0344,0.02347,0.02541,4989891257.2,1547164799999,138582583.788705,238090,2425034617.5,67331035.722698,0
1547164800000,0.02535,0.02752,0.02414,0.02453,1995046858.3,1547251199999,51025948.137133,142769,969052710.9,24803729.814014,0
1547251200000,0.02453,0.02471,0.0224,0.02296,1099711472.1,1547337599999,25553662.008102,83807,542974990.1,12609432.557705,0
1547337600000,0.02297,0.02325,0.02047,0.02085,852023326.8,1547423999999,18387881.693227,61286,393476545.5,8503416.890759,0
1547424000000,0.02085,0.0256,0.0206,0.02524,2293615074.1,1547510399999,54292145.772455,133334,1115902175.6,26422090.819843,0
1547510400000,0.02524,0.02619,0.02325,0.02395,1399984141.8,1547596799999,34552847.139008,98165,677307710.2,16707370.759178,0
1547596800000,0.02396,0.02507,0.02357,0.02479,826394320.6,1547683199999,20147980.539538,58359,408696014.1,9968270.055871,0
1547683200000,0.02482,0.02579,0.02371,0.02492,1011108887.1,1547769599999,24925335.125253,57671,490926093.8,12101516.742168,0
1547769600000,0.02491,0.02539,0.02431,0.02441,608269014.3,1547855999999,15047821.741017,39187,299733046.8,7419693.578473,0
1547856000000,0.0244,0.02489,0.0232,0.02419,674269447.7,1547942399999,16345904.915867,40328,327009533.1,7926523.362651,0
1547942400000,0.02418,0.02448,0.02288,0.02355,611417328.1,1548028799999,14465017.247809,35258,298355060.1,7053545.355191,0
1548028800000,0.02357,0.02556,0.0233,0.02537,680005035.6,1548115199999,16785304.403367,44484,355920874.8,8785903.299424,0
1548115200000,0.02537,0.0267,0.02459,0.02619,1109566790.4,1548201599999,28781954.308637,65921,546613095.6,14192225.176561,0
1548201600000,0.02617,0.0272,0.02561,0.02631,777770703.1,1548287999999,20560284.809991,46685,385965478.9,10210722.079277,0
1548288000000,0.02631,0.0271,0.02594,0.02672,506049413.5,1548374399999,13479325.610001,34006,258352883.1,6883590.325059,0
1548374400000,0.02673,0.02682,0.02625,0.02651,333547496.2,1548460799999,8866839.773407,22469,172930095.4,4599732.747089,0
1548460800000,0.02652,0.02899,0.0264,0.0285,757357994.5,1548547199999,21208086.480575,44448,383674517.8,10730541.910405,0
1548547200000,0.0285,0.0306,0.02807,0.02902,1355190569.6,1548633599999,39715658.039282,81653,668366244.9,19594493.879748,0
1548633600000,0.02902,0.02907,0.02488,0.02673,2164754832.5,1548719999999,58256571.143866,117488,1035664709.8,27834924.114607,0
1548720000000,0.02673,0.0277,0.0258,0.02709,797744464.6,1548806399999,21382462.048905,62123,403889531.6,10824581.651595,0
1548806400000,0.02709,0.028,0.02663,0.02717,682721247.1,1548892799999,18660492.115397,52733,328814982.5,8992921.137976,0
1548892800000,0.02715,0.02743,0.02503,0.02511,766309155.0,1548979199999,20036495.13635,63277,388231122.9,10150189.765824,0
1548979200000,0.02511,0.02658,0.024,0.02615,662366527.9,1549065599999,16919789.757043,57315,338764266.2,8660467.214443,0
1549065600000,0.02614,0.02638,0.02548,0.02608,332183079.3,1549151999999,8600547.114142,30644,165914916.6,4297796.46026,0
1549152000000,0.02608,0.02616,0.02511,0.02542,314036955.6,1549238399999,8064277.457555,26154,155028013.5,3982384.792738,0
1549238400000,0.02542,0.02914,0.02501,0.02698,1036234202.6,1549324799999,27948305.498944,77879,517720759.8,13969944.220145,0
1549324800000,0.02698,0.0279,0.02602,0.02623,638843861.1,1549411199999,17079728.360573,50873,310831869.4,8314080.631901,0
1549411200000,0.02622,0.027,0.02511,0.02551,538152250.9,1549497599999,13879588.681861,51865,252225020.6,6508519.661845,0
1549497600000,0.02552,0.02627,0.02534,0.02569,246860684.4,1549583999999,6380069.31067,24927,119132232.1,3080187.470629,0
1549584000000,0.02569,0.02737,0.02549,0.02681,590828159.7,1549670399999,15652687.380973,48112,298880181.1,7922157.465288,0
1549670400000,0.0268,0.02767,0.02601,0.02623,518065655.8,1549756799999,13878843.067072,41529,252147110.0,6756924.592544,0
1549756800000,0.02623,0.02633,0.02489,0.02579,607353046.1,1549843199999,15556526.090303,49634,281731738.3,7217508.953446,0
1549843200000,0.02579,0.02625,0.02406,0.02457,700500759.9,1549929599999,17533180.415808,57685,322004029.4,8066254.56957,0
1549929600000,0.02456,0.02482,0.024,0.02441,459412785.1,1550015999999,11184395.836128,40712,213725359.3,5206658.330276,0
1550016000000,0.02441,0.0253,0.02345,0.02406,422816770.1,1550102399999,10321144.305226,36654,212106992.3,5180163.68014,0
1550102400000,0.02407,0.02441,0.02312,0.0233,229078818.1,1550188799999,5403942.943648,19050,109970440.2,2594184.441939,0
1550188800000,0.0233,0.0241,0.02327,0.0237,256082232.0,1550275199999,6065797.776461,21187,128416834.8,3042175.658355,0
1550275200000,0.0237,0.02391,0.02346,0.02356,175050883.2,1550361599999,4142690.146515,15241,80976837.1,1917082.183248,0
1550361600000,0.02356,0.02402,0.02343,0.02378,190730523.0,1550447999999,4517430.828564,16196,99833343.9,2365061.10492,0
1550448000000,0.02379,0.02516,0.02376,0.0249,546475818.8,1550534399999,13354142.16918,37569,272430336.0,6658295.544685,0
1550534400000,0.0249,0.02598,0.02467,0.0248,603795953.8,1550620799999,15275165.703387,41773,303332889.5,7675040.386699,0
1550620800000,0.02481,0.02538,0.02412,0.025,371243183.2,1550707199999,9195331.586732,30948,194686301.4,4822286.544906,0
1550707200000,0.02497,0.02528,0.0243,0.02471,254685888.3,1550793599999,6313607.18881,23909,119253838.1,2956401.964363,0
1550793600000,0.02471,0.02502,0.0245,0.0249,217724892.3,1550879999999,5403862.067907,18781,113213116.7,2810386.753912,0
1550880000000,0.0249,0.02538,0.02471,0.02528,307453778.6,1550966399999,7703975.612916,23865,152990445.6,3835362.49486,0
1550966400000,0.02525,0.02747,0.02203,0.02327,1359544600.4,1551052799999,34010469.252836,87934,630440433.3,15757950.198418,0
1551052800000,0.02326,0.02451,0.02326,0.02407,558573703.8,1551139199999,13405491.61043,41591,283276962.0,6803658.697131,0
1551139200000,0.02407,0.02448,0.02362,0.02411,329205880.4,1551225599999,7903222.441342,25872,162967601.3,3914831.331398,0
1551225600000,0.02413,0.0242,0.02323,0.02394,224430312.9,1551311999999,5345800.564119,17880,104220873.8,2481880.216,0
1551312000000,0.02395,0.02407,0.02329,0.02364,212561488.5,1551398399999,5043134.469289,18748,101741913.2,2415826.492855,0
1551398400000,0.02365,0.02377,0.02339,0.02349,160875186.5,1551484799999,3795980.49181,13775,77707742.0,1834020.290442,0
1551484800000,0.02349,0.02356,0.02219,0.02267,306382110.1,1551571199999,6960194.814963,23426,135173081.6,3067786.23737,0
1551571200000,0.02268,0.02299,0.02227,0.02248,144563110.6,1551657599999,3278407.28978,12828,68179070.6,1546773.120174,0
1551657600000,0.02248,0.02304,0.02049,0.02277,616476950.9,1551743999999,13478923.530314,36173,304647227.5,6664053.970494,0
1551744000000,0.02278,0.02394,0.02202,0.02375,564424988.0,1551830399999,13010781.128022,33983,267259877.9,6162661.973741,0
1551830400000,0.02374,0.02383,0.02285,0.02318,321349025.1,1551916799999,7483694.633856,19967,163092620.2,3799990.17236,0
1551916800000,0.02318,0.02348,0.02282,0.02294,264670024.1,1552003199999,6114945.836573,17428,123446801.5,2854962.080249,0
1552003200000,0.02293,0.02298,0.02217,0.02233,253952447.5,1552089599999,5764105.826989,17575,117411377.7,2666499.227034,0
1552089600000,0.02233,0.02289,0.02201,0.02277,249144926.9,1552175999999,5609141.790873,16944,111759005.8,2516871.446439,0
1552176000000,0.02279,0.02316,0.02225,0.02285,227404724.8,1552262399999,5146156.541906,13459,113557540.2,2570400.282009,0
1552262400000,0.02283,0.02305,0.02178,0.02208,278171479.9,1552348799999,6203995.757213,14928,132776722.6,2956528.338406,0
1552348800000,0.0221,0.02257,0.02171,0.02227,126291826.0,1552435199999,2801200.960255,8802,56862242.6,1261387.121261,0
1552435200000,0.02226,0.02243,0.0218,0.02221,148357886.8,1552521599999,3287073.305914,9810,61138259.6,1355308.913101,0
1552521600000,0.0222,0.0229,0.02201,0.02242,255092893.8,1552607999999,5728492.928712,15594,117860597.8,2646157.979184,0
1552608000000,0.02243,0.0231,0.02233,0.02295,246002462.5,1552694399999,5570141.404521,14550,124536633.3,2818982.031512,0
1552694400000,0.02297,0.02355,0.02283,0.02313,351144788.6,1552780799999,8147941.634278,20955,170250603.6,3952435.518596,0
1552780800000,0.02314,0.02315,0.02266,0.0229,158980367.3,1552867199999,3645343.147721,9523,76071460.9,1744366.3452,0
1552867200000,0.0229,0.02322,0.02241,0.02278,194308005.8,1552953599999,4428585.761344,12152,92558237.4,2110061.431601,0
1552953600000,0.02277,0.02285,0.02244,0.02275,138457431.4,1553039999999,3133472.333426,9715,66799336.5,1511634.723944,0
1553040000000,0.02275,0.02285,0.02246,0.02279,162713577.9,1553126399999,3688178.588863,9707,69706397.9,1580696.274604,0
1553126400000,0.0228,0.02291,0.02183,0.02217,256969388.6,1553212799999,5754297.429354,14429,104990167.7,2348934.500146,0
1553212800000,0.02218,0.02269,0.02209,0.02251,179198184.8,1553299199999,4018607.213315,10963,87356067.5,1959686.625042,0
1553299200000,0.02249,0.02443,0.02245,0.02428,718620444.8,1553385599999,17018798.929158,41065,351039790.3,8314291.12092,0
1553385600000,0.02428,0.0244,0.02283,0.02324,487333137.9,1553471999999,11481622.282782,26548,212945425.6,5017323.090539,0
1553472000000,0.02325,0.02337,0.02207,0.02256,454372119.7,1553558399999,10348086.537207,24519,216024493.1,4920139.711141,0
1553558400000,0.02258,0.02271,0.0219,0.0224,214072793.8,1553644799999,4766960.116229,12844,107228659.3,2388825.147702,0
1553644800000,0.02242,0.02349,0.02227,0.0233,322674475.9,1553731199999,7416978.690996,19111,166301458.5,3821922.083288,0
1553731200000,0.02329,0.02329,0.02281,0.02315,207284124.3,1553817599999,4772108.659084,13055,107656415.6,2478630.19959,0
1553817600000,0.02314,0.0239,0.0229,0.0233,362782163.6,1553903999999,8480059.548072,21734,170649511.4,3989883.133685,0
1553904000000,0.02331,0.0236,0.02276,0.02322,228446068.2,1553990399999,5298425.037935,15162,115394328.9,2677435.31416,0
1553990400000,0.02323,0.02358,0.02302,0.02344,137335581.5,1554076799999,3200358.026768,9829,74906760.4,1746257.547152,0
1554076800000,0.02343,0.02505,0.02318,0.02433,421626760.3,1554163199999,10208826.466095,27506,216116967.7,5231236.876791,0
1554163200000,0.02433,0.027,0.02433,0.02671,1159923938.9,1554249599999,30052412.898093,66841,616083719.2,15976440.159069,0
1554249600000,0.02671,0.02929,0.02451,0.02595,1274892938.4,1554335999999,35280129.131628,72915,644339129.0,17858020.14503,0
1554336000000,0.02596,0.0268,0.02489,0.02582,573199178.9,1554422399999,14809424.770617,34921,315626336.6,8156644.008241,0
1554422400000,0.02583,0.0275,0.02579,0.02699,556392385.2,1554508799999,14977442.245404,32798,318241587.0,8567178.807298,0
1554508800000,0.02699,0.02734,0.02622,0.02668,339488002.0,1554595199999,9103105.059823,20533,200627464.9,5380797.826215,0
1554595200000,0.02668,0.02955,0.02652,0.02889,786629305.0,1554681599999,22328400.48003,45964,435060701.8,12331540.89597,0
1554681600000,0.0289,0.0316,0.02725,0.03033,1292382871.0,1554767999999,38516136.519096,87584,684239606.3,20384290.388466,0
1554768000000,0.03032,0.03111,0.02861,0.0296,888415219.7,1554854399999,26529544.313173,76807,470628970.8,14059620.507164,0
1554854400000,0.02959,0.03082,0.02937,0.02997,574884027.9,1554940799999,17276605.278365,49690,319481970.9,9603622.149848,0
1554940800000,0.02999,0.03004,0.02515,0.02641,912786014.5,1555027199999,24665981.11151,71746,447678096.6,12085349.497967,0
1555027200000,0.0264,0.02697,0.02512,0.02628,441618799.4,1555113599999,11554746.874202,34330,240747755.6,6298192.129618,0
1555113600000,0.02627,0.02676,0.02572,0.02604,302314692.6,1555199999999,7913561.853685,19283,183541694.9,4803506.859802,0
1555200000000,0.02603,0.02702,0.0258,0.02686,261891652.4,1555286399999,6887460.30832,18341,165959359.6,4364143.053325,0
1555286400000,0.02687,0.02752,0.02571,0.02622,479910501.7,1555372799999,12789606.56209,36734,255564367.3,6817072.408024,0
1555372800000,0.02621,0.02688,0.02582,0.02666,265607964.6,1555459199999,7000965.134866,20160,164220327.2,4328918.696632,0
1555459200000,0.02666,0.02683,0.02621,0.02649,267823069.3,1555545599999,7090052.507305,19604,164367318.6,4352318.12559,0
1555545600000,0.02649,0.0271,0.02645,0.02672,315453420.6,1555631999999,8450210.853934,20360,177585432.2,4757551.300261,0
1555632000000,0.0267,0.02671,0.02578,0.02625,319576403.9,1555718399999,8372366.014175,21919,182711694.9,4786958.951339,0
1555718400000,0.02627,0.02638,0.02552,0.02582,249838311.6,1555804799999,6490282.303464,16802,148622463.0,3860809.212881,0
1555804800000,0.02581,0.02616,0.024,0.02476,381725223.9,1555891199999,9474673.901517,29102,211749185.3,5253876.104369,0
1555891200000,0.02476,0.02529,0.02436,0.02492,263254762.3,1555977599999,6556487.948819,19892,163702438.0,4077196.397764,0
1555977600000,0.02492,0.02518,0.02405,0.02408,322245365.2,1556063999999,7980786.404492,21749,192331315.5,4764365.894517,0
1556064000000,0.02406,0.0241,0.0226,0.02325,413405426.7,1556150399999,9601670.399016,29522,237894366.3,5527490.856972,0
1556150400000,0.02326,0.02527,0.02258,0.02306,580351918.9,1556236799999,13844199.956608,35663,328861516.3,7852682.977449,0
1556236800000,0.02305,0.02429,0.02233,0.02382,487382825.4,1556323199999,11367761.179463,30593,262571611.5,6126149.21569,0
1556323200000,0.02382,0.02383,0.02314,0.02348,210027593.4,1556409599999,4929204.669954,8867,147791481.6,3469236.646904,0
1556409600000,0.02347,0.02366,0.02313,0.02334,170049685.7,1556495999999,3978551.519138,8401,113421254.5,2654661.388444,0
1556496000000,0.02336,0.02339,0.02188,0.02243,813624657.7,1556582399999,18394479.856339,20528,666400340.8,15071432.852637,0
1556582400000,0.02243,0.02381,0.02217,0.02349,1186078030.4,1556668799999,27081282.457564,24376,1018986886.0,23254076.2837,0
1556668800000,0.02348,0.02385,0.02296,0.02348,1175001889.2,1556755199999,27479653.630473,20942,1044499826.6,24429320.012118,0
1556755200000,0.02349,0.02363,0.02304,0.02339,1268952432.5,1556841599999,29576871.893427,20174,1112645940.8,25935953.796241,0
1556841600000,0.0234,0.02398,0.02307,0.02381,1528014147.0,1556927999999,36183241.06578,27609,1290228227.2,30558713.152263,0
1556928000000,0.02381,0.02457,0.02255,0.023,1394425314.9,1557014399999,32554802.50396,30021,1123937000.2,26218316.102543,0
1557014400000,0.02301,0.02335,0.02282,0.02319,1101308383.5,1557100799999,25420137.593414,19816,944452155.2,21802478.695914,0
1557100800000,0.02318,0.02418,0.02271,0.02379,1392376688.3,1557187199999,32713263.413758,26957,1164556697.3,27352002.349008,0
1557187200000,0.02379,0.02442,0.0236,0.02385,1167660422.2,1557273599999,28086814.617678,29952,897013506.9,21586776.273339,0
1557273600000,0.02387,0.02539,0.02341,0.02453,777831881.3,1557359999999,19199416.215715,30297,501032538.1,12375881.827259,0
1557360000000,0.02455,0.02462,0.02298,0.02319,633573908.5,1557446399999,14955803.059921,26134,423380776.9,9983265.308888,0
1557446400000,0.02319,0.02378,0.02223,0.0236,835483123.8,1557532799999,19441414.99075,34578,560575474.3,13064521.064057,0
1557532800000,0.0236,0.0265,0.02329,0.02479,1181431560.6,1557619199999,29152157.334516,56615,748922162.3,18439451.829305,0
1557619200000,0.02477,0.02564,0.02304,0.02376,919226426.7,1557705599999,22448015.565614,45456,565552116.4,13820182.06164,0
1557705600000,0.02373,0.0255,0.02361,0.02433,901850816.5,1557791999999,22258468.005832,46769,568199862.4,14021441.997104,0
1557792000000,0.02434,0.02769,0.02417,0.02727,1160896169.6,1557878399999,30271903.387743,70470,629615977.8,16404362.499216,0
1557878400000,0.02726,0.03161,0.027,0.0309,930679352.7,1557964799999,27535563.166345,62709,513259496.9,15165390.73153,0
1557964800000,0.0309,0.0333,0.02701,0.0285,1489587897.4,1558051199999,44683735.868844,101002,711527579.2,21369766.606028,0
1558051200000,0.0285,0.029,0.02465,0.027,1414659256.5,1558137599999,36827379.292525,85830,730603122.5,19013334.39259,0
1558137600000,0.027,0.0278,0.02612,0.02644,674611411.9,1558223999999,18070490.486263,35974,409756433.8,10977208.913061,0
1558224000000,0.02644,0.02887,0.02639,0.02825,797888003.4,1558310399999,22221196.798906,47966,477742164.3,13302703.142505,0
1558310400000,0.02825,0.0284,0.02615,0.02782,557709709.4,1558396799999,15275551.706168,39835,306860404.0,8401065.119536,0
1558396800000,0.02779,0.0299,0.02729,0.0283,657554926.2,1558483199999,18773054.912442,44840,314313593.4,8978045.807491,0
1558483200000,0.02826,0.02893,0.02609,0.02655,610046663.4,1558569599999,16867182.018579,41296,302033374.5,8345110.6061,0
1558569600000,0.02653,0.02729,0.02566,0.02696,449759132.9,1558655999999,11938775.534168,27046,255689238.6,6790510.890712,0
1558656000000,0.02697,0.02826,0.02665,0.02761,529786285.4,1558742399999,14642780.193747,29778,338896819.2,9372326.215862,0
1558742400000,0.02759,0.02889,0.02731,0.0276,488231559.6,1558828799999,13595115.076961,24262,337841775.4,9400355.276728,0
1558828800000,0.02759,0.0319,0.02701,0.0307,1257103335.6,1558915199999,37241067.446684,67460,743769522.6,22023770.809399,0
1558915200000,0.03069,0.03669,0.03067,0.03497,1719480200.7,1559001599999,57481434.59954,109616,967884598.5,32347768.497696,0
1559001600000,0.03499,0.037,0.0325,0.03471,1530578579.3,1559087999999,52898746.273226,91973,837406690.9,28953804.843986,0
1559088000000,0.03473,0.03488,0.03185,0.03365,974865713.7,1559174399999,32722254.03953,57362,567884751.6,19073178.415229,0
1559174400000,0.03364,0.03577,0.02967,0.03102,1354159644.4,1559260799999,45207302.390333,111781,696624834.7,23334712.51278,0
1559260800000,0.03101,0.03313,0.03028,0.03307,805700591.7,1559347199999,25528048.132415,64044,490737859.6,15550866.685166,0
1559347200000,0.03307,0.03926,0.03249,0.03746,1798247480.4,1559433599999,65218820.669192,155847,981768617.8,35604017.068331,0
1559433600000,0.03748,0.04095,0.0368,0.03822,1405296456.0,1559519999999,54540490.313139,125273,755518206.9,29335647.992709,0
1559520000000,0.03823,0.03968,0.03333,0.03375,1946760961.8,1559606399999,71924047.546664,158571,1005549984.7,37230464.062639,0
1559606400000,0.03373,0.0362,0.0315,0.03505,1853385478.9,1559692799999,62747711.402377,120934,980900787.6,33259457.512073,0
1559692800000,0.03505,0.03584,0.03265,0.03396,1043189852.0,1559779199999,35863269.55865,67232,617107903.8,21213736.41676,0
1559779200000,0.03398,0.03418,0.03069,0.03259,826765580.5,1559865599999,26997584.108055,54147,491121329.5,16076403.409925,0
1559865600000,0.0326,0.03449,0.03222,0.03348,607463874.7,1559951999999,20188940.133761,38321,395892956.3,13153119.716762,0
1559952000000,0.03346,0.03378,0.03156,0.03202,582946852.0,1560038399999,18958335.088137,36415,369115325.3,12015200.379975,0
1560038400000,0.03204,0.03226,0.029,0.02963,681370777.6,1560124799999,20788074.583503,46542,392872586.7,12028919.189439,0
1560124800000,0.02965,0.0317,0.02902,0.03154,731408848.4,1560211199999,22445469.452983,51551,457230918.4,14037962.807402,0
1560211200000,0.03153,0.03158,0.02983,0.03108,595356965.0,1560297599999,18241825.130574,39456,376652919.5,11542137.517628,0
1560297600000,0.03106,0.03349,0.03082,0.03349,850105948.0,1560383999999,27368561.348621,54205,527526340.5,16963408.18693,0
1560384000000,0.03349,0.03369,0.03228,0.03255,571646572.3,1560470399999,18855441.816573,37150,375536285.3,12385762.963329,0
1560470400000,0.03255,0.03271,0.03056,0.03184,618513636.0,1560556799999,19555003.715495,38827,387841491.6,12272123.223603,0
1560556800000,0.03183,0.03283,0.03177,0.03264,487092681.4,1560643199999,15708354.924995,28691,339229274.5,10940369.11039,0
1560643200000,0.03264,0.03363,0.03233,0.03281,629949807.4,1560729599999,20715287.986464,45331,398843933.8,13114405.712953,0
1560729600000,0.0328,0.034,0.03262,0.03383,598660024.1,1560815999999,19915475.800043,43050,393450032.4,13085230.925126,0
1560816000000,0.0338,0.034,0.03208,0.03309,551759980.0,1560902399999,18220140.183851,31951,373278472.3,12327692.482041,0
1560902400000,0.03307,0.0337,0.03284,0.03324,414769274.5,1560988799999,13789479.118771,26191,267035796.8,8879166.200375,0
1560988800000,0.03324,0.03363,0.03221,0.03263,424279302.0,1561075199999,13919129.083066,25884,298703534.3,9803903.775266,0
1561075200000,0.03263,0.03377,0.03262,0.03306,502260561.1,1561161599999,16673095.619661,36682,311299769.9,10335571.569438,0
1561161600000,0.03308,0.03782,0.0329,0.03748,1351374043.9,1561247999999,48115358.090169,102524,831866377.6,29608318.484041,0
1561248000000,0.03751,0.03886,0.0363,0.03757,1088046361.8,1561334399999,40832795.16755,75798,707273630.1,26526727.474756,0
1561334400000,0.03757,0.03956,0.03646,0.03852,1012774713.6,1561420799999,38810294.468262,67754,636973449.7,24411261.158175,0
1561420800000,0.03852,0.04048,0.03751,0.03848,911335758.3,1561507199999,35381886.957593,61804,551133760.2,21402789.346577,0
1561507200000,0.03849,0.03985,0.03467,0.03677,1212349781.3,1561593599999,46186343.067747,93526,652138217.6,24955991.569433,0
1561593600000,0.03681,0.03756,0.0306,0.03266,1284510400.3,1561679999999,43933726.692283,96050,682483309.5,23386251.154618,0
1561680000000,0.03267,0.0339,0.03217,0.03379,857441675.4,1561766399999,28369796.193305,53348,534735917.2,17701850.896562,0
1561766400000,0.03379,0.03559,0.0323,0.03498,770377243.0,1561852799999,26154083.560986,46861,475671650.4,16147757.6778,0
1561852800000,0.03496,0.03555,0.03184,0.032,760698135.6,1561939199999,25879459.949923,51059,459227050.8,15650936.594604,0
1561939200000,0.03199,0.03351,0.03086,0.03265,768163244.9,1562025599999,24757828.041142,50260,498442155.3,16074462.168172,0
1562025600000,0.03265,0.03298,0.03043,0.03191,701088474.7,1562111999999,22104939.721411,44320,461168030.1,14544126.667558,0
1562112000000,0.03194,0.03287,0.03163,0.03276,542126282.2,1562198399999,17413777.075463,37115,350341208.9,11253556.989104,0
1562198400000,0.03275,0.03285,0.031,0.03133,569401547.1,1562284799999,18266904.505029,33398,399488564.2,12821618.357296,0
1562284800000,0.03132,0.03228,0.03093,0.03189,530853142.2,1562371199999,16829309.446951,31305,370023910.4,11731431.80723,0
1562371200000,0.03186,0.03293,0.03168,0.03214,479665201.8,1562457599999,15440871.795402,29831,342339423.2,11015856.863105,0
1562457600000,0.03213,0.03549,0.0319,0.03464,718544812.9,1562543999999,24067861.642061,41067,464643748.8,15491909.724453,0
1562544000000,0.03464,0.03541,0.03327,0.03386,647801024.5,1562630399999,22160720.877728,46128,340037865.7,11654521.866269,0
1562630400000,0.03387,0.035,0.0335,0.03421,450276328.9,1562716799999,15358036.022209,39683,222253723.7,7580792.978238,0
1562716800000,0.03422,0.03449,0.03102,0.03208,499515462.6,1562803199999,16345792.851358,48165,249093626.4,8142900.676354,0
1562803200000,0.03206,0.03206,0.02685,0.02792,707404598.9,1562889599999,20093821.084469,60594,333441014.8,9466828.941937,0
1562889600000,0.02788,0.02966,0.02761,0.02942,344054096.1,1562975999999,9891847.299055,31033,177939348.2,5120013.07814,0
1562976000000,0.02944,0.02955,0.02747,0.02838,237186848.9,1563062399999,6759748.056545,22524,111493861.8,3180099.850198,0
1563062400000,0.02838,0.02933,0.02488,0.02516,441526047.0,1563148799999,11929139.054352,39366,210251349.9,5686524.963843,0
1563148800000,0.02515,0.02577,0.02367,0.02522,522586220.2,1563235199999,12988798.518975,39482,269282850.0,6697507.994526,0
1563235200000,0.02521,0.0256,0.0206,0.02095,701878804.1,1563321599999,16068595.671483,56482,331471399.0,7596838.316598,0
1563321600000,0.02095,0.0239,0.02034,0.02278,603355249.4,1563407999999,13315886.261287,48413,299654352.5,6611144.465806,0
1563408000000,0.02276,0.02609,0.02221,0.02559,565772211.3,1563494399999,13744355.347543,50724,291852388.2,7083451.998684,0
1563494400000,0.0256,0.02807,0.0247,0.02806,562253926.8,1563580799999,14609160.233535,53283,282749196.0,7347381.613666,0
1563580800000,0.02804,0.03062,0.02754,0.02899,614087392.7,1563667199999,17759994.429811,53609,300494908.7,8685722.146376,0
1563667200000,0.029,0.02982,0.027,0.02916,458348549.1,1563753599999,13051559.095982,41428,213602707.5,6088456.822524,0
1563753600000,0.02917,0.02999,0.02607,0.02661,621366754.8,1563839999999,17568349.943357,50467,296851146.7,8404656.543667,0
1563840000000,0.02661,0.02693,0.0219,0.02421,2040269728.9,1563926399999,49336379.880037,126810,937994699.7,22709756.488634,0
1563926400000,0.0242,0.02474,0.02257,0.02374,986107438.8,1564012799999,23158261.285741,64071,464040397.0,10899371.98228,0
1564012800000,0.02372,0.02447,0.02264,0.02297,533845644.1,1564099199999,12483219.515713,35584,252073655.7,5895501.79942,0
1564099200000,0.02297,0.02348,0.02223,0.02311,319942273.9,1564185599999,7284824.333943,28989,153237637.3,3490576.9567,0
1564185600000,0.02311,0.02374,0.0216,0.02196,363611916.9,1564271999999,8141556.634849,31321,167051613.2,3739213.462597,0
1564272000000,0.02193,0.02276,0.02125,0.02233,348785357.7,1564358399999,7748910.185027,30854,201846922.9,4488890.422239,0
1564358400000,0.02234,0.02275,0.02172,0.02201,248400369.2,1564444799999,5504002.766155,23320,110358633.8,2445612.314599,0
1564444800000,0.02199,0.02236,0.02164,0.02207,165048373.9,1564531199999,3630668.319796,15219,80349323.5,1767673.57008,0
1564531200000,0.02206,0.02266,0.02204,0.0224,197103935.8,1564617599999,4405780.549756,16596,95755780.1,2140031.343498,0
1564617600000,0.0224,0.02251,0.02177,0.02211,256654172.1,1564703999999,5652302.203965,19314,134083488.9,2953125.171284,0
1564704000000,0.02212,0.0222,0.02141,0.02172,347535803.0,1564790399999,7580333.974665,23183,211621508.9,4617074.364567,0
1564790400000,0.02173,0.02196,0.02153,0.02183,240215016.1,1564876799999,5223935.57435,20183,144724811.5,3147668.578392,0
1564876800000,0.02183,0.02281,0.02133,0.02229,414198521.8,1564963199999,9170335.338976,31236,245287641.7,5434497.33426,0
1564963200000,0.02229,0.02344,0.02204,0.0229,646974465.4,1565049599999,14680255.198275,40608,405105189.3,9198816.02183,0
1565049600000,0.02291,0.02299,0.0215,0.02173,598566799.9,1565135999999,13383382.25381,36714,375111792.3,8393305.183886,0
1565136000000,0.02172,0.02216,0.02145,0.02163,462913789.6,1565222399999,10085801.157616,32812,305521084.3,6655988.25288,0
1565222400000,0.02164,0.02237,0.02157,0.02196,469347590.2,1565308799999,10292497.264755,33624,299902766.2,6575329.065749,0
1565308800000,0.02197,0.02208,0.01932,0.01982,477029050.2,1565395199999,9966240.456075,38953,278992305.4,5841133.667513,0
1565395200000,0.01982,0.02076,0.01921,0.02047,497124101.9,1565481599999,10034407.982698,34029,322054582.9,6504251.269421,0
1565481600000,0.02045,0.02115,0.01993,0.02071,401173088.4,1565567999999,8254175.293161,29090,270236855.6,5560810.098679,0
1565568000000,0.02075,0.02122,0.0203,0.0207,410090994.1,1565654399999,8483748.960845,29172,278323280.5,5755918.638655,0
1565654400000,0.0207,0.02079,0.02002,0.0205,342922578.6,1565740799999,6983993.189942,25644,238401525.5,4856635.598195,0
1565740800000,0.0205,0.02055,0.01751,0.01778,541547250.2,1565827199999,10348734.826484,41352,299230090.4,5717469.254737,0
1565827200000,0.01777,0.01815,0.01691,0.01753,472907754.8,1565913599999,8222908.247178,28828,276089530.0,4802496.955491,0
1565913600000,0.01752,0.01765,0.01644,0.01688,616687889.3,1565999999999,10451506.100757,36829,352268708.8,5969203.375017,0
1566000000000,0.01688,0.0175,0.01666,0.01691,325396399.0,1566086399999,5521396.405149,26119,208255523.5,3534419.33277,0
1566086400000,0.01691,0.01832,0.01671,0.01777,405046809.6,1566172799999,7114434.047484,28641,264606200.9,4642978.825257,0
1566172800000,0.01778,0.01831,0.01758,0.01797,372479183.0,1566259199999,6678797.019667,26853,240991518.9,4320775.104808,0
1566259200000,0.01799,0.01802,0.01726,0.01756,272954887.8,1566345599999,4806864.822812,22734,182362939.6,3213862.372004,0
1566345600000,0.01755,0.01758,0.01634,0.0168,345877073.3,1566431999999,5835694.92765,27712,220480017.2,3720329.261688,0
1566432000000,0.01678,0.01802,0.01663,0.01734,433045727.3,1566518399999,7530264.325738,39630,251556760.2,4368601.163981,0
1566518400000,0.01735,0.01837,0.01731,0.018,358513882.4,1566604799999,6443624.789909,34028,208503439.4,3748191.521144,0
1566604800000,0.018,0.01819,0.01733,0.01774,282860004.0,1566691199999,5007087.31921,25954,167240432.6,2960984.415124,0
1566691200000,0.01774,0.01828,0.01743,0.01744,313808777.1,1566777599999,5593687.165429,28023,172519925.5,3075314.267655,0
1566777600000,0.01745,0.01801,0.0174,0.01768,368679336.3,1566863999999,6542103.366925,25946,243824935.4,4327212.178944,0
1566864000000,0.01769,0.01773,0.01727,0.01762,268370735.8,1566950399999,4716306.382201,20363,180628246.9,3175244.158651,0
1566950400000,0.01762,0.01766,0.01535,0.01599,457255337.4,1567036799999,7590337.769865,33386,256251287.9,4269052.723593,0
1567036800000,0.016,0.016,0.01505,0.01547,470419436.7,1567123199999,7263780.615027,32207,285185299.6,4403619.663809,0
1567123200000,0.01548,0.01577,0.01516,0.01555,287227024.4,1567209599999,4463130.427886,20287,184704268.0,2870222.847172,0
1567209600000,0.01555,0.01566,0.0151,0.01548,249449199.7,1567295999999,3853987.757815,20506,153377551.5,2371712.728513,0
1567296000000,0.01548,0.01569,0.01532,0.0155,187153913.3,1567382399999,2895080.819746,15228,125695732.2,1945030.219289,0
1567382400000,0.0155,0.0162,0.01517,0.01589,364183724.9,1567468799999,5686833.986632,31026,225232012.6,3518918.751683,0
1567468800000,0.01589,0.01618,0.01566,0.01588,313514316.8,1567555199999,4983217.461334,26273,187165671.1,2975589.318933,0
1567555200000,0.01588,0.01591,0.01541,0.01553,309402731.3,1567641599999,4839729.191431,24692,165432061.5,2588106.243654,0
1567641600000,0.01553,0.01557,0.01423,0.01498,389452194.6,1567727999999,5860736.105699,28854,186285588.3,2805838.491303,0
1567728000000,0.01498,0.01512,0.01388,0.01416,523594399.1,1567814399999,7654920.642721,33396,251823190.3,3680640.153414,0
1567814400000,0.01415,0.0157,0.01414,0.01536,401855374.7,1567900799999,5980554.652765,31179,204247120.1,3034346.965467,0
1567900800000,0.01536,0.01617,0.01513,0.01576,655914843.6,1567987199999,10241976.640538,43363,326632395.3,5100819.547987,0
1567987200000,0.01574,0.01611,0.01511,0.01564,2729680522.5,1568073599999,42744853.993482,59669,1348251563.8,21114892.918163,0
1568073600000,0.01563,0.01617,0.01534,0.01561,1777180191.4,1568159999999,28085178.88504,49500,875061914.5,13830528.788261,0
1568160000000,0.01561,0.01576,0.01477,0.01492,1447651005.1,1568246399999,22013247.826015,62130,698272275.9,10619146.867064,0
1568246400000,0.01492,0.01497,0.01441,0.01483,1405194979.6,1568332799999,20782754.57954,50802,706307562.0,10448067.018658,0
1568332800000,0.01483,0.01561,0.01466,0.01551,1504038148.1,1568419199999,22429855.659017,43522,753284495.0,11233183.589215,0
1568419200000,0.01551,0.01592,0.01516,0.01577,1538577328.9,1568505599999,23955577.160883,40796,771635727.1,12014982.887684,0
1568505600000,0.01577,0.01594,0.01537,0.01552,1369231480.2,1568591999999,21583397.629893,31128,681970324.8,10751996.105849,0
1568592000000,0.01552,0.01578,0.01527,0.01565,1083783712.2,1568678399999,16907969.758764,28960,547632697.9,8544143.115495,0
1568678400000,0.01566,0.0175,0.01563,0.01668,1507693977.1,1568764799999,24456036.956982,53055,769218715.6,12468193.951246,0
1568764800000,0.01668,0.01858,0.01667,0.0179,1570737958.3,1568851199999,27841567.48722,75985,781146570.3,13845568.731329,0
1568851200000,0.0179,0.01793,0.0164,0.01756,1574022246.0,1568937599999,26806353.720857,65444,774091211.6,13181250.050772,0
1568937600000,0.01757,0.01764,0.01693,0.0174,1435718732.9,1569023999999,24844802.931874,38755,718571822.7,12435432.54743,0
1569024000000,0.01739,0.01869,0.01712,0.01812,1305791400.8,1569110399999,23149590.085412,50298,671050501.3,11900167.874881,0
1569110400000,0.01813,0.01813,0.01642,0.01681,1387450883.3,1569196799999,24009191.993956,58051,689701036.0,11939221.926638,0
1569196800000,0.01681,0.01711,0.01582,0.01596,1572171491.8,1569283199999,26091448.716585,51672,764143436.5,12687102.030537,0
1569283200000,0.01596,0.01629,0.0112,0.01255,2906256887.6,1569369599999,41618646.921798,101839,1400044078.4,20092446.020503,0
1569369600000,0.01255,0.01359,0.01223,0.01316,1535554696.5,1569455999999,19798314.072976,62295,777939434.9,10031964.93632,0
1569456000000,0.01316,0.01357,0.01203,0.01275,1318666326.9,1569542399999,16925034.244549,46918,646267721.3,8296738.764526,0
1569628800000,0.01361,0.01376,0.01321,0.01357,565963686.9,1569715199999,7636736.025301,27734,276699735.3,3736203.940459,0
1569715200000,0.01357,0.01364,0.01275,0.01327,637623805.5,1569801599999,8402222.398958,25064,303256343.8,3997497.193664,0
1569801600000,0.01328,0.0151,0.01282,0.01453,1312183096.8,1569887999999,18243370.096934,52716,666285633.6,9268112.658822,0
1569888000000,0.01453,0.01488,0.01373,0.01394,918372658.5,1569974399999,13087673.091514,38857,451866135.7,6439418.764947,0
1569974400000,0.01394,0.01443,0.01366,0.01438,686074037.0,1570060799999,9646531.746802,30623,338070911.9,4755630.219287,0
1570060800000,0.01438,0.01444,0.0139,0.01428,628131980.7,1570147199999,8907618.636588,27799,331528681.0,4704426.169738,0
1570147200000,0.01429,0.01478,0.01394,0.01454,1026532226.1,1570233599999,14778286.2255,35677,540406287.2,7782482.102552,0
1570233600000,0.01454,0.01509,0.01434,0.01508,940710051.7,1570319999999,13856551.433592,37302,493476612.2,7269868.185623,0
1570320000000,0.01507,0.0154,0.0144,0.0145,1355146386.4,1570406399999,20039360.877358,48196,694357716.3,10272523.147061,0
1570406400000,0.0145,0.01652,0.01433,0.01622,1531385796.4,1570492799999,23875903.233298,59782,791297679.9,12331782.754298,0
1570492800000,0.01623,0.01715,0.01581,0.01692,1268688983.2,1570579199999,20829628.286167,45241,637673262.8,10470538.372811,0
1570579200000,0.01691,0.0175,0.01648,0.0169,1083469426.8,1570665599999,18328228.281214,43314,534000186.9,9035188.691243,0
1570665600000,0.0169,0.01701,0.01595,0.01623,944639880.1,1570751999999,15456439.832177,32514,452941545.4,7413351.280133,0
1570752000000,0.01622,0.01672,0.01554,0.01582,1127397039.1,1570838399999,18007463.521768,36304,551286921.1,8806312.908244,0
1570838400000,0.01582,0.01612,0.0156,0.01566,612798610.9,1570924799999,9730705.529478,21498,310842804.0,4936533.892838,0
1570924800000,0.01566,0.01635,0.01559,0.01606,750126142.6,1571011199999,12028579.832355,28538,389521112.0,6247923.304804,0
1571011200000,0.01605,0.01671,0.01597,0.01667,728141851.4,1571097599999,12013421.596005,34044,375014820.7,6188769.242519,0
1571097600000,0.01667,0.01681,0.01542,0.01566,977730892.3,1571183999999,15697344.182033,32193,473117903.1,7594904.439716,0
1571184000000,0.01565,0.01582,0.01452,0.01518,816605583.8,1571270399999,12414174.911099,32448,391785612.1,5957475.534031,0
1571270400000,0.01518,0.01543,0.01449,0.01536,958420369.3,1571356799999,14460294.12303,33276,483485978.5,7295097.313346,0
1571356800000,0.01536,0.01556,0.01459,0.01536,859678851.1,1571443199999,12947683.354431,32967,442774595.6,6673228.57337,0
1571443200000,0.01537,0.01578,0.01513,0.01548,807207172.5,1571529599999,12535382.446233,28729,406553925.8,6317063.83346,0
1571529600000,0.01547,0.01558,0.01501,0.0155,521334542.8,1571615999999,7988165.671526,21678,249455797.3,3824396.581436,0
1571616000000,0.01549,0.0157,0.0153,0.0155,435447766.9,1571702399999,6735506.829332,18116,219501482.6,3397646.099552,0
1571702400000,0.0155,0.01565,0.01504,0.01512,295908785.5,1571788799999,4560868.0073,20889,131138290.9,2023348.412332,0
1571788800000,0.01511,0.01517,0.01364,0.01435,546138570.1,1571875199999,7859308.167255,32942,259260568.8,3732846.535465,0
1571875200000,0.01434,0.01538,0.01419,0.01516,578018591.9,1571961599999,8556276.922245,34281,309751855.1,4590795.595203,0
1571961600000,0.01516,0.01774,0.01496,0.01764,1478772669.6,1572047999999,24050351.87235,75762,792441229.0,12893667.924158,0
1572048000000,0.01764,0.01832,0.01576,0.01659,1698836799.9,1572134399999,28810983.890955,90433,795790030.0,13519131.651623,0
1572134400000,0.01658,0.01986,0.01611,0.0191,2591727152.9,1572220799999,47659458.593886,122317,1328774490.8,24429142.211374,0
1572220800000,0.01909,0.02215,0.01909,0.01998,3511370419.9,1572307199999,72373096.50617,166587,1712369599.7,35306624.50733,0
1572307200000,0.01997,0.02258,0.01988,0.02194,2428311336.4,1572393599999,51980254.046906,101361,1189228171.9,25476053.780557,0
1572393600000,0.02194,0.02295,0.01973,0.01995,2153270911.5,1572479999999,45124080.258944,89726,1036597685.8,21770185.739996,0
1572480000000,0.01995,0.02052,0.01903,0.01974,1232635628.1,1572566399999,24397857.798449,58475,603508081.6,11947742.94383,0
1572566400000,0.01976,0.02009,0.0192,0.01962,619659331.2,1572652799999,12103246.375003,36560,288138980.8,5630925.636661,0
1572652800000,0.01961,0.02017,0.01958,0.01988,538788164.9,1572739199999,10706317.759966,28596,262723955.3,5222148.10267,0
1572739200000,0.01988,0.02008,0.01923,0.01964,418451816.1,1572825599999,8183665.564679,21699,195562290.4,3825574.940261,0
1572825600000,0.01964,0.02014,0.01845,0.0198,913791526.6,1572911999999,17727535.833737,40237,450050429.3,8742611.42604,0
1572912000000,0.01979,0.02005,0.01928,0.01975,662033588.8,1572998399999,13098865.656884,29554,336439741.6,6660254.590151,0
1572998400000,0.01975,0.02077,0.01957,0.02013,910078675.3,1573084799999,18255424.365233,36676,442564697.9,8881134.401159,0
1573084800000,0.02014,0.02018,0.01891,0.01951,752675826.7,1573171199999,14722276.315257,33340,350598301.8,6858640.399882,0
1573171200000,0.0195,0.01975,0.01836,0.01876,714745312.5,1573257599999,13586404.784155,32624,342991774.7,6521043.672973,0
1573257600000,0.01875,0.01912,0.0187,0.01894,372103249.8,1573343999999,7037077.421064,19022,185896537.8,3515827.640496,0
1573344000000,0.01895,0.01985,0.01887,0.01934,609861904.5,1573430399999,11771609.741856,29713,295336841.4,5704742.7965,0
1573430400000,0.01934,0.01937,0.01865,0.01909,567485926.6,1573516799999,10776140.689666,25681,282171908.5,5359104.489866,0
1573516800000,0.01909,0.01983,0.01897,0.01968,803165561.3,1573603199999,15564365.833087,37471,407614416.0,7901872.795146,0
1573603200000,0.01968,0.02021,0.01926,0.02012,647116662.2,1573689599999,12850943.580093,30097,332429878.6,6599839.082159,0
1573689600000,0.02012,0.02022,0.0189,0.01941,684147622.0,1573775999999,13337878.813503,34139,325973374.1,6355193.250147,0
1573776000000,0.0194,0.01967,0.01819,0.01858,677321078.0,1573862399999,12789182.488555,35337,304115710.3,5739117.401697,0
1573862400000,0.01859,0.01881,0.01845,0.01866,366244960.8,1573948799999,6815453.347351,23363,167949910.5,3125198.174677,0
1573948800000,0.01867,0.01898,0.01822,0.01874,393661234.4,1574035199999,7347465.003355,20746,200249476.3,3737145.828467,0
1574035200000,0.01875,0.01876,0.01668,0.01715,707326585.9,1574121599999,12607151.737108,40198,320965967.7,5717161.516791,0
1574121600000,0.01715,0.01723,0.01631,0.01695,653693856.6,1574207999999,10996698.969211,32291,306027262.9,5149429.829534,0
1574208000000,0.01696,0.0171,0.01638,0.01655,520547876.5,1574294399999,8740273.203717,26933,273826601.9,4600209.845701,0
1574294400000,0.01655,0.01664,0.01455,0.01539,810190128.0,1574380799999,12651937.976901,41677,380051170.1,5935751.959179,0
1574380800000,0.01539,0.01559,0.01322,0.01439,1349371704.5,1574467199999,19460317.234936,68720,658766880.9,9505208.817871,0
1574467200000,0.01438,0.01506,0.01393,0.01503,607691921.3,1574553599999,8801908.058432,33717,308062802.6,4463585.781788,0
1574553600000,0.01504,0.01518,0.01357,0.0137,705534601.2,1574639999999,10069785.251692,37719,331110675.5,4723455.796517,0
1574640000000,0.0137,0.01474,0.01297,0.01418,1023411768.1,1574726399999,14128181.745136,52664,516663529.1,7144090.800358,0
1574726400000,0.01418,0.01545,0.01402,0.01528,831547196.9,1574812799999,12322426.211093,40284,418660712.1,6202372.656836,0
1574812800000,0.01528,0.01643,0.01437,0.01607,1116968987.0,1574899199999,17268931.488848,50128,560618220.8,8675511.236865,0
1574899200000,0.01607,0.01628,0.01561,0.0158,474043520.0,1574985599999,7600770.497273,23870,221408499.2,3551609.905369,0
1574985600000,0.0158,0.01635,0.01573,0.01614,438650022.6,1575071999999,7038287.738875,25004,205961440.3,3305190.306945,0
1575072000000,0.01613,0.01618,0.01526,0.01548,393741522.2,1575158399999,6167239.437735,20601,185675460.6,2907641.727968,0
1575158400000,0.01548,0.01613,0.01499,0.01591,577150091.2,1575244799999,8991357.888837,26055,291546030.5,4544270.191303,0
1575244800000,0.01592,0.01603,0.01509,0.01521,369389333.4,1575331199999,5696206.868114,18120,180492215.1,2783363.653315,0
1575331200000,0.0152,0.01555,0.01513,0.01519,289790028.9,1575417599999,4444078.796538,15187,142513290.0,2185390.393024,0
1575417600000,0.01517,0.01518,0.01402,0.01426,956443322.6,1575503999999,13910545.448153,42627,471030611.8,6853695.762022,0
1575504000000,0.01426,0.01469,0.01416,0.01449,796587559.6,1575590399999,11471897.175628,25216,401928587.9,5789151.691202,0
1575590400000,0.01449,0.01479,0.01428,0.01468,805181928.8,1575676799999,11702472.424432,23371,412105596.4,5991697.432743,0
1575676800000,0.01468,0.01488,0.01444,0.01448,587611470.6,1575763199999,8600470.450878,16737,293043635.1,4289625.526816,0
1575763200000,0.01449,0.01472,0.01431,0.01461,582402238.6,1575849599999,8464462.539764,16408,294604085.5,4282551.199068,0
1575849600000,0.01461,0.0147,0.01421,0.01438,564668204.7,1575935999999,8171015.477783,16257,277257826.3,4013603.736081,0
1575936000000,0.01438,0.01441,0.01395,0.01412,676245315.4,1576022399999,9597318.447709,19758,324823949.2,4610010.719626,0
1576022400000,0.01412,0.01429,0.01395,0.01416,443222628.4,1576108799999,6258319.137974,12445,214279092.3,3026033.341834,0
1576108800000,0.01416,0.01425,0.01326,0.01377,861131841.6,1576195199999,11916059.305233,27940,421846682.9,5835954.719142,0
1576195200000,0.01377,0.01427,0.01363,0.01407,888281095.3,1576281599999,12415019.503824,23196,446715506.7,6244944.182934,0
1576281600000,0.01407,0.0148,0.01376,0.01383,1259477310.4,1576367999999,17956325.241829,33863,632129973.6,9015796.082466,0
1576368000000,0.01382,0.01421,0.01372,0.01395,1118377703.6,1576454399999,15671329.484273,23332,564628973.7,7911387.668428,0
1576454400000,0.01395,0.01396,0.01308,0.0134,1825656154.9,1576540799999,24798939.792895,38530,910654838.9,12371546.994477,0
1576540800000,0.0134,0.0134,0.01218,0.01245,1333267490.2,1576627199999,17202569.652793,36573,642999937.2,8301012.846614,0
1576627200000,0.01244,0.01366,0.01206,0.01336,1710462416.5,1576713599999,21847531.579998,45661,873861795.5,11168834.150096,0
1576713600000,0.01337,0.01348,0.01265,0.01297,1159948161.0,1576799999999,15014099.558533,33111,592648932.6,7671215.891748,0
1576800000000,0.01297,0.01352,0.01281,0.01336,706377654.1,1576886399999,9282573.616418,22406,359069462.6,4721428.4197,0
1576886400000,0.01337,0.01352,0.01322,0.01352,1310223341.7,1576972799999,17473343.771919,26615,660896688.3,8814471.531999,0
1576972800000,0.01351,0.01499,0.0135,0.01489,1930492653.7,1577059199999,27538280.357515,52335,966339606.7,13783674.149067,0
1577059200000,0.01488,0.01527,0.01363,0.01378,1699001504.9,1577145599999,24543500.606642,50440,804487205.4,11631814.092724,0
1577145600000,0.01378,0.01383,0.01313,0.01354,1692945000.5,1577231999999,22986776.34929,37213,830306228.6,11276546.743125,0
1577232000000,0.01353,0.01361,0.01297,0.01321,1136437396.4,1577318399999,15068588.542977,25635,542414378.1,7192142.401684,0
1577318400000,0.0132,0.01387,0.01315,0.01335,1916174264.4,1577404799999,25807925.686498,33259,950364683.3,12803044.608527,0
1577404800000,0.01334,0.0134,0.01301,0.01323,1091339931.2,1577491199999,14426401.323572,24386,543861832.0,7189192.354205,0
1577491200000,0.01323,0.01375,0.01321,0.01348,1524124838.8,1577577599999,20561082.903409,23851,756728245.8,10208912.991895,0
1577577600000,0.01347,0.01386,0.01334,0.0137,1482808343.3,1577663999999,20156395.866122,32240,748160723.0,10172304.801028,0
1577664000000,0.01371,0.01396,0.01322,0.0133,1352917748.9,1577750399999,18286730.138957,37948,656820074.7,8880105.168607,0
1577750400000,0.0133,0.01353,0.01311,0.0133,1341920312.5,1577836799999,17783733.945041,26628,663681662.4,8795858.558905,0
1577836800000,0.0133,0.01342,0.01315,0.01322,945976772.7,1577923199999,12569938.925284,16564,470643180.5,6254420.465939,0
1577923200000,0.01321,0.01323,0.01278,0.01284,1330291795.5,1578009599999,17365081.411899,21697,665268274.0,8686277.563087,0
1578009600000,0.01285,0.01355,0.01269,0.01344,2395033418.9,1578095999999,31799411.883013,35629,1209270319.4,16057819.726152,0
1578096000000,0.01344,0.0135,0.01323,0.01344,986385998.9,1578182399999,13201384.528551,18354,504780624.1,6756009.721,0
1578182400000,0.01345,0.01387,0.01343,0.01353,1332595241.3,1578268799999,18211266.581713,26480,673589723.9,9206265.245119,0
1578268800000,0.01353,0.01473,0.01349,0.01472,1965216042.5,1578355199999,27741221.193456,45158,1004559775.1,14177707.13126,0
1578355200000,0.01471,0.01483,0.01406,0.01434,1597105399.0,1578441599999,23109296.284991,49216,790910731.3,11445144.059562,0
1578441600000,0.01434,0.01466,0.0138,0.01402,1659716356.4,1578527999999,23721223.045934,50241,826257631.6,11818296.526602,0
1578528000000,0.01402,0.01413,0.01374,0.01398,789247544.5,1578614399999,10984436.484464,24617,393882483.9,5482272.083561,0
1578614400000,0.01399,0.01486,0.01365,0.01469,1307533772.8,1578700799999,18629531.944928,45973,680003669.6,9691840.474527,0
1578700800000,0.01469,0.01508,0.01447,0.0146,1485156856.1,1578787199999,21888218.648455,42955,749786216.7,11053025.068292,0
1578787200000,0.0146,0.0151,0.01441,0.01503,873939962.3,1578873599999,12946486.857887,31936,428093723.1,6345273.682148,0
1578873600000,0.01504,0.01509,0.01454,0.01464,822171645.9,1578959999999,12084987.956189,22781,391928912.7,5761772.791537,0
1578960000000,0.01464,0.01722,0.01463,0.01677,2057816124.2,1579046399999,32434861.299029,95500,1054417499.1,16616109.391221,0
1579046400000,0.01676,0.01824,0.01609,0.01729,1724069081.5,1579132799999,29786951.906605,125581,846330074.3,14623288.390156,0
1579132800000,0.0173,0.01746,0.01606,0.01734,1095424710.5,1579219199999,18282354.933894,82119,526183131.7,8789296.965871,0
1579219200000,0.01734,0.01814,0.01692,0.01758,1322734377.1,1579305599999,23234048.332166,115595,652246746.2,11463181.056321,0
1579305600000,0.01757,0.01818,0.01719,0.01766,825434145.0,1579391999999,14584091.128432,59886,396669662.2,7013241.000093,0
1579392000000,0.01767,0.01812,0.016,0.01665,1137962952.5,1579478399999,19292752.552282,83642,526029369.7,8923030.792519,0
1579478400000,0.01665,0.01677,0.01611,0.01661,533654324.2,1579564799999,8817068.846516,40313,260141618.0,4298127.177868,0
1579564800000,0.01661,0.01737,0.01651,0.01732,634150240.5,1579651199999,10791510.8547,43061,321451876.6,5472422.475409,0
1579651200000,0.01733,0.01754,0.01705,0.01743,475911554.9,1579737599999,8224836.77352,34747,227017258.5,3924504.836974,0
1579737600000,0.01743,0.01745,0.01593,0.01628,775978855.5,1579823999999,12807731.385722,45892,361484805.7,5963267.607801,0
1579824000000,0.01627,0.01663,0.01565,0.01639,649429122.8,1579910399999,10504240.695001,40664,302577161.3,4890966.085757,0
1579910400000,0.01638,0.0164,0.01594,0.01613,426377061.2,1579996799999,6881596.414258,27843,204685334.6,3304865.623557,0
1579996800000,0.01612,0.01688,0.01602,0.01684,736682258.8,1580083199999,12147919.64364,37945,365984084.0,6035236.205031,0
1580083200000,0.01685,0.01731,0.01674,0.01713,854468669.2,1580169599999,14591017.955379,43796,417516357.4,7132793.816164,0
1580169600000,0.01713,0.01899,0.01712,0.0186,1918311363.3,1580255999999,34732958.314967,106912,950661305.9,17208977.593699,0
1580256000000,0.01861,0.0198,0.01848,0.01866,1492650059.7,1580342399999,28389541.795194,82710,722719232.3,13739401.138352,0
1580342400000,0.01864,0.01983,0.0178,0.0195,1290335193.9,1580428799999,24249053.789547,72513,636483273.8,11973260.343326,0
1580428800000,0.0195,0.01981,0.01814,0.01867,1340769811.4,1580515199999,25239669.259961,83836,637186526.2,11992593.554441,0
1580515200000,0.01866,0.01911,0.01837,0.01907,769852434.0,1580601599999,14465238.158496,44009,375495311.0,7057651.715385,0
1580601600000,0.01907,0.01987,0.01853,0.01909,1269537376.7,1580687999999,24531316.323477,69424,615246277.4,11893215.390136,0
1580688000000,0.01909,0.01972,0.01884,0.0192,964252905.9,1580774399999,18495836.340071,54892,456030667.0,8751045.216537,0
1580774400000,0.01919,0.01952,0.01841,0.01925,985113744.9,1580860799999,18699919.994183,53626,469185470.0,8910988.316875,0
1580860800000,0.01926,0.02083,0.01922,0.02076,1388539126.5,1580947199999,27791737.28365,74006,699449369.7,14002563.688346,0
1580947200000,0.02076,0.0235,0.01985,0.02271,2709398463.6,1581033599999,59653589.093761,162886,1340691542.9,29575413.315199,0
1581033600000,0.0227,0.02385,0.02123,0.02204,1907737719.5,1581119999999,43038085.34159,110470,935100720.9,21111109.154492,0
1581120000000,0.02204,0.02249,0.02025,0.02179,1233418242.5,1581206399999,26728052.705071,79188,600069923.9,13031932.430383,0
1581206400000,0.02179,0.02272,0.02131,0.02206,872889180.3,1581292799999,19264851.207129,51201,415033635.3,9163144.864708,0
1581292800000,0.02208,0.02245,0.02088,0.02216,1003603855.6,1581379199999,21795113.434682,56344,477254154.3,10377625.580679,0
1581379200000,0.02215,0.023,0.02143,0.02272,916278325.3,1581465599999,20318770.673706,53076,465808234.1,10344877.009595,0
1581465600000,0.02273,0.02428,0.02273,0.02393,1235816650.3,1581551999999,29241134.164296,78774,601306701.0,14234327.844211,0
1581552000000,0.02392,0.02587,0.02226,0.02391,2294028267.8,1581638399999,55549907.901738,151949,1095032686.0,26528074.069891,0
1581638400000,0.02392,0.02692,0.0237,0.02639,1879334030.4,1581724799999,48031119.271473,128709,956076948.6,24442848.897708,0
1581724800000,0.02637,0.0266,0.02274,0.02364,1846870061.5,1581811199999,45773852.397344,124843,867056315.9,21516064.28154,0
1581811200000,0.02362,0.02477,0.02008,0.02223,2358512828.7,1581897599999,52846233.774227,157344,1123694767.1,25200219.55296,0
1581897600000,0.02224,0.0225,0.02005,0.02179,1933778422.9,1581983999999,40773924.228505,124088,957856321.1,20209336.09176,0
1581984000000,0.02179,0.02296,0.02045,0.02262,1746752067.6,1582070399999,37939685.358513,87584,840306483.1,18253268.756431,0
1582070400000,0.02262,0.02289,0.0195,0.0202,1206968818.4,1582156799999,25947223.172794,73623,546480937.8,11767864.893319,0
1582156800000,0.02017,0.02057,0.0188,0.0198,1347837675.3,1582243199999,26655957.309974,83366,667551368.1,13209035.108251,0
1582243200000,0.01979,0.02057,0.01961,0.02016,907403544.9,1582329599999,18239202.434859,57361,456457532.5,9177168.587654,0
1582329600000,0.02016,0.02028,0.01965,0.02002,566580345.9,1582415999999,11319400.64193,39667,291489004.0,5825417.839999,0
1582416000000,0.02002,0.02142,0.02,0.02133,707531031.3,1582502399999,14707471.701174,48992,378556072.1,7873721.806704,0
1582502400000,0.02133,0.02136,0.01914,0.01988,987515851.4,1582588799999,20023401.662344,63289,447813819.3,9084085.704661,0
1582588800000,0.01987,0.01996,0.01868,0.01891,1034176708.8,1582675199999,19967457.828206,61001,493402527.9,9530772.922859,0
1582675200000,0.01891,0.0192,0.01558,0.01636,2179337891.1,1582761599999,37090746.89973,116436,1016382298.3,17296229.229051,0
1582761600000,0.01636,0.01758,0.01583,0.01701,1193160713.1,1582847999999,20164049.432001,67916,591708224.0,10008114.559334,0
1582848000000,0.01701,0.0174,0.01607,0.0171,872755611.5,1582934399999,14594059.529742,51982,430107119.4,7201947.716421,0
1582934400000,0.0171,0.01742,0.01645,0.01648,625004760.1,1583020799999,10579216.677217,38765,305612405.1,5177721.666739,0
1583020800000,0.01647,0.01711,0.01611,0.01643,625702401.1,1583107199999,10398500.635679,37427,308980511.3,5137982.550823,0
1583107200000,0.01643,0.01785,0.01638,0.01759,770327372.0,1583193599999,13226158.511667,44213,405325206.3,6955981.432505,0
1583193600000,0.0176,0.0176,0.01688,0.01723,636342338.6,1583279999999,10991434.212769,38645,306819785.0,5301253.941149,0
1583280000000,0.01722,0.01783,0.01699,0.01774,622143058.6,1583366399999,10810100.540259,34991,323040146.8,5615353.21345,0
1583366400000,0.01775,0.01834,0.01773,0.01789,884641939.2,1583452799999,15996501.048745,47990,456844212.4,8265461.959214,0
1583452800000,0.01789,0.01838,0.01785,0.01833,487472127.8,1583539199999,8849909.144781,31458,251630191.0,4571100.973386,0
1583539200000,0.01834,0.01836,0.01643,0.01699,742721433.8,1583625599999,12951350.554324,47422,345048855.4,6019523.039374,0
1583625600000,0.01699,0.01699,0.01443,0.01465,1126909244.5,1583711999999,17888952.985069,63851,515959490.1,8211353.5876,0
1583712000000,0.01465,0.01534,0.01402,0.01504,1312390184.7,1583798399999,19237715.830097,65435,650777879.9,9540160.37616,0
1583798400000,0.01503,0.01536,0.01461,0.01508,643206840.2,1583884799999,9655313.432747,31117,321500921.0,4829005.703081,0
1583884800000,0.01509,0.01529,0.01411,0.01489,601301901.1,1583971199999,8872974.406819,36002,278485505.3,4106539.675583,0
1583971200000,0.0149,0.01495,0.00805,0.00841,3212166926.3,1584057599999,34527752.437793,170275,1523469553.6,16279353.556448,0
1584057600000,0.00841,0.01093,0.00684,0.01029,5093172940.4,1584143999999,47611145.260763,261494,2534632879.4,23730215.7447,0
1584144000000,0.01028,0.01057,0.00954,0.00973,1167094658.7,1584230399999,11797356.922133,57614,581057085.0,5878734.619105,0
1584230400000,0.00972,0.01111,0.0096,0.01026,979403292.8,1584316799999,9970070.9128,49131,501802116.0,5112216.653929,0
1584316800000,0.01026,0.01036,0.00851,0.00961,1640653245.5,1584403199999,15292017.219494,77736,815670579.2,7608257.815288,0
1584403200000,0.00962,0.01036,0.00947,0.01002,926080810.5,1584489599999,9297284.728859,41022,466144760.6,4682395.209969,0
1584489600000,0.01001,0.01025,0.0096,0.01022,711959803.5,1584575999999,7103990.98955,33472,358135735.4,3578124.156378,0
1584576000000,0.01023,0.0122,0.01007,0.01163,1231609708.3,1584662399999,13641444.38357,58355,668383048.9,7394519.581276,0
1584662400000,0.01162,0.01277,0.01022,0.01127,1430543872.6,1584748799999,16655084.166557,69153,701140488.9,8166864.029716,0
1584748800000,0.01127,0.01165,0.01065,0.01123,905427179.0,1584835199999,10099591.008573,42363,442022135.4,4931117.150507,0
1584835200000,0.01124,0.01163,0.01016,0.0103,694215725.6,1584921599999,7547170.503732,29558,339688712.8,3698631.431765,0
1584921600000,0.01028,0.01153,0.01007,0.01137,883898512.3,1585007999999,9595247.230658,36152,459816260.5,4995147.022961,0
1585008000000,0.01136,0.0117,0.01113,0.01151,871001869.3,1585094399999,9918876.630255,32872,447871237.4,5103352.16794,0
1585094400000,0.01149,0.0118,0.01102,0.01139,727462671.9,1585180799999,8272460.769221,27483,360588496.5,4105702.41344,0
1585180800000,0.01138,0.01203,0.01125,0.01196,672326599.9,1585267199999,7750881.981272,26886,353870894.2,4082094.915277,0
1585267200000,0.01195,0.0121,0.01095,0.01121,628892755.6,1585353599999,7322310.423955,26294,284689637.0,3319863.775382,0
1585353600000,0.0112,0.0115,0.01072,0.01139,723775916.5,1585439999999,8043904.159089,27417,374376526.6,4167778.82188,0
1585440000000,0.0114,0.01145,0.01066,0.01066,492938809.4,1585526399999,5443647.485829,19552,226799259.7,2506083.412154,0
1585526400000,0.01066,0.01183,0.01063,0.01145,603891455.8,1585612799999,6853825.823809,24876,323546241.4,3673671.414334,0
1585612800000,0.01146,0.01177,0.01135,0.01157,485594597.4,1585699199999,5600629.955991,19252,240860715.6,2780171.271833,0
1585699200000,0.01158,0.01165,0.01113,0.01158,535744796.9,1585785599999,6106043.355738,22794,267065488.2,3045207.752182,0
1585785600000,0.01157,0.01258,0.01149,0.01196,782637330.2,1585871999999,9331774.322124,33174,400863563.7,4777823.022318,0
1585872000000,0.01195,0.01221,0.01174,0.01194,603413300.5,1585958399999,7200963.414189,24747,302594157.5,3612413.935145,0
1585958400000,0.01193,0.01223,0.01172,0.01197,615093518.1,1586044799999,7332398.772046,21179,302997718.7,3614953.361361,0
1586044800000,0.01198,0.01281,0.01185,0.01257,1097133069.8,1586131199999,13617437.308032,34857,551686486.9,6842234.911855,0
1586131200000,0.01258,0.01384,0.01256,0.01375,1277341392.2,1586217599999,16820604.054154,46306,655542944.1,8630739.117591,0
1586217600000,0.01374,0.01408,0.0131,0.0133,1087937201.2,1586303999999,14876114.392361,42666,534282638.9,7308361.237694,0
1586304000000,0.01331,0.01382,0.0132,0.01376,714089367.5,1586390399999,9699849.821413,27986,347159275.1,4716495.966897,0
1586390400000,0.01376,0.01385,0.01318,0.01345,497724341.5,1586476799999,6724894.381936,23007,240331975.5,3246705.313928,0
1586476800000,0.01344,0.01352,0.01201,0.01248,838827038.3,1586563199999,10541327.068942,34176,389449332.3,4888294.104189,0
1586563200000,0.01249,0.01283,0.01229,0.0125,528036725.0,1586649599999,6649596.891108,21940,274359174.3,3456960.275954,0
1586649600000,0.01251,0.01323,0.01231,0.01266,548355825.9,1586735999999,7010382.376193,22228,284281469.9,3636169.122258,0
1586736000000,0.01266,0.01269,0.01202,0.01257,735685993.1,1586822399999,9082555.38956,30270,355432907.6,4394497.781828,0
1586822400000,0.01257,0.0128,0.01239,0.01245,407937745.5,1586908799999,5132723.794393,18026,190643278.7,2399767.321633,0
1586908800000,0.01245,0.01262,0.01213,0.01219,398815357.5,1586995199999,4946283.010806,17310,195172450.2,2422418.872608,0
1586995200000,0.01218,0.01325,0.0118,0.01302,1053333712.5,1587081599999,13348966.801622,42023,543043261.3,6895243.494563,0
1587081600000,0.01303,0.01312,0.01272,0.01289,400276775.7,1587167999999,5162066.852593,17038,193128124.6,2491785.424095,0
1587168000000,0.01288,0.01356,0.01283,0.01339,473900360.2,1587254399999,6253928.187797,22848,248716675.8,3282632.764811,0
1587254400000,0.0134,0.01342,0.01277,0.0129,525442831.2,1587340799999,6877661.880011,23852,247018292.5,3235877.176386,0
1587340800000,0.01291,0.01318,0.01222,0.0124,789595347.3,1587427199999,10048856.984664,34129,374385820.0,4765250.139381,0
1587427200000,0.0124,0.01277,0.01229,0.01249,524975612.9,1587513599999,6576121.716816,22806,269918715.0,3381809.740716,0
1587513600000,0.01249,0.01315,0.01242,0.01298,399365090.1,1587599999999,5127388.431959,19871,205230709.5,2635976.129613,0
1587600000000,0.01298,0.0139,0.01278,0.01361,775372242.3,1587686399999,10371474.43777,36817,402966262.6,5396613.482009,0
1587686400000,0.01361,0.01433,0.01358,0.01392,792195885.4,1587772799999,11125033.320438,32377,397258014.6,5580860.572367,0
1587772800000,0.01392,0.01428,0.0133,0.01396,727507309.3,1587859199999,10136931.131906,33787,357975140.0,4993316.626703,0
1587859200000,0.01395,0.0143,0.01383,0.01426,441731882.1,1587945599999,6212794.289903,23316,213691639.3,3007706.939127,0
1587945600000,0.01427,0.01464,0.01414,0.01452,714855664.1,1588031999999,10294894.250757,34634,348298747.7,5016484.530277,0
1588032000000,0.01452,0.01536,0.0143,0.01528,690799647.6,1588118399999,10310731.446812,32099,344694324.5,5144781.561887,0
1588118400000,0.01527,0.01653,0.01507,0.01624,1306997595.6,1588204799999,20674734.058326,61188,657777141.7,10404211.288033,0
1588204800000,0.01623,0.01672,0.01493,0.01519,1488454256.4,1588291199999,23445790.899206,72509,698807406.3,11008400.084727,0
1588291200000,0.01518,0.01638,0.01517,0.01581,883077394.2,1588377599999,14045977.035227,44857,433985616.6,6903781.688816,0
1588377600000,0.01581,0.01641,0.01567,0.01635,570508836.7,1588463999999,9165698.305454,27411,294149083.4,4721039.203617,0
1588464000000,0.01635,0.01661,0.01553,0.01599,719802374.9,1588550399999,11596627.658215,38649,338160748.9,5452677.993707,0
1588550400000,0.01598,0.0164,0.01511,0.01623,1011849006.4,1588636799999,16055590.109333,47367,501549720.9,7959245.455682,0
1588636800000,0.01622,0.01669,0.01564,0.0159,1520675923.5,1588723199999,24567017.8701,66873,749548163.5,12098395.03418,0
1588723200000,0.0159,0.01627,0.01548,0.01554,787004590.8,1588809599999,12573044.18831,34853,388823650.4,6216383.622512,0
1588809600000,0.01553,0.01622,0.01535,0.01603,1003227106.8,1588895999999,16016750.281792,45246,495173910.0,7910864.093312,0
1588896000000,0.01603,0.01652,0.01589,0.01627,935646951.6,1588982399999,15183073.738989,38255,472165522.9,7665708.331305,0
1588982400000,0.01627,0.0166,0.01604,0.01609,692630721.8,1589068799999,11323523.644069,30617,322819718.0,5281972.252545,0
1589068800000,0.01609,0.01611,0.01284,0.01426,1789047015.9,1589155199999,25406687.018808,85194,838205601.8,11877949.610126,0
1589155200000,0.01426,0.01451,0.0132,0.01398,1345749866.9,1589241599999,18784911.396275,55447,670271123.0,9359567.798196,0
1589241600000,0.01398,0.015,0.01393,0.01455,1077838240.0,1589327999999,15629321.565213,42398,534383157.6,7750873.846411,0
1589328000000,0.01455,0.01541,0.01449,0.01501,732487794.5,1589414399999,10935551.525112,32344,369670836.7,5522273.966393,0
1589414400000,0.015,0.01538,0.01476,0.01527,769420000.7,1589500799999,11649032.820237,32135,383050632.6,5802591.039757,0
1589500800000,0.01526,0.01535,0.01456,0.01488,689783525.6,1589587199999,10359599.356357,29101,328394073.4,4933520.22606,0
1589587200000,0.01488,0.01513,0.01478,0.01497,557205229.7,1589673599999,8348216.598904,23432,272631998.8,4085619.885075,0
1589673600000,0.01497,0.01519,0.01491,0.015,488996761.0,1589759999999,7349917.729505,21131,242759555.8,3650486.317233,0
1589760000000,0.015,0.01559,0.01498,0.01537,639177656.4,1589846399999,9777167.579096,26659,323346710.1,4946707.137864,0
1589846400000,0.01537,0.01563,0.01504,0.01553,625472502.1,1589932799999,9586509.369715,26601,306946646.3,4707008.45395,0
1589932800000,0.01553,0.01555,0.01459,0.015,823277279.1,1590019199999,12460205.556567,30972,403697546.1,6113158.563125,0
1590019200000,0.01499,0.01509,0.01383,0.01421,780334525.4,1590105599999,11274576.642203,30504,355388502.0,5137321.234849,0
1590105600000,0.01422,0.01509,0.01408,0.01484,574051843.6,1590191999999,8384441.588627,23234,287712969.8,4202658.862342,0
1590192000000,0.01484,0.01573,0.01482,0.01496,785844138.7,1590278399999,11978910.518541,31434,396823572.0,6051809.947293,0
1590278400000,0.01496,0.01531,0.01418,0.01421,698411215.5,1590364799999,10339515.77188,29071,317382491.4,4703800.122145,0
1590364800000,0.01421,0.01476,0.01406,0.01472,671037657.3,1590451199999,9703485.687888,27509,327916379.4,4745075.124772,0
1590451200000,0.01472,0.01476,0.01423,0.01458,467500686.2,1590537599999,6789459.28252,22475,230654955.7,3351082.637028,0
1590537600000,0.01457,0.015,0.01443,0.0147,544223228.8,1590623999999,8006376.975395,23764,267120500.6,3932533.427298,0
1590624000000,0.01471,0.01518,0.01454,0.01514,516948824.6,1590710399999,7668455.264207,21486,275470152.5,4087466.241193,0
1590710400000,0.01513,0.01535,0.01491,0.015,499450730.1,1590796799999,7553821.89938,20126,249199767.2,3771075.148556,0
1590796800000,0.01499,0.01645,0.01491,0.01638,1067640788.5,1590883199999,16871836.454912,44143,545119550.4,8610576.233847,0
1590883200000,0.01638,0.01723,0.01539,0.01582,1576076060.8,1590969599999,26023308.828474,71552,756694186.0,12497919.464377,0
1590969600000,0.01582,0.0171,0.01577,0.01707,1272003796.8,1591055999999,20974197.759964,53201,653248493.9,10782168.728139,0
1591056000000,0.01707,0.01755,0.0155,0.01637,1378466762.3,1591142399999,22792187.389602,57196,641039622.4,10609586.43016,0
1591142400000,0.01635,0.01698,0.01593,0.01691,764202136.0,1591228799999,12639994.65981,30738,393564027.0,6512383.269919,0
1591228800000,0.01692,0.01735,0.01623,0.01687,932477687.5,1591315199999,15740388.6777,40254,440907070.1,7447612.4686,0
1591315200000,0.01687,0.01729,0.01673,0.01685,705915471.0,1591401599999,12004641.250581,28964,342435796.9,5825592.27981,0
1591401600000,0.01683,0.01716,0.01649,0.01704,495444520.4,1591487999999,8343099.428738,22346,246806099.4,4158213.59679,0
1591488000000,0.01704,0.01824,0.01682,0.0182,1568620124.2,1591574399999,27562536.93023,65530,774335723.5,13619057.078692,0
1591574400000,0.01819,0.01862,0.01773,0.01794,1258883594.1,1591660799999,22825814.490161,49098,638084357.0,11571103.601277,0
1591660800000,0.01794,0.01808,0.01743,0.01754,714307909.1,1591747199999,12591341.290954,28382,345146656.1,6086460.858897,0
1591747200000,0.01754,0.01768,0.01708,0.0176,578951235.8,1591833599999,10122035.604552,23604,284596725.6,4978060.016382,0
1591833600000,0.01761,0.01775,0.0151,0.01573,880233994.0,1591919999999,14463994.115789,40773,385540019.2,6342983.286489,0
1591920000000,0.01573,0.0167,0.01562,0.01644,429158018.5,1592006399999,6967183.441514,19211,222530609.2,3611675.679148,0
1592006400000,0.01644,0.01674,0.01611,0.01668,360463122.3,1592092799999,5939453.959171,16408,194539930.8,3205606.40811,0
1592092800000,0.0167,0.01671,0.01599,0.01616,319376526.5,1592179199999,5221197.296976,15089,150888587.8,2466270.43179,0
1592179200000,0.01616,0.0162,0.015,0.01606,782994181.0,1592265599999,12242314.207318,31984,377037323.9,5899720.156948,0
1592265600000,0.01608,0.01629,0.01597,0.01613,407083968.5,1592351999999,6555330.145968,16596,192473925.8,3100443.180257,0
1592352000000,0.01613,0.01649,0.01582,0.01621,470811398.3,1592438399999,7620871.216959,19889,233045901.5,3773531.244036,0
1592438400000,0.01621,0.01623,0.01579,0.01602,297870834.7,1592524799999,4782831.014752,13596,142724618.8,2292617.19611,0
1592524800000,0.01601,0.01616,0.01566,0.01586,369504217.7,1592611199999,5884991.710012,16327,173823698.3,2770100.707084,0
1592611200000,0.01586,0.01607,0.01556,0.01597,305950553.2,1592697599999,4844933.183971,13740,147850634.8,2341260.07167,0
1592697600000,0.01598,0.01603,0.01577,0.01582,193430086.9,1592783999999,3079336.361418,9721,94293335.3,1501581.213288,0
1592784000000,0.01582,0.01645,0.0158,0.01638,444402664.1,1592870399999,7210811.028147,21488,236238656.4,3832316.564492,0
1592870400000,0.01638,0.01677,0.01622,0.0165,502293048.3,1592956799999,8299695.255482,25204,250614715.3,4141403.178089,0
1592956800000,0.01651,0.01682,0.01557,0.01593,654819800.3,1593043199999,10610467.291728,29685,300405165.5,4870632.031112,0
1593043200000,0.01593,0.0161,0.01538,0.0159,452767718.5,1593129599999,7179235.541037,19849,222823343.9,3534293.54072,0
1593129600000,0.01589,0.01604,0.01565,0.01585,391427883.0,1593215999999,6201275.963456,18160,191138316.9,3029193.260425,0
1593216000000,0.01585,0.016,0.0148,0.01544,603752848.7,1593302399999,9412836.559675,25359,254849650.7,3974837.188463,0
1593302400000,0.01543,0.01597,0.0153,0.01577,360321981.7,1593388799999,5647104.841701,15395,173473668.8,2718567.912805,0
1593388800000,0.01578,0.01637,0.01576,0.01619,659473533.8,1593475199999,10579756.388813,25897,330765484.7,5307374.222952,0
1593475200000,0.01619,0.0166,0.01617,0.01636,469446916.3,1593561599999,7697912.39432,19077,233316536.8,3825785.850094,0
1593561600000,0.01637,0.017,0.01619,0.01686,631037219.8,1593647999999,10478252.199654,24807,316781606.7,5262255.486282,0
1593648000000,0.01687,0.01725,0.01615,0.01658,1094274818.7,1593734399999,18343980.774851,47451,518581021.1,8695046.146543,0
1593734400000,0.01659,0.01688,0.01649,0.01662,518559896.1,1593820799999,8667949.506515,22590,248957351.7,4162183.184328,0
1593820800000,0.01661,0.01692,0.01657,0.01682,492305345.7,1593907199999,8243639.335021,21984,253442123.7,4244373.514636,0
1593907200000,0.01684,0.01701,0.01631,0.01688,635875944.7,1593993599999,10558742.170374,26555,316070882.0,5250477.579888,0
1593993600000,0.01689,0.01819,0.01688,0.01802,1308886115.2,1594079999999,23151126.080068,62112,669762944.7,11847082.629747,0
1594080000000,0.01802,0.01814,0.0171,0.0172,896802894.6,1594166399999,15718099.356248,41293,436437429.4,7650874.893563,0
1594166400000,0.01722,0.01815,0.01682,0.01791,1341452980.8,1594252799999,23651173.341647,56941,681351882.9,12025943.232254,0
1594252800000,0.01792,0.01918,0.01752,0.01856,1719100196.8,1594339199999,31604575.782098,78953,862670855.6,15868073.712149,0
1594339200000,0.01855,0.01869,0.0178,0.01812,1068163189.9,1594425599999,19423222.754475,47251,521467190.5,9484525.770161,0
1594425600000,0.01813,0.01888,0.01811,0.01837,826526597.9,1594511999999,15251316.533621,36753,408035049.1,7528724.420919,0
1594512000000,0.01836,0.01854,0.01788,0.01818,600815518.3,1594598399999,10921433.269855,28360,295909583.2,5380411.822149,0
1594598400000,0.01815,0.01841,0.01695,0.01756,922411496.9,1594684799999,16508722.394143,40193,427009053.4,7647567.429981,0
1594684800000,0.01755,0.01777,0.01707,0.01765,624134874.7,1594771199999,10903738.822868,27627,301259999.8,5264577.09771,0
1594771200000,0.01765,0.01777,0.01744,0.01757,438452843.8,1594857599999,7722548.249098,20025,210277575.1,3704723.841886,0
1594857600000,0.01757,0.01763,0.0166,0.01716,671120048.1,1594943999999,11464163.108811,28443,313151908.4,5346585.351077,0
1594944000000,0.01716,0.01735,0.01702,0.01717,340578913.3,1595030399999,5855892.854157,16449,166180555.5,2857642.553729,0
1595030400000,0.01717,0.01745,0.01699,0.01742,322484939.4,1595116799999,5551986.340984,16884,157294245.9,2709823.892369,0
1595116800000,0.01742,0.01759,0.01716,0.01753,406733413.5,1595203199999,7071801.508177,19128,199111264.2,3462692.885231,0
1595203200000,0.01753,0.01757,0.0169,0.01716,404033197.8,1595289599999,6997236.20605,19452,193152395.3,3345610.325175,0
1595289600000,0.01716,0.01772,0.01714,0.01762,487837067.8,1595375999999,8544790.078809,22312,245345613.1,4298135.423625,0
1595376000000,0.01761,0.01797,0.01733,0.01794,399538220.0,1595462399999,7031123.785306,20917,206246214.5,3631335.588524,0
1595462400000,0.01792,0.01806,0.01773,0.01792,462917735.4,1595548799999,8279294.638249,23717,222928735.6,3987900.549609,0
1595548800000,0.01792,0.01827,0.01746,0.01794,526515505.6,1595635199999,9419853.18097,26452,255060104.8,4566148.254593,0
1595635200000,0.01793,0.01883,0.0179,0.01877,726348655.3,1595721599999,13357100.225574,30790,375303109.1,6901560.637099,0
1595721600000,0.01878,0.01937,0.01825,0.01852,847552344.2,1595807999999,15938206.607501,40606,413411124.4,7777501.626696,0
1595808000000,0.01852,0.01914,0.01758,0.01872,1338292018.4,1595894399999,24755564.538576,64301,643330869.3,11906623.216461,0
1595894400000,0.01871,0.0195,0.01817,0.01912,1175162599.9,1595980799999,22157845.92059,54224,592797897.8,11180752.680878,0
1595980800000,0.01912,0.01997,0.01893,0.01915,1280116972.4,1596067199999,24959827.138171,57431,633204592.3,12347315.297779,0
1596067200000,0.01914,0.01939,0.01865,0.01917,830799342.6,1596153599999,15827728.236537,34090,408906337.2,7791511.041504,0
1596153600000,0.01917,0.01978,0.01895,0.01968,829510685.5,1596239999999,16088745.288004,37507,409642127.6,7946038.74403,0
1596240000000,0.01968,0.02079,0.01939,0.02046,1541574235.9,1596326399999,30970157.116719,64256,766619249.5,15405490.765566,0
1596326400000,0.02047,0.02135,0.0175,0.01907,2497799717.0,1596412799999,48530637.06172,112992,1203793518.1,23421730.024558,0
1596412800000,0.01907,0.02013,0.01877,0.01987,1163766904.6,1596499199999,22861381.33894,49239,584409056.6,11484571.611397,0
1596499200000,0.01987,0.02068,0.01987,0.02039,1048725753.9,1596585599999,21287390.181392,47593,517374297.9,10505217.600378,0
1596585600000,0.02039,0.02073,0.01999,0.02031,872977182.2,1596671999999,17788514.139782,36690,427217901.2,8707214.890507,0
1596672000000,0.02031,0.02056,0.01991,0.02022,823784529.6,1596758399999,16664546.900241,34121,414253610.9,8381077.220175,0
1596758400000,0.02024,0.02111,0.01885,0.01988,1431156389.0,1596844799999,28892888.812515,65577,698065703.9,14105647.726036,0
1596844800000,0.01988,0.02057,0.01966,0.02046,500285035.2,1596931199999,10103499.262159,27158,243969703.0,4929368.56294,0
1596931200000,0.02046,0.02063,0.0201,0.02045,528429014.9,1597017599999,10786149.016729,27881,262261595.3,5353961.222456,0
1597017600000,0.02045,0.0218,0.02043,0.02146,1363516940.1,1597103999999,28961262.665456,60639,690814486.9,14667033.890041,0
1597104000000,0.02147,0.02153,0.01937,0.0201,1095164577.5,1597190399999,22455023.990414,57528,508291453.4,10424092.446704,0
1597190400000,0.02011,0.02043,0.01898,0.02019,861345699.6,1597276799999,17166559.949833,42210,429275419.6,8560756.507804,0
1597276800000,0.02019,0.02299,0.0195,0.02238,2033016524.8,1597363199999,43728807.749769,96052,1021577955.3,21975635.750273,0
1597363200000,0.02238,0.02584,0.02235,0.02471,2544402787.2,1597449599999,61359032.52887,132882,1288592771.8,31052632.80297,0
1597449600000,0.02471,0.02574,0.0236,0.02526,1821331007.5,1597535999999,44610962.488109,94217,882697838.9,21627332.040664,0
1597536000000,0.02527,0.02852,0.02403,0.02824,2446857391.0,1597622399999,64579684.058608,140039,1223180575.4,32340273.106547,0
1597622400000,0.02824,0.0314,0.02676,0.03036,2639464251.8,1597708799999,77024985.148667,163709,1315786780.5,38431025.697532,0
1597708800000,0.03037,0.03248,0.028,0.02875,3772125514.0,1597795199999,114235126.228162,229235,1844620458.6,55885940.226139,0
1597795200000,0.02876,0.02894,0.02547,0.02648,3805112504.6,1597881599999,103067122.202121,209692,1832768461.4,49658422.959812,0
1597881600000,0.02649,0.02778,0.02645,0.02746,2042028251.2,1597967999999,55446730.216784,102652,1020809355.8,27723205.008864,0
1597968000000,0.02746,0.02772,0.024,0.02425,2158912614.4,1598054399999,56551152.467331,115947,1051444084.7,27550410.628356,0
1598054400000,0.02425,0.02551,0.02332,0.02512,2125627832.3,1598140799999,51948617.026003,107999,1046565343.6,25582282.098159,0
1598140800000,0.0251,0.02529,0.02361,0.02435,1106682263.3,1598227199999,27010314.085907,58725,550004431.7,13428793.583536,0
1598227200000,0.02434,0.02569,0.0239,0.0251,1084065804.8,1598313599999,27055574.422565,54623,534524530.7,13342459.780404,0
1598313600000,0.0251,0.02546,0.02219,0.02299,1464579684.4,1598399999999,34711333.977906,77696,702789797.2,16662118.057334,0
1598400000000,0.023,0.02392,0.02275,0.02369,1055935996.2,1598486399999,24679737.275447,53083,525041917.9,12273991.861545,0
1598486400000,0.02369,0.02447,0.02203,0.02307,1427748692.5,1598572799999,33281173.955127,71670,692037365.6,16147470.883759,0
1598572800000,0.02308,0.02428,0.02269,0.02392,928195097.0,1598659199999,21990274.835982,55024,459483073.5,10887314.376519,0
1598659200000,0.02392,0.02524,0.02371,0.02491,917633930.6,1598745599999,22600450.421451,53861,460098821.5,11331364.569706,0
1598745600000,0.02491,0.02819,0.02489,0.02696,1906342649.1,1598831999999,50983662.916579,103858,954404523.0,25518485.555756,0
1598832000000,0.02696,0.02982,0.02578,0.02917,2585111182.2,1598918399999,72690613.908519,144153,1258321789.9,35348875.282567,0
1598918400000,0.02916,0.036,0.02805,0.03466,4731565797.2,1599004799999,151089507.412189,267112,2410222526.6,76993071.429914,0
1599004800000,0.03465,0.03834,0.03125,0.03449,9640849144.6,1599091199999,337212182.435414,514653,4692067306.8,164187447.011576,0
1599091200000,0.03451,0.0499,0.03401,0.03996,13240401200.2,1599177599999,534727702.398316,741254,6642959694.2,268374137.274148,0
1599177600000,0.03998,0.04482,0.0314,0.03552,10510231260.4,1599263999999,398847784.422342,610866,5213177414.7,197607785.190851,0
1599264000000,0.03555,0.03665,0.02723,0.02988,6505449760.6,1599350399999,207212187.137397,375655,3219855722.4,102613202.95182,0
1599350400000,0.02988,0.03256,0.028,0.03142,4400299426.2,1599436799999,134642103.820943,252062,2193261141.1,67147136.73237,0
1599436800000,0.03141,0.03256,0.02833,0.03249,2764926930.5,1599523199999,84581454.457651,175515,1375290841.5,42084122.232601,0
1599523200000,0.03248,0.0355,0.03157,0.03518,3498364544.9,1599609599999,117715433.328392,256512,1704741611.6,57393471.384705,0
1599609600000,0.03518,0.03591,0.03356,0.03397,1994534013.6,1599695999999,69055959.346265,158229,972183451.8,33685762.233603,0
1599696000000,0.03396,0.0352,0.03246,0.03299,1586740038.1,1599782399999,53551787.834164,120490,762606865.0,25749438.074781,0
1599782400000,0.03301,0.0345,0.03142,0.0335,1399235276.3,1599868799999,46308690.440161,130970,713622857.2,23633692.26332,0
1599868800000,0.0335,0.03357,0.03203,0.03272,807207380.9,1599955199999,26351311.457242,75074,399972649.4,13056361.818437,0
1599955200000,0.03272,0.03284,0.02937,0.03065,1327085168.3,1600041599999,41388950.70667,128119,643290643.5,20074510.854991,0
1600041600000,0.03065,0.03145,0.03002,0.03039,1397742517.7,1600127999999,42954413.781673,107992,687443231.7,21133958.327129,0
1600128000000,0.03041,0.03045,0.02751,0.02788,1917325425.7,1600214399999,55554899.341423,135140,910998117.9,26399316.641773,0
1600214400000,0.02788,0.0299,0.02615,0.02639,3502290453.6,1600300799999,95374587.30613,220528,1757312605.2,47861999.393334,0
1600300800000,0.02639,0.02847,0.02634,0.02813,1848290113.2,1600387199999,50260598.087445,98899,934270903.9,25401406.70085,0
1600387200000,0.02813,0.02986,0.02778,0.02905,1503621076.8,1600473599999,43357582.35007,92302,745873918.4,21504049.540298,0
1600473600000,0.02905,0.02926,0.02756,0.02768,968543405.2,1600559999999,27389329.503242,64627,469471515.3,13283566.128059,0
1600560000000,0.02768,0.02773,0.02641,0.02694,973857313.1,1600646399999,26372232.045065,62910,461807075.4,12510259.652319,0
1600646400000,0.02695,0.02749,0.02459,0.0249,1509835312.6,1600732799999,39214474.157742,94972,739881970.6,19218339.460549,0
1600732800000,0.0249,0.02549,0.02453,0.02499,815152797.5,1600819199999,20372747.722718,53526,396021603.2,9900056.210677,0
1600819200000,0.02498,0.0261,0.02463,0.02486,1251326659.8,1600905599999,31663871.99355,73771,611638466.4,15475655.786564,0
1600905600000,0.02486,0.02634,0.02447,0.02625,1612964213.8,1600991999999,41084012.23846,58439,808972508.0,20604917.817839,0
1600992000000,0.02625,0.02742,0.02549,0.02714,1542529258.0,1601078399999,40633039.254472,60497,775620841.8,20442694.023894,0
1601078400000,0.02715,0.02893,0.02697,0.02718,1427017277.3,1601164799999,39813738.54501,74479,716623769.0,19996701.563462,0
1601164800000,0.02717,0.02757,0.02595,0.02659,1398653692.4,1601251199999,37275287.086344,56897,678776602.4,18093492.552996,0
1601251200000,0.02659,0.02717,0.02613,0.02625,1696802057.6,1601337599999,45366560.089564,51074,861605748.6,23041264.969016,0
1601337600000,0.02623,0.02643,0.0255,0.0263,1142496339.0,1601423999999,29833345.273735,41846,562252899.4,14682589.502793,0
1601424000000,0.0263,0.02657,0.02572,0.02621,820839526.0,1601510399999,21404415.201036,40378,413613459.3,10784411.413876,0
1601510400000,0.02622,0.02675,0.02504,0.02581,1801626292.6,1601596799999,46876264.519005,58465,888384688.1,23119638.25707,0
1601596800000,0.02579,0.02617,0.02395,0.0259,1241602705.3,1601683199999,31399114.109057,56483,618279300.0,15654321.242532,0
1601683200000,0.0259,0.02849,0.02575,0.02719,1679730887.1,1601769599999,45993652.870467,91733,825991026.6,22623884.063552,0
1601769600000,0.0272,0.02739,0.02586,0.02644,1524677259.7,1601855999999,40472157.657984,66293,755277787.2,20051919.442298,0
1601856000000,0.02644,0.02684,0.02593,0.02643,1057490258.8,1601942399999,27797479.624952,39777,519095380.9,13646495.876945,0
1601942400000,0.02643,0.02659,0.02527,0.02556,1042748361.9,1602028799999,27117710.916249,50103,516477751.8,13439113.004605,0
1602028800000,0.02556,0.02566,0.02501,0.02551,711802005.6,1602115199999,18033283.892394,34341,358838326.0,9091373.416357,0
1602115200000,0.02551,0.026,0.02496,0.02572,1045491048.5,1602201599999,26699567.392503,52356,528294970.3,13494568.092548,0
1602201600000,0.02572,0.02646,0.0256,0.02627,1467913927.2,1602287999999,38382099.508824,58033,725170259.5,18961721.340983,0
1602288000000,0.02627,0.02743,0.02626,0.02644,1335278925.5,1602374399999,35817326.261778,69428,656422884.6,17605219.73815,0
1602374400000,0.02643,0.0268,0.02608,0.02656,941753387.2,1602460799999,24922770.285729,48219,465794783.4,12327144.765811,0
1602460800000,0.02655,0.02784,0.02584,0.02709,1398274223.4,1602547199999,37345109.235073,73755,715891610.6,19127169.56172,0
1602547200000,0.02708,0.02733,0.02651,0.0268,899778594.7,1602633599999,24248820.106798,52033,446250063.7,12028636.675463,0
1602633600000,0.0268,0.02718,0.0263,0.02676,836283008.8,1602719999999,22343435.221623,42493,419949998.5,11223440.914403,0
1602720000000,0.02675,0.02679,0.02627,0.02652,594845653.0,1602806399999,15787980.423657,31939,298785375.2,7932183.331501,0
1602806400000,0.02653,0.02661,0.0255,0.02572,608652972.0,1602892799999,15724118.656788,37045,294666169.3,7606382.613874,0
1602892800000,0.02571,0.02606,0.0255,0.02574,315279242.4,1602979199999,8128844.330018,20461,155122469.7,4000531.282205,0
1602979200000,0.02574,0.0261,0.02567,0.02594,265978536.1,1603065599999,6875567.814274,18453,135874903.3,3512980.555837,0
1603065600000,0.02593,0.02614,0.02565,0.02589,513549302.7,1603151999999,13305602.856585,27019,265596333.9,6882470.931147,0
1603152000000,0.02588,0.02915,0.02532,0.02592,2321744915.9,1603238399999,62509959.467092,129353,1172203832.8,31592597.711419,0
1603238400000,0.02593,0.02757,0.02587,0.02667,1144231906.0,1603324799999,30562878.10773,71037,570720502.4,15251367.395147,0
1603324800000,0.02666,0.02748,0.02665,0.02708,727252779.7,1603411199999,19737557.776477,46468,362160096.3,9831468.532499,0
1603411200000,0.02709,0.02713,0.02624,0.02669,546279908.2,1603497599999,14650800.069231,33244,271712390.5,7289618.357944,0
1603497600000,0.0267,0.02729,0.02656,0.02706,544973533.7,1603583999999,14629399.506908,25254,276125255.5,7413588.647725,0
1603584000000,0.02705,0.02725,0.02662,0.02699,576987726.9,1603670399999,15558368.753469,28749,287051058.3,7740892.565653,0
1603670400000,0.02698,0.0275,0.02634,0.02675,855670592.3,1603756799999,23107944.471332,48082,416486646.1,11254246.194346,0
1603756800000,0.02675,0.02714,0.0267,0.02701,610399243.3,1603843199999,16456664.990357,29916,326572256.6,8805416.585708,0
1603843200000,0.02701,0.02736,0.02652,0.02688,771483712.9,1603929599999,20784838.962529,41907,388183122.0,10461696.118803,0
1603929600000,0.02688,0.02728,0.02636,0.02655,765752218.0,1604015999999,20547559.271132,47858,375781725.0,10087718.622918,0
1604016000000,0.02656,0.02667,0.02522,0.0256,871951290.5,1604102399999,22510411.907355,44062,413002420.2,10659697.981182,0
1604102400000,0.0256,0.02669,0.02545,0.02576,851462505.6,1604188799999,22138725.389925,42559,439053707.5,11410591.40404,0
1604188800000,0.02576,0.02591,0.0254,0.02574,497387089.2,1604275199999,12763942.987195,23911,244920594.0,6285770.308307,0
1604275200000,0.02574,0.02589,0.02436,0.02445,879566372.7,1604361599999,22015780.788759,43876,422042651.5,10558982.337365,0
1604361600000,0.02444,0.02447,0.02304,0.02442,1095296354.6,1604447999999,26110408.446914,56389,525335107.8,12526818.008536,0
1604448000000,0.02441,0.02444,0.02365,0.0242,894859419.7,1604534399999,21561284.631391,39457,449821710.2,10840205.006866,0
1604534400000,0.02421,0.02508,0.02402,0.02493,1014789309.3,1604620799999,24911741.388455,43339,511470134.5,12555507.504174,0
1604620800000,0.02494,0.02617,0.0249,0.02616,1057308400.7,1604707199999,27021884.30384,61380,527016619.3,13469294.810992,0
1604707200000,0.02615,0.02674,0.0244,0.02486,1515522976.6,1604793599999,38955027.183008,81797,772890285.3,19859435.336861,0
1604793600000,0.02486,0.02565,0.0246,0.02535,569685678.5,1604879999999,14399298.606189,36300,315799785.2,7986292.279475,0
1604880000000,0.02534,0.02562,0.02464,0.02479,639504222.3,1604966399999,16075242.811849,41870,333088281.0,8379404.823368,0
1604966400000,0.02479,0.0253,0.02461,0.02483,524595692.7,1605052799999,13075353.370343,36173,245417272.1,6120837.692858,0
1605052800000,0.02484,0.0253,0.02483,0.02498,488484326.4,1605139199999,12271237.485464,32500,228521174.8,5742563.718532,0
1605139200000,0.02497,0.02521,0.02474,0.0249,643131651.9,1605225599999,16067828.808651,33696,309169730.0,7725636.551895,0
1605225600000,0.0249,0.02547,0.02478,0.0254,805998812.9,1605311999999,20257388.283673,38896,417022823.6,10475846.383282,0
1605312000000,0.0254,0.02545,0.02495,0.02513,571177180.2,1605398399999,14379260.022226,30482,293359923.9,7387135.197609,0
1605398400000,0.02513,0.02581,0.02492,0.02533,685798227.2,1605484799999,17398569.086221,39201,341420747.7,8666525.347714,0
1605484800000,0.02532,0.0258,0.0251,0.02549,681566043.4,1605571199999,17371414.574634,32942,343098550.0,8745506.477489,0
1605571200000,0.02549,0.02664,0.02545,0.02649,1001981251.9,1605657599999,26226276.949179,63921,503111814.2,13169641.970629,0
1605657600000,0.0265,0.02713,0.0241,0.02678,1659887707.2,1605743999999,42920258.835311,92926,834076141.4,21580395.026877,0
1605744000000,0.02677,0.02695,0.0253,0.02581,1328670550.3,1605830399999,34389267.84741,67368,645987024.5,16726469.604255,0
1605830400000,0.0258,0.02657,0.02574,0.02629,1131122949.7,1605916799999,29604723.042237,59207,581698334.9,15226225.825176,0
1605916800000,0.02629,0.03073,0.02612,0.03057,3351418820.1,1606003199999,94795469.186576,177782,1722980261.3,48763015.715842,0
1606003200000,0.03056,0.03081,0.02722,0.02875,2909105916.4,1606089599999,83983931.748223,156312,1468817479.4,42406217.200987,0
1606089600000,0.02873,0.03183,0.0283,0.03174,2623456115.7,1606175999999,79391563.567027,152500,1325395956.0,40124905.8959,0
1606176000000,0.03174,0.03915,0.03143,0.03523,6013330220.2,1606262399999,210100985.610949,401790,3063090704.6,107084483.436419,0
1606262400000,0.03524,0.03744,0.03161,0.03304,4381691467.9,1606348799999,154655369.036763,278958,2222277396.8,78523780.589302,0
1606348800000,0.03305,0.03389,0.02715,0.02942,4693587268.6,1606435199999,138164919.676554,252976,2352704197.5,69229577.05742,0
1606435200000,0.02942,0.03014,0.02806,0.02938,1370876076.8,1606521599999,39785613.518235,81087,701233171.6,20352591.709605,0
1606521600000,0.02938,0.03125,0.02863,0.03047,1526904135.6,1606607999999,45714876.340073,79805,790148658.8,23655263.482068,0
1606608000000,0.03046,0.03123,0.02956,0.03072,909797312.5,1606694399999,27679792.094617,55667,465386734.1,14164484.821984,0
1606694400000,0.03074,0.03309,0.03024,0.03236,1785509133.8,1606780799999,56687234.710991,101972,900743499.0,28618626.706567,0
1606780800000,0.03236,0.03425,0.0292,0.03024,2733408986.2,1606867199999,87335879.008211,167842,1388599596.3,44393193.462913,0
1606867200000,0.03026,0.03134,0.0297,0.03118,964079509.3,1606953599999,29645715.364446,60028,499033646.3,15346915.712935,0
1606953600000,0.03117,0.03195,0.03073,0.03166,730337042.7,1607039999999,22931590.713949,49998,370090463.6,11624001.479386,0
1607040000000,0.03165,0.03172,0.02903,0.02947,892084794.8,1607126399999,27353415.589419,57876,423605197.7,13000934.384835,0
1607126400000,0.02944,0.0306,0.02917,0.03056,366436721.8,1607212799999,11033934.841664,29368,189092549.9,5697381.516095,0
1607212800000,0.03057,0.031,0.03004,0.03091,625718156.4,1607299199999,19114966.237924,39395,313392453.8,9575786.993708,0
1607299200000,0.03093,0.03098,0.02989,0.03029,520972036.3,1607385599999,15873531.952475,34112,245793509.9,7489477.709099,0
1607385600000,0.0303,0.0303,0.0275,0.0279,948379670.6,1607471999999,27583729.130445,65376,440998509.5,12829993.714816,0
1607472000000,0.02789,0.02885,0.027,0.0287,1091324294.4,1607558399999,30620675.681062,61794,549761607.2,15431866.485822,0
1607558400000,0.02869,0.02881,0.02774,0.02811,639683453.7,1607644799999,18109084.630826,35585,319699158.1,9050083.634195,0
1607644800000,0.02812,0.02821,0.0274,0.02778,917010768.8,1607731199999,25498023.224671,43205,457613089.0,12725444.37026,0
1607731200000,0.02779,0.02882,0.02764,0.02855,614827855.4,1607817599999,17458089.710268,41312,322311556.2,9155748.541028,0
1607817600000,0.02856,0.02967,0.02845,0.02921,632948071.5,1607903999999,18441167.047029,42563,319949707.8,9323762.855038,0
1607904000000,0.0292,0.02923,0.0286,0.0291,493689369.6,1607990399999,14279382.501856,42699,246246007.0,7123987.637463,0
1607990400000,0.02911,0.0295,0.02869,0.02918,528730999.8,1608076799999,15407811.448873,41712,265999022.6,7752431.868877,0
1608076800000,0.02919,0.03147,0.02875,0.03145,1044220054.6,1608163199999,31378714.733738,74388,529718886.1,15913876.260151,0
1608163200000,0.03145,0.03249,0.03,0.03072,1955526630.0,1608249599999,61367750.311648,125407,967195032.8,30368216.400166,0
1608249600000,0.03072,0.03143,0.0301,0.03109,949196559.6,1608335999999,29227028.182909,59650,477527679.2,14705712.596618,0
1608336000000,0.03109,0.03198,0.03083,0.03124,693795912.0,1608422399999,21795785.673673,54600,341978598.9,10740979.073248,0
1608422400000,0.03123,0.03288,0.03027,0.03122,1529437086.9,1608508799999,48466685.743878,103226,732112604.7,23216638.677352,0
1608508800000,0.03121,0.03191,0.029,0.02926,1471631429.0,1608595199999,44702201.556397,86094,726757214.1,22092101.817227,0
1608595200000,0.02926,0.02958,0.02775,0.02885,1360964666.1,1608681599999,39273773.233562,86516,672075126.4,19395184.37505,0
1608681600000,0.02885,0.02904,0.02371,0.0248,2142604251.0,1608767999999,58075700.58079,133022,1042837686.8,28271283.306342,0
1608768000000,0.0248,0.02775,0.02413,0.02769,1751535454.7,1608854399999,45541119.304682,102271,894730774.3,23262346.252068,0
1608854400000,0.02769,0.0295,0.02708,0.02854,1544825223.7,1608940799999,43508486.444751,91691,783753862.4,22066341.664183,0
1608940800000,0.02853,0.02863,0.02722,0.0278,932421941.0,1609027199999,25986153.163091,60818,461037633.8,12851551.034061,0
1609027200000,0.02781,0.03113,0.02663,0.02889,2702426365.2,1609113599999,77853981.653782,151406,1338949519.6,38576610.754154,0
1609113600000,0.0289,0.03038,0.02861,0.02959,1683299563.4,1609199999999,49629462.846903,104795,852245817.8,25126561.071754,0
1609200000000,0.02958,0.03024,0.0265,0.02767,2631697624.4,1609286399999,72854112.024221,160443,1290762857.8,35694449.801535,0
1609286400000,0.02768,0.02782,0.02635,0.02695,1207710716.3,1609372799999,32616709.652141,82701,603943599.2,16307946.566913,0
1609372800000,0.02694,0.02705,0.02593,0.02677,921669879.7,1609459199999,24550730.830309,59381,461422165.4,12296576.242217,0
1609459200000,0.02677,0.02738,0.02646,0.02685,687812306.6,1609545599999,18536702.502675,49661,335779724.6,9051791.482085,0
1609545600000,0.02686,0.02794,0.0265,0.02721,1134173980.6,1609631999999,30675212.393322,78132,560428769.9,15163661.560659,0
1609632000000,0.0272,0.03004,0.02652,0.02949,2556032496.1,1609718399999,71936609.610047,156011,1296965439.0,36537365.188099,0
1609718400000,0.02949,0.03219,0.0268,0.03095,4735501702.0,1609804799999,141520995.303874,298827,2376966384.9,71038666.314028,0
1609804800000,0.03096,0.03125,0.02693,0.02852,4639853362.5,1609891199999,131161722.355363,265040,2311360633.5,65352327.892825,0
1609891200000,0.02853,0.0309,0.0278,0.03046,3323268177.3,1609977599999,98253970.248136,222889,1674408352.2,49507039.464816,0
1609977600000,0.03047,0.03337,0.02996,0.03095,4780439554.2,1610063999999,151225292.686154,310190,2449777566.0,77516850.433774,0
1610064000000,0.03095,0.03126,0.02865,0.0304,2918249782.4,1610150399999,87827364.767277,181733,1445444645.0,43529059.683279,0
1610150400000,0.03041,0.03554,0.02956,0.03382,4324171400.0,1610236799999,143163145.595977,281005,2252333859.3,74635116.821571,0
1610236800000,0.03382,0.03674,0.03105,0.03275,5258909192.3,1610323199999,178327129.20821,326320,2623516374.3,89104743.996486,0
1610323200000,0.03274,0.0328,0.02694,0.02897,4740416173.0,1610409599999,138363483.230586,263225,2471872850.9,72039601.349869,0
1610409600000,0.02897,0.03038,0.02789,0.02865,1883041867.6,1610495999999,54705738.169509,122817,998934986.0,29036860.809289,0
1610496000000,0.02864,0.0309,0.02775,0.03079,1767066265.4,1610582399999,51796677.25688,113029,957361591.7,28112040.622453,0
1610582400000,0.03079,0.03186,0.02908,0.03014,2407147625.0,1610668799999,72670768.249119,136502,1198189858.7,36235463.304286,0
1610668800000,0.03015,0.03146,0.0283,0.02972,2693255797.2,1610755199999,80879817.72514,149542,1333454985.4,40057161.432857,0
1610755200000,0.02973,0.0313,0.02945,0.03008,2018029935.1,1610841599999,61614568.576317,126647,1007861128.3,30785095.662805,0
1610841600000,0.03009,0.03077,0.02912,0.0302,1482981263.3,1610927999999,44519577.774622,91891,757763248.2,22757555.477632,0
1610928000000,0.0302,0.0323,0.02962,0.03164,1831502514.0,1611014399999,56755838.832766,116810,957660231.3,29699239.419435,0
1611014400000,0.03164,0.03248,0.03061,0.03063,1898785824.0,1611100799999,59988234.560997,131373,951183298.4,30083967.066302,0
1611100800000,0.03061,0.03137,0.02916,0.03046,1749865640.6,1611187199999,52877977.353123,106368,861665025.6,26067223.687308,0
1611187200000,0.03048,0.03057,0.02756,0.02762,1831456402.7,1611273599999,53083133.87908,114686,885092471.7,25662481.350354,0
1611273600000,0.02761,0.02896,0.02636,0.02857,1464665680.4,1611359999999,40668988.759634,103406,737742227.6,20508061.879104,0
1611360000000,0.02855,0.02946,0.02806,0.02925,1013788694.9,1611446399999,29201731.140895,71974,515564246.4,14853824.645387,0
1611446400000,0.02925,0.03069,0.02899,0.02999,1309374467.0,1611532799999,39177309.997844,93008,643661093.6,19266576.238768,0
1611532800000,0.03,0.0327,0.02942,0.02949,2759431099.5,1611619199999,85543598.348743,154902,1358298592.7,42151093.944159,0
1611619200000,0.02949,0.02996,0.02843,0.02949,1024100538.8,1611705599999,29917072.511779,70467,492117689.3,14379155.273099,0
1611705600000,0.02951,0.02951,0.02754,0.02823,1103407126.5,1611791999999,31350096.121961,74851,513157084.0,14580318.273342,0
1611792000000,0.02823,0.02996,0.0279,0.02955,910735526.3,1611878399999,26604450.739109,74826,477825877.5,13961630.876248,0
1611878400000,0.02954,0.04439,0.02935,0.03335,14514073978.0,1611964799999,517066442.88335,799414,7420239926.9,264234955.505388,0
1611964800000,0.03333,0.03362,0.03058,0.03216,4329078092.2,1612051199999,137847539.434018,278528,2138857057.3,68078830.950226,0
1612051200000,0.03216,0.03489,0.03088,0.03154,4176884195.6,1612137599999,135625629.613774,267893,2057588222.7,66934759.476931,0
1612137600000,0.03154,0.03493,0.03117,0.03295,3869231172.5,1612223999999,127648113.85214,262883,1921015044.7,63373480.69321,0
1612224000000,0.03295,0.03352,0.032,0.03317,1771167774.7,1612310399999,58415738.501851,125512,881045284.7,29072636.306579,0
1612310400000,0.03317,0.03525,0.03316,0.03452,2185136843.0,1612396799999,74521659.564826,153141,1090055019.9,37187031.476439,0
1612396800000,0.03451,0.03472,0.03211,0.0331,2284283699.2,1612483199999,76401489.095764,160129,1115580021.8,37310998.124212,0
1612483200000,0.03311,0.03662,0.033,0.03624,3253853066.2,1612569599999,114082704.741896,221236,1663027098.0,58331781.447638,0
1612569600000,0.03624,0.03648,0.03347,0.03507,2224935328.0,1612655999999,77637236.768038,166414,1084448520.9,37844151.03627,0
1612656000000,0.03506,0.03734,0.03402,0.03597,3243193308.1,1612742399999,115326089.631348,224704,1633158106.0,58075567.80344,0
1612742400000,0.03597,0.04183,0.03526,0.04042,4084547193.1,1612828799999,157886067.766226,309649,2110128710.9,81576193.885898,0
1612828800000,0.04042,0.05097,0.04031,0.04608,7588746716.3,1612915199999,348044611.951361,573806,3866731118.4,177322451.370335,0
1612915200000,0.04608,0.04977,0.0415,0.04629,4894593793.4,1613001599999,224952553.931792,415644,2451528604.6,112704885.9899,0
1613001600000,0.04629,0.0591,0.04443,0.05681,4404275814.1,1613087999999,220799091.573973,342529,2218412092.5,111389736.456843,0
1613088000000,0.05683,0.05786,0.05158,0.05515,4610107562.9,1613174399999,252542696.37343,417210,2310317462.2,126611978.099861,0
1613174400000,0.05516,0.06122,0.0515,0.05995,4513205809.5,1613260799999,257000493.263603,425120,2225428859.4,126764551.705757,0
1613260800000,0.05993,0.0602,0.05223,0.05519,3273279004.0,1613347199999,184316074.932446,272347,1611390537.2,90796939.651028,0
1613347200000,0.05519,0.05627,0.04509,0.05079,4334549054.9,1613433599999,221331895.521213,334079,2163035122.5,110556355.381289,0
1613433600000,0.05079,0.0552,0.04917,0.05202,2518117109.3,1613519999999,131421436.168894,202280,1259394887.3,65731206.517322,0
1613520000000,0.05202,0.05394,0.04874,0.05256,2324982014.2,1613606399999,120500378.14636,187461,1158862289.4,60037952.008053,0
1613606400000,0.05258,0.05565,0.0521,0.05492,2080844398.7,1613692799999,112379700.195067,179318,1027342411.6,55474628.755302,0
1613692800000,0.05491,0.06449,0.054,0.06073,4529927537.0,1613779199999,271775486.357787,399592,2287350659.6,137371247.592432,0
1613779200000,0.0607,0.06368,0.05506,0.05773,3441845049.2,1613865599999,207797302.958631,382504,1727318633.9,104337184.049339,0
1613865600000,0.05773,0.06136,0.05634,0.05935,2049672560.8,1613951999999,121671231.359987,248070,995845370.3,59116244.503322,0
1613952000000,0.05935,0.0596,0.04757,0.05425,3394984565.6,1614038399999,184670785.050857,297244,1665609288.4,90656604.962152,0
1614038400000,0.05423,0.05463,0.038,0.04501,4596214425.4,1614124799999,208354195.317682,384669,2283825246.8,103596974.880411,0
1614124800000,0.04496,0.05005,0.04324,0.048,2396568102.7,1614211199999,113588615.603965,203140,1228168634.7,58230748.411688,0
1614211200000,0.048,0.05005,0.04492,0.0452,1774250210.3,1614297599999,85509993.636933,176731,891236333.6,42970042.889285,0
1614297600000,0.04521,0.04684,0.04233,0.04517,1576432724.3,1614383999999,70641686.168761,142690,802401503.4,35956633.336582,0
1614384000000,0.04519,0.04845,0.04512,0.04652,1649942643.4,1614470399999,77349253.294156,142797,835784978.9,39181078.681755,0
1614470400000,0.04651,0.04681,0.043,0.04562,1562798229.0,1614556799999,69808328.982037,139009,784600962.9,35041692.593086,0
1614556800000,0.0456,0.0482,0.04494,0.04784,1591481988.5,1614643199999,74012629.380864,132385,827281223.1,38481595.632066,0
1614643200000,0.04784,0.04891,0.04545,0.04687,1378993621.9,1614729599999,65073077.922185,127827,686735280.6,32397238.279268,0
1614729600000,0.04685,0.04965,0.04651,0.04883,1370831333.1,1614815999999,66561107.112076,138523,705023225.2,34227586.701749,0
1614816000000,0.04885,0.0534,0.04839,0.05142,3217266141.6,1614902399999,164161180.574797,280660,1620888927.5,82717338.55741,0
1614902400000,0.05143,0.05148,0.04845,0.05019,1470004199.6,1614988799999,73173605.254182,144381,735248023.5,36592052.244478,0
1614988800000,0.05019,0.05076,0.04864,0.05015,1047091814.2,1615075199999,52232099.270748,102341,535511221.0,26719777.347271,0
1615075200000,0.05015,0.05185,0.04998,0.05173,1066844034.4,1615161599999,54326724.061538,106751,541735281.0,27589184.103455,0
1615161600000,0.05174,0.05329,0.05019,0.05307,1515827169.1,1615247999999,78729968.170848,153483,776968555.5,40370454.292551,0
1615248000000,0.05306,0.05358,0.05203,0.0532,1353471935.8,1615334399999,71467912.064524,146144,698699146.2,36891105.495269,0
1615334400000,0.0532,0.05339,0.05038,0.05142,1821590711.4,1615420799999,95059522.142516,164786,910131975.4,47504064.080738,0
1615420800000,0.05142,0.05184,0.04967,0.05151,1451223707.5,1615507199999,73878010.715367,134364,748402771.7,38101590.114943,0
1615507200000,0.05151,0.05174,0.04861,0.04997,1323392816.6,1615593599999,66617400.447208,132861,658280748.6,33141797.551218,0
1615593600000,0.04995,0.05417,0.04883,0.05291,1799821567.5,1615679999999,93371917.915895,181608,924178284.7,47984651.684507,0
1615680000000,0.05293,0.05384,0.05099,0.05105,1355377117.0,1615766399999,70851270.231972,151535,685571052.5,35839503.274486,0
1615766400000,0.05106,0.0522,0.0482,0.05069,1776122719.6,1615852799999,89308301.597678,166312,884004002.9,44440820.677679,0
1615852800000,0.05069,0.05315,0.04904,0.05237,1838243342.7,1615939199999,94688008.55948,169625,934123168.0,48124624.522264,0
1615939200000,0.05237,0.05589,0.05196,0.05483,2706797539.2,1616025599999,145656246.028444,256756,1378106819.4,74166671.692229,0
1616025600000,0.05484,0.05524,0.05292,0.05329,1276163995.9,1616111999999,68820255.717279,152612,667640124.7,36006140.081026,0
1616112000000,0.05328,0.05955,0.05213,0.05862,2412204385.7,1616198399999,135313236.158097,243328,1260650850.3,70739988.298967,0
1616198400000,0.05862,0.0685,0.05858,0.0609,6465754072.0,1616284799999,415183898.79736,746498,3199621463.7,205462043.490506,0
1616284800000,0.06089,0.06449,0.05864,0.06337,3005393639.8,1616371199999,184694078.470102,431411,1505138060.5,92509301.69392,0
1616371200000,0.06337,0.06626,0.05876,0.05927,2716901314.1,1616457599999,171497074.74556,476415,1337408262.6,84454958.990402,0
1616457600000,0.05928,0.06171,0.05746,0.05852,1924170090.2,1616543999999,114446395.143982,294139,990489781.1,58936038.177683,0
1616544000000,0.05853,0.06228,0.05432,0.05568,2020874385.3,1616630399999,119435075.466699,243338,1017744441.3,60220071.829146,0
1616630400000,0.05565,0.0563,0.05273,0.05528,1760149123.5,1616716799999,96371044.128485,170255,890280898.2,48766390.284548,0
1616716800000,0.05528,0.06638,0.05523,0.06464,3151659053.8,1616803199999,196151257.300772,453316,1570076951.7,97649482.077632,0
1616803200000,0.06464,0.06762,0.06273,0.0636,2569935519.7,1616889599999,166786519.568136,329877,1271555732.5,82570537.359643,0
1616889600000,0.0636,0.06467,0.06187,0.06362,1161041795.8,1616975999999,73795261.691975,216136,590260695.5,37524074.026912,0
1616976000000,0.06363,0.06586,0.06322,0.06475,1271156262.5,1617062399999,82299822.89133,198529,644979898.9,41761140.834461,0
1617062400000,0.06474,0.06672,0.06421,0.06598,1516852370.8,1617148799999,99420685.33902,227377,759988850.1,49823492.71696,0
1617148800000,0.06598,0.09766,0.06553,0.09296,10236274771.4,1617235199999,837718758.3089831,1376604,5307011626.5,434215010.856016,0
1617235200000,0.09301,0.09471,0.0822,0.08543,5624820649.0,1617321599999,494621757.616345,930124,2820169131.7,248008742.497014,0
1617321600000,0.08542,0.09268,0.08423,0.09232,3558201740.2,1617407999999,313965573.686515,611524,1798871937.9,158664976.450874,0
1617408000000,0.09235,0.11118,0.08789,0.10143,7464330743.1,1617494399999,751017823.0280541,1152124,3713825817.5,373668736.606126,0
1617494400000,0.10145,0.12851,0.09976,0.12761,7398771026.9,1617580799999,849184870.600066,1341095,3782969003.6,434044196.83306706,0
1617580800000,0.1276,0.14927,0.12576,0.13655,7842044888.6,1617667199999,1074396159.608138,1653928,4015446139.9,550407077.74051,0
1617667200000,0.13652,0.1388,0.111,0.12401,6254159263.2,1617753599999,782891946.1875471,1163998,3148044238.9,394469545.63178307,0
1617753600000,0.12397,0.12578,0.1035,0.11045,5108680620.0,1617839999999,577241666.133442,841397,2540244219.2,286918038.617973,0
1617840000000,0.11032,0.12615,0.10971,0.12349,3443498300.5,1617926399999,411565515.355906,845214,1749659186.9,209034521.455619,0
1617926400000,0.12349,0.12514,0.11432,0.11584,2309522635.3,1618012799999,275392851.354401,566807,1171984750.7,139769716.121972,0
1618012800000,0.11584,0.12758,0.11241,0.1263,3257594697.4,1618099199999,391379269.783563,606746,1577777030.0,189573556.996234,0
1618099200000,0.1264,0.12685,0.11792,0.12214,2206490981.5,1618185599999,267694454.499568,434030,1090626119.0,132338342.440193,0
1618185600000,0.12212,0.13739,0.12154,0.12874,4811133581.9,1618271999999,630912431.293442,933211,2375611646.0,311559365.801158,0
1618272000000,0.12874,0.1554,0.128,0.14622,6284763382.0,1618358399999,888868515.1895831,1120103,3177103012.3,449710703.59800893,0
1618358400000,0.1462,0.15628,0.133,0.1404,4796784411.7,1618444799999,687975222.054829,1134096,2348549491.9,337244256.722685,0
1618444800000,0.14039,0.16899,0.136,0.16421,5137733985.6,1618531199999,788437038.3878831,1156954,2585080762.7,396814339.175058,0
1618531200000,0.16421,0.178,0.135,0.16091,6725692463.3,1618617599999,1055706411.533209,1680016,3348265882.2,526423274.588362,0
1618617600000,0.16091,0.18,0.15278,0.15535,4516595321.3,1618703999999,751453811.625367,1229357,2237481718.5,372109561.887018,0
1618704000000,0.15536,0.15698,0.122,0.14302,4773186573.5,1618790399999,660799437.800857,958288,2331788337.7,323062738.403048,0
1618790400000,0.14302,0.14799,0.12951,0.12993,3094361723.2,1618876799999,428372510.62480897,701954,1537167977.0,212944942.184161,0
1618876800000,0.12989,0.1349,0.11678,0.13279,3116150665.0,1618963199999,395112298.169202,670803,1555739748.2,197251968.352677,0
1618963200000,0.13278,0.13561,0.1209,0.12273,2244954543.6,1619049599999,291489321.986095,510133,1088302062.2,141476253.023087,0
1619049600000,0.12271,0.12969,0.10891,0.11001,3301812977.6,1619135999999,398399168.7716,576444,1643186063.8,198508047.420559,0
1619136000000,0.11,0.11261,0.0901,0.10915,5876617740.9,1619222399999,584689156.4022031,921825,2903809034.6,289146944.818056,0
1619222400000,0.10914,0.11438,0.10204,0.10249,3378231187.0,1619308799999,363912300.58925295,685434,1674875867.0,180617919.167493,0
1619308800000,0.1026,0.11006,0.0965,0.10176,1959940346.4,1619395199999,204137306.702491,419736,955491862.0,99620643.495937,0
1619395200000,0.10176,0.11745,0.1001,0.11732,2893484725.8,1619481599999,323418724.94597,500941,1506203669.7,168318379.417378,0
1619481600000,0.1173,0.12884,0.1155,0.12594,2449405558.3,1619567999999,302416610.340789,610700,1277700946.2,157705585.603217,0
1619568000000,0.12599,0.12977,0.11616,0.12266,2169880462.9,1619654399999,265218430.166224,477525,1091212927.7,133543170.187954,0
1619654400000,0.12266,0.12525,0.11764,0.12123,1483178594.9,1619740799999,180415593.005829,328234,736666432.8,89664983.549192,0
1619740800000,0.12122,0.133,0.11886,0.13223,2183125282.8,1619827199999,277206578.627281,466737,1121320573.9,142333180.913685,0
1619827200000,0.13228,0.1335,0.12739,0.13112,1383198265.7,1619913599999,180415891.928368,349378,691949882.0,90285793.783857,0
1619913600000,0.13111,0.13219,0.12505,0.12759,1176973681.7,1619999999999,150878441.319973,267832,572002927.9,73346717.042817,0
1620000000000,0.12757,0.13657,0.1274,0.13159,1991222392.1,1620086399999,263701308.047844,441633,999288859.3,132363770.953759,0
1620086400000,0.13159,0.13181,0.11784,0.11917,2423311528.5,1620172799999,301515772.218386,457991,1153079854.1,143542766.07577,0
1620172800000,0.11913,0.14665,0.11762,0.14654,4279611398.5,1620259199999,570131171.3823711,858259,2241120403.0,298942714.083909,0
1620259200000,0.14654,0.15818,0.13728,0.15216,5577225772.0,1620345599999,823199348.692247,1105092,2816271130.1,416067463.216822,0
1620345600000,0.15203,0.17,0.13951,0.14763,5897879264.6,1620431999999,929114214.2220461,1208537,2923280934.0,461416852.706625,0
1620432000000,0.14763,0.153,0.1412,0.14301,2702677967.4,1620518399999,398108492.857412,593015,1345363524.6,198298370.217639,0
1620518400000,0.143,0.14575,0.135,0.14295,2107209878.3,1620604799999,296250498.229264,498400,1045420951.4,147067170.632899,0
1620604800000,0.14293,0.14817,0.12,0.12716,3016312450.7,1620691199999,414357272.537662,730669,1461324662.5,201255762.756725,0
1620691200000,0.12711,0.13941,0.12124,0.13893,2702223976.9,1620777599999,353715737.949917,602311,1430380589.3,187552566.00672,0
1620777600000,0.13894,0.14723,0.11761,0.11918,3708047950.8,1620863999999,503161046.390178,790450,1792994781.9,243956488.515873,0
1620864000000,0.11918,0.12667,0.107,0.12159,4081655125.1,1620950399999,485967570.048547,749550,2036721649.4,242706939.924803,0
1620950400000,0.12157,0.12831,0.11921,0.12473,2106093423.3,1621036799999,261586743.91515,459169,1098973772.9,136533144.903197,0
1621036800000,0.12474,0.12723,0.11792,0.12059,2311307991.6,1621123199999,282532944.223948,463028,1156556287.1,141449767.333968,0
1621123200000,0.12062,0.13124,0.11355,0.11964,2852198160.7,1621209599999,351774695.769919,575570,1400926359.5,172921981.493132,0
1621209600000,0.11963,0.11991,0.10846,0.11279,2616574676.3,1621295999999,299162277.599795,485045,1309928014.7,149938220.878341,0
1621296000000,0.11278,0.11986,0.11172,0.11627,1988023899.0,1621382399999,230784202.674257,379030,1023825033.4,118890142.071285,0
1621382400000,0.1163,0.11794,0.0625,0.07881,7366575431.8,1621468799999,651001483.289899,973200,3702822039.0,325354982.374344,0
1621468800000,0.07888,0.09324,0.07343,0.08928,3945843015.7,1621555199999,333726619.39235,563187,2088711337.2,177047338.405924,0
1621555200000,0.08924,0.0932,0.07108,0.0779,3553563417.2,1621641599999,295036481.23233,501795,1746447201.7,145346951.507457,0
1621641600000,0.07789,0.07951,0.0708,0.07534,2525699424.2,1621727999999,190647262.595678,358184,1294627736.2,97808611.499508,0
1621728000000,0.07535,0.07706,0.05563,0.06285,4205360890.9,1621814399999,268515235.763577,509051,2053977656.2,130804786.567292,0
1621814400000,0.06282,0.07697,0.06178,0.07696,3478463693.9,1621900799999,241297169.1965,479657,1953334303.6,135512617.767395,0
1621900800000,0.07698,0.08107,0.07139,0.07714,2860330783.8,1621987199999,216127943.419774,378717,1460661906.0,110507929.020046,0
1621987200000,0.07713,0.0844,0.07588,0.08312,2475111379.1,1622073599999,200285197.274061,410240,1304693517.7,105660272.587958,0
1622073600000,0.08312,0.0832,0.07654,0.07949,1593057264.9,1622159999999,127296740.718856,270228,789681275.2,63155787.965974,0
1622160000000,0.07949,0.08006,0.07022,0.07204,2143341067.7,1622246399999,158457863.677678,305243,1031855736.6,76305285.521634,0
1622246400000,0.07206,0.07446,0.06708,0.06877,1557276393.9,1622332799999,110205752.360435,221997,751212219.0,53211708.114368,0
1622332800000,0.06876,0.07328,0.06646,0.07196,1261818810.7,1622419199999,89569598.612172,198580,649549330.9,46121580.150419,0
1622419200000,0.07196,0.07691,0.06977,0.07679,1533214077.3,1622505599999,113059353.082359,235193,815054652.3,60209074.300615,0
1622505600000,0.07679,0.07748,0.07353,0.07614,1266668007.2,1622591999999,95542466.546236,196327,631722633.8,47663091.810448,0
1622592000000,0.07615,0.07958,0.07453,0.07804,1296196132.5,1622678399999,100139758.89136,226683,665277008.6,51423753.269736,0
1622678400000,0.07803,0.08248,0.07708,0.08223,1300403075.8,1622764799999,104021546.27767,246682,679395401.3,54360869.216979,0
1622764800000,0.08224,0.0829,0.07374,0.07714,1825460923.1,1622851199999,140429165.576744,338330,879727716.7,67676333.743866,0
1622851200000,0.07713,0.07976,0.07416,0.07552,1418137185.3,1622937599999,109058755.422103,236808,698713159.3,53752454.086138,0
1622937600000,0.0755,0.07748,0.07531,0.07745,843868329.6,1623023999999,64766208.948008,205970,439632175.0,33746774.872897,0
1623024000000,0.07745,0.0786,0.07106,0.0717,1155295909.7,1623110399999,87968895.071029,229207,546288318.3,41669038.797826,0
1623110400000,0.07171,0.07324,0.06724,0.07242,1687434458.1,1623196799999,118691253.681824,236840,850776422.6,59893800.923344,0
1623196800000,0.07243,0.07539,0.07,0.07536,1407602132.3,1623283199999,102491974.914249,212303,704305074.9,51324342.404799,0
1623283200000,0.07537,0.07712,0.07134,0.07257,1538790347.0,1623369599999,114401852.429701,210179,750040934.5,55786187.665214,0
1623369600000,0.07258,0.07335,0.06846,0.06919,962656532.9,1623455999999,68836859.610895,153383,470558258.7,33689787.751683,0
1623456000000,0.06918,0.0692,0.06572,0.06804,932757766.1,1623542399999,63012115.38188,134100,469665453.8,31732709.22749,0
1623542400000,0.06807,0.07189,0.06657,0.07153,777633562.6,1623628799999,53445218.756047,128235,403047932.8,27719945.089605,0
1623628800000,0.07154,0.07278,0.06998,0.07203,839035849.6,1623715199999,59809900.486032,147559,422579847.5,30129664.281489,0
1623715200000,0.07203,0.07314,0.0708,0.07174,741417996.6,1623801599999,53323053.268152,135750,371241657.6,26708945.428551,0
1623801600000,0.07174,0.07276,0.06848,0.06895,924759262.4,1623887999999,65271337.367969,153651,448509830.2,31681097.671586,0
1623888000000,0.06897,0.07397,0.06871,0.0739,862172732.5,1623974399999,61646771.639297,157488,447254042.0,31987048.700691,0
1623974400000,0.07391,0.07478,0.06815,0.06962,1355249976.3,1624060799999,97294597.606006,211082,666650886.9,47905516.324047,0
1624060800000,0.06962,0.0702,0.06817,0.06827,688166387.8,1624147199999,47706195.824592,118038,344039376.7,23858243.097188,0
1624147200000,0.06828,0.06867,0.06323,0.06768,859277539.3,1624233599999,56872201.547626,133251,425788594.7,28185992.789343,0
1624233600000,0.06768,0.06802,0.05332,0.05351,1979710761.2,1624319999999,118736756.988647,235954,966535660.8,57931042.482786,0
1624320000000,0.0535,0.05638,0.04637,0.05103,2709781337.3,1624406399999,138568605.242861,281740,1343720392.8,68733901.826926,0
1624406400000,0.05102,0.05998,0.04934,0.05797,1843081604.1,1624492799999,101149835.058331,204836,945494872.0,51937503.889917,0
1624492800000,0.05799,0.068,0.05778,0.06611,2936638267.9,1624579199999,190354442.033397,394717,1485416708.0,96208576.478588,0
1624579200000,0.06612,0.06883,0.0601,0.06139,2311058707.9,1624665599999,146307720.331545,265618,1122577302.9,71052512.351709,0
1624665600000,0.06138,0.06301,0.05887,0.06274,1338670190.6,1624751999999,81748211.304164,156213,683464779.0,41754421.621944,0
1624752000000,0.06274,0.06495,0.061,0.06479,919688504.2,1624838399999,57535880.067387,131028,457933226.8,28686369.484415,0
1624838400000,0.06479,0.06662,0.06422,0.06532,831948907.0,1624924799999,54314957.557016,141439,427406413.9,27915373.791754,0
1624924800000,0.06532,0.06983,0.06512,0.06793,1205854194.3,1625011199999,82115877.726739,188084,642502239.4,43778455.606977,0
1625011200000,0.06796,0.06875,0.06382,0.06828,1159985523.1,1625097599999,76647241.871801,167910,553168577.2,36591759.809357,0
1625097600000,0.06828,0.06832,0.06369,0.06471,853300477.5,1625183999999,55592873.170647,127003,443747566.8,28905008.450115,0
1625184000000,0.06471,0.06663,0.06325,0.06657,666629034.3,1625270399999,42994295.625468,103889,341907700.2,22064073.529274,0
1625270400000,0.06657,0.06745,0.06518,0.06683,618974852.6,1625356799999,41192134.247566,105862,325666169.1,21682074.124467,0
1625356800000,0.06682,0.06832,0.0651,0.06736,712233253.4,1625443199999,47827810.190582,123990,376153372.0,25264253.686974,0
1625443200000,0.06734,0.06752,0.06358,0.06448,852515713.1,1625529599999,55645686.174583,126605,404823932.0,26411438.99488,0
1625529600000,0.0645,0.06643,0.06389,0.06494,667142894.8,1625615999999,43481665.882631,108391,351266959.7,22911320.08588,0
1625616000000,0.06494,0.06598,0.06419,0.06433,564592652.8,1625702399999,36869702.261891,100994,280599606.7,18331531.323466,0
1625702400000,0.06433,0.06447,0.06019,0.06106,957989405.2,1625788799999,59290016.315094,221874,476424174.4,29486090.944755,0
1625788800000,0.06107,0.06259,0.05911,0.06219,686797199.9,1625875199999,41924760.523021,120923,338501322.3,20675683.395273,0
1625875200000,0.0622,0.06305,0.06057,0.06142,579097215.4,1625961599999,35787979.034813,95592,288222497.4,17814806.870712,0
1625961600000,0.06142,0.06254,0.06062,0.06184,404870599.7,1626047999999,24933747.005659,80013,214842514.0,13232000.428486,0
1626048000000,0.06185,0.06286,0.05952,0.06004,567140927.9,1626134399999,34732984.496782,96771,277188205.6,16978476.576532,0
1626134400000,0.06004,0.06069,0.05865,0.05937,537060039.5,1626220799999,32109932.356898,85425,272600395.1,16302778.54975,0
1626220800000,0.05938,0.0603,0.05679,0.05989,723351904.5,1626307199999,42445446.242763,104897,370110606.3,21732372.595732,0
1626307200000,0.05988,0.06074,0.05701,0.05784,653716628.3,1626393599999,38268289.687166,94135,321109082.0,18803720.693511,0
1626393600000,0.05784,0.0588,0.05557,0.05562,650507474.8,1626479999999,37179764.186477,89812,315191883.7,18019210.836251,0
1626480000000,0.05563,0.05668,0.05475,0.05597,604229757.8,1626566399999,33687393.467943,77716,310199240.9,17294559.868569,0
1626566400000,0.05597,0.05749,0.05526,0.05592,492290876.2,1626652799999,27771578.272512,72205,244832059.3,13815375.2429,0
1626652800000,0.05592,0.05628,0.05332,0.05345,558102555.8,1626739199999,30449069.785148,79247,264412000.7,14426126.337502,0
1626739200000,0.05345,0.05427,0.04911,0.05045,899249240.2,1626825599999,45638267.738287,104350,438781389.9,22260476.80673,0
1626825600000,0.05046,0.05522,0.04972,0.05388,920047639.1,1626911999999,48900880.511671,114862,484322872.3,25736715.30189,0
1626912000000,0.05389,0.05536,0.05295,0.05526,658326956.7,1626998399999,35723219.94598,92343,338290276.0,18367381.745771,0
1626998400000,0.05526,0.05627,0.0537,0.056,653342503.9,1627084799999,36023276.90025,94579,339610904.3,18736081.525306,0
1627084800000,0.05602,0.05796,0.05575,0.05727,674775739.1,1627171199999,38232010.453621,106640,345687159.4,19594992.349095,0
1627171200000,0.05727,0.05813,0.05575,0.05791,682745598.5,1627257599999,38976310.145767,97471,333543524.3,19051781.032239,0
1627257600000,0.05789,0.06341,0.05764,0.05842,1718127329.8,1627343999999,104883033.342102,255321,861674359.3,52592945.71301,0
1627344000000,0.05841,0.06085,0.05686,0.06019,1031526984.4,1627430399999,60802338.475495,143766,525054072.6,30975260.252816,0
1627430400000,0.06018,0.06194,0.05961,0.0607,952365959.2,1627516799999,57912977.107734,140336,492294907.5,29943929.785356,0
1627516800000,0.0607,0.06237,0.05963,0.06185,602550856.7,1627603199999,36732360.850337,100848,302341694.6,18437413.848877,0
1627603200000,0.06185,0.0633,0.05974,0.06325,894685288.1,1627689599999,55158134.121214,146354,459656856.8,28347097.407403,0
1627689600000,0.06325,0.06468,0.06233,0.06396,767394068.9,1627775999999,48880055.86576,136123,391996522.8,24972158.727949,0
1627776000000,0.06396,0.0668,0.06235,0.0632,1017798236.7,1627862399999,66418301.982273,176803,515377375.4,33647362.75566,0
1627862400000,0.06322,0.06567,0.06215,0.06463,777041643.9,1627948799999,49911299.241979,130022,392688182.7,25234144.113359,0
1627948800000,0.06463,0.06544,0.06286,0.06403,699091510.1,1628035199999,44690144.392203,121055,335330608.0,21442619.82491,0
1628035200000,0.06403,0.06796,0.06351,0.06737,724849039.9,1628121599999,47853408.332624,150057,383364361.5,25311214.637888,0
1628121600000,0.06737,0.07088,0.06668,0.07013,1351044953.5,1628207999999,93473995.185069,242099,685987431.5,47474653.162466,0
1628208000000,0.07015,0.07248,0.06975,0.07196,953489619.4,1628294399999,67710932.189966,181397,484219783.2,34391713.023981,0
1628294400000,0.07196,0.07645,0.07184,0.07527,1271263366.5,1628380799999,94668739.82076,278103,658670356.1,49062179.61916,0
1628380800000,0.07527,0.0761,0.07071,0.07192,1176070546.9,1628467199999,86696356.191549,208345,582523726.0,42968538.368924,0
1628467200000,0.07193,0.07477,0.06969,0.07395,1055718485.1,1628553599999,76659764.265797,196300,548416067.6,39845928.162237,0
1628553600000,0.07393,0.0756,0.07221,0.07464,916553367.2,1628639999999,67841160.022887,188967,469734494.4,34777291.824681,0
1628640000000,0.07462,0.08635,0.07414,0.08341,2195292349.8,1628726399999,178812208.290896,495756,1156946479.3,94123888.757321,0
1628726400000,0.0834,0.09145,0.08054,0.08415,2207515919.6,1628812799999,188467901.787428,410061,1098349501.2,93828536.756384,0
1628812800000,0.08417,0.08956,0.08349,0.08951,1044989876.8,1628899199999,91127668.073367,229498,525752073.0,45818768.068108,0
1628899200000,0.0895,0.09327,0.0867,0.09264,1404286779.7,1628985599999,126364975.874307,347267,708325349.4,63784645.771328,0
1628985600000,0.09262,0.09509,0.08922,0.09295,1176347843.7,1629071999999,108251211.269128,267440,587422976.3,54073810.548906,0
1629072000000,0.09294,0.09665,0.08815,0.08936,1383244467.8,1629158399999,128503236.093432,323552,713820170.2,66392447.291243,0
1629158400000,0.08934,0.09219,0.08471,0.08509,1241793212.3,1629244799999,110579163.972402,264156,605617582.1,53995995.79789,0
1629244800000,0.08511,0.0875,0.08111,0.08456,1166521552.5,1629331199999,98747906.005796,233052,583025436.3,49378766.369429,0
1629331200000,0.08458,0.08833,0.08169,0.08825,979576274.7,1629417599999,82871341.998304,211655,498921985.1,42225578.040727,0
1629417600000,0.08826,0.0907,0.08643,0.09059,908750943.6,1629503999999,80540072.644798,231227,450539080.8,39936731.042862,0
1629504000000,0.09059,0.09065,0.08766,0.08799,658630152.6,1629590399999,58746981.07477,159997,330354066.6,29471784.238447,0
1629590400000,0.08798,0.09008,0.08586,0.08795,615230094.4,1629676799999,54153130.806183,161440,305407319.5,26888411.592281,0
1629676800000,0.08796,0.0915,0.08767,0.08987,946597638.3,1629763199999,85175985.080446,236753,476999285.9,42927198.177044,0
1629763200000,0.08984,0.091,0.08375,0.08457,883206557.1,1629849599999,77488492.152444,211591,426990299.6,37491835.40376,0
1629849600000,0.08457,0.08772,0.08291,0.08758,805046427.4,1629935999999,68868201.577639,175750,412636641.5,35317469.355333,0
1629936000000,0.08757,0.08839,0.08191,0.08303,770220042.5,1630022399999,64912664.723058,173703,380987240.8,32104779.436315,0
1630022400000,0.08303,0.0883,0.0815,0.08828,755227586.6,1630108799999,64037384.467833,186039,390519214.2,33118317.942496,0
1630108800000,0.08825,0.08879,0.08635,0.08829,485119312.8,1630195199999,42337938.255251,134773,240735045.6,21013476.036551,0
1630195200000,0.08828,0.09051,0.08669,0.08847,670698524.5,1630281599999,59449078.267438,184225,341886394.9,30307883.566597,0
1630281600000,0.08846,0.08894,0.08561,0.08616,605718308.7,1630367999999,52868273.507818,145500,290702295.2,25375249.660517,0
1630368000000,0.08616,0.09082,0.08508,0.08875,1082095160.8,1630454399999,95562065.198641,254850,533072742.3,47062033.51734,0
1630454400000,0.08876,0.09529,0.08724,0.095,1125617829.8,1630540799999,103062925.555334,321651,579922466.7,53175119.275982,0
1630540800000,0.09501,0.10205,0.09434,0.09953,1770920708.0,1630627199999,175024007.495072,515665,914005536.2,90313074.279032,0
1630627200000,0.09953,0.10593,0.09755,0.10161,1692973804.7,1630713599999,174046128.740704,433242,835311972.7,85919092.573226,0
1630713600000,0.10162,0.10342,0.0993,0.10146,859555103.9,1630799999999,87235089.513324,225416,429516686.4,43592465.22164,0
1630800000000,0.10146,0.10522,0.10096,0.10519,992532173.6,1630886399999,102301783.603044,249894,497816532.5,51325696.08026,0
1630886400000,0.1052,0.10727,0.10096,0.10381,1087045226.8,1630972799999,113055539.423348,285670,544772889.1,56674729.659545,0
1630972800000,0.1038,0.10589,0.07716,0.08539,2375825516.0,1631059199999,215308735.441878,517587,1151808722.1,104185736.112812,0
1631059200000,0.0854,0.0969,0.0834,0.09272,2321257972.3,1631145599999,209660341.127668,446943,1219828289.1,110109484.71976,0
1631145600000,0.09272,0.0948,0.09002,0.09303,1343292016.6,1631231999999,124474309.195648,253402,680092807.3,63025014.865419,0
1631232000000,0.09303,0.09581,0.08626,0.09075,1577565787.6,1631318399999,143183978.608476,270477,821267205.9,74524261.353217,0
1631318400000,0.09076,0.097,0.09041,0.09555,1300085165.9,1631404799999,122669450.448446,272989,680113220.1,64164434.355262,0
1631404800000,0.09555,0.11842,0.09373,0.11241,4692089305.4,1631491199999,517656398.469558,1195293,2375359370.1,261909076.821521,0
1631491200000,0.11241,0.11706,0.09846,0.10462,3185578466.5,1631577599999,338213289.743366,668403,1589712411.4,168982938.54016,0
1631577600000,0.10462,0.12033,0.10406,0.11822,3500717020.9,1631663999999,402940592.364196,925995,1780026036.5,204977095.807727,0
1631664000000,0.11823,0.123,0.11328,0.12069,2145345210.2,1631750399999,252742825.076354,545874,1092172200.1,128741107.9746,0
1631750400000,0.12069,0.12242,0.11206,0.11594,2015065272.8,1631836799999,234264452.418708,495147,977402609.1,113696002.399772,0
1631836800000,0.11594,0.12045,0.10337,0.10545,2680862141.9,1631923199999,296866048.136558,641575,1297144762.5,143751446.878504,0
1631923200000,0.10543,0.1091,0.1034,0.10586,952548142.9,1632009599999,101671855.779947,269236,478756030.4,51113284.453102,0
1632009600000,0.10587,0.10753,0.10237,0.10369,918167777.1,1632095999999,96354405.163265,232919,453882991.0,47642890.679804,0
1632096000000,0.10369,0.10375,0.08902,0.0914,2440619073.7,1632182399999,232068918.579614,584764,1183957938.4,112552379.180165,0
1632182400000,0.09141,0.09566,0.08654,0.08826,1762558903.0,1632268799999,161766519.369276,424246,864769167.8,79412908.007281,0
1632268800000,0.08824,0.0988,0.08664,0.09876,1132265386.7,1632355199999,105258524.863854,327807,571045775.5,53059277.506527,0
1632355200000,0.09876,0.10069,0.09608,0.09923,867768567.9,1632441599999,85383627.882145,258868,432580168.5,42572512.169176,0
1632441600000,0.09922,0.0994,0.086,0.09226,1249487937.5,1632527999999,115338977.656672,308282,625147128.3,57718759.11667,0
1632528000000,0.09225,0.09373,0.08925,0.09055,881159593.8,1632614399999,80400371.634055,212864,453990577.7,41421032.29537,0
1632614400000,0.09055,0.09083,0.08323,0.08769,1397524160.6,1632700799999,122511999.849094,277832,716433617.9,62808041.710998,0
1632700800000,0.08768,0.09058,0.08584,0.08599,1159305058.2,1632787199999,103066415.773755,219988,583503584.1,51885145.050784,0
1632787200000,0.08599,0.0872,0.08289,0.08305,1344209538.2,1632873599999,114689681.047023,207394,673456595.5,57461484.695,0
1632873600000,0.08307,0.08797,0.08258,0.08581,1262569975.6,1632959999999,108424657.424912,193909,635250287.7,54540925.607285,0
1632960000000,0.08581,0.08966,0.08549,0.08943,774737412.6,1633046399999,68323156.021283,175211,388745587.8,34284459.128953,0
1633046400000,0.08941,0.09484,0.08848,0.09481,1027582471.5,1633132799999,94597700.789862,261544,533885872.3,49155442.965103,0
1633132800000,0.09484,0.09587,0.09238,0.09338,727201844.1,1633219199999,68508511.526207,192307,361761515.9,34079976.600383,0
1633219200000,0.09339,0.09667,0.0926,0.09494,661451972.2,1633305599999,62701883.962111,191842,329112533.4,31203904.725657,0
1633305600000,0.09495,0.09518,0.08984,0.09351,1509254898.9,1633391999999,139844666.256625,241821,758147368.9,70253140.822958,0
1633392000000,0.0935,0.0985,0.09288,0.09618,3177574112.6,1633478399999,302945087.64555,337394,1568852449.6,149572557.079662,0
1633478400000,0.09619,0.09714,0.09105,0.09549,2336897677.3,1633564799999,221840974.165154,337664,1193550978.0,113309093.153624,0
1633564800000,0.09549,0.09838,0.09333,0.09547,2185815910.0,1633651199999,209373114.826602,342453,1109943918.1,106309114.239325,0
1633651200000,0.09546,0.0994,0.09522,0.09771,2058250447.3,1633737599999,201425398.280217,345250,1039165358.6,101698973.512753,0
1633737600000,0.09772,0.10555,0.09704,0.10306,2297419449.1,1633823999999,235603678.14465,490147,1147716262.8,117666292.909412,0
1633824000000,0.10307,0.10312,0.09715,0.09747,1115564913.2,1633910399999,112391028.301489,266196,547969193.3,55211047.87064,0
1633910400000,0.09745,0.10094,0.09518,0.09707,1065449578.3,1633996799999,105048672.263572,205232,536587497.2,52910334.381854,0
1633996800000,0.09707,0.09709,0.09142,0.09549,1550967419.0,1634083199999,145912680.259655,233705,804505000.0,75688509.532984,0
1634083200000,0.09549,0.09801,0.09338,0.09793,1632459784.5,1634169599999,155561134.38579,217805,817358661.0,77900000.867764,0
1634169600000,0.09794,0.09955,0.09643,0.09729,1376995840.6,1634255999999,134869816.864138,212902,709733339.3,69523039.49274,0
1634256000000,0.09731,0.10406,0.09503,0.09861,1815553809.3,1634342399999,178747597.161475,422567,932157064.3,91828652.738564,0
1634342400000,0.09862,0.10098,0.09803,0.09871,763895073.6,1634428799999,75895897.946662,164869,381559184.6,37915537.21705,0
1634428800000,0.0987,0.10211,0.09623,0.0987,1146627120.8,1634515199999,114226317.092126,252944,581300407.5,57906599.570007,0
1634515200000,0.09871,0.09938,0.09695,0.0981,1287144322.1,1634601599999,126289439.655879,199402,642189708.2,63009735.672599,0
1634601600000,0.09809,0.10094,0.09781,0.10055,1966764066.8,1634687999999,195982139.592988,228084,987020243.7,98348561.666983,0
1634688000000,0.10055,0.10616,0.10008,0.10324,2641180812.9,1634774399999,271976157.222341,424765,1347506800.0,138779660.539172,0
1634774400000,0.10322,0.10588,0.09946,0.09958,2606088968.5,1634860799999,267252453.836603,358868,1299376402.7,133215153.101198,0
1634860800000,0.09959,0.10235,0.09852,0.09982,2004283994.3,1634947199999,201174465.932469,199509,1018828741.2,102273673.482529,0
1634947200000,0.09982,0.10119,0.09879,0.10066,1327359630.5,1635033599999,132783919.514461,146396,676943366.8,67720283.381167,0
1635033600000,0.10066,0.1014,0.0972,0.09913,1097802685.2,1635119999999,109271774.969575,197243,549864890.6,54733215.748987,0
1635120000000,0.09913,0.1014,0.09869,0.10074,3101638918.6,1635206399999,312492372.214303,181418,1551165067.0,156284365.55497,0
1635206400000,0.10074,0.10576,0.10013,0.10112,3283695146.1,1635292799999,338868006.605619,456682,1651794706.2,170473520.770932,0
1635292800000,0.10113,0.10267,0.08846,0.09064,3152955128.7,1635379199999,303946664.859832,406783,1558379410.4,150210060.673256,0
1635379200000,0.09064,0.09623,0.09059,0.09527,3360101692.8,1635465599999,317023796.349603,326114,1643777926.0,155082080.594162,0
1635465600000,0.09528,0.09961,0.09464,0.0996,2970207247.8,1635551999999,288528664.354346,289292,1525600493.0,148245379.956271,0
1635552000000,0.0996,0.10465,0.09779,0.10111,4237632739.9,1635638399999,428866571.346366,521752,2161128415.8,218686620.448258,0
1635638400000,0.10111,0.1024,0.09749,0.10152,3218139987.1,1635724799999,322851257.72497,360404,1637894371.1,164314700.606793,0
1635724800000,0.10152,0.10205,0.0979,0.10048,1563889934.7,1635811199999,157137321.481261,263633,805630158.9,80936298.812439,0
1635811200000,0.10047,0.1105,0.0998,0.10748,4276634925.5,1635897599999,450052164.458393,662502,2161832484.9,227529155.182333,0
1635897600000,0.10747,0.10925,0.10201,0.10587,4253627778.7,1635983999999,449367994.879501,506578,2126603479.3,224673962.976036,0
1635984000000,0.10588,0.10717,0.10159,0.10329,3104039091.7,1636070399999,324131668.77287,325566,1583888681.7,165379948.993928,0
1636070400000,0.10329,0.10612,0.10213,0.10346,1892847031.5,1636156799999,197381982.6544,270165,959397160.9,100057145.832812,0
1636156800000,0.10346,0.10425,0.09945,0.10252,2662882329.2,1636243199999,271560535.605287,225624,1325851172.6,135169049.478337,0
1636243200000,0.10252,0.10487,0.10197,0.1045,3281860242.2,1636329599999,340042782.845889,210413,1694778876.8,175583462.210096,0
1636329600000,0.1045,0.11,0.10444,0.10993,4711706691.6,1636415999999,505408386.30224496,427992,2416142435.2,259093436.837873,0
1636416000000,0.10994,0.11546,0.10844,0.11436,5003726169.5,1636502399999,562582195.716053,759500,2495673447.3,280634854.391205,0
1636502400000,0.11436,0.11751,0.10279,0.10662,4220457215.2,1636588799999,479718620.861024,746269,2116454820.9,240650611.708793,0
1636588800000,0.10662,0.11047,0.10483,0.10893,3601436072.9,1636675199999,392402219.066844,352290,1894616518.9,206460612.439981,0
1636675200000,0.10892,0.11086,0.1047,0.10796,3859610689.6,1636761599999,415879347.85850096,305709,1961517531.2,211405286.928651,0
1636761600000,0.10796,0.11408,0.1075,0.11255,4464485913.4,1636847999999,494409227.66971695,405133,2257288976.3,249877290.667828,0
1636848000000,0.11254,0.11737,0.11056,0.117,2743041788.7,1636934399999,312264829.05943,615186,1365490592.8,155461119.834848,0
1636934400000,0.11699,0.12933,0.11573,0.1238,4855348055.5,1637020799999,602087298.907652,1358967,2428972844.0,301173496.714699,0
1637020800000,0.1238,0.12381,0.10531,0.10934,4472379706.5,1637107199999,505735055.250578,856878,2215101010.2,250363155.32623,0
1637107200000,0.10934,0.11369,0.10693,0.11119,3314778779.0,1637193599999,366513857.30723,444358,1666783730.7,184349952.311877,0
1637193600000,0.11117,0.1126,0.09937,0.10038,3482351176.4,1637279999999,368082721.798604,492058,1695768455.3,179339188.7941,0
1637280000000,0.10039,0.10566,0.09787,0.10387,5607857769.0,1637366399999,575381215.866626,325775,2850192506.6,292437564.857225,0
1637366400000,0.10387,0.1057,0.1014,0.10519,4329535156.6,1637452799999,451391048.26540494,251450,2148698210.3,224029442.748899,0
1637452800000,0.10518,0.11017,0.10445,0.10643,4003899790.1,1637539199999,429210341.91919297,298604,2037368425.6,218425163.148134,0
1637539200000,0.1065,0.10706,0.10117,0.10182,4555165640.1,1637625599999,469805422.672176,303699,2355109060.6,242829261.276595,0
1637625600000,0.10182,0.10344,0.101,0.10283,3822265696.7,1637711999999,391888074.86842,229411,1945569805.1,199464162.882777,0
1637712000000,0.10283,0.1037,0.09622,0.09785,3146159959.0,1637798399999,311273311.784834,267850,1576331634.4,155880504.821351,0
1637798400000,0.09785,0.10115,0.09716,0.10019,2429486456.2,1637884799999,242159263.650618,235020,1220135633.2,121618939.275856,0
1637884800000,0.10019,0.10133,0.09023,0.09229,5963393867.3,1637971199999,571062449.041348,354329,3024275610.2,289674228.171458,0
1637971200000,0.09225,0.09537,0.09182,0.09335,3516703305.0,1638057599999,331621049.044311,182908,1723184676.1,162464042.411994,0
1638057600000,0.09335,0.09532,0.08937,0.09518,5521513536.4,1638143999999,507591919.04306895,226584,2858663343.3,262838250.046401,0
1638144000000,0.09518,0.09718,0.0943,0.09655,3803201323.2,1638230399999,364412444.927422,213786,1955886530.7,187428964.544781,0
1638230400000,0.09655,0.09989,0.09493,0.09652,5570918411.2,1638316799999,541674165.4406049,263605,2847088304.6,276841441.530132,0
1638316800000,0.09653,0.10064,0.09576,0.09688,3009605855.1,1638403199999,294925620.208774,236214,1576813566.9,154499397.651068,0
1638403200000,0.09686,0.09823,0.09496,0.0975,4200832971.0,1638489599999,406434096.172453,189119,2151408412.2,208154913.670886,0
1638489600000,0.09749,0.10195,0.09325,0.09388,4840324720.6,1638575999999,478488820.04548705,319345,2422573389.1,239516973.648484,0
1638576000000,0.09386,0.09398,0.07305,0.08696,6560267812.9,1638662399999,555048269.609553,456249,3346048948.5,283239719.725913,0
1638662400000,0.0869,0.08779,0.08204,0.08432,2850186671.5,1638748799999,244001132.964669,199583,1475072704.7,126310353.350185,0
1638748800000,0.08433,0.08762,0.07889,0.08729,4216577420.6,1638835199999,349793877.41699,341926,2181068770.9,180992270.97464,0
1638835200000,0.08729,0.09266,0.08665,0.08999,2147556583.0,1638921599999,192947950.408194,304450,1095097573.9,98368360.310397,0
1638921600000,0.08996,0.09381,0.08959,0.09237,1699029669.1,1639007999999,156251008.109651,280212,852756529.9,78425233.263177,0
1639008000000,0.09238,0.09337,0.08853,0.08861,1537161128.9,1639094399999,139549901.413017,233205,764178078.6,69369018.971408,0
1639094400000,0.0886,0.09336,0.08739,0.08771,1213216855.6,1639180799999,109460272.122553,216213,599695336.5,54118460.418464,0
1639180800000,0.08772,0.09186,0.08651,0.0916,905426611.0,1639267199999,81580327.921696,161034,461899521.8,41636603.43273,0
1639267200000,0.0916,0.09235,0.08978,0.09101,992407502.4,1639353599999,90538616.754165,136431,502819307.2,45877393.01115,0
1639353600000,0.09102,0.09151,0.08384,0.08497,1414412634.8,1639439999999,123489331.260922,215952,708873197.1,61881700.602011,0
1639440000000,0.08497,0.08772,0.0837,0.08707,1850194798.5,1639526399999,158760782.824907,271123,938633364.2,80533417.596909,0
1639526400000,0.08706,0.08887,0.08284,0.08754,2110175356.5,1639612799999,181804309.653493,292936,1064267227.9,91695783.717077,0
1639612800000,0.08754,0.08809,0.08521,0.08533,1543307013.7,1639699199999,134486366.564349,199321,779288140.2,67914870.709118,0
1639699200000,0.08533,0.08599,0.07839,0.07951,2082289030.1,1639785599999,171810424.938673,296503,1016536772.4,83851419.74286,0
1639785600000,0.07951,0.0823,0.07864,0.08042,938480402.5,1639871999999,75864086.697055,177096,484487934.1,39163797.298937,0
1639872000000,0.08042,0.08178,0.07938,0.07944,819570134.9,1639958399999,66131381.214818,151715,405727220.3,32739533.46955,0
1639958400000,0.07943,0.0801,0.07488,0.07759,1419496158.6,1640044799999,109711826.405258,190963,710465083.4,54898388.224283,0
1640044800000,0.07758,0.07936,0.07692,0.07884,1104468021.4,1640131199999,86333339.802713,141664,565059697.9,44173092.313665,0
1640131200000,0.07884,0.08033,0.07838,0.07913,1058999643.8,1640217599999,84346166.989795,154234,550753717.0,43865997.788042,0
1640217600000,0.07912,0.08274,0.07802,0.08274,1118334734.1,1640303999999,89682579.427917,188599,570275984.1,45739890.166848,0
1640304000000,0.08274,0.08322,0.08028,0.08085,1347915772.9,1640390399999,110890630.453823,165396,664421134.6,54663087.113831,0
1640390400000,0.08087,0.0822,0.08013,0.08153,1922966651.8,1640476799999,156307637.938158,130727,970686509.0,78907552.925434,0
1640476800000,0.08153,0.08191,0.07969,0.08149,1063532130.2,1640563199999,86052765.918585,127814,533529600.5,43183074.480537,0
1640563200000,0.08149,0.08276,0.0809,0.08114,1219241545.8,1640649599999,99686962.893368,150245,616148671.9,50376950.00828,0
1640649600000,0.08114,0.08115,0.07682,0.07713,1775334796.8,1640735999999,139873323.00444,175625,896070556.7,70616368.375239,0
1640736000000,0.07714,0.08003,0.0761,0.0765,1248802637.0,1640822399999,97820823.910133,177645,621924516.7,48714972.318899,0
1640822400000,0.07648,0.0786,0.07561,0.07782,1202507616.9,1640908799999,93027553.31131,132762,590180377.7,45661263.890111,0
1640908800000,0.07781,0.07941,0.07354,0.07539,1768843829.2,1640995199999,136288339.047293,181086,889070862.3,68512882.317573,0
1640995200000,0.07536,0.07683,0.07524,0.0766,1637828312.1,1641081599999,124708558.358644,109812,836259288.7,63677124.394428,0
1641081600000,0.07661,0.07834,0.07599,0.07762,1734586731.6,1641167999999,133643026.510842,129152,894314452.9,68907181.744747,0
1641168000000,0.07761,0.07824,0.07625,0.07705,1758327144.8,1641254399999,135985970.721469,158879,880827114.3,68122121.624383,0
1641254400000,0.07705,0.07809,0.07575,0.07592,1800024542.7,1641340799999,138326451.893713,167194,900115535.0,69166986.930321,0
1641340800000,0.07593,0.07745,0.0691,0.07112,1832769713.7,1641427199999,138644815.720749,241331,918056995.8,69533623.987684,0
1641427200000,0.07113,0.07149,0.06925,0.07106,3244970701.9,1641513599999,228643706.744183,199231,1590425644.1,112041145.533823,0
1641513600000,0.07107,0.07119,0.06652,0.0682,2353241534.0,1641599999999,161298470.155776,239364,1219945176.3,83631061.393066,0
1641600000000,0.06821,0.06918,0.06402,0.06539,1122002395.6,1641686399999,75492240.457532,184939,561844420.3,37808263.036261,0
1641686400000,0.06539,0.06724,0.0649,0.06611,1342231000.4,1641772799999,88734862.338877,134872,707371733.3,46766766.449269,0
1641772800000,0.06611,0.06692,0.06111,0.06342,1875401682.1,1641859199999,121379245.719136,209426,959727596.3,62164396.143929,0
1641859200000,0.06343,0.06566,0.0629,0.06493,1584213482.2,1641945599999,101556345.53877,156479,835535780.9,53567483.246084,0
1641945600000,0.06493,0.06834,0.06491,0.06806,1471410395.9,1642031999999,98329749.415094,161895,761016174.1,50837221.171251,0
1642032000000,0.06807,0.06856,0.06593,0.0662,1830087974.3,1642118399999,123628548.341964,160274,929340725.6,62775613.970858,0
1642118400000,0.06621,0.0685,0.06587,0.06765,1749245168.9,1642204799999,117497731.036495,162310,879895304.9,59112023.429061,0
1642204800000,0.06765,0.06934,0.067,0.06842,1014298584.7,1642291199999,69082536.281932,129322,512918523.2,34935970.98808,0
1642291200000,0.06841,0.07039,0.06829,0.06988,1278605074.3,1642377599999,89023028.038211,146613,652319140.0,45419683.333509,0
1642377600000,0.06988,0.07244,0.06889,0.07085,2264462911.8,1642463999999,159661127.223001,237441,1146712701.0,80861865.528519,0
1642464000000,0.07085,0.07138,0.06743,0.06846,1820431991.1,1642550399999,125053869.225636,180631,926337652.0,63626651.596401,0
1642550400000,0.06846,0.06964,0.06612,0.06915,2280024794.2,1642636799999,155793806.87647,180848,1140723367.9,77950411.096037,0
1642636800000,0.06915,0.07206,0.06744,0.06773,1735106694.6,1642723199999,120843955.718616,200965,873322162.8,60826149.331735,0
1642723200000,0.06771,0.06863,0.05971,0.06103,2597725957.6,1642809599999,169885970.497411,288655,1299831218.7,85002318.127978,0
1642809600000,0.06103,0.06201,0.05265,0.0568,3142285867.5,1642895999999,179801289.113178,339456,1587765431.1,90857492.997054,0
1642896000000,0.05679,0.05854,0.05535,0.05752,1739505171.4,1642982399999,99472712.07927,220119,900299759.5,51483372.896561,0
1642982400000,0.0575,0.05755,0.05101,0.05506,2711696074.2,1643068799999,145700648.090693,329182,1387142256.8,74541511.60909,0
1643068800000,0.05504,0.05616,0.05429,0.05588,1740384902.0,1643155199999,96011838.313351,186084,889381771.6,49062571.280234,0
1643155200000,0.05589,0.05905,0.05534,0.0562,1656601994.6,1643241599999,94351917.926973,221468,842537653.7,47999335.793708,0
1643241600000,0.05619,0.05716,0.05442,0.05649,1392669179.5,1643327999999,77798105.375182,163317,685584735.3,38313913.830187,0
1643328000000,0.05649,0.05767,0.0558,0.05757,1210381796.8,1643414399999,68614852.474274,138598,630848123.2,35766695.447611,0
1643414400000,0.05757,0.06039,0.05711,0.06034,1117040029.2,1643500799999,65600598.855076,130590,577857527.7,33930492.432549,0
1643500800000,0.06035,0.06054,0.05821,0.05863,1080261077.5,1643587199999,64527175.677464,129712,540858350.5,32304110.261894,0
1643587200000,0.05862,0.05938,0.05665,0.05906,1089882869.6,1643673599999,63177256.704937,130666,553437723.3,32090785.929974,0
1643673600000,0.05909,0.06025,0.05882,0.05979,1103088489.0,1643759999999,65716323.00759,120347,570353410.1,33975525.99665,0
1643760000000,0.05979,0.06154,0.05843,0.05847,1391192801.4,1643846399999,83761599.129127,146396,704659617.9,42454695.549712,0
1643846400000,0.05847,0.05987,0.05826,0.05981,1122173232.4,1643932799999,66196504.924425,111787,585107372.1,34518630.215307,0
1643932800000,0.05981,0.06458,0.05961,0.06441,1518651621.7,1644019199999,94990073.27754,210338,799433851.6,50008370.507367,0
1644019200000,0.06442,0.06621,0.06354,0.06467,1282234491.0,1644105599999,83259560.9081,174191,653830258.0,42456834.489549,0
1644105600000,0.06467,0.06634,0.06433,0.06617,986081488.8,1644191999999,64420718.035902,125296,513167838.9,33529344.657451,0
1644192000000,0.06616,0.06933,0.06523,0.06852,1614783612.6,1644278399999,108949996.655595,197227,832482623.3,56179843.407198,0
1644278400000,0.06852,0.07024,0.06677,0.06806,1901816275.5,1644364799999,129952813.202254,209208,932065475.1,63707624.323617,0
1644364800000,0.06808,0.07004,0.06735,0.06991,1299493837.8,1644451199999,89499960.205868,155434,659411611.9,45418532.044756,0
1644451200000,0.06991,0.07165,0.06837,0.0685,1631532092.6,1644537599999,114262550.024635,234140,843675588.7,59093897.785476,0
1644537600000,0.0685,0.0685,0.06337,0.06399,1666467885.8,1644623999999,110359837.319291,191809,819123926.6,54241618.93855,0
1644624000000,0.06399,0.06507,0.06216,0.06352,1439122189.3,1644710399999,91799751.976345,148460,726916316.3,46378061.443047,0
1644710400000,0.06352,0.06503,0.06316,0.06427,1383448320.2,1644796799999,88798306.553538,107317,716942028.0,46018179.747802,0
1644796800000,0.06427,0.06543,0.06328,0.06442,1274185471.1,1644883199999,81758599.437391,132140,636963175.2,40886783.902101,0
1644883200000,0.06441,0.067,0.06437,0.06685,1352162335.2,1644969599999,89395432.180903,143596,724006414.1,47857189.310197,0
1644969600000,0.06686,0.06693,0.0655,0.0664,1080430061.4,1645055999999,71625161.452086,123656,557830186.8,36986005.339848,0
1645056000000,0.06641,0.06712,0.06206,0.06249,1482815072.2,1645142399999,96226993.800542,160628,746149631.7,48447098.926546,0
1645142400000,0.06249,0.06411,0.06208,0.06306,1492712895.5,1645228799999,94301518.433061,140857,745659680.9,47102743.341852,0
1645228800000,0.06306,0.06439,0.06288,0.06348,1243122522.0,1645315199999,79321509.805645,123216,653292523.8,41690993.397705,0
1645315200000,0.06348,0.06356,0.06103,0.06199,1624256236.5,1645401599999,100717538.811949,131630,828994537.6,51406574.359162,0
1645401600000,0.06199,0.06369,0.05928,0.05954,2174590565.6,1645487999999,135216563.691138,185459,1083826213.7,67422769.165727,0
1645488000000,0.05954,0.06276,0.0591,0.06265,2012415605.7,1645574399999,122548450.982354,177447,1025585095.9,62470446.034485,0
1645574400000,0.06264,0.06388,0.0607,0.06081,1644851328.2,1645660799999,103281966.799898,154918,857255587.4,53840049.393501,0
1645660800000,0.0608,0.06192,0.05612,0.0611,2680142979.8,1645747199999,157472347.41119,292686,1323492840.9,77797372.941911,0
1645747200000,0.06109,0.06281,0.0554,0.05943,3173392364.9,1645833599999,188298087.4109,333397,1598841196.3,94925468.378419,0
1645833600000,0.05944,0.06161,0.05872,0.05961,1928230861.4,1645919999999,115626017.962871,213048,986219606.3,59135537.731665,0
1645920000000,0.05961,0.06077,0.05738,0.05807,1480352652.2,1646006399999,87910770.749261,171354,711540474.4,42266345.084776,0
1646006400000,0.05808,0.06277,0.05743,0.06176,1492800339.8,1646092799999,88491882.120947,182795,798199903.7,47337184.970344,0
1646092800000,0.06176,0.06283,0.06101,0.06219,1410581955.6,1646179199999,87216541.250764,168959,706706612.0,43702324.843353,0
1646179200000,0.0622,0.06292,0.06079,0.06153,1364084861.3,1646265599999,84455442.776802,148278,682309936.4,42254797.983655,0
1646265600000,0.06153,0.06162,0.05912,0.05995,1170863043.4,1646351999999,70751659.371733,126521,592032480.0,35780994.205767,0
1646352000000,0.05996,0.06021,0.0575,0.05829,1404191923.5,1646438399999,82572116.352596,139652,708285481.6,41650659.320054,0
1646438400000,0.05829,0.06091,0.05771,0.06037,1004176906.2,1646524799999,59455661.051453,115707,509408206.2,30157345.446238,0
1646524800000,0.06037,0.06089,0.05868,0.05889,1009504199.5,1646611199999,60511035.248514,107766,495877300.1,29732625.910004,0
1646611200000,0.05889,0.06061,0.05782,0.05859,1126941770.3,1646697599999,66565506.490927,120326,569962149.1,33677131.064743,0
1646697600000,0.05859,0.06111,0.05846,0.06054,1400398681.0,1646783999999,84456401.276803,134956,698655169.4,42137589.256171,0
1646784000000,0.06054,0.06263,0.06035,0.0608,1518100539.2,1646870399999,93347725.230038,163556,795887326.6,48938152.865464,0
1646870400000,0.0608,0.06085,0.05785,0.05989,1732867238.9,1646956799999,102306324.389959,154046,892525704.0,52696014.744198,0
1646956800000,0.05989,0.06089,0.05897,0.06022,1355529610.2,1647043199999,81326256.365651,124185,701304879.1,42076493.87801,0
1647043200000,0.06022,0.06073,0.05956,0.05967,801323675.4,1647129599999,48055157.214316,83708,408175243.1,24477279.947059,0
1647129600000,0.05967,0.06028,0.05892,0.05931,801855246.4,1647215999999,47937099.739645,84846,414373363.3,24772658.563378,0
1647216000000,0.0593,0.06043,0.0589,0.06007,1061489473.6,1647302399999,63615125.000494,94826,559738376.9,33547333.383195,0
1647302400000,0.06007,0.06066,0.05956,0.0605,995932338.3,1647388799999,59869942.402578,102708,532028081.6,31984042.511561,0
1647388800000,0.0605,0.06154,0.05941,0.06107,1377940873.5,1647475199999,83323753.050576,130336,717942061.7,43414826.403335,0
1647475200000,0.06107,0.06112,0.06056,0.06071,808225631.6,1647561599999,49174233.77828,86114,409795895.8,24932353.451777,0
1647561600000,0.06072,0.06183,0.06005,0.06162,905420804.1,1647647999999,54892146.185754,94800,469585266.3,28469186.65576,0
1647648000000,0.06162,0.06216,0.06124,0.06191,909850420.4,1647734399999,56145521.498415,93977,467886128.7,28874554.977628,0
1647734400000,0.06191,0.06246,0.06083,0.06156,1559785143.5,1647820799999,96049079.557187,136724,775892948.3,47783946.575092,0
1647820800000,0.06155,0.06186,0.06075,0.06177,1558435732.3,1647907199999,95740938.744802,132717,794203338.1,48792093.995785,0
1647907200000,0.06177,0.06394,0.06161,0.06344,1638397049.5,1647993599999,103229551.548202,168743,859641008.9,54163619.291642,0
1647993600000,0.06343,0.06488,0.06317,0.06431,1330267567.3,1648079999999,85160261.79557,163556,687604975.2,44021323.937655,0
1648080000000,0.06432,0.06594,0.06376,0.06564,1493162200.0,1648166399999,96838691.234981,186411,776557688.1,50364474.066454,0
1648166400000,0.06564,0.06664,0.06385,0.06437,1467402618.8,1648252799999,96070500.891397,196041,743063741.2,48656962.892625,0
1648252800000,0.06436,0.06639,0.06381,0.06632,1699386263.4,1648339199999,110054719.672604,182754,878687741.6,56909622.901691,0
1648339200000,0.06631,0.06956,0.06583,0.06899,2083247985.4,1648425599999,140685564.803535,267032,1085280852.4,73296716.263412,0
1648425600000,0.06899,0.07197,0.06851,0.0691,1856463228.4,1648511999999,130603057.830817,270496,963145251.4,67764364.553725,0
1648512000000,0.06912,0.07248,0.06832,0.06936,1453951645.5,1648598399999,102801218.775881,232870,741410880.2,52434922.400176,0
1648598400000,0.06937,0.07444,0.06745,0.07334,2557063068.7,1648684799999,183066547.59187,380823,1315852680.2,94210868.655817,0
1648684800000,0.07334,0.07956,0.07325,0.07388,3186223698.7,1648771199999,241642359.235578,536799,1630267760.2,123646593.323702,0
1648771200000,0.07388,0.07511,0.0692,0.07494,1612294324.2,1648857599999,117982289.907264,264000,822166868.1,60194675.070328,0
1648857600000,0.07495,0.07644,0.07279,0.07322,1287534518.5,1648943999999,96460247.037326,211590,685479325.3,51399044.651371,0
1648944000000,0.07323,0.07371,0.07208,0.07312,783037232.3,1649030399999,57039132.224083,146594,427077343.2,31114001.454156,0
1649030400000,0.07311,0.07313,0.06881,0.0707,1129118661.6,1649116799999,80169059.757073,184067,563069526.9,39985937.51109,0
1649116800000,0.0707,0.07181,0.06918,0.06928,1039780864.1,1649203199999,73400546.246722,161259,529461897.2,37393339.733841,0
1649203200000,0.06928,0.06936,0.06299,0.06308,1452627239.7,1649289599999,95916860.473345,230930,684607426.0,45251419.386251,0
1649289600000,0.06307,0.06479,0.06264,0.06431,1226144490.6,1649375999999,78231853.424307,170326,624863327.0,39876385.424262,0
1649376000000,0.0643,0.06521,0.06213,0.06259,1083541914.8,1649462399999,69080422.779371,161335,526865629.7,33606755.104759,0
1649462400000,0.06259,0.06405,0.06221,0.06394,991389626.2,1649548799999,62568049.850765,144294,515350969.2,32529364.458436,0
1649548800000,0.06394,0.06429,0.06218,0.06238,920182764.9,1649635199999,58350784.95697,140599,458315119.6,29066302.042833,0
1649635200000,0.06236,0.06255,0.05774,0.05823,1239891995.1,1649721599999,74405109.365028,182205,590548278.6,35445149.689275,0
1649721600000,0.05824,0.06042,0.0579,0.05991,1076307124.6,1649807999999,63789330.27562,160682,560580807.7,33221770.233081,0
1649808000000,0.0599,0.06153,0.05935,0.0615,915244608.8,1649894399999,55319636.727382,141750,469481205.0,28383121.059677,0
1649894400000,0.0615,0.06216,0.05938,0.06013,1072890655.8,1649980799999,65312604.667691,142243,540300518.7,32906976.642288,0
1649980800000,0.06014,0.06241,0.05985,0.06181,940617959.7,1650067199999,57649029.856972,131105,475369178.2,29121283.167083,0
1650067200000,0.06182,0.06225,0.06094,0.06186,724223249.2,1650153599999,44744579.428014,114158,368272920.8,22755884.447415,0
1650153600000,0.06186,0.06289,0.0598,0.06009,892400970.8,1650239999999,55186133.019956,130021,434805548.1,26902795.445468,0
1650240000000,0.06008,0.06167,0.05886,0.06148,1328404692.8,1650326399999,80014511.575275,158632,659269157.7,39728602.78384,0
1650326400000,0.06147,0.06362,0.06111,0.0631,1199904239.0,1650412799999,74623039.430949,160604,624913579.5,38866980.452087,0
1650412800000,0.06311,0.06345,0.06181,0.06261,1187994943.2,1650499199999,74612850.500083,159835,608796077.3,38240461.45228,0
1650499200000,0.06261,0.075,0.06243,0.07112,6294268623.8,1650585599999,444424571.057116,912863,3196652437.4,225649534.458218,0
1650585600000,0.07112,0.07246,0.06637,0.06661,3203527503.6,1650671999999,219016525.155878,440723,1566081942.9,107102926.344287,0
1650672000000,0.0666,0.0693,0.06649,0.06761,1477379914.2,1650758399999,100442836.424837,271457,748946580.1,50919004.794805,0
1650758400000,0.06762,0.06792,0.0646,0.06567,1101010255.8,1650844799999,72739051.705435,172121,520147244.9,34354031.547623,0
1650844800000,0.06567,0.06581,0.06174,0.06531,1341560314.3,1650931199999,85141082.778075,217889,673937412.4,42790955.581037,0
1650931200000,0.06531,0.06566,0.06158,0.0619,1114740594.2,1651017599999,71115806.215429,182349,552631550.5,35267614.417682,0
1651017600000,0.0619,0.06372,0.0617,0.06318,1001719735.6,1651103999999,62910748.160148,170547,514247266.0,32300206.690756,0
1651104000000,0.06318,0.0641,0.0625,0.06372,1000760430.4,1651190399999,63485897.206455,185831,517305386.7,32824089.473715,0
1651190400000,0.06372,0.07003,0.06272,0.06368,2815178038.8,1651276799999,186467340.889753,378596,1438095373.6,95250246.234602,0
1651276800000,0.06368,0.06525,0.06188,0.06262,1817042212.8,1651363199999,115514201.386351,235292,909373579.7,57831641.487192,0
1651363200000,0.06262,0.07171,0.06163,0.07079,3438166744.2,1651449599999,230299576.791111,437175,1795992976.2,120344279.979198,0
1651449600000,0.07078,0.07365,0.06455,0.06894,3245131312.8,1651535999999,224800612.628194,457592,1652916765.4,114519713.672376,0
1651536000000,0.06895,0.07522,0.06813,0.07261,3492334219.7,1651622399999,250100899.439235,501477,1775176130.1,127151419.879163,0
1651622400000,0.07261,0.087,0.06994,0.08629,5498845727.2,1651708799999,427547746.05450493,1037670,2846137901.0,221486334.25525,0
1651708800000,0.0863,0.08987,0.07158,0.07451,5525059352.4,1651795199999,448357096.981094,1017335,2819130463.9,228703322.65772,0
1651795200000,0.0745,0.08843,0.07268,0.08629,6171321353.6,1651881599999,499426382.89668,932587,3208293353.9,259473168.56068,0
1651881600000,0.08629,0.0888,0.07975,0.08351,5138517562.5,1651967999999,432804365.528818,882006,2572014963.4,216708861.613408,0
1651968000000,0.08352,0.09279,0.08025,0.08794,5046105564.6,1652054399999,430348883.27477,904617,2543788630.0,217022342.876189,0
1652054400000,0.08796,0.08816,0.07204,0.07272,6627462667.4,1652140799999,525542408.534762,1032839,3241430825.6,257186222.699469,0
1652140800000,0.07272,0.08254,0.07143,0.07691,4991322416.4,1652227199999,390611126.22607106,788378,2576450958.2,201799430.771812,0
1652227200000,0.07692,0.085,0.063,0.07496,8370955647.8,1652313599999,609679726.167444,1269420,4071148795.5,297024655.319503,0
1652313600000,0.07495,0.08124,0.06559,0.06729,5395873532.9,1652399999999,394193808.12933695,838638,2594767864.5,189904153.598307,0
1652400000000,0.0673,0.0765,0.06656,0.07426,2808372373.1,1652486399999,204912823.804309,481918,1497847892.9,109294721.482152,0
1652486400000,0.07426,0.07611,0.07069,0.07243,1635927756.8,1652572799999,119937709.564866,266552,855388075.7,62747612.81928,0
1652572800000,0.07243,0.0727,0.06774,0.0724,1402520002.1,1652659199999,98106956.771135,227024,732534649.3,51234917.103536,0
1652659200000,0.07241,0.07245,0.06716,0.06917,1292851047.4,1652745599999,89645991.320028,197424,656249312.8,45487636.436181,0
1652745600000,0.06917,0.074,0.06891,0.07225,1150179105.8,1652831999999,81602066.59773,186067,615707601.3,43677032.704298,0
1652832000000,0.07225,0.07286,0.06944,0.071,1036749143.0,1652918399999,73824605.765753,180370,544621870.2,38794230.601831,0
1652918400000,0.07101,0.075,0.07009,0.07357,1112323147.1,1653004799999,81149875.028721,189799,586953617.6,42832772.477548,0
1653004800000,0.07358,0.07509,0.06997,0.07124,1140316688.5,1653091199999,83240286.722986,187626,596230756.8,43564375.552149,0
1653091200000,0.07124,0.07581,0.07044,0.07404,778339094.4,1653177599999,57022012.983593,136783,422621271.7,30947826.529988,0
1653177600000,0.07403,0.07864,0.07362,0.07815,794508416.6,1653263999999,60398476.502898,156988,445022128.6,33826276.124253,0
1653264000000,0.07814,0.08263,0.07579,0.07616,1739029855.3,1653350399999,137072160.994728,306682,866467445.8,68301476.453042,0
1653350400000,0.07618,0.08313,0.07593,0.08064,2130235212.3,1653436799999,171029374.554859,376435,1076233042.1,86365933.791908,0
1653436800000,0.08064,0.08836,0.07981,0.0847,1645020316.9,1653523199999,136272182.501533,319419,852400880.5,70650386.742826,0
1653523200000,0.0847,0.08656,0.07881,0.08223,2965533838.9,1653609599999,245607591.120249,507456,1421787828.1,117795568.824333,0
1653609600000,0.08224,0.08402,0.07835,0.08083,2092463683.8,1653695999999,168891737.73741,368246,1023994468.3,82671754.532805,0
1653696000000,0.08083,0.08273,0.07899,0.08118,915885334.4,1653782399999,74226144.595497,191423,461923379.4,37443644.373099,0
1653782400000,0.08117,0.08233,0.07813,0.08055,836187351.9,1653868799999,67403911.607915,175248,419365445.7,33818451.213118,0
1653868800000,0.08054,0.0844,0.08016,0.08325,1214901677.1,1653955199999,100506045.401129,227408,651371846.2,53900730.564691,0
1653955200000,0.08324,0.08453,0.07933,0.08441,1489663603.0,1654041599999,121109687.354579,252868,771189213.4,62698191.700686,0
1654041600000,0.08441,0.09222,0.08209,0.08356,3151794233.7,1654127999999,274793907.900782,589620,1635422231.5,142706957.784321,0
1654128000000,0.08356,0.0857,0.0811,0.08432,1529250436.3,1654214399999,127351665.77864,278971,752802248.2,62748805.073086,0
1654214400000,0.08432,0.08645,0.08034,0.0811,1149189440.4,1654300799999,95049868.382263,215376,553926647.4,45845363.192632,0
1654300800000,0.08112,0.08134,0.07627,0.08043,1476276604.6,1654387199999,116665192.95391,237480,766924085.9,60617187.373639,0
1654387200000,0.08043,0.08265,0.07918,0.08151,674949351.8,1654473599999,54657390.951808,124692,348726422.3,28240962.003096,0
1654473600000,0.08151,0.08486,0.08109,0.08161,903182552.7,1654559999999,74972936.400609,187709,466099275.1,38711574.593389,0
1654560000000,0.0816,0.08311,0.07887,0.08186,1122439214.3,1654646399999,90812528.27835,195533,578820143.3,46841458.700519,0
1654646400000,0.08186,0.08266,0.07958,0.08062,822334791.2,1654732799999,66493809.044366,152765,413905617.7,33469303.548797,0
1654732800000,0.08062,0.08196,0.08006,0.08102,572935739.9,1654819199999,46448037.412142,103855,299346825.9,24270279.637601,0
1654819200000,0.08101,0.08161,0.07883,0.07893,806983631.2,1654905599999,64757372.610213,131924,413228746.5,33169853.442204,0
1654905600000,0.07893,0.08035,0.07469,0.0762,1042816900.9,1654991999999,80766325.71453,179081,525277381.6,40707223.177129,0
1654992000000,0.07621,0.07885,0.07411,0.07618,1553234434.2,1655078399999,118723111.57638,231867,831170309.0,63568022.216302,0
1655078400000,0.07617,0.07674,0.0606,0.06387,5877608440.4,1655164799999,384325362.804872,808858,2921041487.6,191014588.808209,0
1655164800000,0.06386,0.06488,0.05223,0.05559,5413746170.8,1655251199999,315920450.274817,746931,2596277255.5,151545636.81059,0
1655251200000,0.0556,0.064,0.04664,0.06302,8499088551.4,1655337599999,461706798.562386,1189317,4373872914.2,237795635.247807,0
1655337600000,0.06302,0.06577,0.0583,0.05923,2764331231.6,1655423999999,169162516.845473,376836,1339447650.5,82047747.620901,0
1655424000000,0.05924,0.06333,0.05869,0.05989,1779763012.8,1655510399999,107808246.03141,242786,922939625.6,55929109.516016,0
1655510400000,0.0599,0.06386,0.05707,0.06089,2550576099.0,1655596799999,153497013.592228,365272,1324728940.7,79768272.737146,0
1655596800000,0.06088,0.06298,0.05851,0.06132,1926957261.5,1655683199999,117137523.078777,296850,989083520.1,60169245.813262,0
1655683200000,0.06132,0.0622,0.05946,0.06115,1159427437.7,1655769599999,70468133.231685,184454,601578578.9,36581525.141843,0
1655769600000,0.06114,0.06686,0.06096,0.0649,1389203721.2,1655855999999,89156229.069987,271858,749318078.5,48099750.476319,0
1655856000000,0.06492,0.06581,0.06298,0.0631,866297508.1,1655942399999,55692873.245041,151494,416674995.8,26806419.997005,0
1656028800000,0.06379,0.06673,0.06359,0.06584,807600205.1,1656115199999,52557716.767375,166412,432061748.0,28122141.681319,0
1656115200000,0.06585,0.06634,0.06362,0.0648,511708770.7,1656201599999,33269284.849402,118424,267445519.4,17390572.83208,0
1656201600000,0.0648,0.06589,0.06402,0.06504,521220595.7,1656287999999,33858079.939805,110291,271654281.3,17647845.67075,0
1656288000000,0.06503,0.07046,0.0649,0.06703,1274750340.0,1656374399999,86909969.111687,234579,653777761.4,44576865.17073,0
1656374400000,0.06703,0.06833,0.06518,0.06591,1165858010.9,1656460799999,77994221.008529,195258,526649980.7,35245322.275887,0
1656460800000,0.06591,0.06663,0.06407,0.06492,753763109.1,1656547199999,49238255.477781,132498,366427995.2,23944318.800077,0
1656547200000,0.06492,0.06598,0.06192,0.06481,1017188583.2,1656633599999,64881618.880662,156491,507053538.0,32352283.259152,0
1656633600000,0.06481,0.06675,0.06415,0.06512,975193971.1,1656719999999,63558550.663187,162677,490432999.7,31975490.106106,0
1656720000000,0.06511,0.06549,0.06433,0.06475,414634750.8,1656806399999,26945489.553747,86764,212335867.6,13802922.561662,0
1656806400000,0.06475,0.06646,0.0625,0.06628,693832099.7,1656892799999,44558650.554759,128135,344639937.0,22160369.746829,0
1656892800000,0.06629,0.06769,0.06547,0.06733,703363294.0,1656979199999,46859094.795055,146406,369627081.3,24631288.914683,0
1656979200000,0.06733,0.06978,0.06657,0.06814,795637845.9,1657065599999,54012688.639233,150434,420861866.8,28588733.8234,0
1657065600000,0.06815,0.06863,0.06673,0.06755,580267106.1,1657151999999,39266751.724944,112181,306372348.9,20734904.275548,0
1657152000000,0.06756,0.06887,0.06615,0.06862,610737345.7,1657238399999,41254672.52539,125670,308197470.9,20829015.806553,0
1657238400000,0.06862,0.06982,0.06764,0.06902,669951091.7,1657324799999,46095394.237829,133303,344954751.5,23733997.067362,0
1657324800000,0.06901,0.07153,0.06894,0.0698,486037198.8,1657411199999,34188475.375879,110973,262480778.5,18465833.077827,0
1657411200000,0.0698,0.07009,0.06722,0.06763,469939685.9,1657497599999,32113314.11055,86521,233900314.2,15982572.97594,0
1657497600000,0.06764,0.06775,0.06451,0.06475,568957000.6,1657583999999,37553791.912436,114876,277250811.4,18306200.293057,0
1657584000000,0.06475,0.06577,0.06441,0.06461,547014780.9,1657670399999,35595718.857309,101742,274635630.1,17873697.907876,0
1657670400000,0.0646,0.06649,0.06365,0.06624,823561098.4,1657756799999,53527167.697591,142998,414233613.9,26929953.566479,0
1657756800000,0.06625,0.06756,0.06497,0.06679,658783694.8,1657843199999,43567995.21099,104696,346479732.7,22925553.311157,0
1657843200000,0.06678,0.06799,0.0665,0.06703,530211689.4,1657929599999,35643233.698293,90843,276354586.9,18580288.057541,0
1657929600000,0.06702,0.06944,0.06609,0.06895,568718459.3,1658015999999,38514163.849037,106616,301473435.8,20418674.088453,0
1658016000000,0.06895,0.06937,0.06731,0.06744,558371408.1,1658102399999,38190914.450509,98446,289473145.9,19804208.636118,0
1658102400000,0.06746,0.07079,0.06726,0.06882,998303770.5,1658188799999,69069838.496997,164468,501310504.5,34682716.222074,0
1658188800000,0.06881,0.06985,0.06763,0.06909,934246092.5,1658275199999,64124379.172347,167257,474952547.4,32609670.821314,0
1658275200000,0.0691,0.07033,0.06686,0.06753,887734876.8,1658361599999,61194985.849231,158317,440927418.9,30411675.087419,0
1658361600000,0.06754,0.06827,0.06641,0.06802,629048455.4,1658447999999,42337261.278388,121340,328313842.7,22101526.05519,0
1658448000000,0.06802,0.06909,0.0666,0.067,524885437.9,1658534399999,35750825.07275,114312,274652750.9,18716565.505631,0
1658534400000,0.067,0.0679,0.06598,0.06698,496424646.5,1658620799999,33187840.421038,98353,257341281.8,17208971.950683,0
1658620800000,0.06698,0.06782,0.06668,0.06683,480814157.7,1658707199999,32345580.143032,86538,243606566.8,16391116.895092,0
1658707200000,0.06684,0.06701,0.06364,0.06369,704408826.0,1658793599999,45913300.269601,122928,349342851.4,22780285.617641,0
1658793600000,0.0637,0.06541,0.06297,0.06536,517984268.2,1658879999999,33209338.390925,110421,262429659.6,16829375.593845,0
1658880000000,0.06537,0.06875,0.06504,0.06866,644223625.2,1658966399999,42919310.15895,136410,340400935.0,22688406.582741,0
1658966400000,0.06866,0.07044,0.06751,0.06968,642289467.9,1659052799999,44193425.040405,136808,350602785.6,24131638.888834,0
1659052800000,0.06968,0.072,0.06803,0.06924,746874612.7,1659139199999,52240598.733279,152315,368197250.9,25770776.846737,0
1659139200000,0.06924,0.0713,0.06895,0.06911,479669293.4,1659225599999,33623740.366167,108517,257948577.6,18094045.949319,0
1659225600000,0.06912,0.07082,0.06864,0.06886,398302453.2,1659311999999,27779685.508966,87259,203221736.6,14178930.427942,0
1659312000000,0.06886,0.07154,0.06826,0.06986,506680777.8,1659398399999,35303918.427706,117269,260957477.0,18189888.994808,0
1659398400000,0.06985,0.07048,0.06772,0.06831,623410856.0,1659484799999,42821513.289856,132320,304015410.0,20880366.785279,0
1659484800000,0.0683,0.06923,0.06728,0.06783,412032897.7,1659571199999,28200055.637861,97561,207139149.1,14185830.993718,0
1659571200000,0.06783,0.06961,0.06758,0.06891,400341885.3,1659657599999,27376958.22974,97121,211463526.9,14467301.766315,0
1659657600000,0.0689,0.07012,0.06817,0.06989,342082025.5,1659743999999,23737805.468835,89070,185678099.0,12887835.423306,0
1659744000000,0.06989,0.0706,0.06927,0.06947,229537996.8,1659830399999,16064588.043891,63991,127056738.5,8894675.471102,0
1659830400000,0.06947,0.07036,0.06912,0.06962,206163350.7,1659916799999,14387334.163324,53015,111540158.1,7786119.360714,0
1659916800000,0.06962,0.07118,0.06955,0.0701,301346544.6,1660003199999,21213496.920489,74580,162902867.0,11471538.776651,0
1660003200000,0.07009,0.071,0.06825,0.0684,389062874.8,1660089599999,27023912.876477,84344,193117962.8,13420700.272208,0
1660089600000,0.06839,0.07058,0.06787,0.07038,378688492.3,1660175999999,26267561.538482,86848,204069189.6,14166266.360434,0
1660176000000,0.07037,0.07115,0.07,0.07034,416136389.7,1660262399999,29437645.092204,85911,224921890.4,15916017.666,0
1660262400000,0.07035,0.07074,0.06929,0.07045,337205209.3,1660348799999,23630636.378211,72461,176807257.1,12391770.983013,0
1660348800000,0.07045,0.07122,0.06957,0.06997,409964108.8,1660435199999,28845746.95177,79990,227823445.0,16040608.072992,0
1660435200000,0.06996,0.07241,0.06949,0.07036,538628169.1,1660521599999,38231099.891264,113542,290145694.5,20601761.797413,0
1660521600000,0.07037,0.07117,0.06826,0.06886,492756055.7,1660607999999,34187624.769316,105092,240520393.3,16697731.084159,0
1660608000000,0.06886,0.07059,0.06834,0.06974,409752507.5,1660694399999,28404862.04856,86923,203122680.1,14080848.498945,0
1660694400000,0.06974,0.07095,0.06795,0.06832,484392364.2,1660780799999,33678650.775025,105092,229074371.0,15934706.477976,0
1660780800000,0.06832,0.06866,0.06733,0.06741,388691124.6,1660867199999,26475821.608263,83328,182852120.3,12458571.058979,0
1660867200000,0.0674,0.06743,0.06392,0.06407,622291396.3,1660953599999,40611052.012651,120982,290038341.7,18925333.297293,0
1660953600000,0.06407,0.06586,0.06395,0.06579,343576922.9,1661039999999,22431064.590952,81934,172410057.0,11254933.807836,0
1661040000000,0.06578,0.06636,0.06455,0.0659,332901409.4,1661126399999,21810202.640991,72363,174964625.1,11465261.634916,0
1661126400000,0.0659,0.06627,0.06454,0.06562,344720309.0,1661212799999,22520494.64952,79426,174090885.3,11375512.853562,0
1661212800000,0.06562,0.06682,0.06486,0.06631,568052615.9,1661299199999,37438913.886058,105229,294028269.4,19380183.912469,0
1661299200000,0.06633,0.06644,0.06473,0.06482,430979027.1,1661385599999,28174579.501034,89867,220160880.1,14393705.699249,0
1661385600000,0.06481,0.06577,0.0647,0.06549,288444941.0,1661471999999,18849047.087628,71014,150060050.9,9806737.197945,0
1661472000000,0.06549,0.06565,0.06141,0.06158,633006943.3,1661558399999,40534802.182035,116610,293014497.8,18788045.89177,0
1661558400000,0.06158,0.06301,0.06113,0.0629,390528611.8,1661644799999,24265000.258523,81975,202478632.5,12584447.181913,0
1661644800000,0.0629,0.06317,0.06136,0.06141,272640312.7,1661731199999,17045824.415747,63682,128439417.5,8037053.576901,0
1661731200000,0.06141,0.06346,0.06095,0.06337,422113725.4,1661817599999,26289926.970834,85044,228116359.7,14211045.887365,0
1661817600000,0.06336,0.06705,0.06286,0.06472,1006040327.0,1661903999999,65114592.985975,172570,531284381.7,34384720.693767,0
1661904000000,0.06473,0.06576,0.06317,0.06339,451024618.4,1661990399999,29033249.598255,94367,222279192.1,14314297.404827,0
1661990400000,0.06339,0.06372,0.06208,0.06328,401843104.8,1662076799999,25283958.352477,81907,201184274.2,12659831.137622,0
1662076800000,0.06328,0.06362,0.06231,0.06261,336205203.2,1662163199999,21200911.07036,65050,166735743.3,10516826.403129,0
1662163200000,0.06261,0.06319,0.06237,0.0631,198112913.7,1662249599999,12444813.797882,43895,104592515.1,6571089.236529,0
1662249600000,0.06311,0.06367,0.06248,0.06351,245914086.8,1662335999999,15503111.445936,51319,132624028.7,8362970.074338,0
1662336000000,0.06351,0.06368,0.06245,0.06295,348343322.9,1662422399999,21904026.386364,62534,182296459.8,11462935.121994,0
1662422400000,0.06296,0.06407,0.06049,0.06069,586109066.4,1662508799999,36723608.081597,103019,292590555.2,18359642.295764,0
1662508800000,0.06069,0.06193,0.06005,0.06181,391659273.9,1662595199999,23794557.462967,75150,201717991.4,12260984.876722,0
1662595200000,0.06181,0.06194,0.05993,0.06126,579399652.8,1662681599999,35190123.415011,90138,283214842.9,17210169.189196,0
1662681600000,0.06126,0.06372,0.06116,0.06343,509652927.3,1662767999999,32014121.163613,96446,289385141.4,18172400.154198,0
1662768000000,0.06343,0.06477,0.06298,0.06474,395937434.2,1662854399999,25285866.991899,78161,216244598.7,13813932.87787,0
1662854400000,0.06475,0.06499,0.06348,0.06419,321862950.8,1662940799999,20680094.133564,61759,167990737.9,10795202.649662,0
1662940800000,0.0642,0.06477,0.06311,0.06386,469772379.4,1663027199999,30044986.820711,83370,236114635.4,15106126.735984,0
1663027200000,0.06385,0.06397,0.06066,0.06068,524228995.1,1663113599999,32791490.748955,96287,243763389.8,15271016.918981,0
1663113600000,0.06068,0.06175,0.06056,0.06162,389035440.4,1663199999999,23834896.39383,72567,209589835.1,12844971.852948,0
1663200000000,0.06162,0.06197,0.06057,0.06131,450527660.9,1663286399999,27601015.677556,79757,221255722.1,13555810.574886,0
1663286400000,0.06132,0.06162,0.06055,0.06132,392838979.8,1663372799999,24029843.782431,72386,190481559.5,11652383.724159,0
1663372800000,0.06132,0.06236,0.06131,0.06228,239542045.4,1663459199999,14794120.777727,47496,135173664.3,8349720.706093,0
1663459200000,0.06228,0.06265,0.06077,0.06077,331822418.6,1663545599999,20517826.09756,63967,163951365.4,10147705.192712,0
1663545600000,0.06077,0.06122,0.05927,0.06028,539171813.8,1663631999999,32348264.359881,89121,264040890.9,15841730.438454,0
1663632000000,0.06028,0.06066,0.05942,0.05978,386561264.0,1663718399999,23222092.270236,68023,193276201.3,11611836.468683,0
1663718400000,0.05978,0.0622,0.05869,0.05905,634745425.3,1663804799999,38018427.541777,104461,321036849.0,19240471.230412,0
1663804800000,0.05904,0.06046,0.05872,0.06022,435582269.2,1663891199999,25959126.758115,69278,226251151.5,13488465.522158,0
1663891200000,0.06022,0.06117,0.05923,0.06042,464158728.7,1663977599999,27941588.981912,76245,243984275.7,14693440.30116,0
1663977600000,0.06043,0.06094,0.05957,0.05985,321450578.7,1664063999999,19390305.525483,54568,160937361.9,9710330.734168,0
1664064000000,0.05985,0.06029,0.05945,0.0597,223218034.1,1664150399999,13371938.099936,42676,114832273.3,6880954.172757,0
1664150400000,0.0597,0.0599,0.05896,0.05959,437831450.2,1664236799999,26023953.908207,66517,218858510.0,13008093.505871,0
1664236800000,0.05959,0.06088,0.059,0.05938,452566236.8,1664323199999,27200374.63361,72571,240664940.6,14470225.198666,0
1664323200000,0.05938,0.05991,0.05835,0.05954,452809451.6,1664409599999,26737761.603783,73226,228045148.2,13474057.779819,0
1664409600000,0.05954,0.062,0.05933,0.06099,601368431.2,1664495999999,36317247.201388,94598,328451284.5,19850509.674516,0
1664496000000,0.06099,0.06232,0.06022,0.06101,553775593.3,1664582399999,33893115.348452,98396,288279396.8,17652094.404949,0
1664582400000,0.06101,0.06149,0.06005,0.06049,325623658.6,1664668799999,19818608.325287,60638,158993972.1,9679231.518329,0
1664668800000,0.0605,0.06198,0.06038,0.06093,463552146.7,1664755199999,28399386.210713,82016,240360331.8,14727157.941135,0
1664755200000,0.06093,0.0615,0.06068,0.06137,338614348.3,1664841599999,20717062.407887,60881,172926861.7,10579984.385338,0
1664841600000,0.06136,0.06248,0.06106,0.06236,383924358.5,1664927999999,23668421.360532,62535,217640968.9,13421508.325329,0
1664928000000,0.06236,0.06274,0.06193,0.06245,327933984.5,1665014399999,20433998.675267,55007,173971225.9,10841524.787904,0
1665014400000,0.06244,0.06323,0.06188,0.06277,504883994.2,1665100799999,31605026.693879,68148,264564060.5,16563215.659607,0
1665100800000,0.06278,0.06331,0.062,0.06251,364471605.7,1665187199999,22836784.702451,60157,182446309.1,11435056.879087,0
1665187200000,0.0625,0.06274,0.06177,0.06205,270001172.3,1665273599999,16805519.016212,45521,130457966.9,8122552.055682,0
1665273600000,0.06206,0.06279,0.06193,0.06236,195710016.6,1665359999999,12207546.067448,39714,101289285.0,6317872.899997,0
1665360000000,0.06235,0.06527,0.06227,0.06274,973167269.7,1665446399999,62118575.683557,139247,511948485.0,32683799.239648,0
1665446400000,0.06272,0.06273,0.0612,0.06166,464514713.0,1665532799999,28668674.340741,76286,218161577.2,13463505.449172,0
1665532800000,0.06167,0.0645,0.06115,0.06173,730297470.7,1665619199999,45844468.650183,117723,375982142.9,23618935.141084,0
1665619200000,0.06172,0.06229,0.05933,0.061,655013251.9,1665705599999,39702348.405521,112768,321842388.9,19514609.313916,0
1665705600000,0.06099,0.0655,0.06074,0.06393,1068400665.0,1665791999999,67623506.352078,167916,560634659.5,35477667.180471,0
1665792000000,0.06393,0.06513,0.06172,0.06174,624671454.1,1665878399999,39580338.684504,113020,291909022.1,18518883.461582,0
1665878400000,0.06173,0.06206,0.0612,0.06187,288038112.6,1665964799999,17753671.55665,63147,133676535.8,8240580.611685,0
1665964800000,0.06187,0.06308,0.06164,0.06265,411803644.2,1666051199999,25712608.867451,74135,214799247.7,13413400.048932,0
1666051200000,0.06266,0.063,0.0617,0.06218,409579566.5,1666137599999,25565322.81425,71279,198156545.9,12371107.442519,0
1666137600000,0.06219,0.0632,0.06165,0.06174,546121779.6,1666223999999,34177891.616637,90918,275501493.4,17247952.284154,0
1666224000000,0.06174,0.06267,0.06147,0.06215,333456485.7,1666310399999,20737645.020555,66288,167670108.4,10428392.582284,0
1666310400000,0.06215,0.06295,0.0607,0.06167,404447658.9,1666396799999,24965092.172823,79937,194112064.0,11987704.498013,0
1666396800000,0.06167,0.062,0.06117,0.06158,198786729.9,1666483199999,12227629.522767,48653,103247509.8,6352052.616785,0
1666483200000,0.06159,0.06201,0.06107,0.06188,258985647.2,1666569599999,15944842.917958,53153,129785927.1,7993391.045271,0
1666569600000,0.06188,0.06203,0.06123,0.06131,283859858.1,1666655999999,17470462.050233,55563,136462043.4,8400406.595813,0
1666656000000,0.06131,0.06289,0.06113,0.06235,364269847.7,1666742399999,22544044.986885,68984,188894238.9,11697312.477478,0
1666742400000,0.06235,0.06378,0.06228,0.06341,415716374.7,1666828799999,26181318.139441,74588,229813642.7,14475634.372457,0
1666828800000,0.0634,0.06416,0.06269,0.06296,420262748.8,1666915199999,26695497.582792,79171,217605520.5,13828729.314604,0
1666915200000,0.06296,0.06377,0.06259,0.06356,350381030.0,1667001599999,22120119.426244,68545,183477693.7,11587077.932344,0
1667001600000,0.06355,0.06453,0.06345,0.06428,417193381.4,1667087999999,26693161.522971,82776,223862754.7,14328189.078576,0
1667088000000,0.06428,0.06481,0.06292,0.0631,341948973.1,1667174399999,21837222.465628,71305,169809860.0,10851657.238339,0
1667174400000,0.0631,0.0634,0.06234,0.06325,398754601.8,1667260799999,25075205.068757,73818,201524512.4,12677633.511683,0
1667260800000,0.06325,0.06344,0.06253,0.06277,283338008.0,1667347199999,17863307.759073,61195,134811597.7,8500171.886736,0
1667347200000,0.06277,0.06308,0.0614,0.06157,409204772.4,1667433599999,25528053.267472,80709,186025109.4,11613608.135317,0
1667433600000,0.06157,0.06247,0.06143,0.06171,368121338.0,1667519999999,22800978.812608,71488,188687367.0,11689463.364042,0
1667520000000,0.06171,0.06382,0.06151,0.06381,400713133.3,1667606399999,25133022.104989,79737,227700980.3,14288075.147162,0
1667606400000,0.06382,0.06478,0.06318,0.06363,406467215.7,1667692799999,26033531.068637,87776,232819649.5,14916174.316961,0
1667692800000,0.06362,0.06536,0.06253,0.06268,428331289.8,1667779199999,27479885.428353,94013,214543784.1,13782988.747615,0
1667779200000,0.06268,0.06299,0.06179,0.06227,357692407.7,1667865599999,22324867.11953,75140,154942868.2,9674084.941686,0
1667865600000,0.06227,0.06311,0.05621,0.05872,1071364757.1,1667951999999,64550534.070846,192123,512506452.6,30907648.967796,0
1667952000000,0.05873,0.0655,0.05285,0.05338,2543130191.6,1668038399999,151747575.554429,463023,1281493139.8,76702426.325299,0
1668038400000,0.05345,0.06236,0.05239,0.05782,2604725039.7,1668124799999,148677425.578218,440528,1352856230.4,77288973.375541,0
1668124800000,0.05781,0.05827,0.05415,0.05601,855960087.9,1668211199999,48376523.951691,165178,409186547.9,23132885.371281,0
1668211200000,0.05602,0.05609,0.05292,0.05502,597286635.6,1668297599999,32517662.739514,122540,294755771.4,16041869.02186,0
1668297600000,0.05503,0.05633,0.05038,0.05084,1059080379.5,1668383999999,55703484.746761,185101,510985216.0,26871214.457711,0
1668384000000,0.05085,0.05287,0.04526,0.05015,2243457866.0,1668470399999,110103515.930186,367783,1095963962.1,53864532.609572,0
1668470400000,0.05015,0.05181,0.04929,0.05074,833847816.7,1668556799999,42236584.347208,148950,404390732.1,20488503.056508,0
1668556800000,0.05075,0.05173,0.04946,0.05016,701005014.8,1668643199999,35371006.492153,121113,340829569.9,17206221.734722,0
1668643200000,0.05016,0.05043,0.04884,0.05006,573955689.6,1668729599999,28528758.980579,101711,298624844.9,14845869.763265,0
1668729600000,0.05006,0.05107,0.05004,0.05068,413722957.4,1668815999999,20959219.99034,75957,219422505.3,11117583.161073,0
1668816000000,0.0507,0.05269,0.0505,0.05215,537007802.7,1668902399999,27768994.172035,89442,297743802.4,15397202.119093,0
1668902400000,0.05215,0.05243,0.04974,0.05008,402312888.6,1668988799999,20548576.966603,73944,180942398.4,9246120.959468,0
1668988800000,0.05008,0.05169,0.04918,0.05155,825853713.3,1669075199999,41749121.073769,136045,424304098.8,21455587.168613,0
1669075200000,0.05155,0.05262,0.04893,0.05072,1079952686.9,1669161599999,54653353.736563,159760,540697266.7,27404002.689298,0
1669161600000,0.05073,0.05188,0.05019,0.0518,605171598.2,1669247999999,30938168.178859,92015,319671422.2,16345061.623501,0
1669248000000,0.05181,0.05382,0.05142,0.05283,833313962.7,1669334399999,43671854.149664,123966,436554031.0,22881221.117937,0
1669334400000,0.05283,0.05339,0.05198,0.05297,579717995.6,1669420799999,30558430.675054,90365,294392121.6,15522533.133852,0
1669420800000,0.05297,0.05368,0.05243,0.05279,331056806.8,1669507199999,17595199.101571,60284,167248811.0,8892387.634505,0
1669507200000,0.05279,0.05425,0.05277,0.05327,391460597.5,1669593599999,20961301.74218,63178,197490128.6,10576217.362945,0
1669593600000,0.05327,0.054,0.05189,0.05299,599255628.0,1669679999999,31761467.209473,89824,307799044.1,16325871.162653,0
1669680000000,0.05298,0.05457,0.05275,0.05326,543400459.3,1669766399999,29197381.568979,74512,277051139.3,14893477.058869,0
1669766400000,0.05326,0.05479,0.05325,0.05461,475740697.0,1669852799999,25752974.052945,78299,250693411.1,13573251.884725,0
1669852800000,0.0546,0.05513,0.05398,0.05415,377671522.2,1669939199999,20586173.215441,68778,180458644.2,9839691.870425,0
1669939200000,0.05415,0.05451,0.05382,0.05445,333396933.9,1670025599999,18074902.896089,59459,161465615.5,8755049.071208,0
1670025600000,0.05445,0.05465,0.05352,0.05358,254491096.4,1670111999999,13740890.704074,62875,112966331.4,6100116.398666,0
1670112000000,0.05358,0.05415,0.05292,0.05309,333808154.4,1670198399999,17820844.187547,62661,159022297.4,8491710.429381,0
1670198400000,0.05309,0.05374,0.05295,0.05334,461673730.2,1670284799999,24657593.951774,71775,210990213.2,11270035.38216,0
1670284800000,0.05335,0.05374,0.05257,0.05364,414066655.4,1670371199999,21968771.596978,62766,214922630.3,11406838.090148,0
1670371200000,0.05363,0.05366,0.05241,0.05312,418564355.8,1670457599999,22220594.419689,65499,194527044.7,10328341.037702,0
1670457600000,0.05312,0.05477,0.05295,0.05448,339254769.6,1670543999999,18182089.479858,56214,188803688.9,10120565.220143,0
1670544000000,0.05449,0.05514,0.05429,0.05464,296901516.9,1670630399999,16241095.697118,61098,152701910.1,8353329.423963,0
1670630400000,0.05465,0.05593,0.05463,0.05483,283292804.9,1670716799999,15603486.123832,52805,154358838.6,8505344.395293,0
1670716800000,0.05482,0.05496,0.05373,0.05397,184738005.9,1670803199999,10053176.036147,42101,84687612.9,4610597.423763,0
1670803200000,0.05397,0.05398,0.05194,0.05352,581776768.1,1670889599999,30746972.779451,84048,289597169.3,15303931.938385,0
1670889600000,0.05352,0.05454,0.05243,0.0545,526702183.4,1670975999999,28182627.719438,77527,283420238.2,15168911.543291,0
1670976000000,0.0545,0.05765,0.05445,0.05558,614317337.1,1671062399999,34284336.132865,96069,318860533.8,17786173.128408,0
1671062400000,0.05558,0.05612,0.05509,0.05577,364300889.5,1671148799999,20274324.603623,63540,188442473.7,10490279.36652,0
1671148800000,0.05578,0.05619,0.05258,0.05292,497410130.8,1671235199999,27253027.719045,91546,227974676.0,12505074.582356,0
1671235200000,0.05293,0.055,0.05189,0.05486,486555972.1,1671321599999,25953620.49074,87351,267408665.1,14281563.404377,0
1671321600000,0.05485,0.05519,0.05323,0.05378,435758357.3,1671407999999,23530859.805874,73680,211201288.3,11405650.522282,0
1671408000000,0.05378,0.05431,0.05305,0.05356,379994366.7,1671494399999,20445142.114109,68697,192821518.3,10376069.736649,0
1671494400000,0.05355,0.05531,0.05349,0.05497,319963703.9,1671580799999,17404851.655349,62214,177572102.7,9661768.558232,0
1671580800000,0.05498,0.05549,0.05455,0.05492,262660122.5,1671667199999,14441230.953763,53069,136900182.6,7527590.399826,0
1671667200000,0.05492,0.05586,0.05462,0.05554,315244980.0,1671753599999,17389870.56506,57161,164997269.1,9104865.368648,0
1671753600000,0.05553,0.0557,0.05409,0.05423,331097929.1,1671839999999,18158443.743705,58948,155131746.1,8509725.440345,0
1671840000000,0.05422,0.05481,0.05402,0.05473,183151893.1,1671926399999,9974159.280091,40875,92198658.8,5021100.358916,0
1671926400000,0.05473,0.05494,0.05414,0.05481,197163164.5,1672012799999,10771162.955206,41547,101583330.9,5550073.084087,0
1672012800000,0.0548,0.05503,0.05425,0.05459,204154209.2,1672099199999,11165592.187603,44279,100014789.4,5470285.127262,0
1672099200000,0.0546,0.05471,0.05365,0.05415,280727773.5,1672185599999,15213735.687989,51747,140216476.5,7599839.942437,0
1672185600000,0.05415,0.0547,0.05324,0.05416,338437595.6,1672271999999,18291667.805366,62394,179323662.8,9693867.059153,0
1672272000000,0.05415,0.05448,0.05321,0.05402,323334601.3,1672358399999,17474769.965427,56652,166437884.6,8996130.917054,0
1672358400000,0.05402,0.05453,0.05356,0.05439,311871869.4,1672444799999,16837689.48351,51112,160587404.9,8670888.039952,0
1672444800000,0.05438,0.05524,0.05436,0.0545,231745472.9,1672531199999,12681255.340424,42158,119213362.7,6524400.232496,0
1672531200000,0.0545,0.05498,0.05442,0.05481,152553686.3,1672617599999,8348396.557454,33544,83640423.2,4577073.242974,0
1672617600000,0.0548,0.05558,0.05444,0.05517,243517218.6,1672703999999,13402128.427323,51827,134711151.6,7415913.732329,0
1672704000000,0.05518,0.05555,0.0547,0.05483,227134483.9,1672790399999,12548808.862467,45513,112537179.9,6217580.37582,0
1672790400000,0.05483,0.05574,0.05435,0.05477,361708395.6,1672876799999,19921123.656599,62197,186628403.4,10283431.013158,0
1672876800000,0.05477,0.05499,0.05338,0.05374,349175411.0,1672963199999,18954021.42,57061,155567539.3,8448880.731394,0
1672963200000,0.05375,0.05394,0.04976,0.05249,1857386226.4,1673049599999,95189373.067479,215622,916228554.0,46959663.663762,0
1673049600000,0.0525,0.05295,0.05136,0.05201,466380581.1,1673135999999,24242154.22529,69307,253587921.0,13186241.794936,0
1673136000000,0.05201,0.05443,0.05122,0.05439,456781030.0,1673222399999,23994347.085605,74400,265337483.7,13949531.612704,0
1673222400000,0.05439,0.057,0.05366,0.05461,768112568.7,1673308799999,42364445.145154,128694,410422395.8,22647300.651692,0
1673308800000,0.05461,0.05497,0.05388,0.05486,376972656.0,1673395199999,20503332.816905,67791,194687195.7,10592746.674771,0
1673395200000,0.05486,0.05663,0.05457,0.05652,465160077.6,1673481599999,25717934.619658,79649,249927921.0,13826457.108636,0
1673481600000,0.05653,0.05743,0.05572,0.0571,461227616.4,1673567999999,26069465.44763,86184,262936399.3,14870818.657378,0
1673568000000,0.05711,0.06077,0.05685,0.0601,513319061.8,1673654399999,29792823.380738,103744,300585346.1,17454620.901611,0
1673654400000,0.06011,0.06576,0.05996,0.06177,955878863.6,1673740799999,60397754.651514,183734,527323085.4,33276658.424069,0
1673740800000,0.06178,0.0629,0.06064,0.06231,444071498.0,1673827199999,27450668.205135,88169,257358415.9,15912732.126381,0
1673827200000,0.06232,0.06324,0.06122,0.06242,446620860.0,1673913599999,27882441.936431,105905,239928158.2,14988247.596408,0
1673913600000,0.06241,0.0627,0.06128,0.06168,354772816.2,1673999999999,22034623.036145,79301,182579021.9,11343621.817796,0
1674000000000,0.06167,0.06242,0.05882,0.05891,484324857.3,1674086399999,29558837.699533,100471,214883895.7,13133000.867735,0
1674086400000,0.0589,0.06032,0.05879,0.06009,237749291.7,1674172799999,14156817.965768,59381,119618420.3,7126859.045823,0
1674172800000,0.06009,0.06293,0.05993,0.06272,313993785.2,1674259199999,19214026.828075,71518,169894881.6,10403764.144355,0
1674259200000,0.06273,0.06379,0.06163,0.06172,460805293.5,1674345599999,28807719.762128,107914,230496401.3,14415116.729699,0
1674345600000,0.06173,0.06271,0.06063,0.06166,335713059.0,1674431999999,20739424.476904,73703,159922748.0,9886290.250011,0
1674432000000,0.06166,0.06323,0.06111,0.06273,371567440.9,1674518399999,23077080.75459,77955,190870031.5,11859849.833781,0
1674518400000,0.06272,0.06355,0.05975,0.06019,397334702.1,1674604799999,24699219.518269,88007,178394755.8,11108055.515321,0
1674604800000,0.06019,0.06282,0.05921,0.0618,382511980.6,1674691199999,23269231.324066,82328,191389385.5,11653775.09524,0
1674691200000,0.06181,0.06215,0.06112,0.06172,301912384.4,1674777599999,18637931.232136,68955,140671132.6,8687085.940026,0
1674777600000,0.06172,0.06435,0.06093,0.06366,584952205.8,1674863999999,36743836.460705,112580,289091208.4,18163804.276187,0
1674864000000,0.06365,0.06398,0.06204,0.06312,404769790.0,1674950399999,25485878.169909,88239,199442262.5,12559633.776922,0
1674950400000,0.06313,0.06475,0.0629,0.06378,515390790.3,1675036799999,32823611.182634,97973,291482359.8,18575343.876655,0
1675036800000,0.06376,0.06501,0.06138,0.06227,587325347.8,1675123199999,36778157.425592,114876,281519424.7,17642912.625222,0
1675123200000,0.06227,0.06309,0.06171,0.06218,437819315.5,1675209599999,27298161.020117,92259,206588138.4,12884530.553615,0
1675209600000,0.06218,0.06338,0.06142,0.06312,472530071.8,1675295999999,29418032.316834,105528,223519353.6,13922314.607997,0
1675296000000,0.06312,0.0655,0.06305,0.06383,527353223.9,1675382399999,33778096.511428,114051,266773348.7,17087971.09535,0
1675382400000,0.06384,0.06476,0.0625,0.06416,424046097.2,1675468799999,27181588.902069,89384,197395426.0,12657512.550407,0
1675468800000,0.06417,0.0645,0.06298,0.06384,318043820.4,1675555199999,20314306.031793,71938,157011698.0,10029385.101005,0
1675555200000,0.06384,0.06575,0.06317,0.06411,478586114.0,1675641599999,30836148.343305,103838,240449267.4,15501203.12737,0
1675641600000,0.06412,0.0645,0.06257,0.06316,369675912.9,1675727999999,23472916.268785,83063,169357351.4,10756774.568174,0
1675728000000,0.06316,0.06596,0.06304,0.06577,548499730.3,1675814399999,35391057.406433,112689,275860109.6,17804002.326292,0
1675814400000,0.06577,0.07134,0.06548,0.06695,812300677.8,1675900799999,54550793.716079,162410,400974640.8,26929631.457801,0
1675900800000,0.06696,0.0671,0.06192,0.06265,612597365.6,1675987199999,39630536.201657,134888,276424069.5,17903687.646234,0
1675987200000,0.06265,0.06395,0.06237,0.06329,375487924.1,1676073599999,23765454.752146,89547,180985457.8,11456087.231724,0
1676073600000,0.06329,0.06408,0.06305,0.06372,273887254.2,1676159999999,17406117.936847,64506,139608863.3,8874609.730433,0
1676160000000,0.06373,0.06511,0.06356,0.06388,296254920.9,1676246399999,19054860.983018,67699,156685574.6,10078662.206934,0
1676246400000,0.06388,0.06575,0.06293,0.0656,521881656.8,1676332799999,33652000.346072,118361,266786836.8,17218152.33166,0
1676332800000,0.0656,0.0669,0.06501,0.06675,490684977.5,1676419199999,32440041.362506,113706,251295720.2,16617959.234666,0
1676419200000,0.06674,0.071,0.06673,0.07085,610300473.2,1676505599999,42112253.583609,137708,310595480.9,21432970.437406,0
1676505600000,0.07086,0.07156,0.06665,0.06683,715526309.8,1676591999999,49832344.252237,151570,348079957.3,24274063.559599,0
1676592000000,0.06683,0.07168,0.06651,0.07031,652999826.6,1676678399999,44951933.642025,131767,337726729.5,23247042.071348,0
1676678400000,0.07031,0.07112,0.06968,0.07014,335851627.5,1676764799999,23628384.877113,82624,168410580.5,11850631.620355,0
1676764800000,0.07014,0.07164,0.06971,0.07038,336608467.0,1676851199999,23767093.252174,87865,173137853.5,12226642.811734,0
1676851200000,0.07038,0.07307,0.06955,0.07197,686811748.1,1676937599999,49278450.820922,150175,381842151.5,27407271.679849,0
1676937600000,0.07196,0.07216,0.06895,0.06948,539743959.3,1677023999999,38311332.74078,116922,261369803.3,18570512.803695,0
1677024000000,0.06949,0.06968,0.06807,0.06944,409930003.2,1677110399999,28247660.459311,96268,195889168.1,13502368.875895,0
1677110400000,0.06944,0.07045,0.069,0.06955,307030880.5,1677196799999,21404919.66098,78640,149653520.1,10435343.891587,0
1677196800000,0.06953,0.06999,0.06736,0.06787,315340449.4,1677283199999,21721906.597349,82129,143411909.9,9883675.193343,0
1677283200000,0.06788,0.06888,0.06678,0.06785,321000313.8,1677369599999,21841703.348451,77452,154841372.6,10537309.447633,0
1677369600000,0.06785,0.06975,0.06781,0.06951,238846426.5,1677455999999,16472721.807664,63158,122373153.4,8440376.973902,0
1677456000000,0.06952,0.0697,0.06841,0.06943,306006769.8,1677542399999,21125059.215116,71227,144894142.4,10004571.400828,0
1677542400000,0.06942,0.06983,0.06854,0.06905,286435342.6,1677628799999,19875419.883111,72313,132534072.1,9195665.352502,0
1677628800000,0.06905,0.07026,0.0687,0.06984,286594747.9,1677715199999,19985060.947835,72300,143555068.8,10012630.091324,0
1677715200000,0.06985,0.07036,0.06895,0.06972,282970788.9,1677801599999,19674970.84696,67100,135984344.3,9458018.608087,0
1677801600000,0.06971,0.06981,0.06633,0.06715,458545046.6,1677887999999,30887996.713118,99268,201539008.3,13572560.724845,0
1677888000000,0.06714,0.06758,0.06604,0.0667,259187368.6,1677974399999,17384575.837632,65520,123440889.5,8279913.697992,0
1677974400000,0.06671,0.06785,0.06654,0.06725,205116520.3,1678060799999,13804036.416615,57041,104391177.9,7025315.501435,0
1678060800000,0.06724,0.06769,0.06663,0.06739,254437077.7,1678147199999,17087705.924877,61317,120373449.2,8086211.287573,0
1678147200000,0.06739,0.06772,0.06575,0.06629,348625605.9,1678233599999,23288343.068648,76223,167517566.8,11193884.442948,0
1678233600000,0.0663,0.06654,0.06471,0.06532,301604979.9,1678319999999,19881222.693104,73968,142203173.4,9375750.592887,0
1678320000000,0.06533,0.06636,0.05686,0.05863,881764394.0,1678406399999,54598113.605233,165589,393835935.5,24412898.016664,0
1678406400000,0.05865,0.06301,0.05551,0.05736,1216855516.6,1678492799999,69436887.856524,245085,583172315.3,33272280.034502,0
1678492800000,0.05736,0.05894,0.05484,0.05877,820817065.1,1678579199999,46637093.467442,175773,424779659.2,24158301.295733,0
1678579200000,0.05877,0.06459,0.05841,0.06458,671783317.3,1678665599999,40310152.3058,143812,352346152.4,21162932.575024,0
1678665600000,0.06459,0.06855,0.06341,0.06694,1291763220.0,1678751999999,86200875.622741,309088,656847561.7,43854345.888095,0
1678752000000,0.06695,0.069,0.06496,0.06695,864557657.3,1678838399999,58094126.712739,185154,426151525.1,28644339.162438,0
1678838400000,0.06696,0.06786,0.06412,0.06517,586650151.9,1678924799999,38706929.604112,149846,292636326.0,19322815.566532,0
1678924800000,0.06517,0.06705,0.06478,0.06512,512317749.0,1679011199999,33662937.592908,122480,251422440.3,16525178.94595,0
1679011200000,0.06512,0.06786,0.06474,0.06763,521037844.5,1679097599999,34633543.885306,126519,280722059.9,18662312.847118,0
1679097600000,0.06762,0.06809,0.06515,0.06579,471580884.2,1679183999999,31517771.93008,122199,234679459.3,15688411.008072,0
1679184000000,0.06578,0.06751,0.0656,0.0665,362377827.5,1679270399999,24129554.405897,93382,180007595.5,11987111.387002,0
1679270400000,0.06651,0.06694,0.06478,0.06503,418071361.5,1679356799999,27641747.861335,106588,198653523.1,13140030.552331,0
1679356800000,0.06503,0.06738,0.06487,0.067,453319260.1,1679443199999,30002746.592005,114067,232264735.7,15374824.307754,0
1679443200000,0.067,0.06836,0.0568,0.05978,1512271598.9,1679529599999,93838535.736855,309429,717524714.6,44529882.125758,0
1679529600000,0.05979,0.06663,0.05939,0.0652,1203808548.0,1679615999999,75436638.201382,239766,630328340.5,39496856.203167,0
1679616000000,0.06521,0.06553,0.06269,0.06341,516801369.8,1679702399999,33100964.390672,119696,231305061.1,14818674.326618,0
1679702400000,0.06341,0.06435,0.06264,0.06368,346286886.3,1679788799999,22076294.750314,84822,175057913.5,11162964.309031,0
1679788800000,0.06369,0.06498,0.06333,0.06412,311099791.4,1679875199999,19937124.818665,80673,154480080.0,9900776.536508,0
1679875200000,0.06413,0.0644,0.06186,0.06355,398421130.7,1679961599999,25321670.785604,100444,190868702.5,12134108.081205,0
1679961600000,0.06355,0.0645,0.06299,0.06418,391472532.5,1680047999999,24991366.45848,95571,193577914.7,12361217.344118,0
1680048000000,0.06419,0.06547,0.06392,0.06433,431694513.4,1680134399999,27913654.941848,105493,222926607.9,14416234.517844,0
1680134400000,0.06433,0.06546,0.06361,0.06481,459993783.8,1680220799999,29678690.309278,111002,225588782.4,14559322.454938,0
1680220800000,0.06482,0.06617,0.06433,0.06553,373949586.7,1680307199999,24457593.010471,93996,193093531.4,12630547.577298,0
1680307200000,0.06553,0.0672,0.06535,0.06648,388654889.6,1680393599999,25713757.082773,102329,196913269.3,13032696.250007,0
1680393600000,0.06647,0.06695,0.06485,0.06518,294849756.7,1680479999999,19436101.695372,80892,142839522.4,9417822.881407,0
1680480000000,0.06518,0.06624,0.06428,0.06574,366405511.1,1680566399999,23953244.810482,98522,178007319.6,11640636.768291,0
1680566400000,0.06575,0.06683,0.06548,0.06573,406274512.6,1680652799999,26883815.182684,105936,195459376.9,12937557.620801,0
1680652800000,0.06573,0.06672,0.06534,0.06616,314630236.2,1680739199999,20814149.445678,95232,149773038.6,9909574.428553,0
1680739200000,0.06617,0.06671,0.06549,0.06608,368383747.3,1680825599999,24379296.821031,98459,176984723.8,11714168.64155,0
1680825600000,0.06608,0.06651,0.06556,0.06603,241329669.7,1680911999999,15928635.294189,77902,113886571.4,7518463.3768,0
1680912000000,0.06604,0.06655,0.0657,0.06613,210729846.0,1680998399999,13946638.553943,74159,98289254.8,6505704.43432,0
1680998400000,0.06613,0.06688,0.0659,0.06662,206872397.6,1681084799999,13710631.729857,70619,100224930.3,6643869.568462,0
1681084800000,0.06661,0.06746,0.06617,0.0673,302672189.7,1681171199999,20200767.60226,74681,157918209.1,10540718.133435,0
1681171200000,0.06731,0.0678,0.06533,0.06632,598983632.2,1681257599999,39941587.539466,132464,285107502.9,19015069.416083,0
1681257600000,0.06632,0.06645,0.06211,0.06514,727566962.3,1681343999999,46667328.44498,166541,360511482.2,23131449.316128,0
1681344000000,0.06514,0.0655,0.06443,0.06523,397134981.2,1681430399999,25828531.392656,93799,203777953.8,13252834.001137,0
1681430400000,0.06523,0.067,0.06514,0.06619,386486395.7,1681516799999,25620246.9431,97351,194315191.9,12883366.882826,0
1681516800000,0.06619,0.06625,0.06552,0.06588,202150727.5,1681603199999,13322081.587605,61062,94482242.4,6226569.398139,0
1681603200000,0.06588,0.06669,0.06561,0.06655,167394724.2,1681689599999,11074318.632253,52837,81693010.9,5405179.92131,0
1681689600000,0.06655,0.06665,0.06535,0.06574,278391807.1,1681775999999,18375597.819831,69846,133794814.5,8829334.386095,0
1681776000000,0.06574,0.06682,0.0655,0.06681,238435947.2,1681862399999,15820877.389484,66905,117236272.4,7781321.637684,0
1681862400000,0.06681,0.06716,0.06492,0.06563,435332863.8,1681948799999,28755999.488686,121615,214429452.0,14171384.234072,0
1681948800000,0.06563,0.06666,0.06462,0.06542,434503927.0,1682035199999,28610172.575221,111972,203353326.2,13391475.358489,0
1682035200000,0.06541,0.06602,0.0643,0.06497,333594081.9,1682121599999,21787464.43761,98601,164516705.9,10744007.367315,0
1682121600000,0.06497,0.06623,0.06484,0.0661,285759015.3,1682207999999,18710877.978648,82079,145301317.1,9516002.009769,0
1682208000000,0.0661,0.06699,0.06467,0.06671,277152999.6,1682294399999,18380600.005116,85528,131028880.3,8694415.024222,0
1682294400000,0.06671,0.06699,0.06583,0.0661,284143889.6,1682380799999,18850928.697855,78502,131889949.9,8752220.804387,0
1682380800000,0.0661,0.06621,0.06523,0.06584,257591736.3,1682467199999,16948296.071223,72870,114605852.3,7540791.56664,0
1682467200000,0.06584,0.06714,0.06388,0.06507,441224356.0,1682553599999,29099639.27525,111918,213516426.8,14096343.141864,0
1682553600000,0.06508,0.06608,0.065,0.06576,263154774.4,1682639999999,17260562.980335,85608,126450399.2,8295217.163997,0
1682640000000,0.06576,0.06668,0.0656,0.06667,228818642.1,1682726399999,15115224.281385,67851,117711967.8,7777292.921905,0
1682726400000,0.06667,0.06823,0.06663,0.068,254415874.7,1682812799999,17110569.980538,76556,133955936.8,9011395.031864,0
1682812800000,0.068,0.06811,0.06692,0.06713,274678310.5,1682899199999,18584758.682644,73337,125021442.1,8461564.889171,0
1682899200000,0.06714,0.06935,0.06676,0.06851,479686749.5,1682985599999,32775976.662473,113775,239916160.2,16402263.402815,0
1682985600000,0.06851,0.06992,0.06717,0.06922,373485527.1,1683071999999,25584949.173761,91545,191203363.5,13101555.620352,0
1683072000000,0.06923,0.06958,0.06814,0.06927,424214521.2,1683158399999,29268303.266809,106691,217048313.1,14975726.364585,0
1683158400000,0.06927,0.06967,0.06893,0.0694,268720604.0,1683244799999,18612992.659847,77933,142923912.8,9900306.089981,0
1683244800000,0.0694,0.07137,0.06938,0.07092,335666025.6,1683331199999,23574937.642227,98166,189240261.2,13288460.411078,0
1683331200000,0.07091,0.07109,0.0696,0.07025,254637459.3,1683417599999,17878215.452411,79639,121855987.2,8556632.129265,0
1683417600000,0.07024,0.07048,0.06905,0.0692,226068366.8,1683503999999,15796787.030217,69058,108361642.6,7573704.211166,0
1683504000000,0.06919,0.0694,0.06709,0.0685,334753392.2,1683590399999,22840429.094193,95944,156254832.9,10661655.8148,0
1683590400000,0.0685,0.06933,0.06792,0.06906,258116898.0,1683676799999,17713403.291251,80176,129088769.9,8860849.719157,0
1683676800000,0.06906,0.07041,0.06806,0.06933,330383869.8,1683763199999,22923793.363525,90730,161941770.9,11239927.693388,0
1683763200000,0.06934,0.06959,0.06679,0.06771,342686896.6,1683849599999,23506228.247741,84534,169262017.6,11618627.336778,0
1683849600000,0.06772,0.0694,0.06716,0.06908,332990168.3,1683935999999,22706600.066853,89342,172562941.4,11774206.503269,0
1683936000000,0.06907,0.06961,0.06845,0.06934,186703997.0,1684022399999,12891399.566053,63588,97308819.1,6719252.558311,0
1684022400000,0.06933,0.06978,0.06882,0.06939,195675948.4,1684108799999,13571849.273509,60487,100330444.1,6959233.359927,0
1684108800000,0.06939,0.07053,0.06905,0.07026,197648341.4,1684195199999,13839763.750251,66825,105068832.3,7356529.081501,0
1684195200000,0.07025,0.07077,0.06992,0.07055,261533972.0,1684281599999,18432684.456438,77077,136008360.7,9587237.868773,0
1684281600000,0.07054,0.0714,0.0702,0.07121,263330292.0,1684367999999,18623790.285457,78564,139285307.3,9853854.876049,0
1684368000000,0.07122,0.07137,0.06983,0.07016,291384687.7,1684454399999,20604578.05491,77797,141460724.2,10002825.509792,0
1684454400000,0.07015,0.07084,0.07007,0.07067,161588851.9,1684540799999,11376518.482292,57912,83448521.0,5875977.924184,0
1684540800000,0.07066,0.07298,0.07053,0.07257,395843338.5,1684627199999,28438134.661402,101771,216415759.1,15534230.325042,0
1684627200000,0.07257,0.0773,0.07199,0.07501,589690608.6,1684713599999,44018446.331486,165893,298753533.8,22283541.18711,0
1684713600000,0.075,0.0794,0.0742,0.078,713363070.7,1684799999999,55188377.80845,176229,348290237.0,26923944.539294,0
1684800000000,0.078,0.07988,0.07759,0.07848,341070645.6,1684886399999,26722748.545265,105420,173067747.2,13562554.811325,0
1684886400000,0.07848,0.07862,0.07641,0.07686,370900504.1,1684972799999,28712606.894558,99743,174233893.9,13491909.957304,0
1684972800000,0.07685,0.07835,0.07663,0.07677,366016346.1,1685059199999,28303402.126061,92671,184632112.0,14280390.529409,0
1685059200000,0.07676,0.07745,0.0753,0.07538,320555437.6,1685145599999,24483791.73554,84233,144092467.4,11010786.044964,0
1685145600000,0.07537,0.07723,0.07517,0.07716,210344908.2,1685231999999,16022420.586195,58564,110742254.1,8438581.575595,0
1685232000000,0.07714,0.07813,0.0767,0.07742,222996572.9,1685318399999,17235447.972657,64878,115863236.2,8956647.705435,0
1685318400000,0.07743,0.07808,0.07605,0.0761,248213528.4,1685404799999,19154523.605031,69651,122275282.1,9437122.628108,0
1685404800000,0.0761,0.077,0.07571,0.07635,273191742.1,1685491199999,20857057.88846,72483,145108388.6,11077689.865423,0
1685491200000,0.07635,0.07665,0.07502,0.07522,294376329.1,1685577599999,22263870.539131,79952,140758957.5,10645337.445126,0
1685577600000,0.07521,0.07547,0.07406,0.07477,237245899.8,1685663999999,17743476.989843,67741,117075512.6,8756869.46847,0
1685664000000,0.07477,0.08408,0.07457,0.08266,490239504.5,1685750399999,38659609.369471,138927,243231397.3,19111264.844249,0
1685750400000,0.08266,0.0858,0.08093,0.08177,729779995.2,1685836799999,60908599.180921,203793,333316765.7,27818799.593668,0
1685836800000,0.08176,0.08295,0.08016,0.08138,350374316.3,1685923199999,28587420.622033,107072,164030529.0,13383809.3602,0
1685923200000,0.08137,0.08187,0.07681,0.07832,374194492.6,1686009599999,29910369.716591,123869,168489944.4,13476916.907467,0
1686009600000,0.07833,0.07919,0.07739,0.07821,335856633.4,1686095999999,26286144.288722,100001,174756603.2,13677783.553957,0
1686096000000,0.0782,0.07894,0.07625,0.07675,324118740.8,1686182399999,25089965.315781,107161,157868802.3,12227314.246058,0
1686182400000,0.07676,0.07805,0.07614,0.07741,203474842.3,1686268799999,15707241.525283,70579,104804356.4,8086683.486679,0
1686268800000,0.07741,0.07844,0.07103,0.072,594691772.7,1686355199999,44253527.002673,126564,289037472.0,21515134.176754,0
1686355200000,0.07201,0.07204,0.06445,0.06961,774542442.5,1686441599999,52594848.503469,182040,364435713.6,24742154.731958,0
1686441600000,0.0696,0.07059,0.06817,0.07025,227151003.1,1686527999999,15738371.106682,61062,114909661.6,7959735.653809,0
1686528000000,0.07024,0.07127,0.06928,0.07115,203489669.6,1686614399999,14278591.671603,61881,95571654.2,6708999.471086,0
1686614400000,0.07115,0.07275,0.07107,0.07192,243476616.7,1686700799999,17487690.287404,68339,118258037.1,8495913.261773,0
1686700800000,0.07192,0.07286,0.07009,0.071,222279854.4,1686787199999,15983797.653744,77638,105654249.6,7602195.083003,0
1686787200000,0.07101,0.07217,0.06942,0.07098,312690513.4,1686873599999,22115857.528515,91060,144586436.9,10237335.155162,0
1686873600000,0.07097,0.07126,0.0689,0.07053,273208931.9,1686959999999,19167543.72549,74239,133540896.1,9371051.625477,0
1686960000000,0.07053,0.07175,0.07029,0.07164,174427878.9,1687046399999,12416462.453266,60567,88662890.3,6312978.961707,0
1687046400000,0.07163,0.07209,0.06951,0.07016,220553422.5,1687132799999,15616775.254765,65894,113725865.8,8054468.752383,0
1687132800000,0.07016,0.07041,0.06944,0.06999,203923177.5,1687219199999,14255132.158317,65289,100771806.1,7045152.694921,0
1687219200000,0.06999,0.07064,0.06799,0.07057,350094068.5,1687305599999,24211873.720246,92827,182256290.4,12601153.029193,0
1687305600000,0.07058,0.07267,0.07027,0.07233,384322992.8,1687391999999,27429411.658179,106079,206664200.1,14752642.335136,0
1687392000000,0.07232,0.07417,0.0714,0.07226,280190767.7,1687478399999,20390057.987074,85575,141973096.6,10334887.98474,0
1687478400000,0.07227,0.07375,0.07152,0.07315,241591850.1,1687564799999,17530432.267402,74248,125238944.8,9088233.450592,0
1687564800000,0.07315,0.0735,0.07141,0.0722,212332547.1,1687651199999,15370438.509834,61771,107869272.5,7810466.932994,0
1687651200000,0.07221,0.07379,0.07204,0.07313,183222614.1,1687737599999,13399447.875377,63057,94222477.2,6891707.258521,0
1687737600000,0.07314,0.07477,0.07235,0.07383,242430152.9,1687823999999,17823987.33686,77216,120930820.9,8895188.045275,0
1687824000000,0.07384,0.07536,0.07375,0.07432,181963857.8,1687910399999,13575217.887625,64289,95712954.2,7141659.739204,0
1687910400000,0.07433,0.07451,0.07248,0.07375,191900768.3,1687996799999,14204122.187851,66983,93751164.2,6941992.6341,0
1687996800000,0.07376,0.07483,0.07339,0.07445,183042989.8,1688083199999,13597827.725663,62371,91238512.5,6777500.134008,0
1688083200000,0.07445,0.07684,0.0741,0.0762,324573994.4,1688169599999,24542639.66537,106713,169662271.7,12834552.879686,0
1688169600000,0.0762,0.0777,0.07593,0.07726,198269712.4,1688255999999,15252032.239156,69460,101437988.3,7806669.116117,0
1688256000000,0.07726,0.07739,0.07516,0.07603,191549237.6,1688342399999,14528064.184689,66495,88739896.6,6727982.145853,0
1688342400000,0.07603,0.07784,0.07578,0.07731,181572194.7,1688428799999,14007893.85906,68921,98264202.3,7579796.203956,0
1688428800000,0.07732,0.07889,0.07694,0.07703,212761283.6,1688515199999,16525928.530944,72470,106133011.1,8247884.138089,0
1688515200000,0.07703,0.07792,0.0766,0.07707,215055002.9,1688601599999,16613104.354525,80915,104695547.7,8088630.026053,0
1688601600000,0.07706,0.07858,0.07692,0.07711,211754465.3,1688687999999,16464335.638933,83435,103972984.4,8085721.691506,0
1688688000000,0.07709,0.07965,0.07677,0.07882,222173981.4,1688774399999,17403469.180519,83601,119457895.8,9358537.753339,0
1688774400000,0.07881,0.08009,0.07867,0.08007,193753636.3,1688860799999,15356424.495894,75471,98094685.9,7775383.983756,0
1688860800000,0.08007,0.08045,0.07734,0.07748,234744269.0,1688947199999,18588098.355043,72136,96839341.4,7667411.520603,0
1688947200000,0.07747,0.07805,0.07619,0.07754,235765842.1,1689033599999,18194868.56179,76785,113777083.0,8782684.011236,0
1689033600000,0.07755,0.07757,0.07678,0.07734,159958777.9,1689119999999,12349278.566586,65886,79992024.1,6176468.45711,0
1689120000000,0.07734,0.07816,0.07713,0.07784,156466463.7,1689206399999,12152349.002539,61843,84238816.8,6543390.219817,0
1689206400000,0.07784,0.08238,0.07767,0.08171,358788432.3,1689292799999,28708039.771063,118523,201961000.5,16160893.954289,0
1689292800000,0.08172,0.08266,0.07873,0.07988,342257687.9,1689379199999,27733601.127959,109826,176885297.3,14343090.910434,0
1689379200000,0.07988,0.08157,0.07987,0.08082,241065446.9,1689465599999,19505583.938555,79856,127193602.4,10292868.841719,0
1689465600000,0.08082,0.08094,0.0789,0.0798,221617203.5,1689551999999,17706637.027519,77339,116272830.9,9290190.003454,0
1689552000000,0.07979,0.08055,0.07897,0.07997,218003891.3,1689638399999,17390801.963756,86714,104187245.9,8315261.55358,0
1689638400000,0.07997,0.08094,0.07887,0.07978,204794622.8,1689724799999,16379805.549624,83519,101591344.9,8128384.928225,0
1689724800000,0.07978,0.08049,0.07931,0.08031,191785199.2,1689811199999,15333443.437835,76338,103525703.2,8277507.00645,0
1689811200000,0.0803,0.08118,0.07992,0.08073,184577146.7,1689897599999,14885109.112258,70633,97243327.3,7844268.166103,0
1689897600000,0.08073,0.08154,0.08043,0.08043,168301683.2,1689983999999,13625676.091435,65940,85772228.4,6946153.248768,0
1689984000000,0.08043,0.09439,0.08025,0.0839,1231703906.7,1690070399999,108012539.351889,347737,571113049.4,49957544.692578,0
1690070400000,0.0839,0.08524,0.0827,0.08337,321617092.0,1690156799999,26932590.076222,87623,161034236.3,13485480.016138,0
1690156800000,0.08337,0.0834,0.08034,0.08148,287738891.3,1690243199999,23455603.739365,85349,127500141.3,10386631.661697,0
1690243200000,0.08149,0.0823,0.08014,0.0819,309136040.7,1690329599999,25120057.385058,85899,160892152.1,13077879.569504,0
1690329600000,0.0819,0.08253,0.08042,0.08242,345825898.7,1690415999999,28220084.831185,98119,175996937.6,14362598.856392,0
1690416000000,0.08241,0.08302,0.08205,0.08265,289287999.5,1690502399999,23875070.889223,84380,144576479.8,11933727.582226,0
1690502400000,0.08265,0.08545,0.08264,0.08506,295125956.8,1690588799999,24752019.316867,86203,161792591.7,13573745.2012,0
1690588800000,0.08507,0.08531,0.08309,0.08322,212901342.1,1690675199999,17900874.028145,80753,107125027.2,9007114.691941,0
1690675200000,0.08321,0.08375,0.07913,0.07999,344935578.4,1690761599999,28109824.224842,109495,159952603.0,13052998.248976,0
1690761600000,0.08,0.08035,0.07736,0.07792,394244579.0,1690847999999,31040382.870701,107672,200563387.4,15794051.474255,0
1690848000000,0.07792,0.07866,0.07633,0.07866,282518952.7,1690934399999,22010266.079348,80132,141985256.8,11069274.45979,0
1690934400000,0.07866,0.07873,0.07627,0.07632,247389565.9,1691020799999,19152353.489147,78558,114303906.3,8862758.295906,0
1691020800000,0.07632,0.07753,0.07617,0.07714,166728883.5,1691107199999,12810853.7847,62446,86499500.8,6648153.493636,0
1691107200000,0.07713,0.07787,0.07619,0.07679,192587661.9,1691193599999,14890014.548353,67471,95888774.5,7415440.753962,0
1691193600000,0.07678,0.07774,0.07576,0.07754,244284284.1,1691279999999,18784991.25319,61941,123340447.0,9481179.072514,0
1691280000000,0.07754,0.07756,0.07667,0.07699,147875027.2,1691366399999,11402428.110897,52516,67801382.8,5230711.636398,0
1691366400000,0.077,0.07728,0.07595,0.07685,200249899.7,1691452799999,15370450.987302,70648,107317410.6,8242666.463111,0
1691452800000,0.07685,0.07736,0.07625,0.07677,225746151.8,1691539199999,17326903.290882,66195,136174504.4,10456074.851225,0
1691539200000,0.07676,0.07709,0.07612,0.07674,201858817.4,1691625599999,15458099.428227,68877,97633961.1,7478592.683684,0
1691625600000,0.07674,0.07755,0.07664,0.07734,169185963.2,1691711999999,13049980.972898,60066,93420730.2,7208345.230139,0
1691712000000,0.07735,0.07751,0.07678,0.07723,138626355.6,1691798399999,10700261.619936,55860,65936120.8,5089985.633637,0
1691798400000,0.07723,0.07753,0.07716,0.07751,100744167.3,1691884799999,7802099.084919,41513,56000350.3,4337290.423605,0
1691884800000,0.07751,0.07762,0.07696,0.07711,142668667.3,1691971199999,11048508.88915,46276,88632221.2,6866172.424244,0
1691971200000,0.07711,0.07762,0.077,0.07748,189114995.2,1692057599999,14639271.702821,59299,105787084.8,8191147.925731,0
1692057600000,0.07748,0.07753,0.0762,0.07634,221555617.0,1692143999999,17044209.802748,63556,101601933.2,7815906.915462,0
1692144000000,0.07633,0.07677,0.07399,0.07465,312600481.1,1692230399999,23645029.16538,78814,149426562.5,11299056.116316,0
1692230400000,0.07466,0.07571,0.07188,0.07265,439731120.6,1692316799999,32627476.83208,110642,212357563.0,15767412.16053,0
1692316800000,0.07264,0.07348,0.07199,0.07297,247496226.9,1692403199999,18016755.066604,76933,120703986.4,8788618.940716,0
1692403200000,0.07297,0.07419,0.07294,0.07408,141162546.4,1692489599999,10394404.448618,56257,74397382.6,5478743.254254,0
1692489600000,0.07408,0.07648,0.07402,0.07591,178308944.0,1692575999999,13419899.508517,57063,97535959.3,7340241.385981,0
1692576000000,0.07591,0.07625,0.07402,0.0751,248123571.7,1692662399999,18636996.294281,70731,120554602.1,9055178.651724,0
1692662400000,0.0751,0.0756,0.07409,0.07548,226218059.2,1692748799999,16943837.74879,66917,113185388.3,8480772.282739,0
1692748800000,0.07548,0.07794,0.07542,0.0776,255047036.7,1692835199999,19595782.47688,76128,139555246.7,10720294.949775,0
1692835200000,0.0776,0.07794,0.07615,0.07664,204449731.6,1692921599999,15780248.324451,61216,108803230.4,8404127.670946,0
1692921600000,0.07664,0.07743,0.07607,0.07724,238107099.0,1693007999999,18285815.287634,65651,121041911.5,9297118.575491,0
1693008000000,0.07724,0.07764,0.07715,0.07745,133554128.0,1693094399999,10343801.25121,45977,73674331.5,5706956.650824,0
1693094400000,0.07746,0.07761,0.07712,0.07755,130177713.9,1693180799999,10077584.693493,46731,71325838.0,5522979.787254,0
1693180800000,0.07754,0.07759,0.07624,0.07634,200026578.6,1693267199999,15417222.998611,60144,98994765.2,7637326.665621,0
1693267200000,0.07635,0.07796,0.0759,0.07732,270021767.6,1693353599999,20761717.762977,67544,143396872.4,11033863.560256,0
1693353600000,0.07731,0.07732,0.07543,0.07562,227391791.0,1693439999999,17321852.408899,58549,103769914.3,7901904.157376,0
1693440000000,0.07561,0.07699,0.07518,0.07673,257474997.2,1693526399999,19580096.873433,67723,127658008.7,9707982.859465,0
1693526400000,0.07672,0.07753,0.07577,0.07608,263279151.4,1693612799999,20208196.989246,73254,125887905.4,9668338.460212,0
1693612800000,0.07607,0.07715,0.07598,0.07702,131712755.7,1693699199999,10094957.680202,45967,75567863.8,5793747.880551,0
1693699200000,0.07701,0.07715,0.07664,0.07703,103627438.3,1693785599999,7967897.27756,41277,50920410.2,3915860.326275,0
1693785600000,0.07704,0.07755,0.0767,0.07751,178279220.6,1693871999999,13744385.371919,53434,96074966.0,7409091.037002,0
1693872000000,0.07752,0.0778,0.07699,0.07746,177853521.3,1693958399999,13765705.065265,52730,91816726.9,7108755.018165,0
1693958400000,0.07746,0.07896,0.07722,0.07893,313889307.2,1694044799999,24450241.6796,76946,175487784.8,13671753.893568,0
1694044800000,0.07894,0.07943,0.07869,0.07917,199386172.6,1694131199999,15754205.517348,64351,105638143.7,8347787.54973,0
1694131200000,0.07917,0.0795,0.07823,0.07915,155891634.4,1694217599999,12297974.675304,57712,75489421.5,5956256.529502,0
1694217600000,0.07916,0.07923,0.07869,0.07917,101872503.8,1694303999999,8047722.041399,44838,51681394.9,4083388.594464,0
1694304000000,0.07918,0.07921,0.07772,0.0783,162139433.3,1694390399999,12708930.097643,56846,73524459.0,5762712.763635,0
1694390400000,0.07831,0.07885,0.07699,0.07755,240632217.9,1694476799999,18730147.100157,71957,115633810.5,9003705.306627,0
1694476800000,0.07755,0.08286,0.07743,0.08075,444342890.9,1694563199999,35747786.510334,120882,220416129.2,17697833.253118,0
1694563200000,0.08075,0.08203,0.08023,0.08123,264045845.5,1694649599999,21348573.402967,70577,128002037.6,10350186.215786,0
1694649600000,0.08122,0.08396,0.08092,0.08377,271297847.3,1694735999999,22348211.673816,84996,145540270.6,11995174.072796,0
1694736000000,0.08376,0.08422,0.08289,0.08405,285338178.4,1694822399999,23873465.223498,88649,147292628.8,12325066.96936,0
1694822400000,0.08405,0.08453,0.08327,0.08352,197155608.6,1694908799999,16516375.141242,64640,94005420.6,7876385.585236,0
1694908800000,0.08352,0.08388,0.08306,0.08334,169544506.6,1694995199999,14144946.824016,55131,85148910.8,7105116.32144,0
1694995200000,0.08334,0.0848,0.08295,0.08388,236033220.3,1695081599999,19852320.486998,70115,126673326.3,10651604.223542,0
1695081600000,0.08388,0.08489,0.08372,0.08455,198108165.7,1695167999999,16714197.179358,65264,101428220.1,8558398.68404,0
1695168000000,0.08455,0.08503,0.08407,0.08444,182738177.6,1695254399999,15451539.948426,61325,91130274.0,7707194.334929,0
1695254400000,0.08443,0.08476,0.08274,0.08301,228008891.0,1695340799999,19061122.81817,72203,109064589.9,9119198.552938,0
1695340800000,0.08301,0.08439,0.08279,0.08334,208088379.7,1695427199999,17388270.013715,61326,104143455.2,8703417.966503,0
1695427200000,0.08333,0.08391,0.08317,0.08362,132562611.0,1695513599999,11074040.485332,45372,67232514.0,5616761.136589,0
1695513600000,0.08361,0.08448,0.08343,0.0836,138117429.6,1695599999999,11601091.365722,47873,71212439.3,5982631.119423,0
1695600000000,0.08359,0.08499,0.08323,0.08466,170998932.6,1695686399999,14389558.896573,57290,89641995.7,7545034.280035,0
1695686400000,0.08466,0.08497,0.08413,0.08471,174453952.1,1695772799999,14766607.368197,58552,86269858.0,7303302.917469,0
1695772800000,0.08471,0.086,0.08465,0.0855,218966939.6,1695859199999,18683358.028712,67796,115196490.2,9830212.352698,0
1695859200000,0.08549,0.08677,0.08443,0.08675,240305289.5,1695945599999,20521358.39487,66095,121651416.6,10387699.183637,0
1695945600000,0.08674,0.08988,0.08672,0.08912,316659355.3,1696031999999,28047009.788193,84388,156888593.2,13889121.762391,0
1696032000000,0.08912,0.0894,0.08838,0.0886,140449969.7,1696118399999,12467159.718961,50461,63526822.8,5639176.708677,0
1696118400000,0.0886,0.09042,0.08793,0.09011,189188592.8,1696204799999,16846771.469886,61598,97081977.4,8648567.025436,0
1696204800000,0.09011,0.09042,0.0873,0.08744,256053091.3,1696291199999,22802215.473474,73103,105690135.1,9417666.340242,0
1696291200000,0.08744,0.09109,0.08733,0.09071,302880975.1,1696377599999,26841838.372686,91145,155989514.5,13813904.672115,0
1696377600000,0.0907,0.0908,0.08816,0.08891,253414811.6,1696463999999,22582286.635718,87914,122581100.7,10921694.301831,0
1696464000000,0.08891,0.08952,0.08816,0.08824,187948620.0,1696550399999,16704559.095601,61769,98001433.2,8712554.793101,0
1696550400000,0.08824,0.08892,0.08532,0.08719,321096647.4,1696636799999,27887210.019665,94859,153997322.0,13371095.855146,0
1696636800000,0.0872,0.08839,0.08711,0.08808,167014012.6,1696723199999,14658714.142167,64157,88120328.5,7735584.392757,0
1696723200000,0.08807,0.08837,0.08744,0.08802,107761906.9,1696809599999,9474650.828805,48227,54043890.8,4751758.414413,0
1696809600000,0.08803,0.08831,0.0854,0.08613,219076421.2,1696895999999,19023410.499386,73134,104741487.1,9097346.852471,0
1696896000000,0.08613,0.08665,0.08601,0.08622,159710691.7,1696982399999,13795992.587059,62285,79581326.7,6874767.929226,0
1696982400000,0.08622,0.08667,0.08547,0.08603,223636400.3,1697068799999,19257470.111583,81029,109941965.7,9468237.453813,0
1697068800000,0.08603,0.08653,0.0847,0.08481,190439808.0,1697155199999,16292193.794938,67776,96379625.0,8246814.215676,0
1697155200000,0.08481,0.08581,0.08476,0.08549,156259785.3,1697241599999,13327352.626875,57868,81740362.6,6971358.698312,0
1697241600000,0.08549,0.08576,0.085,0.08501,134151490.6,1697327999999,11451122.486646,55723,63957854.8,5459372.556507,0
1697328000000,0.085,0.0868,0.0848,0.08667,142600506.0,1697414399999,12207764.350163,51345,78031686.1,6682676.022572,0
1697414400000,0.08667,0.09072,0.08661,0.08885,334163970.0,1697500799999,29491539.806604,92296,182295997.7,16084421.625099,0
1697500800000,0.08886,0.08891,0.08733,0.08854,217078981.3,1697587199999,19161386.536096,77247,110417251.2,9746442.407772,0
1697587200000,0.08855,0.08948,0.08844,0.08915,244115917.3,1697673599999,21735694.504813,70994,126260681.7,11242597.444078,0
1697673600000,0.08914,0.08999,0.08835,0.08999,238261285.1,1697759999999,21230343.043362,68477,119239108.8,10628701.316636,0
1697760000000,0.08999,0.09209,0.08985,0.09074,309801960.8,1697846399999,28173435.954133,93102,161481989.0,14687920.308099,0
1697846400000,0.09075,0.09185,0.0905,0.0916,232498688.0,1697932799999,21175322.570262,74706,115594413.7,10529050.624072,0
1697932800000,0.0916,0.0919,0.0897,0.09031,244504917.2,1698019199999,22159185.234297,83387,121778393.1,11036047.396751,0
1698019200000,0.09032,0.09417,0.08998,0.09219,402839438.9,1698105599999,36728618.504708,126703,211145219.4,19261704.937299,0
1698105600000,0.09219,0.09393,0.09182,0.09236,418182035.2,1698191999999,38823074.692689,129204,217915280.6,20235115.398319,0
1698192000000,0.09235,0.09411,0.09225,0.09351,288637322.5,1698278399999,26900317.501742,94488,144324860.2,13450905.433026,0
1698278400000,0.09351,0.09377,0.092,0.09285,314050747.8,1698364799999,29208696.397215,97558,157614478.6,14659121.5263,0
1698364800000,0.09285,0.09408,0.09259,0.09353,250891343.5,1698451199999,23424101.540727,82958,126659378.5,11825661.182095,0
1698451200000,0.09352,0.09469,0.09326,0.09433,210964012.0,1698537599999,19854038.940201,73366,105736014.2,9950752.443258,0
1698537600000,0.09434,0.09515,0.09411,0.09489,168139361.3,1698623999999,15928072.081653,64057,81081306.2,7681478.457032,0
1698624000000,0.09489,0.09563,0.09401,0.09558,234502894.9,1698710399999,22226300.19491,79722,119943634.0,11372277.870408,0
1698710400000,0.09558,0.09716,0.09549,0.09715,313153368.1,1698796799999,30132021.790942,104157,163274190.4,15715336.518565,0
1698796800000,0.09715,0.10066,0.09686,0.10014,475215219.1,1698883199999,46999441.686279,145761,250403698.6,24764644.315564,0
1698883200000,0.10014,0.10121,0.09861,0.09922,287312700.5,1698969599999,28703128.758214,111668,136938388.2,13684821.7938,0
1698969600000,0.09921,0.09921,0.09706,0.09722,270194505.6,1699055999999,26477345.194937,104596,121117299.6,11870089.691659,0
1699056000000,0.09722,0.09821,0.09688,0.09765,197939124.7,1699142399999,19296516.006111,87769,101697235.9,9915626.635722,0
1699142400000,0.09766,0.09892,0.09733,0.09808,184215194.0,1699228799999,18086222.846274,84213,93253136.4,9156822.74455,0
1699228800000,0.09808,0.09897,0.09642,0.09765,279350030.2,1699315199999,27312449.543407,105027,141697931.5,13850394.727169,0
1699315200000,0.09765,0.09783,0.09592,0.09658,215089128.7,1699401599999,20813078.953109,90713,102953310.7,9964262.96714,0
1699401600000,0.09657,0.09874,0.0963,0.09833,208267416.7,1699487999999,20350437.900867,80733,110702531.3,10815563.755948,0
1699488000000,0.09833,0.10089,0.09737,0.09889,426408767.2,1699574399999,42314741.147383,138856,208942633.6,20738388.649336,0
1699574400000,0.0989,0.11313,0.0989,0.10622,847913165.8,1699660799999,89393870.185107,340718,412061312.4,43358841.917953,0
1699660800000,0.10621,0.10892,0.10486,0.108,299848101.5,1699747199999,32005949.325516,105599,151049689.0,16120019.531976,0
1699747200000,0.10801,0.1089,0.10619,0.10851,225421599.5,1699833599999,24304612.582403,83959,106703028.4,11508359.217611,0
1699833600000,0.1085,0.11057,0.10686,0.10688,350678153.7,1699919999999,38304769.703792,117916,165311422.4,18081448.678873,0
1699920000000,0.10688,0.10708,0.1019,0.10222,423142578.1,1700006399999,44376649.214969,124294,171645537.8,18025532.875788,0
1700006400000,0.10222,0.10462,0.10213,0.10406,368833429.3,1700092799999,38242757.853158,114775,185641631.5,19248935.593059,0
1700092800000,0.10406,0.10467,0.10152,0.10233,300643160.9,1700179199999,31090636.921551,101810,137863018.5,14263889.625751,0
1700179200000,0.10234,0.10386,0.1018,0.10371,236863418.9,1700265599999,24398570.804848,82326,120888804.0,12456289.362271,0
1700265600000,0.10371,0.10373,0.10118,0.1029,204342179.3,1700351999999,20919415.184552,67794,95547765.3,9776649.333135,0
1700352000000,0.10291,0.10379,0.10172,0.10349,184696788.5,1700438399999,18979139.881554,66085,95756863.1,9843867.992252,0
1700438400000,0.10349,0.10499,0.10085,0.10096,292782789.3,1700524799999,30221132.639548,97767,126037615.1,13021337.381393,0
1700524800000,0.10097,0.10194,0.0957,0.09612,474621946.3,1700611199999,47248051.474521,134685,196927581.8,19622839.066083,0
1700611200000,0.09611,0.1022,0.09598,0.10115,523906300.7,1700697599999,52288089.871664,132186,256768379.2,25586365.203538,0
1700697600000,0.10116,0.10218,0.10081,0.10208,184085250.9,1700783999999,18665559.050567,69978,92842042.0,9417553.073787,0
1700784000000,0.10208,0.10523,0.10199,0.10455,374828289.4,1700870399999,38858262.360882,110360,190924799.1,19789248.473617,0
1700870400000,0.10456,0.10903,0.10445,0.10895,362513612.2,1700956799999,38382901.023149,116707,185325475.4,19615702.282635,0
1700956800000,0.10894,0.10995,0.10709,0.10778,247591284.6,1701043199999,26844985.145279,96340,109025794.9,11819910.49388,0
1701043200000,0.10779,0.108,0.10182,0.10193,387030776.9,1701129599999,40475242.323937,106743,158117307.9,16533916.979917,0
1701129600000,0.10193,0.10369,0.09991,0.10295,434013130.1,1701215999999,44233862.084834,124660,216505644.8,22077512.936517,0
1701216000000,0.10295,0.10404,0.10277,0.10343,271374930.4,1701302399999,28074009.022714,89934,145877146.9,15090877.33352,0
1701302400000,0.10342,0.10428,0.10293,0.10347,242667070.4,1701388799999,25108836.341472,82042,127345537.6,13176394.686826,0
1701388800000,0.10347,0.10415,0.10267,0.10306,234344096.0,1701475199999,24249626.456951,79280,123512875.8,12781771.355077,0
1701475200000,0.10307,0.10365,0.10226,0.10317,194410208.0,1701561599999,20020803.866309,74293,99024409.7,10200141.760769,0
1701561600000,0.10317,0.10402,0.10256,0.10308,207105097.3,1701647999999,21388585.659738,75886,101349475.8,10468935.297042,0
1701648000000,0.10309,0.10584,0.10206,0.10384,412887641.5,1701734399999,42857011.133886,128011,209237733.1,21726202.720858,0
1701734400000,0.10385,0.10417,0.10249,0.10356,270782203.2,1701820799999,27956442.908798,94857,132623058.1,13695361.145687,0
1701820800000,0.10357,0.10619,0.10223,0.10476,451225908.1,1701907199999,47139032.256287,156828,214748300.4,22434048.755509,0
1701907200000,0.10476,0.10554,0.10302,0.10416,268732795.7,1701993599999,27962337.365942,107997,132520594.4,13791556.408188,0
1701993600000,0.10416,0.1072,0.10406,0.10663,392606990.5,1702079999999,41542726.264376,129653,205510717.8,21744517.858,0
1702080000000,0.10664,0.10866,0.10629,0.10664,345968540.4,1702166399999,37209224.947825,126902,175425936.9,18875477.873733,0
1702166400000,0.10665,0.10846,0.10645,0.10784,244339401.4,1702252799999,26282393.179532,102979,117127882.5,12601511.119526,0
1702252800000,0.10784,0.10794,0.101,0.10383,432117090.6,1702339199999,45185737.545302,170924,192663303.0,20139066.958556,0
1702339200000,0.10382,0.1051,0.103,0.10359,272188493.5,1702425599999,28356860.802272,102326,133074184.0,13868335.012994,0
1702425600000,0.10359,0.10452,0.10186,0.1043,287292993.5,1702511999999,29642655.776687,101404,140866322.0,14541976.48502,0
1702512000000,0.1043,0.10606,0.10336,0.106,261545278.2,1702598399999,27439590.012901,101553,132121123.8,13866242.214774,0
1702598400000,0.10601,0.10628,0.10141,0.10156,298311454.1,1702684799999,31029070.52909,110209,122275153.1,12725700.951143,0
1702684800000,0.10157,0.10318,0.10112,0.10282,235922028.9,1702771199999,24174595.106466,91314,116510211.3,11938986.025048,0
1702771200000,0.10282,0.10345,0.10194,0.10203,199693519.2,1702857599999,20521647.832074,81068,96670803.5,9936719.113841,0
1702857600000,0.10204,0.10207,0.09769,0.1009,417647096.2,1702943999999,41660161.840134,129194,197998921.7,19743912.797573,0
1702944000000,0.1009,0.10166,0.10004,0.1006,228404875.7,1703030399999,23070956.394482,93629,110479110.3,11162243.578507,0
1703030400000,0.1006,0.10329,0.10058,0.10273,228268521.5,1703116799999,23346294.727531,92953,118457870.6,12111807.460063,0
1703116800000,0.10273,0.10492,0.10245,0.10463,228759932.8,1703203199999,23794850.156055,94568,116100053.3,12076536.062273,0
1703203200000,0.10463,0.10508,0.1038,0.10508,235469453.7,1703289599999,24595975.220932,95907,121836680.9,12729909.503018,0
1703289600000,0.10508,0.10693,0.10398,0.10676,238188196.9,1703375999999,25154868.408476,105570,130718835.1,13808120.329704,0
1703376000000,0.10676,0.1075,0.10538,0.1062,288291905.4,1703462399999,30707192.425233,114241,145623100.7,15516575.763875,0
1703462400000,0.10621,0.10838,0.10551,0.10586,372605945.5,1703548799999,39902546.816687,125656,186158296.0,19942642.469521,0
1703548800000,0.10587,0.1065,0.102,0.10305,434138526.2,1703635199999,45331100.840869,148536,200535672.3,20943889.851736,0
1703635200000,0.10305,0.1054,0.10246,0.10534,251042078.9,1703721599999,26105611.594837,108417,137155558.0,14268582.656527,0
1703721600000,0.10535,0.10641,0.10439,0.10545,317361023.9,1703807999999,33475689.533581,134282,158803807.1,16754879.048438,0
1703808000000,0.10544,0.10672,0.10461,0.1056,313739596.0,1703894399999,33148399.80559,134886,157863361.0,16681402.48441,0
1703894400000,0.10561,0.10719,0.10514,0.10595,232397263.8,1703980799999,24646334.219825,106975,120912043.8,12825523.836236,0
1703980800000,0.10596,0.109,0.10563,0.10764,285832127.2,1704067199999,30769657.878967,112664,154682662.6,16653481.131967,0
1704067200000,0.10764,0.10832,0.10607,0.10772,219601099.4,1704153599999,23542044.896537,99663,110222290.7,11817330.10717,0
1704153600000,0.10771,0.11052,0.10756,0.10834,369857145.1,1704239999999,40365364.54673,152666,196597927.5,21459975.117884,0
1704240000000,0.10834,0.10997,0.1035,0.10675,653375226.0,1704326399999,69261650.916177,204197,312839735.6,33158065.573126,0
1704326400000,0.10675,0.10866,0.10628,0.10696,365657572.7,1704412799999,39247867.226898,136025,185432844.7,19907950.943399,0
1704412800000,0.10697,0.10711,0.10329,0.10438,361639139.0,1704499199999,37972616.077934,138645,169133278.6,17750759.087737,0
1704499200000,0.10438,0.10439,0.10177,0.10387,260125323.2,1704585599999,26867878.204993,95295,124151490.3,12828941.19647,0
1704585600000,0.10386,0.1041,0.10255,0.1028,188093257.6,1704671999999,19488065.598978,76597,92107019.6,9547873.031027,0
1704672000000,0.1028,0.10424,0.10115,0.1042,380877511.5,1704758399999,39236991.147638,123088,199110233.7,20521426.792445,0
1704758400000,0.1042,0.10453,0.10162,0.10277,356089853.7,1704844799999,36644601.496475,122795,170793041.0,17575175.871711,0
1704844800000,0.10276,0.10577,0.10274,0.10524,373902317.1,1704931199999,38918028.119935,137000,200567114.5,20883184.182795,0
1704931200000,0.10528,0.10765,0.10476,0.10619,437379148.6,1705017599999,46405853.116953,142220,232982153.3,24727014.07715,0
1705017600000,0.1062,0.10799,0.10581,0.10684,437300612.6,1705103999999,46752405.30065,149731,232106604.2,24820351.336341,0
1705104000000,0.10684,0.11632,0.10624,0.11424,1079283467.4,1705190399999,121268337.745029,320009,593863826.3,66637732.13082,0
1705190400000,0.11424,0.11768,0.11105,0.11121,525359325.3,1705276799999,60334475.25319,181981,256289406.8,29478340.837541,0
1705276800000,0.11122,0.1144,0.10782,0.10865,531867682.7,1705363199999,59487473.674717,178234,261920273.6,29338167.290442,0
1705363200000,0.10865,0.11052,0.10742,0.10807,378913601.5,1705449599999,41214380.506395,151586,183637714.6,19981151.222322,0
1705449600000,0.10806,0.10932,0.10746,0.10838,245058284.5,1705535999999,26541971.248763,97330,128454046.7,13916385.035499,0
1705536000000,0.10839,0.10989,0.1066,0.10813,349816292.3,1705622399999,38008550.188289,113189,181751424.6,19758638.806972,0
1705622400000,0.10813,0.1105,0.10684,0.1105,382116292.7,1705708799999,41572385.431733,124871,210869528.2,22954974.873279,0
1705708800000,0.1105,0.1109,0.10971,0.11006,184816070.9,1705795199999,20374234.239825,80395,91755934.0,10117290.137061,0
1705795200000,0.11005,0.11161,0.1089,0.10895,215015565.2,1705881599999,23731935.800678,83504,100573661.4,11108827.787346,0
1705881600000,0.10895,0.10989,0.108,0.10931,336477095.4,1705967999999,36680684.709648,106298,175282231.0,19114410.887169,0
1705968000000,0.10931,0.10998,0.10615,0.10722,415753759.6,1706054399999,44832242.084053,113287,196138708.3,21162554.587879,0
1706054400000,0.10721,0.10883,0.10692,0.10882,250668079.7,1706140799999,27056873.975923,86471,139809215.4,15093681.658362,0
1706140800000,0.10882,0.11245,0.10855,0.11212,340826192.5,1706227199999,37776297.445229,110631,190853997.4,21149304.807763,0
1706227200000,0.11212,0.11522,0.11208,0.11448,340850647.7,1706313599999,38876198.902466,113787,198328351.7,22617435.876865,0
1706313600000,0.11448,0.11661,0.11196,0.11244,292465245.8,1706399999999,33418084.002037,108175,137545897.8,15733138.176107,0
1706400000000,0.11244,0.1135,0.11158,0.11224,229673016.0,1706486399999,25837565.850191,78027,113303438.1,12750332.497156,0
1706486400000,0.11224,0.11432,0.11205,0.11304,336801916.5,1706572799999,38115665.557056,99540,182335201.9,20635879.379949,0
1706572800000,0.11304,0.11311,0.11152,0.11206,241375822.1,1706659199999,27097359.414079,86793,116421484.9,13071631.7829,0
1706659200000,0.11205,0.11358,0.11144,0.11226,419797429.1,1706745599999,47277669.642631,120026,217818485.6,24537911.418343,0
1706745600000,0.11225,0.11579,0.11178,0.11564,341991970.2,1706831999999,38937253.87815,118917,195475256.8,22267243.619961,0
1706832000000,0.11564,0.11796,0.11552,0.11629,326960993.2,1706918399999,38281581.269992,120530,161644473.0,18924084.610591,0
1706918400000,0.11629,0.11742,0.11603,0.11724,142770335.5,1707004799999,16659239.58402,78539,79881292.1,9322998.053366,0
1707004800000,0.11724,0.119,0.117,0.11843,213808002.2,1707091199999,25242194.863207,85992,107112577.9,12649916.502582,0
1707091200000,0.11842,0.12,0.1179,0.11898,329393234.3,1707177599999,39131097.444279,118077,159020304.7,18898355.320574,0
1707177600000,0.11897,0.1278,0.11889,0.12101,402044182.1,1707263999999,48937845.018,200195,212709418.0,25894187.349629,0
1707264000000,0.12102,0.12634,0.12087,0.1236,325276841.6,1707350399999,40439486.051822,162859,164023021.9,20399238.320403,0
1707350400000,0.1236,0.12684,0.12108,0.12189,369759375.6,1707436799999,45524681.763436,146900,193825073.8,23863353.252121,0
1707436800000,0.12189,0.12383,0.12176,0.1237,277635906.0,1707523199999,34133599.518834,110779,139743887.4,17183679.062239,0
1707523200000,0.12369,0.12453,0.123,0.12436,149573643.7,1707609599999,18501563.869308,77123,76349263.8,9447383.71914,0
1707609600000,0.12436,0.12491,0.12406,0.12422,138509507.9,1707695999999,17247502.338772,71762,66907792.3,8333140.296253,0
1707696000000,0.12421,0.12575,0.12353,0.125,292882064.6,1707782399999,36575573.076088,109764,151053081.0,18870077.278837,0
1707782400000,0.12499,0.12699,0.12448,0.12687,266639994.9,1707868799999,33457027.706603,108008,141538063.0,17765252.072318,0
1707868800000,0.12687,0.12996,0.12642,0.12956,322212301.9,1707955199999,41398570.226182,121413,177117145.1,22754003.624933,0
1707955200000,0.12956,0.13182,0.12368,0.13104,432251573.1,1708041599999,56493477.977658,154879,232135812.2,30345765.111226,0
1708041600000,0.13104,0.1329,0.13081,0.13282,300961759.9,1708127999999,39664692.467115,112652,159771631.8,21062498.545932,0
1708128000000,0.13282,0.13941,0.13257,0.1359,615517929.2,1708214399999,83700669.238549,194373,333180301.8,45288192.180286,0
1708214400000,0.1359,0.13607,0.13462,0.13518,224842814.6,1708300799999,30394458.415275,111827,108116974.7,14616734.102163,0
1708300800000,0.13518,0.13677,0.13505,0.13636,278248870.6,1708387199999,37810911.671332,110239,155665615.1,21154828.576954,0
1708387200000,0.13636,0.13998,0.13579,0.13921,458113781.3,1708473599999,63082797.807266,162893,255022616.2,35136680.843907,0
1708473600000,0.13921,0.14048,0.13834,0.13971,497754517.3,1708559999999,69400694.671144,168960,261162084.3,36420120.860804,0
1708560000000,0.13972,0.14017,0.13864,0.13901,315839996.2,1708646399999,44056545.688522,120126,154629350.7,21571376.535545,0
1708646400000,0.139,0.1393,0.13762,0.13817,256733404.7,1708732799999,35579950.988514,104522,119829470.6,16610509.485208,0
1708732800000,0.13816,0.13832,0.137,0.13742,177217552.0,1708819199999,24393730.252838,88855,83052906.3,11433753.938449,0
1708819200000,0.13742,0.13805,0.13725,0.13765,143147950.5,1708905599999,19702862.757151,81842,72122661.8,9928325.252384,0
1708905600000,0.13764,0.13996,0.13732,0.13983,279551897.7,1708991999999,38738988.813147,115527,157948959.3,21899302.05344,0
1708992000000,0.13984,0.14422,0.13971,0.14288,426070344.2,1709078399999,60267596.841756,165171,251638278.9,35583829.130309,0
1709078400000,0.14288,0.14412,0.139,0.14214,544490296.9,1709164799999,77762810.213771,214703,284838354.1,40701765.299347,0
1709164800000,0.14213,0.14373,0.14032,0.14049,429917334.7,1709251199999,61099312.689428,174460,215531193.3,30654193.846434,0
1709251200000,0.14049,0.1415,0.13399,0.14148,270352291.6,1709337599999,38104358.922661,122017,142431319.7,20081117.625868,0
1709337600000,0.14147,0.14176,0.14012,0.1412,257159307.9,1709423999999,36178608.301411,121950,136253599.8,19170741.533308,0
1709424000000,0.14119,0.14128,0.13924,0.14065,272081574.7,1709510399999,38222361.752425,115440,127079267.5,17854974.199957,0
1709510400000,0.14064,0.14202,0.13959,0.14026,456279680.2,1709596799999,64054795.909637,156963,237156747.1,33298932.660593,0
1709596800000,0.14026,0.14047,0.13479,0.13585,751853598.3,1709683199999,103994870.60598,226687,340719918.3,47143551.479699,0
1709683200000,0.13585,0.1383,0.13546,0.13775,502759707.8,1709769599999,68937560.413516,150290,269931230.5,37017344.429495,0
1709769600000,0.13774,0.138,0.13599,0.13709,336108039.7,1709855999999,46127157.757683,116745,168069497.9,23066635.212875,0
1709856000000,0.13709,0.13885,0.13604,0.13662,317237217.8,1709942399999,43441452.394936,118786,157134955.1,21523096.311123,0
1709942400000,0.13663,0.13711,0.13556,0.13579,269618005.8,1710028799999,36727874.073932,101391,134187877.2,18282297.132536,0
1710028800000,0.13579,0.13609,0.13346,0.13377,246748453.1,1710115199999,33355178.948854,90829,113714579.9,15377798.241666,0
1710115200000,0.13377,0.13427,0.13193,0.13372,491093365.1,1710201599999,65382751.823793,146282,264469958.6,35208327.579895,0
1710201600000,0.13372,0.13406,0.13062,0.13142,468884376.0,1710287999999,61949093.76116,137434,222399696.8,29385801.821977,0
1710288000000,0.13142,0.133,0.13106,0.13194,370620030.5,1710374399999,48804049.382101,111540,203291099.1,26772285.010234,0
1710374400000,0.13195,0.13202,0.12779,0.12913,540373565.5,1710460799999,70176939.063061,148644,260525417.7,33832258.524714,0
1710460800000,0.12912,0.12936,0.12533,0.12633,695492415.1,1710547199999,88079023.695344,170224,329631228.8,41737998.451463,0
1710547200000,0.12632,0.12735,0.12479,0.12527,382016537.8,1710633599999,48237779.24318,116635,190697439.4,24087850.526767,0
1710633600000,0.12527,0.12651,0.12431,0.12624,337572884.6,1710719999999,42311513.707935,99675,189712353.4,23790526.056058,0
1710720000000,0.12624,0.12671,0.12304,0.12408,380024097.2,1710806399999,47478226.192654,110146,187563016.2,23445760.355452,0
1710806400000,0.12407,0.12436,0.11042,0.11244,841615892.6,1710892799999,100468710.730828,230774,380419167.9,45341347.326254,0
1710892800000,0.11244,0.12116,0.11031,0.12071,650586212.3,1710979199999,75494120.077154,229723,326339168.3,37866028.971371,0
1710979200000,0.12072,0.12195,0.1204,0.12115,436392683.5,1711065599999,52895948.195323,154707,209877579.2,25436007.796116,0
1711065600000,0.12115,0.12153,0.11496,0.11737,402203610.0,1711151999999,47830393.878013,143319,197465200.4,23501750.389442,0
1711152000000,0.11736,0.11975,0.11601,0.11823,292979843.3,1711238399999,34556465.537857,133909,146683549.1,17303090.413776,0
1711238400000,0.11824,0.12051,0.11643,0.12014,274235100.7,1711324799999,32699177.075097,124503,140484266.0,16757195.443233,0
1711324800000,0.12014,0.12102,0.11701,0.12043,442118315.1,1711411199999,52759353.030955,163493,228491377.1,27285833.397381,0
1711411200000,0.12042,0.12238,0.12034,0.12079,393306852.6,1711497599999,47706619.66248,130653,202889867.2,24611905.35851,0
1711497600000,0.1208,0.12148,0.11897,0.11933,393722158.2,1711583999999,47351816.957789,122657,179926318.3,21651376.189451,0
1711584000000,0.11933,0.12063,0.11907,0.12044,250748769.6,1711670399999,30092231.654184,98307,133030444.2,15965442.118027,0
1711670400000,0.12044,0.12201,0.11942,0.11989,291588659.8,1711756799999,35034084.844431,106967,141474043.6,17002814.00016,0
1711756800000,0.11989,0.1229,0.11988,0.12256,261629662.9,1711843199999,31722023.594189,102320,148795920.8,18043488.206065,0
1711843200000,0.12256,0.12334,0.1221,0.12296,195990091.8,1711929599999,24037378.071995,94258,100151545.4,12284044.603747,0
1711929600000,0.12296,0.1232,0.11984,0.12051,374906211.5,1712015999999,45501156.734014,135579,172682866.7,20960228.685696,0
1712016000000,0.12051,0.12053,0.11589,0.11662,497703758.9,1712102399999,58429258.17343,155486,225919775.5,26514651.463846,0
1712102400000,0.11662,0.11879,0.11572,0.11712,434800666.5,1712188799999,51005914.657794,118635,212311888.4,24910562.682353,0
1712188800000,0.11711,0.11945,0.11689,0.11915,347105378.4,1712275199999,41004702.885001,112322,199999051.6,23629545.352209,0
1712275200000,0.11915,0.1194,0.11729,0.1179,321322582.2,1712361599999,38011270.915602,109756,150114038.4,17760442.312457,0
1712361600000,0.1179,0.1199,0.11773,0.11959,196481045.1,1712447999999,23315980.636913,81007,110805460.6,13154677.203723,0
1712448000000,0.1196,0.12096,0.11958,0.12056,165324153.9,1712534399999,19891029.077341,79844,92614061.5,11143013.702729,0
1712534400000,0.12056,0.12401,0.12051,0.12303,327134475.3,1712620799999,40004312.624288,119855,183504718.7,22432214.794814,0
1712620800000,0.12304,0.12307,0.12033,0.12109,345949848.7,1712707199999,42079325.115351,116908,161886003.6,19693104.151251,0
1712707200000,0.12109,0.12395,0.11788,0.1191,544588208.2,1712793599999,65501809.09357,163209,268206602.8,32250846.200692,0
1712793600000,0.11909,0.12046,0.11889,0.1203,312712286.0,1712879999999,37435487.16882,105142,175019342.0,20955853.843215,0
1712880000000,0.12029,0.12232,0.1134,0.1148,794872728.6,1712966399999,93948569.759885,203889,354655890.6,41994802.359358,0
1712966400000,0.1148,0.11536,0.10776,0.11006,848765534.7,1713052799999,94785661.927871,215317,378242800.5,42220895.671845,0
1713052800000,0.11005,0.1126,0.1089,0.11243,636270065.5,1713139199999,70472547.707009,145379,333984886.7,37022199.492267,0
1713139200000,0.11243,0.11535,0.11004,0.11146,807034829.2,1713225599999,91246239.097996,174532,398246165.6,45042637.33468,0
1713225600000,0.11147,0.11206,0.10896,0.1118,650579115.4,1713311999999,71920242.138036,135839,332444460.5,36777825.357287,0
1713312000000,0.1118,0.113,0.108,0.10971,483427986.3,1713398399999,53646614.402003,122447,234359770.6,26031908.992335,0
1713398400000,0.10971,0.11016,0.10749,0.10925,463301288.8,1713484799999,50507764.668552,114584,229579376.5,25039360.850048,0
1713484800000,0.10924,0.11059,0.10496,0.10989,642998621.1,1713571199999,69602142.202201,172583,305395182.2,33095294.169276,0
1713571200000,0.1099,0.11116,0.1084,0.11105,336692035.9,1713657599999,37028019.023603,116771,167185037.0,18396761.097751,0
1713657600000,0.11105,0.1115,0.11024,0.11132,206116531.7,1713743999999,22871334.665611,85348,98804059.8,10966606.927105,0
1713744000000,0.11132,0.11248,0.11041,0.11223,325386290.1,1713830399999,36230383.295913,100935,171736403.2,19124841.566646,0
1713830400000,0.11222,0.11365,0.11127,0.11322,303557229.8,1713916799999,34113771.628988,96757,156838844.1,17625767.364998,0
1713916800000,0.11322,0.11414,0.11235,0.11329,371820986.9,1714003199999,42182750.322499,112917,194065825.7,22017385.940638,0
1714003200000,0.1133,0.11744,0.11314,0.11722,438421753.3,1714089599999,50517002.504379,138814,231785806.3,26718999.836307,0
1714089600000,0.11722,0.12057,0.11653,0.12014,422599435.2,1714175999999,50049029.164403,132611,219766110.4,26025644.180972,0
1714176000000,0.12015,0.12096,0.11857,0.11975,340706688.6,1714262399999,40830314.69108,107408,164930771.9,19770487.501691,0
1714262400000,0.11975,0.12282,0.11975,0.12124,248969303.9,1714348799999,30085089.918187,95586,128754974.3,15560074.431698,0
1714348800000,0.12124,0.12144,0.11773,0.11901,368356688.5,1714435199999,43865929.798811,122117,170513159.2,20298063.000281,0
1714435200000,0.11902,0.12086,0.1176,0.11956,687949491.4,1714521599999,81977367.949372,160711,333726174.5,39774780.983382,0
1714521600000,0.11956,0.12106,0.11718,0.12045,607000290.0,1714607999999,72534223.287518,164465,308015625.0,36813158.684777,0
1714608000000,0.12044,0.12338,0.12007,0.12226,402525946.6,1714694399999,49149572.140069,130066,214902111.2,26236860.785383,0
1714694400000,0.12226,0.12385,0.12185,0.1227,267389136.6,1714780799999,32818717.277015,94425,136907074.1,16808191.30334,0
1714780800000,0.1227,0.12356,0.12226,0.12226,208909065.8,1714867199999,25661914.527768,90222,102516341.5,12594724.88945,0
1714867200000,0.12227,0.12232,0.12073,0.12107,194252496.2,1714953599999,23560316.627443,88284,85824800.6,10408324.578208,0
1714953600000,0.12107,0.12202,0.11832,0.11864,332605073.7,1715039999999,39904394.443857,115295,159383324.0,19129351.483871,0
1715040000000,0.11864,0.1216,0.11816,0.12051,325330205.0,1715126399999,38988206.019587,118283,166201245.6,19921870.763376,0
1715126400000,0.12052,0.12375,0.12025,0.12293,473851497.3,1715212799999,57815626.894186,153060,253443270.8,30932577.542283,0
1715212800000,0.12292,0.12712,0.12289,0.1262,435767372.9,1715299199999,54628785.222022,152767,234268305.8,29357150.273065,0
1715299200000,0.12621,0.1275,0.12407,0.12741,393031904.4,1715385599999,49512547.589509,133758,190063745.2,23946710.052996,0
1715385600000,0.12741,0.12767,0.12588,0.12638,189065806.6,1715471999999,23959783.493807,89219,91959433.0,11655435.928694,0
1715472000000,0.12638,0.1274,0.12636,0.12738,122535117.0,1715558399999,15542237.313781,65044,66104839.6,8386226.93583,0
1715558400000,0.12738,0.12756,0.1256,0.12561,265134967.9,1715644799999,33514777.668901,100814,127425351.5,16110881.923809,0
1715644800000,0.12561,0.12588,0.12474,0.12546,198863514.6,1715731199999,24905029.715607,89112,97891854.9,12261501.219495,0
1715731200000,0.12547,0.12677,0.1253,0.12633,180402338.1,1715817599999,22701855.677821,85826,99864415.5,12568799.039225,0
1715817600000,0.12633,0.12666,0.12418,0.125,306505678.5,1715903999999,38342092.087991,145930,154248084.5,19297115.951999,0
1715904000000,0.125,0.12511,0.12395,0.12434,236159593.4,1715990399999,29406080.038117,117447,105490378.6,13135515.1377,0
1715990400000,0.12434,0.12454,0.12296,0.12299,167537381.9,1716076799999,20729162.806632,108999,76450341.0,9460691.839787,0
1716076800000,0.12299,0.12316,0.12053,0.12117,193241530.9,1716163199999,23497235.465632,96938,89874801.5,10929147.739808,0
1716163200000,0.12116,0.12443,0.12092,0.12442,281818651.6,1716249599999,34504255.386693,96607,152489233.1,18680724.628139,0
1716249600000,0.12442,0.12459,0.12277,0.12361,288558071.5,1716335999999,35674694.967223,95313,145868056.6,18033713.77017,0
1716336000000,0.12361,0.12384,0.12001,0.12007,251886546.2,1716422399999,30709925.188293,98363,124529376.4,15183080.485327,0
1716422400000,0.12007,0.12007,0.11379,0.11532,365698716.0,1716508799999,42681563.878924,136446,178603034.0,20848490.933742,0
1716508800000,0.11532,0.11571,0.11329,0.11547,323669789.1,1716595199999,37088363.063976,102422,170783249.4,19576309.354302,0
1716595200000,0.11547,0.11605,0.11316,0.11378,277629797.1,1716681599999,31708360.36429,92597,156714050.3,17908345.316018,0
1716681600000,0.11378,0.11411,0.11272,0.11311,176476714.0,1716767999999,20047310.805239,63126,95579013.2,10860824.508433,0
1716768000000,0.11312,0.11325,0.11085,0.1125,359209797.7,1716854399999,40249772.848845,117507,186008114.6,20835829.583501,0
1716854400000,0.1125,0.11258,0.11032,0.11118,328778506.6,1716940799999,36594672.159371,107758,164284237.2,18281908.495168,0
1716940800000,0.11118,0.11245,0.11096,0.1121,256588322.2,1717027199999,28670545.786193,93201,135329352.8,15122130.304779,0
1717027200000,0.1121,0.11225,0.11041,0.11198,235323559.1,1717113599999,26236614.407569,92598,119260438.4,13302141.795515,0
1717113600000,0.11199,0.11277,0.11096,0.11213,252867056.0,1717199999999,28283842.765834,92692,133783210.6,14965011.218479,0
1717200000000,0.11212,0.11296,0.1109,0.11262,165186405.3,1717286399999,18482279.483763,73298,87388544.0,9775967.713293,0
1717286400000,0.11261,0.11526,0.11252,0.11477,221077821.5,1717372799999,25217481.935325,82175,114005410.4,12999874.792982,0
1717372800000,0.11477,0.11519,0.11288,0.11338,268620881.3,1717459199999,30529372.994088,98057,133294194.7,15148995.560459,0
1717459200000,0.11337,0.11458,0.11311,0.11446,219237298.4,1717545599999,24958278.020445,87767,116969666.6,13318259.104396,0
1717545600000,0.11446,0.1148,0.11363,0.11459,186205840.0,1717631999999,21287345.552026,83581,96405075.5,11022171.336957,0
1717632000000,0.1146,0.11521,0.11397,0.11479,208306481.6,1717718399999,23886043.404602,87560,103080515.3,11819122.440115,0
1717718400000,0.11479,0.11516,0.1111,0.11268,394042916.9,1717804799999,44760185.404392,133707,196849576.8,22368258.426056,0
1717804800000,0.11269,0.11516,0.1122,0.11479,348363545.0,1717891199999,39541932.379998,107628,192342611.0,21828612.76663,0
1717891200000,0.11479,0.11696,0.11371,0.11688,269431498.5,1717977599999,31157794.589306,100432,146028221.2,16880730.088355,0
1717977600000,0.11688,0.11779,0.116,0.11763,298271815.2,1718063999999,34856152.132516,116782,158468526.3,18521002.347958,0
1718064000000,0.11763,0.11797,0.11595,0.11658,372905066.0,1718150399999,43608831.016473,130026,182067714.8,21290836.427217,0
1718150400000,0.1166,0.11786,0.11575,0.11649,419289314.0,1718236799999,48994247.545172,146370,222479584.2,25995370.075499,0
1718236800000,0.11649,0.11714,0.1159,0.11696,268555460.1,1718323199999,31310947.334182,121189,140512649.0,16380513.126407,0
1718323200000,0.11696,0.11712,0.1154,0.1165,322864739.2,1718409599999,37521440.972563,117374,165191137.1,19199626.247457,0
1718409600000,0.1165,0.11665,0.11489,0.1153,146272466.9,1718495999999,16898850.210623,93448,71799320.9,8295593.256833,0
1718496000000,0.1153,0.11775,0.11501,0.1173,178700645.4,1718582399999,20723397.977586,93861,96108503.6,11146195.840698,0
1718582400000,0.1173,0.11812,0.11645,0.11678,364998698.3,1718668799999,42782343.225036,139829,177090399.2,20759718.071281,0
1718668800000,0.11678,0.11682,0.11279,0.11544,388602023.7,1718755199999,44681800.54554,166185,182379467.2,20968406.00008,0
1718755200000,0.11544,0.11719,0.11517,0.11582,253885288.7,1718841599999,29549603.444137,113024,129097742.9,15023141.566073,0
1718841600000,0.11583,0.11707,0.11569,0.11679,193653904.4,1718927999999,22568755.468047,100904,103016072.5,12008105.107736,0
1718928000000,0.1168,0.11874,0.1162,0.11835,293348609.2,1719014399999,34525753.456325,119102,150562939.1,17722137.945886,0
1719014400000,0.11835,0.12,0.11581,0.11966,176265342.2,1719100799999,20986317.834651,90610,86723910.6,10327607.989832,0
1719100800000,0.11967,0.1205,0.11909,0.11924,148497951.4,1719187199999,17794150.338821,82224,72903866.2,8737565.126063,0
1719187200000,0.11924,0.11992,0.11772,0.11909,331140116.7,1719273599999,39380946.826035,132411,155805754.3,18532586.48865,0
1719273600000,0.11909,0.12218,0.11908,0.12189,233319740.6,1719359999999,28242658.499691,108944,131870950.1,15964787.78637,0
1719360000000,0.1219,0.125,0.12182,0.12268,304171429.4,1719446399999,37537068.118167,137834,152895928.4,18866499.318126,0
1719446400000,0.12267,0.12372,0.12197,0.12201,197168718.7,1719532799999,24231317.006979,95399,100832521.7,12393289.460425,0
1719532800000,0.12199,0.12382,0.12179,0.12321,198664767.9,1719619199999,24395875.110845,116106,97501205.8,11973141.430193,0
1719619200000,0.12321,0.12623,0.12299,0.12553,229372118.8,1719705599999,28665579.675433,116493,122339684.3,15291999.637443,0
1719705600000,0.12552,0.12585,0.12466,0.1247,150090620.9,1719791999999,18812816.422869,90157,73182175.0,9173826.647074,0
1719792000000,0.1247,0.12984,0.12465,0.12781,231139017.5,1719878399999,29461244.940273,130271,116848272.1,14886697.666958,0
1719878400000,0.12782,0.12933,0.12762,0.12923,178693333.6,1719964799999,22944043.207949,105006,92626186.9,11893394.947508,0
1719964800000,0.12923,0.12997,0.12824,0.1287,297969097.1,1720051199999,38484811.360985,133117,148673360.9,19203567.639618,0
1720051200000,0.12871,0.129,0.12567,0.1272,423820902.3,1720137599999,53983188.492373,192839,193788248.4,24686108.344312,0
1720137600000,0.1272,0.12777,0.12117,0.12684,857699710.6,1720223999999,107189893.392737,298532,413619282.5,51715820.314488,0
1720224000000,0.12684,0.13028,0.12636,0.12991,265243306.7,1720310399999,34156048.979011,135253,151578427.8,19515274.59324,0
1720310400000,0.12991,0.13091,0.12452,0.12466,332256993.0,1720396799999,42647024.37106,153709,124092167.9,15954927.855661,0
1720396800000,0.12464,0.1264,0.12284,0.12612,421581686.4,1720483199999,52641833.623897,165664,209010066.8,26109209.668904,0
1720483200000,0.12612,0.12996,0.12611,0.12996,253267933.8,1720569599999,32532512.171855,135324,147852930.3,18981353.741549,0
1720569600000,0.12996,0.13183,0.12904,0.13147,211471489.9,1720655999999,27597451.402492,115888,106634910.5,13922783.677306,0
1720656000000,0.13147,0.13534,0.13143,0.13435,321622059.9,1720742399999,43095732.134582,180272,170021174.2,22773817.932255,0
1720742400000,0.13435,0.13727,0.13395,0.13727,245248963.9,1720828799999,33333390.695122,141000,127901998.0,17389093.940882,0
1720828800000,0.13727,0.14154,0.13725,0.13946,358179579.8,1720915199999,50035961.017457,184660,190507902.1,26598492.57085,0
1720915200000,0.13945,0.14018,0.13733,0.13761,212378762.4,1721001599999,29372567.644556,137090,93154675.7,12885606.165965,0
1721001600000,0.1376,0.13889,0.13658,0.1373,257606928.1,1721087999999,35504651.976266,153970,125771297.2,17338090.113675,0
1721088000000,0.1373,0.13742,0.13284,0.13402,372905934.9,1721174399999,50159589.05963,188917,171191994.3,23019232.49016,0
1721174400000,0.13402,0.1351,0.13354,0.13358,203733503.4,1721260799999,27363731.613537,108450,94035227.9,12633932.179461,0
1721260800000,0.13358,0.13466,0.13326,0.13449,177394565.4,1721347199999,23774703.706575,109532,82566557.1,11067164.399608,0
1721347200000,0.13449,0.1358,0.13409,0.13466,216686704.1,1721433599999,29215522.360662,114590,98549235.4,13287181.731454,0
1721433600000,0.13466,0.13478,0.13369,0.13468,142800377.4,1721519999999,19190308.954432,81992,64930732.4,8726481.235194,0
1721520000000,0.13467,0.13496,0.13371,0.13431,130955807.2,1721606399999,17588736.247233,76828,60880035.7,8177272.55568,0
1721606400000,0.13431,0.13724,0.1317,0.1324,327431074.9,1721692799999,44181834.956768,139772,167066407.3,22542700.733602,0
1721692800000,0.1324,0.136,0.1311,0.134,208780970.2,1721779199999,27688424.272287,93899,87595271.4,11629256.316138,0
1721779200000,0.1341,0.1348,0.1335,0.1343,163985425.4,1721865599999,21993820.29884,77250,74677819.9,10020665.85228,0
1721865600000,0.1343,0.1364,0.1334,0.1356,220592447.9,1721951999999,29804563.33553,96713,112274512.5,15174026.44499,0
1721952000000,0.1355,0.1377,0.1355,0.1375,152403339.7,1722038399999,20850382.140285,75552,76410918.9,10455137.810165,0
1722038400000,0.1375,0.1377,0.1364,0.1372,122695299.7,1722124799999,16835560.968,64940,57424758.3,7881582.01417,0
1722124800000,0.1373,0.1392,0.1368,0.1386,147742665.0,1722211199999,20387085.691268,74197,79487511.0,10967594.694128,0
1722211200000,0.1386,0.1394,0.135,0.1375,332448636.5,1722297599999,45653192.374243,110388,153053003.2,21025041.463613,0
1722297600000,0.1375,0.1384,0.1324,0.133,212250651.4,1722383999999,28724707.13675,89159,93567109.8,12672790.11577,0
1722384000000,0.133,0.1331,0.1285,0.1287,260191158.8,1722470399999,34004576.205907,89299,119993116.9,15686772.141564,0
1722470400000,0.1287,0.1298,0.127,0.1283,279093902.1,1722556799999,35870808.817318,81808,128315109.2,16493543.90759,0
1722556800000,0.1283,0.1284,0.1229,0.1236,322541795.8,1722643199999,40559902.537492,87198,150052769.9,18867848.594527,0
1722643200000,0.1236,0.1255,0.1229,0.1255,280830108.1,1722729599999,34989448.9303,76574,134824268.8,16795945.6824,0
1722729600000,0.1255,0.1287,0.125,0.1264,396122659.6,1722815999999,50291382.69287,103350,189267227.6,24034745.70945,0
1722816000000,0.1264,0.1266,0.117,0.1215,1108845064.2,1722902399999,134302457.305591,239765,536149705.9,64886070.745932,0
1722902400000,0.1214,0.1238,0.1213,0.1234,337549120.0,1722988799999,41423320.57525,90358,167115197.2,20509179.21692,0
1722988800000,0.1234,0.1254,0.1233,0.1247,269352553.2,1723075199999,33469828.84609,92267,130060516.6,16163611.21016,0
1723075200000,0.1247,0.1271,0.1242,0.127,219561658.5,1723161599999,27634064.82174,89890,110932109.6,13967985.15733,0
1723161600000,0.1271,0.1283,0.1263,0.1283,208923620.3,1723247999999,26552744.24711,88763,104518689.7,13285433.34573,0
1723248000000,0.1283,0.1297,0.1282,0.1291,176773749.3,1723334399999,22802304.06771,114624,94260897.5,12159862.12869,0
1723334400000,0.1291,0.1294,0.1273,0.1277,137025682.3,1723420799999,17602293.92163,65186,66995305.6,8608220.73082,0
1723420800000,0.1277,0.1282,0.1261,0.1267,236924238.0,1723507199999,30134319.47281,108405,104297820.0,13265057.62065,0
1723507200000,0.1266,0.129,0.1256,0.1287,207970557.4,1723593599999,26464083.10511,75086,109326948.4,13914024.31166,0
1723593600000,0.1287,0.1309,0.1285,0.1304,297311104.5,1723679999999,38673143.86372,109942,149732049.7,19476583.14544,0
1723680000000,0.1303,0.1321,0.1297,0.1302,282043999.4,1723766399999,36951872.17333,91256,137361350.2,18000484.13601,0
1723766400000,0.1301,0.1342,0.1293,0.1341,377074980.5,1723852799999,49669608.1348,116932,195379245.6,25742589.73609,0
1723852800000,0.1341,0.1362,0.1332,0.1349,314171411.2,1723939199999,42398408.60404,104903,152199770.5,20542424.87225,0
1723939200000,0.1349,0.1356,0.1332,0.1351,213436951.9,1724025599999,28669973.16281,88821,103471639.3,13902001.56138,0
1724025600000,0.1351,0.1436,0.134,0.1432,791856905.5,1724111999999,110191927.332814,216860,419156174.1,58352440.142244,0
1724112000000,0.1432,0.1618,0.1421,0.1613,1634114803.3,1724198399999,247930599.302794,511519,936999267.6,142503486.546614,0
1724198400000,0.1613,0.1666,0.1532,0.1539,1797050558.8,1724284799999,288438164.335617,566628,872941438.1,140455475.332387,0
1724284800000,0.1538,0.1641,0.1481,0.1554,1446099168.6,1724371199999,222920069.70174,436407,715952672.0,110560569.36081,0
1724371200000,0.1554,0.1592,0.1535,0.1583,742853837.2,1724457599999,116273155.52693,239101,390639718.7,61162317.71647,0
1724457600000,0.1582,0.1641,0.1576,0.1589,778202375.0,1724543999999,124517402.07923,236339,394724745.2,63215214.70139,0
1724544000000,0.1588,0.17,0.1566,0.1664,1060267261.5,1724630399999,172527160.583236,289073,563172923.2,91667162.066826,0
1724630400000,0.1663,0.1687,0.1615,0.1616,919890819.7,1724716799999,152198605.45994,315250,421258671.6,69778973.13937,0
1724716800000,0.1617,0.1636,0.1564,0.1579,751242899.9,1724803199999,120910910.6783,246640,355979016.2,57323820.20376,0
1724803200000,0.158,0.1598,0.1572,0.1583,515806523.9,1724889599999,81647643.33579,206242,252193263.0,39937760.29393,0
1724889600000,0.1582,0.1615,0.158,0.1599,392382090.6,1724975999999,62763739.80188,163658,199543392.5,31911959.69446,0
1724976000000,0.1599,0.1617,0.1591,0.16,414874575.2,1725062399999,66512269.35296,149053,204606734.5,32820250.24053,0
1725062400000,0.1599,0.1603,0.1566,0.1577,326263679.2,1725148799999,51529878.67833,121778,156263569.8,24673164.7266,0
1725148800000,0.1576,0.1578,0.1549,0.1556,303613825.4,1725235199999,47464166.71698,106194,132980671.9,20790913.45406,0
1725235200000,0.1556,0.1569,0.1538,0.1542,316055134.5,1725321599999,49189981.05418,117566,155325830.7,24184827.32045,0
1725321600000,0.1542,0.1547,0.1503,0.1503,339700635.7,1725407999999,51765568.34594,103738,156300426.6,23836621.79553,0
1725408000000,0.1504,0.1521,0.1489,0.15,465789486.6,1725494399999,70036509.82055,110898,211527386.3,31822636.97978,0
1725494400000,0.15,0.1513,0.1491,0.1498,276912305.3,1725580799999,41586225.0361,87659,138712936.2,20840224.6476,0
1725580800000,0.1499,0.1503,0.1466,0.1478,338578886.8,1725667199999,50322630.0888,102463,158201468.5,23525842.50442,0
1725667200000,0.1478,0.1521,0.1478,0.1515,264390363.0,1725753599999,39732373.53062,107318,157812797.4,23693634.08156,0
1725753600000,0.1516,0.1534,0.1511,0.1532,303861845.3,1725839999999,46239239.74622,95831,164882550.4,25100168.18156,0
1725840000000,0.1532,0.155,0.1531,0.1546,295736960.0,1725926399999,45553597.99601,97570,159221719.2,24529507.31844,0
1725926400000,0.1546,0.1546,0.1521,0.1531,258345122.2,1726012799999,39516878.43595,96146,118860859.9,18184050.55635,0
1726012800000,0.153,0.1534,0.1518,0.1534,257574213.4,1726099199999,39303754.56903,82406,125806213.7,19202341.2543,0
1726099200000,0.1533,0.1543,0.1519,0.152,301552029.8,1726185599999,46161835.68753,86327,142281194.4,21788037.87274,0
1726185600000,0.1519,0.152,0.1485,0.149,322624966.1,1726271999999,48398516.41633,111037,129137995.9,19377923.78435,0
1726272000000,0.149,0.149,0.147,0.1475,246052654.7,1726358399999,36374248.07439,77232,102931108.4,15217615.7117,0
1726358400000,0.1475,0.1495,0.147,0.149,241939535.5,1726444799999,35858939.14493,75070,121755182.4,18045369.90741,0
1726444800000,0.1489,0.1496,0.1478,0.1489,276967820.3,1726531199999,41174326.4634,83162,124864441.5,18570398.86012,0
1726531200000,0.1489,0.1513,0.1488,0.15,221301382.2,1726617599999,33236456.2452,77276,122162697.3,18343314.13953,0
1726617600000,0.15,0.1503,0.149,0.1496,206401228.8,1726703999999,30876312.73106,74425,99781134.0,14931389.54178,0
1726704000000,0.1496,0.1517,0.1494,0.1515,234665747.8,1726790399999,35334067.23258,76835,128656828.8,19372134.72112,0
1726790400000,0.1515,0.1528,0.1513,0.152,216494909.6,1726876799999,32913034.90841,83940,109171613.8,16599341.02038,0
1726876800000,0.152,0.1525,0.1514,0.152,112061644.0,1726963199999,17030585.68103,56755,56162881.6,8537510.75071,0
1726963200000,0.1519,0.1522,0.1509,0.1517,151891753.8,1727049599999,23022376.0849,63689,73756289.9,11181468.65891,0
1727049600000,0.1518,0.1529,0.1512,0.1523,214722726.7,1727135999999,32680593.32125,76337,118015193.4,17967715.81104,0
1727136000000,0.1524,0.1526,0.1508,0.1513,197342867.5,1727222399999,29946896.55432,78454,98620935.9,14967912.44773,0
1727222400000,0.1513,0.1513,0.1499,0.15,158238938.6,1727308799999,23829956.77155,68284,73584357.2,11085150.30148,0
1727308800000,0.15,0.1535,0.1494,0.1532,215462825.7,1727395199999,32744906.10941,113498,127083993.2,19307748.12929,0
1727395200000,0.1532,0.1555,0.1531,0.1552,288782683.9,1727481599999,44633225.52024,114299,160790048.3,24850752.00905,0
1727481600000,0.1552,0.1554,0.1538,0.1551,165948775.6,1727567999999,25660710.81016,87902,87797290.0,13579635.30726,0
1727568000000,0.155,0.1575,0.1546,0.1565,216488549.0,1727654399999,33795405.69091,99008,111489896.8,17408228.12734,0
1727654400000,0.1565,0.1568,0.1548,0.156,297705689.9,1727740799999,46366373.43113,121886,146732145.7,22858899.16869,0
1727740800000,0.1559,0.157,0.1532,0.1536,434120472.3,1727827199999,67347031.67447,170768,197352733.5,30640900.02539,0
1727827200000,0.1536,0.1553,0.153,0.1544,319327205.6,1727913599999,49222311.0907,140623,170240773.5,26244215.42361,0
1727913600000,0.1545,0.1577,0.1535,0.1577,382298171.6,1727999999999,59220543.63766,153292,209814846.6,32531712.40435,0
1728000000000,0.1576,0.1578,0.1563,0.1565,217591787.3,1728086399999,34161472.20241,108271,110315500.9,17322579.35176,0
1728086400000,0.1565,0.1566,0.1535,0.1535,139145385.0,1728172799999,21499381.17356,78197,62083055.1,9594869.71491,0
1728172800000,0.1535,0.1548,0.1531,0.1543,122124446.4,1728259199999,18807356.59687,69969,55787213.2,8594838.07216,0
1728259200000,0.1543,0.1567,0.1538,0.1559,223072342.1,1728345599999,34649577.02523,98142,116360711.6,18081759.75704,0
1728345600000,0.1558,0.1604,0.1556,0.16,302409795.8,1728431999999,47660331.30252,126830,171450389.8,27043435.20194,0
1728432000000,0.16,0.162,0.1594,0.1605,252248081.5,1728518399999,40475655.8985,120546,125488104.6,20138099.72609,0
1728518400000,0.1605,0.1607,0.1587,0.1588,218535782.2,1728604799999,34859477.10744,108890,103217285.5,16467237.01661,0
1728604800000,0.1589,0.1615,0.158,0.1598,228010961.2,1728691199999,36476148.60587,102975,119812863.2,19168096.25902,0
1728691200000,0.1597,0.164,0.159,0.1625,241915075.9,1728777599999,39170594.30484,103019,125271389.2,20283333.05171,0
1728777600000,0.1626,0.1635,0.1619,0.1626,165020863.6,1728863999999,26844039.18686,87102,80370291.9,13075539.66758,0
1728864000000,0.1626,0.1632,0.1596,0.1606,331255046.3,1728950399999,53343597.40687,132003,166741555.5,26859071.64973,0
1728950400000,0.1605,0.1606,0.1577,0.1588,280872310.2,1729036799999,44596692.08676,135447,114267796.6,18134979.84989,0
1729036800000,0.1587,0.1604,0.1584,0.1601,217182869.9,1729123199999,34625189.83415,99772,112746992.7,17978799.54584,0
1729123200000,0.16,0.1605,0.159,0.1594,165894122.2,1729209599999,26531799.86639,89228,81301558.5,13004844.98922,0
1729209600000,0.1593,0.1595,0.1582,0.1585,146659851.8,1729295999999,23329865.06063,80971,71237111.5,11334101.84137,0
1729296000000,0.1585,0.1587,0.1565,0.1567,141928060.1,1729382399999,22383165.28859,77864,61999010.6,9780725.48543,0
1729382400000,0.1567,0.157,0.1561,0.1567,122631882.8,1729468799999,19192969.33105,59031,55668507.5,8714781.98909,0
1729468800000,0.1568,0.1587,0.1556,0.1584,189835792.5,1729555199999,29844617.47471,79907,104034396.2,16360697.28069,0
1729555200000,0.1583,0.1607,0.1575,0.1603,194897691.2,1729641599999,31052637.49846,87444,113743472.9,18121481.5138,0
1729641600000,0.1603,0.1607,0.1593,0.1603,177777912.8,1729727999999,28450490.86447,86679,90539514.6,14492186.62693,0
1729728000000,0.1603,0.165,0.1603,0.1646,257406002.0,1729814399999,41960139.97247,107356,145274129.9,23672941.37575,0
1729814400000,0.1647,0.1668,0.1622,0.1626,450832720.5,1729900799999,74437491.01602,157438,204950933.6,33871925.23974,0
1729900800000,0.1625,0.1654,0.1624,0.1652,202995536.9,1729987199999,33334810.02452,116779,114764369.6,18845236.413,0
1729987200000,0.1651,0.1663,0.164,0.164,179101603.9,1730073599999,29623858.30941,98821,81559200.2,13497497.35281,0
1730073600000,0.1641,0.1645,0.1631,0.1642,180366165.5,1730159999999,29541235.62231,98950,86496279.1,14171111.46092,0
1730160000000,0.1642,0.1671,0.164,0.1663,267732576.1,1730246399999,44225186.67495,109967,135170130.6,22334264.3775,0
1730246400000,0.1662,0.1698,0.1659,0.1692,248155787.3,1730332799999,41731125.68256,113334,129981298.4,21855639.79492,0
1730332800000,0.1693,0.1705,0.1677,0.1684,252651022.9,1730419199999,42711704.36566,114419,124103632.7,20987714.92694,0
1730419200000,0.1684,0.1688,0.1664,0.1674,248176490.2,1730505599999,41569369.48689,123104,123161052.9,20631756.5373,0
1730505600000,0.1673,0.1677,0.1659,0.1661,121434723.9,1730591999999,20264090.04276,84139,59834111.6,9986572.88696,0
1730592000000,0.1662,0.1663,0.1632,0.1651,194590530.4,1730678399999,31974795.85868,99088,93455623.4,15360610.6491,0
1730678400000,0.1651,0.1657,0.1627,0.1629,224966798.4,1730764799999,37009364.20186,117425,109160263.7,17963872.74288,0
1730764800000,0.1629,0.1632,0.1598,0.1602,271539938.6,1730851199999,43885252.9878,117108,129576043.7,20949706.54406,0
1730851200000,0.1601,0.1641,0.16,0.1625,396319649.9,1730937599999,64400887.75703,122803,223802360.5,36364991.12529,0
1730937600000,0.1625,0.1629,0.1596,0.1601,324383678.9,1731023999999,52259469.56597,116061,160461377.9,25850905.40538,0
1731024000000,0.1601,0.1619,0.16,0.1609,174918892.2,1731110399999,28153034.12957,78086,85120842.9,13703952.02735,0
1731110400000,0.161,0.1622,0.1598,0.1621,165105279.4,1731196799999,26519823.04836,76376,89240646.7,14342584.64192,0
1731196800000,0.1621,0.1668,0.1612,0.1639,550200330.3,1731283199999,90474460.60044,180345,277003791.6,45544805.51264,0
1731283200000,0.164,0.1678,0.1637,0.1677,483858186.3,1731369599999,80124595.36331,155495,255810935.0,42379675.40358,0
1731369600000,0.1677,0.1903,0.1644,0.1873,1466622893.3,1731455999999,256707889.941724,499787,771068353.9,134911224.874614,0
1731456000000,0.1874,0.1922,0.1735,0.177,929013772.1,1731542399999,166207692.751663,508310,442611899.3,79239481.380043,0
1731542400000,0.177,0.185,0.1759,0.1765,646739372.2,1731628799999,116080741.46506,380940,305267331.2,54836057.74892,0
1731628800000,0.1764,0.1914,0.1761,0.1912,751380021.8,1731715199999,138163669.13072,443878,390165395.7,71745946.08132,0
1731715200000,0.1912,0.2047,0.1885,0.2002,708247635.4,1731801599999,139747594.678829,559106,358444453.7,70709929.212749,0
1731801600000,0.2001,0.2013,0.1924,0.1993,500015285.7,1731887999999,98313491.43646,326879,234745924.9,46184766.79501,0
1731888000000,0.1993,0.2069,0.1993,0.2022,571154143.8,1731974399999,116027413.445868,429194,284186383.7,57734009.759478,0
1731974400000,0.2021,0.2067,0.1984,0.1995,464449963.0,1732060799999,94275092.51629,304737,215381599.0,43760184.82705,0
1732060800000,0.1994,0.1997,0.1933,0.1947,434644605.2,1732147199999,85521329.30889,271951,200149891.3,39394909.14512,0
1732147200000,0.1948,0.2014,0.1931,0.1985,542609747.0,1732233599999,107407901.08094,330937,273919666.0,54227621.28962,0
1732233600000,0.1985,0.2048,0.1968,0.2048,535332480.0,1732319999999,107066718.02128,344885,286548902.5,57366518.38108,0
1732320000000,0.2048,0.2248,0.2047,0.212,980876987.1,1732406399999,209387048.834606,705875,475330952.6,101419711.854686,0
1732406400000,0.2121,0.2171,0.2009,0.2085,978570183.4,1732492799999,203398372.35983,531356,489268241.7,101709223.00301,0
1732492800000,0.2086,0.2123,0.1941,0.1959,943941765.9,1732579199999,191669579.06715,492550,456541261.7,92756777.03116,0
1732579200000,0.1959,0.2009,0.1863,0.1944,1017550585.0,1732665599999,196115884.13261,541325,502688467.8,96927430.45156,0
1732665600000,0.1944,0.2022,0.1934,0.2011,467630974.9,1732751999999,92966921.61639,322634,248168621.3,49337126.63249,0
1732752000000,0.2011,0.2036,0.1977,0.2032,480948975.3,1732838399999,96635858.70701,260375,250113760.1,50277689.70441,0
1732838400000,0.2032,0.2072,0.2009,0.2044,324609154.9,1732924799999,66145509.45689,206028,167964480.3,34240358.59468,0
1732924800000,0.2045,0.2072,0.2026,0.2049,282006999.4,1733011199999,57774082.16967,176694,144685716.2,29658458.6936,0
1733011200000,0.2049,0.2096,0.2023,0.2072,370266639.8,1733097599999,76510333.25001,219105,185465286.4,38332777.84184,0
1733097600000,0.2072,0.221,0.2033,0.221,1424482191.4,1733183999999,299367486.7162,674892,742008433.3,156152953.34918,0
1733184000000,0.2209,0.4495,0.2209,0.4334,4732014524.0,1733270399999,1359059835.85808,3410828,2433763516.0,698404052.14923,0
1733270400000,0.4332,0.45,0.3219,0.3306,3828136714.5,1733356799999,1431164335.88017,3561126,1934854399.0,723997263.9040899,0
1733356800000,0.3305,0.3459,0.3121,0.3223,3656859531.9,1733443199999,1204910723.80013,1589807,1807388645.6,595918759.80226,0
1733443200000,0.3223,0.3294,0.3087,0.3255,1260840817.7,1733529599999,403717196.75444,768159,615233606.8,197164094.48653,0
1733529600000,0.3255,0.3356,0.315,0.3188,868345705.6,1733615999999,281917136.03179,530010,411779498.5,133804514.97305,0
1733616000000,0.3188,0.3233,0.3028,0.3183,621733645.0,1733702399999,196018888.8283,413939,303290980.7,95610245.59257,0
1733702400000,0.3183,0.3209,0.2407,0.2629,1415367012.4,1733788799999,405630304.50158,1143623,680087852.7,194296071.56245,0
1733788800000,0.2629,0.2799,0.2439,0.2694,1675153969.8,1733875199999,440315048.25217,1015742,834362181.7,219371138.81072,0
1733875200000,0.2694,0.2874,0.2614,0.2822,1104280325.8,1733961599999,303639088.52197,603059,570714269.2,157007449.40948,0
1733961600000,0.2821,0.3096,0.2803,0.2969,1877602527.4,1734047999999,560236903.65473,990583,950883880.1,283844103.76829,0
1734048000000,0.2968,0.3022,0.2841,0.2906,940730224.2,1734134399999,272609831.22111,546501,466099587.5,135106701.72785,0
1734134400000,0.2907,0.2975,0.2778,0.2823,651039063.6,1734220799999,186762328.83354,641974,319442528.4,91646670.67522,0
1734220800000,0.2823,0.2868,0.2754,0.2856,435129500.3,1734307199999,122607501.4156,440623,223872474.9,63107345.87347,0
1734307200000,0.2856,0.3047,0.2763,0.2967,1205130419.0,1734393599999,350473188.57374,1241279,613679843.5,178551004.28512,0
1734393600000,0.2967,0.2978,0.2777,0.2796,1146496929.6,1734479999999,332015678.85422,1281339,569119577.9,164859740.67154,0
1734480000000,0.2797,0.2815,0.2576,0.2581,1268023421.1,1734566399999,340622108.67854,884137,603806568.7,162315426.52967,0
1734566400000,0.258,0.2663,0.2441,0.2513,1621813658.3,1734652799999,415248722.70266,751885,775626956.6,198689050.25314,0
1734652800000,0.2513,0.2545,0.2242,0.2486,1636404154.9,1734739199999,395197239.96374,932961,831377950.3,200817332.35213,0
1734739200000,0.2486,0.2561,0.2422,0.2449,989501401.4,1734825599999,244766489.50494,434022,473107205.8,117099501.71218,0
1734825600000,0.2448,0.2507,0.2417,0.2442,811230701.1,1734911999999,199234574.52025,354910,397339222.2,97623460.52959,0
1734912000000,0.2443,0.2536,0.2415,0.2526,923669106.1,1734998399999,229155840.41448,436389,490037365.4,121666739.52822,0
1734998400000,0.2526,0.2593,0.2504,0.2564,568318054.9,1735084799999,144749870.87644,262274,304498375.5,77605439.27151,0
1735084800000,0.2564,0.2588,0.2555,0.258,456716424.3,1735171199999,117343302.46791,196717,238719744.0,61357149.92849,0
1735171200000,0.258,0.2589,0.2497,0.2537,668240097.0,1735257599999,169236723.98349,273305,321425174.8,81387451.18603,0
1735257600000,0.2538,0.2654,0.253,0.2594,955786945.4,1735343999999,248208303.36172,372335,506557072.3,131499944.99094,0
1735344000000,0.2593,0.2632,0.2566,0.2584,390392505.7,1735430399999,101249816.12543,207399,194159801.4,50378227.49241,0
1735430400000,0.2584,0.2634,0.2565,0.2578,527259608.0,1735516799999,137068579.94021,236355,254132639.9,66107409.76625,0
1735516800000,0.2578,0.2598,0.2504,0.2534,663946586.2,1735603199999,169273766.34183,251737,316863636.5,80810621.85392,0
1735603200000,0.2535,0.2576,0.2514,0.2548,391393542.7,1735689599999,99602847.38657,143266,198272688.8,50479583.73114,0
1735689600000,0.2547,0.2564,0.2529,0.2559,268408400.3,1735775999999,68428746.93324,115692,130213707.4,33206633.56446,0
1735776000000,0.256,0.2668,0.2557,0.2651,617526303.3,1735862399999,161903925.35197,230278,332514575.9,87167960.61802,0
1735862400000,0.2652,0.2713,0.2609,0.2702,588287542.1,1735948799999,156542371.17471,247406,313948041.9,83577369.09764,0
1735948800000,0.2702,0.2742,0.2664,0.2697,563102580.0,1736035199999,151873494.38253,244049,285660885.2,77083348.44071,0
1736035200000,0.2696,0.2697,0.2612,0.2627,333256337.2,1736121599999,88026635.98181,185036,153296991.3,40482653.04675,0
1736121600000,0.2627,0.2697,0.2596,0.2684,581834517.3,1736207999999,154305340.39179,245233,298017614.9,79051401.73278,0
1736208000000,0.2684,0.2716,0.2522,0.2526,881729814.0,1736294399999,231289803.05606,341992,388246923.8,101939664.64312,0
1736294400000,0.2527,0.255,0.2443,0.2505,981346657.5,1736380799999,245231960.51136,323530,465493987.4,116336171.39417,0
1736380800000,0.2505,0.2514,0.2367,0.2402,901722070.2,1736467199999,219460248.91441,290978,393353052.7,95699890.75573,0
1736467200000,0.2401,0.2448,0.2375,0.2445,639323274.7,1736553599999,154468883.02437,222212,324283267.9,78390052.71434,0
1736553600000,0.2445,0.2446,0.2405,0.241,276639811.4,1736639999999,67038837.63205,120783,117845107.8,28558814.33887,0
1736640000000,0.241,0.2413,0.2316,0.2336,308070648.5,1736726399999,73073240.83219,125654,129916534.4,30804095.76989,0
1736726400000,0.2336,0.2373,0.2168,0.2228,1236124866.4,1736812799999,276520400.27788,420254,596572437.4,133391805.61879,0
1736812800000,0.2228,0.2269,0.2204,0.2209,573522825.5,1736899199999,128125453.85756,197215,256814431.6,57400828.12054,0
1736899200000,0.2209,0.2383,0.2205,0.2381,792281786.0,1736985599999,181102905.37578,311877,441337757.8,100905246.55885,0
1736985600000,0.238,0.241,0.2329,0.2371,921797186.1,1737071999999,218782403.64618,370722,460152125.9,109255969.89098,0
1737072000000,0.2371,0.2494,0.2371,0.2487,580095423.4,1737158399999,142321474.82213,237766,323234163.7,79285740.83595,0
1737158400000,0.2488,0.2679,0.2384,0.2423,1481529447.8,1737244799999,367328883.21413,534116,721309444.4,179109805.86437,0
1737244800000,0.2423,0.2466,0.2262,0.2287,1795950772.8,1737331199999,424327570.31915,521258,862558508.7,203889424.65631,0
1737331200000,0.2286,0.2568,0.2241,0.2383,2228099942.8,1737417599999,531479476.72929,694445,1148689337.2,274061043.13247,0
1737417600000,0.2383,0.247,0.2351,0.2448,942490387.1,1737503999999,226414833.86285,291026,485432948.1,116684235.19154,0
1737504000000,0.2448,0.2583,0.2447,0.2536,1006533722.4,1737590399999,254544985.87282,314243,535241371.6,135279131.55668,0
1737590400000,0.2536,0.2546,0.2441,0.2527,1142042436.6,1737676799999,284591367.21445,319018,578921228.3,144340421.40039,0
1737676800000,0.2527,0.2614,0.2503,0.2543,655147889.1,1737763199999,167842826.84566,237224,339518228.9,86996365.74499,0
1737763200000,0.2544,0.2577,0.253,0.2534,330743038.8,1737849599999,84397230.24743,138170,165553539.3,42253224.90413,0
1737849600000,0.2533,0.2542,0.2462,0.2462,325529291.5,1737935999999,81795726.39829,146272,139097464.9,34990448.00491,0
1737936000000,0.2463,0.2469,0.2323,0.2465,1061082190.6,1738022399999,255455210.50512,327253,536529881.9,129235087.38087,0
1738022400000,0.2464,0.2483,0.2385,0.2399,418467012.3,1738108799999,102399815.35305,163390,194886225.5,47737163.27289,0
1738108800000,0.2399,0.2438,0.236,0.2402,521111805.6,1738195199999,125228594.42305,185770,259305910.9,62337851.0152,0
1738195200000,0.2402,0.2528,0.2391,0.2519,417793899.3,1738281599999,103535562.27574,174119,243037100.2,60207803.78548,0
1738281600000,0.252,0.258,0.2511,0.2537,490151929.6,1738367999999,124758781.68738,191871,250995880.6,63911245.24178,0
1738368000000,0.2538,0.2565,0.2439,0.2443,490599337.5,1738454399999,123551391.05463,198047,210073632.3,53036982.55924,0
1738454400000,0.2443,0.2463,0.2224,0.2255,1433907279.6,1738540799999,333603330.64968,373439,664512426.8,154609585.68373,0
1738540800000,0.2255,0.23,0.2011,0.2287,2397281604.0,1738627199999,522897129.189,592145,1197404662.3,261407804.8982,0
1738627200000,0.2288,0.2295,0.2159,0.2245,1490383668.7,1738713599999,332225752.95305,286113,747857770.7,166690970.32757,0
1738713600000,0.2245,0.2272,0.2217,0.2225,603131773.3,1738799999999,135201571.05956,132033,291778614.8,65428631.11362,0
1738800000000,0.2225,0.2328,0.2215,0.2316,782522071.8,1738886399999,178511443.70124,177072,412560981.8,94115450.24737,0
1738886400000,0.2317,0.2349,0.2274,0.23,644163872.8,1738972799999,148611294.4911,172271,322412688.2,74398053.49132,0
1738972800000,0.23,0.2345,0.2286,0.2313,336359769.2,1739059199999,77843588.91957,122889,169471006.7,39228188.7959,0
1739059200000,0.2314,0.2377,0.2309,0.2322,375236519.2,1739145599999,88038550.92265,136796,186397397.0,43737450.36123,0
1739145600000,0.2322,0.2468,0.228,0.2462,585917649.8,1739231999999,138903360.06756,204097,316798132.2,75257322.12973,0
1739232000000,0.2463,0.2491,0.2401,0.241,471088226.4,1739318399999,115540075.26644,175163,227433211.9,55826874.98853,0
1739318400000,0.2411,0.2455,0.2356,0.2433,610449584.8,1739404799999,147474134.2213,223740,305694081.4,73864259.52226,0
1739404800000,0.2434,0.2442,0.2337,0.2342,438897058.5,1739491199999,104490313.71223,169083,208818919.4,49715736.71332,0
1739491200000,0.2342,0.2368,0.2301,0.2315,416342106.2,1739577599999,96906843.52251,157881,198225833.9,46159704.24791,0
1739577600000,0.2315,0.238,0.2302,0.2375,268573497.9,1739663999999,63006132.27239,113441,146181963.5,34296439.77931,0
1739664000000,0.2375,0.2439,0.2355,0.2424,333411512.9,1739750399999,80103107.07259,149598,172033886.2,41346979.51148,0
1739750400000,0.2424,0.2476,0.2384,0.2388,500177766.5,1739836799999,121638166.53338,191515,250384335.6,60931982.31485,0
1739836800000,0.2388,0.2412,0.2325,0.2392,490877152.0,1739923199999,116442708.82478,191878,240046679.3,56970676.87171,0
1739923200000,0.2392,0.244,0.2392,0.2424,340281946.8,1740009599999,82522421.70008,149782,177022801.5,42928190.96342,0
1740009600000,0.2424,0.2478,0.2377,0.2464,342326095.1,1740095999999,82932421.32317,164406,182608033.9,44290990.66597,0
1740096000000,0.2464,0.2506,0.2355,0.2379,574949176.6,1740182399999,140177539.979,217234,263812490.3,64414721.55459,0
1740182400000,0.2379,0.2397,0.2345,0.2393,288693569.3,1740268799999,68533913.91417,141078,151396194.8,35943498.8287,0
1740268800000,0.2392,0.2462,0.2379,0.246,331032828.6,1740355199999,80278685.1587,142778,182198880.8,44197913.74299,0
1740355200000,0.246,0.249,0.2394,0.2401,842409027.5,1740441599999,206870756.36304,277903,411657494.7,101180770.82123,0
1740441600000,0.24,0.244,0.2253,0.2309,1890807351.5,1740527999999,440756113.01943,525566,919393817.6,214376915.8902,0
1740528000000,0.2308,0.2319,0.2229,0.2272,1009325608.2,1740614399999,229932814.26673,257626,490838283.5,111846351.79663,0
1740614400000,0.2273,0.2298,0.2256,0.2286,444354100.4,1740700799999,101202547.20142,118678,232739943.9,53022753.84634,0
1740700800000,0.2286,0.2334,0.2171,0.2333,1193357849.3,1740787199999,266542312.03518,249547,594116820.9,132842016.81608,0
1740787200000,0.2333,0.2373,0.2299,0.2341,374672705.3,1740873599999,87561198.28551,138794,190346615.2,44499711.66186,0
1740873600000,0.2341,0.2475,0.2321,0.2441,552052097.3,1740959999999,132685576.12844,200783,297295012.4,71475067.0301,0
1740960000000,0.2441,0.2455,0.2274,0.2312,956080928.1,1741046399999,227312436.27885,269702,436378059.4,103895577.80189,0
1741046400000,0.2312,0.243,0.2267,0.2426,1138058297.5,1741132799999,267239994.9817,302519,588546162.9,138320628.17056,0
1741132800000,0.2426,0.2452,0.2406,0.2437,412786997.4,1741219199999,100311901.69917,153477,222609625.7,54111345.6867,0
1741219200000,0.2437,0.2468,0.2391,0.2401,406463553.8,1741305599999,98703752.06961,150603,197254456.7,47929201.97042,0
1741305600000,0.2401,0.2468,0.2349,0.2436,556054190.5,1741391999999,134779382.32495,203066,282101477.9,68434421.33369,0
1741392000000,0.2436,0.2509,0.2435,0.2438,435585790.9,1741478399999,107515375.23604,160555,222099940.2,54838953.31212,0
1741478400000,0.2439,0.2442,0.2318,0.2321,421132651.8,1741564799999,100444502.77057,173394,170490137.8,40690856.43086,0
1741564800000,0.2322,0.2381,0.2271,0.2292,783419079.9,1741651199999,182250206.57734,262789,393136327.5,91498135.6633,0
1741651200000,0.2291,0.2323,0.2226,0.2244,786523239.0,1741737599999,178654790.78517,231516,353586291.9,80371954.52798,0
1741737600000,0.2243,0.2263,0.2201,0.2229,603882132.8,1741823999999,134487437.01666,182309,288623970.9,64283022.39558,0
1741824000000,0.2229,0.2266,0.2221,0.2253,504330948.2,1741910399999,113187204.67442,150247,251600261.5,56485895.96583,0
1741910400000,0.2253,0.2263,0.2207,0.2224,348597649.0,1741996799999,77616617.1051,115671,154350948.4,34374795.49663,0
1741996800000,0.2224,0.2251,0.2203,0.2215,387929159.1,1742083199999,86472227.18807,115031,190899987.2,42580202.44348,0
1742083200000,0.2215,0.2217,0.2109,0.2119,459168435.4,1742169599999,99310154.20745,140492,187710057.4,40575065.51076,0
1742169600000,0.2119,0.222,0.2111,0.2206,456289316.4,1742255999999,98696714.38522,148099,240493391.4,52022814.82752,0
1742256000000,0.2207,0.2394,0.22,0.2371,679967353.2,1742342399999,154774923.80759,252744,389021546.6,88610842.71155,0
1742428800000,0.2309,0.2369,0.2285,0.2339,511193068.6,1742515199999,118609068.17768,198433,259023712.2,60123178.31352,0
1742515200000,0.2339,0.2377,0.2304,0.2335,365697214.9,1742601599999,85750391.05401,140626,175835236.6,41252042.44796,0
1742601600000,0.2335,0.2384,0.2328,0.237,273344267.6,1742687999999,64400810.92877,104639,137691902.1,32453954.97135,0
1742688000000,0.237,0.2409,0.2297,0.23,289592841.5,1742774399999,68239498.44282,124821,132277813.6,31199539.48163,0
1742774400000,0.23,0.2301,0.2251,0.2282,498183827.6,1742860799999,113534024.24234,147867,232198301.1,52936658.61677,0
1742860800000,0.2282,0.2291,0.2259,0.2272,234960180.4,1742947199999,53417286.75812,82299,111935085.0,25457076.63461,0
1742947200000,0.2273,0.2318,0.2268,0.2314,312779335.5,1743033599999,71730872.60596,98393,169888686.3,38973271.43521,0
1743033600000,0.2313,0.2353,0.2307,0.235,321623133.0,1743119999999,75007286.58791,118183,161857562.4,37756803.02542,0
1743120000000,0.2351,0.2351,0.2291,0.2325,342656417.0,1743206399999,79392726.89403,131392,161400311.8,37407312.38009,0
1743206400000,0.2325,0.2358,0.2317,0.2318,343416315.5,1743292799999,80226138.47689,131918,162068430.3,37882780.48716,0
1743292800000,0.2318,0.2329,0.2296,0.2319,241573567.1,1743379199999,55837693.91972,101596,112134069.2,25934917.79437,0
1743379200000,0.2318,0.2402,0.2311,0.2388,318936229.8,1743465599999,75074925.48132,140753,178270503.1,41965588.61669,0
1743465600000,0.2387,0.2392,0.2332,0.2378,261887867.2,1743551999999,61732408.99316,125611,128891252.9,30391341.91337,0
1743552000000,0.2378,0.2402,0.2321,0.2341,469781287.8,1743638399999,111477840.56911,179946,216350629.6,51371832.51929,0
1743638400000,0.234,0.2386,0.2304,0.2382,320970586.1,1743724799999,75235805.83173,141531,160800725.6,37729261.5374,0
1743724800000,0.2382,0.2418,0.2366,0.239,317723906.2,1743811199999,76054031.80256,128002,149645582.5,35833721.1166,0
1743811200000,0.239,0.2393,0.2358,0.2375,154149028.0,1743897599999,36626632.29361,89090,77136173.5,18327698.66005,0
1743897600000,0.2375,0.2401,0.2283,0.2301,350204437.3,1743983999999,82243375.42862,151941,156184369.5,36707981.87584,0
1743984000000,0.2301,0.2323,0.221,0.2287,855774586.6,1744070399999,193945036.77859,236842,416173375.4,94356152.76932,0
1744070400000,0.2287,0.2368,0.2285,0.2306,520940225.9,1744156799999,121297971.65508,172989,265303771.3,61780622.26862,0
1744156800000,0.2306,0.2391,0.2264,0.2385,652751351.1,1744243199999,150861207.96681,195028,338713750.7,78371243.50317,0
1744243200000,0.2385,0.2439,0.2346,0.2363,607228685.7,1744329599999,145227236.01724,175939,305102928.6,73012126.14077,0
1744329600000,0.2364,0.2438,0.2345,0.243,368063339.0,1744415999999,87835413.56229,126576,196512548.9,46925433.91313,0
1744416000000,0.2429,0.2506,0.2404,0.246,452740951.3,1744502399999,111609621.64317,154902,228380097.3,56307931.58184,0
1744502400000,0.246,0.2547,0.2457,0.2547,465421556.6,1744588799999,116451481.73582,153350,248942732.2,62346680.8781,0
1744588800000,0.2547,0.2597,0.2515,0.2521,584532554.0,1744675199999,149370476.98217,167162,259213933.8,66299953.15292,0
1744675200000,0.2521,0.2538,0.247,0.2505,464729630.7,1744761599999,116195916.1987,161641,219573122.5,54910499.85099,0
1744761600000,0.2505,0.2552,0.2475,0.2476,517919563.2,1744847999999,130657923.32409,165239,246921760.2,62362658.42943,0
1744848000000,0.2476,0.2505,0.2439,0.2478,543144935.5,1744934399999,133975656.59396,160052,267524983.7,66013529.00729,0
1744934400000,0.2478,0.248,0.2397,0.2398,358889047.9,1745020799999,87483698.00251,123731,142888714.7,34836745.52362,0
1745020800000,0.2399,0.2446,0.2396,0.244,238436668.6,1745107199999,57703204.48467,87584,129367432.5,31322642.70185,0
1745107200000,0.244,0.2468,0.2413,0.2438,314247480.2,1745193599999,76808891.86728,106734,154266620.9,37728717.71023,0
1745193600000,0.2437,0.247,0.241,0.2463,471748282.5,1745279999999,115251581.92587,131661,240887848.2,58889005.72887,0
1745280000000,0.2464,0.2493,0.2437,0.2483,480465459.0,1745366399999,118388591.48144,137047,239695706.9,59093579.63281,0
1745366400000,0.2483,0.2495,0.2434,0.2462,444574163.4,1745452799999,109541056.82824,134464,206498634.8,50907811.39098,0
1745452800000,0.2463,0.2475,0.242,0.2454,363554575.6,1745539199999,89042043.6497,110328,173229953.8,42438425.77188,0
1745539200000,0.2454,0.2459,0.2406,0.2419,358571002.4,1745625599999,87227021.78522,125001,164458770.8,40013515.78326,0
1745625600000,0.2418,0.2532,0.2416,0.2519,499229446.5,1745711999999,124483744.175,146642,293655183.8,73195380.853,0
1745712000000,0.252,0.2544,0.2453,0.2454,390389330.7,1745798399999,97783659.14596,128828,169179077.2,42421912.28172,0
1745798400000,0.2454,0.2484,0.2434,0.2483,351965372.4,1745884799999,86527055.21997,114290,184713890.1,45432965.87749,0
1745884800000,0.2483,0.2499,0.243,0.2438,263689107.5,1745971199999,65033820.00579,96490,119505296.9,29503372.26583,0
1745971200000,0.2438,0.247,0.2423,0.2464,287181616.0,1746057599999,70236191.08556,98938,156771816.1,38365427.84267,0
1746057600000,0.2464,0.2496,0.2439,0.2447,258062389.8,1746143999999,63818729.61356,90569,121406270.1,30046836.51986,0
1746144000000,0.2447,0.2484,0.2433,0.2478,232625993.9,1746230399999,57122968.27932,85086,130695912.1,32110877.26054,0
1746230400000,0.2479,0.2498,0.2445,0.2456,253156777.5,1746316799999,62637865.41929,91225,125337164.1,31030635.78046,0
1746316800000,0.2456,0.2489,0.245,0.2471,239067696.7,1746403199999,59155985.93578,78963,123228780.4,30500259.63001,0
1746403200000,0.2471,0.2505,0.246,0.2483,335180498.5,1746489599999,83318023.99551,113366,173768571.6,43208510.07174,0
1746489600000,0.2483,0.2485,0.2438,0.2459,268281513.9,1746575999999,65884039.43934,100896,123066062.1,30226004.87641,0
1746576000000,0.2458,0.2492,0.2435,0.2487,265566887.6,1746662399999,65400874.407,100499,146817439.5,36189018.89163,0
1746662400000,0.2487,0.258,0.2484,0.2571,483322851.7,1746748799999,122321346.00058,170870,280290751.2,70946313.22848,0
1746748800000,0.257,0.2661,0.2542,0.2602,926385259.2,1746835199999,241266965.52789,253110,481304306.3,125325695.65997,0
1746835200000,0.2602,0.2667,0.2586,0.2662,616789184.1,1746921599999,161832785.30531,182853,323309940.2,84886885.65746,0
1746921600000,0.2662,0.2687,0.2596,0.2651,634953733.3,1747007999999,167326517.91655,191238,305307593.1,80496443.69004,0
1747008000000,0.2651,0.2801,0.2631,0.2717,1446940787.3,1747094399999,393512744.7088,382238,741097735.2,201538095.97994,0
1747094400000,0.2717,0.2731,0.2608,0.2709,663028253.6,1747180799999,176383402.90002,219191,324179194.9,86270747.73799,0
1747180800000,0.2709,0.2791,0.2691,0.2746,657437414.4,1747267199999,180462754.20795,200175,332823407.7,91382405.52858,0
1747267200000,0.2747,0.2764,0.2673,0.2733,694164812.8,1747353599999,188741104.79839,204424,349087309.3,94954444.38374,0
1747353600000,0.2732,0.2782,0.2706,0.2717,471001764.0,1747439999999,128994362.83439,144609,229833533.8,62980541.31693,0
1747440000000,0.2716,0.2723,0.267,0.2696,375085855.6,1747526399999,101215959.23934,129124,179903745.6,48566663.11021,0
1747526400000,0.2695,0.2746,0.2637,0.2679,463928205.2,1747612799999,125056548.18407,152225,220315596.4,59409557.67716,0
1747612800000,0.268,0.2681,0.2605,0.2667,422494101.0,1747699199999,111412922.12552,137201,205863743.2,54297684.65416,0
1747699200000,0.2667,0.2755,0.2661,0.2691,549465855.8,1747785599999,149098673.95589,191326,276085144.9,74918207.22831,0
1747785600000,0.2691,0.2743,0.2658,0.2683,583154189.4,1747871999999,157328859.20976,161255,277413900.1,74864616.91476,0
1747872000000,0.2683,0.2821,0.2673,0.2759,724788804.4,1747958399999,199467699.31137,212672,381238562.3,104856145.70764,0
1747958400000,0.2758,0.2762,0.264,0.2688,669155491.6,1748044799999,180933402.19884,201282,309751694.4,83790818.91577,0
1748044800000,0.2687,0.2739,0.2686,0.2703,252211206.5,1748131199999,68500884.89915,96340,130619381.9,35483114.96531,0
1748131200000,0.2703,0.2738,0.2687,0.2723,300012421.3,1748217599999,81434261.74423,104538,148186629.1,40245457.29672,0
1748217600000,0.2723,0.2749,0.2703,0.2739,243526922.4,1748303999999,66440334.06126,96232,125758406.0,34330020.50438,0
1748304000000,0.2739,0.279,0.272,0.2779,325770380.5,1748390399999,89760016.54567,122335,163525535.2,45081024.43463,0
1748390400000,0.2779,0.2797,0.2731,0.2738,252948126.9,1748476799999,69797500.79973,108007,114826255.7,31703912.61815,0
1748476800000,0.2737,0.2782,0.2725,0.2747,331774278.2,1748563199999,91447982.78532,119328,170204604.9,46925515.44072,0
1748563200000,0.2746,0.2763,0.2667,0.267,503491749.6,1748649599999,136424635.29341,160516,222921440.0,60436475.63566,0
1748649600000,0.267,0.2695,0.2632,0.2657,338717941.5,1748735999999,90204112.81604,128881,163407260.3,43541584.3494,0
1748736000000,0.2656,0.2714,0.2649,0.2708,187322066.3,1748822399999,50223690.18622,82123,108844956.4,29195197.344,0
1748822400000,0.2708,0.2718,0.2659,0.2688,230189096.9,1748908799999,61828584.79763,100653,113848477.7,30576622.45474,0
1748908800000,0.2688,0.2721,0.2683,0.2702,179472141.9,1748995199999,48499585.06591,82854,94326783.6,25496988.70901,0
1748995200000,0.2703,0.2748,0.2679,0.2744,246171028.8,1749081599999,66905927.45481,101546,128213746.3,34871987.32338,0
1749081600000,0.2744,0.2852,0.2661,0.282,572100533.2,1749167999999,156986401.18586,187878,276054551.7,75844422.25572,0
1749168000000,0.282,0.2826,0.2757,0.2779,321558561.8,1749254399999,89460811.91342,123659,159413635.0,44360802.60697,0
1749254400000,0.278,0.287,0.2773,0.2869,240979112.9,1749340799999,67830643.82377,106976,141514202.4,39848831.05841,0
1749340800000,0.2869,0.2877,0.2814,0.2817,246557876.3,1749427199999,70228438.28356,113409,106435734.0,30330481.25768,0
1749427200000,0.2818,0.2902,0.2809,0.287,311622399.3,1749513599999,88680548.51309,142536,157725316.7,44908726.92745,0
1749513600000,0.2869,0.2946,0.2856,0.2927,409343715.8,1749599999999,118854997.80007,159023,206450258.5,59965349.5677,0
1749600000000,0.2926,0.2928,0.2769,0.2795,555013823.4,1749686399999,158616042.0172,194456,238355194.8,68172484.08509,0
1749686400000,0.2796,0.2796,0.2705,0.2718,574655816.7,1749772799999,157926329.67069,174046,269983093.6,74225443.699,0
1749772800000,0.2719,0.2741,0.2669,0.2697,562774755.0,1749859199999,152233847.62277,165154,270892484.7,73299610.55525,0
1749859200000,0.2698,0.2721,0.2686,0.2711,162763835.6,1749945599999,43960853.09938,64446,85800392.9,23185607.58485,0
1749945600000,0.2711,0.2742,0.2702,0.2739,155712499.5,1750031999999,42394122.89643,59482,84752244.2,23080867.0683,0
1750032000000,0.2739,0.2953,0.2692,0.2741,1149785011.9,1750118399999,320741075.06819,379432,567974965.5,158518939.06141,0
1750118400000,0.274,0.2797,0.2712,0.2715,577769280.7,1750204799999,159025290.51368,156649,276512497.6,76160784.64403,0
1750204800000,0.2714,0.2749,0.2676,0.273,312403170.9,1750291199999,84740896.91158,97849,160873546.2,43661769.39456,0
1750291200000,0.2729,0.2763,0.2722,0.2748,194348264.3,1750377599999,53280357.00234,77977,99259111.7,27221781.75573,0
1750377600000,0.2748,0.2757,0.2702,0.2722,295514386.7,1750463999999,80800848.03746,96580,136955664.8,37464506.46431,0
1750464000000,0.2723,0.275,0.2689,0.271,242836642.5,1750550399999,66222780.67676,87976,107881020.5,29435345.53088,0
1750550400000,0.2709,0.2738,0.2589,0.2635,731949163.0,1750636799999,195532593.3384,185182,331238974.7,88499352.53795,0
1750636800000,0.2634,0.2736,0.2633,0.2727,504347077.2,1750723199999,135654120.92885,132285,277939582.2,74774113.55456,0
1750723200000,0.2726,0.2747,0.2704,0.2738,248930520.2,1750809599999,67922816.34042,85916,127493642.2,34800073.13015,0
1750809600000,0.2737,0.275,0.2704,0.2731,243430663.9,1750895999999,66374756.96335,87225,120381329.3,32826588.29656,0
1750896000000,0.2731,0.2746,0.2703,0.271,266296006.6,1750982399999,72355453.49916,87315,132692556.6,36070149.9569,0
1750982400000,0.271,0.2735,0.2706,0.2732,161216309.4,1751068799999,43831465.74281,69228,86761993.1,23600756.47913,0
1751068800000,0.2732,0.2766,0.2729,0.2747,167357663.8,1751155199999,45951193.14013,66079,84653089.2,23247373.67492,0
1751155200000,0.2747,0.2769,0.2744,0.2769,118183221.9,1751241599999,32576321.85928,57736,63227525.6,17434177.12427,0
1751241600000,0.2769,0.2807,0.2759,0.2798,180461576.2,1751327999999,50150293.92056,82579,92331257.1,25671840.81971,0
1751328000000,0.2797,0.2803,0.2778,0.2788,149265465.1,1751414399999,41625641.74564,78481,72099284.2,20111773.40449,0
1751414400000,0.2788,0.2852,0.2783,0.2844,187805076.1,1751500799999,52896457.33898,100359,102779063.9,28957655.58748,0
1751500800000,0.2845,0.2875,0.2816,0.287,224100691.3,1751587199999,63776887.36753,106694,109300139.2,31119165.48675,0
1751587200000,0.287,0.288,0.2812,0.2827,195681904.8,1751673599999,55741254.2675,95297,88179868.3,25125534.78181,0
1751673600000,0.2826,0.2852,0.2817,0.2832,110744964.0,1751759999999,31401088.51813,64163,56604198.4,16052274.34385,0
1751760000000,0.2831,0.2875,0.2826,0.287,102251894.2,1751846399999,29127289.98658,64265,57001873.2,16242057.46265,0
1751846400000,0.287,0.2889,0.2854,0.2867,123089504.4,1751932799999,35329211.43266,75895,60967407.2,17502122.96862,0
1751932800000,0.2866,0.2883,0.2859,0.2874,116239707.4,1752019199999,33349772.95819,71571,63891755.2,18337366.06697,0
1752019200000,0.2874,0.2901,0.2865,0.2899,157872852.9,1752105599999,45504827.30593,78143,92616810.1,26708994.63448,0
1752105600000,0.2898,0.2939,0.2895,0.2939,217329214.1,1752191999999,63309747.73391,86423,128083589.9,37332150.78811,0
1752192000000,0.2939,0.3034,0.2932,0.3009,502595113.7,1752278399999,149965357.50475,169343,292352841.1,87207573.5701,0
1752278400000,0.301,0.3068,0.2975,0.3022,599631349.5,1752364799999,181207678.96557,164908,304826822.2,92135878.87403,0
1752364800000,0.3023,0.305,0.2999,0.3028,245788913.0,1752451199999,74340878.64198,84135,127266085.5,38512324.96117,0
1752451200000,0.3029,0.305,0.2995,0.3025,457482273.4,1752537599999,138212897.27907,130214,226726787.0,68529298.47013,0
1752537600000,0.3025,0.3029,0.2954,0.3005,429058710.7,1752623999999,128449274.30658,134484,192876453.0,57737814.08662,0
1752624000000,0.3004,0.3098,0.2999,0.3096,319648241.1,1752710399999,97129802.53575,126231,198408739.8,60337429.63772,0
1752710400000,0.3096,0.319,0.3077,0.3156,710754359.2,1752796799999,222473654.81448,218090,360356803.9,112788011.18114,0
1752796800000,0.3155,0.3344,0.3154,0.3261,1221397095.8,1752883199999,399476529.28315,360342,645019457.8,210777518.18895,0
1752883200000,0.326,0.3278,0.3171,0.3179,613872003.6,1752969599999,198283519.29613,154521,265673267.1,85892905.54529,0
1752969600000,0.3178,0.3206,0.3124,0.314,466585372.2,1753055999999,148090627.84191,143497,206666839.4,65644511.85256,0
1753056000000,0.3141,0.3183,0.311,0.3143,643709842.4,1753142399999,202319242.12068,176767,320946999.0,100918617.08983,0
1753142400000,0.3144,0.3161,0.3071,0.3158,710716819.3,1753228799999,221737846.75394,171415,361743839.5,112923811.38181,0
1753228800000,0.3157,0.3186,0.3052,0.3095,929508217.0,1753315199999,290537465.21878,219514,440059590.5,137544253.24364,0
1753315200000,0.3095,0.3158,0.3006,0.3139,904560474.8,1753401599999,279496105.04173,266510,465321740.1,143865745.94053,0
1753401600000,0.3139,0.3178,0.3108,0.317,836560335.7,1753487999999,262960474.76133,180384,426424343.8,134106488.103,0
1753488000000,0.317,0.3207,0.3163,0.3201,266219744.5,1753574399999,84728780.33743,83395,138273550.7,44027549.15504,0
1753574400000,0.32,0.3229,0.3189,0.3199,279282527.4,1753660799999,89632238.2034,89186,141581808.4,45454433.59625,0
1753660800000,0.32,0.328,0.3192,0.3224,615061941.3,1753747199999,198741980.06836,142870,309406606.1,99984435.30638,0
1753747200000,0.3224,0.351,0.3214,0.3385,1821462357.7,1753833599999,613979778.38539,479807,992040734.6,334226508.00006,0
1753833600000,0.3384,0.3403,0.3203,0.3274,955795735.5,1753919999999,316219676.37596,266234,450610859.5,149014985.35825,0
1753920000000,0.3274,0.3298,0.3242,0.325,505826821.5,1754006399999,165492178.29792,139262,241662519.5,79112698.16585,0
1754006400000,0.325,0.3286,0.3214,0.3234,898415383.7,1754092799999,292346122.22559,229855,441141248.3,143612484.88375,0
1754092800000,0.3234,0.3289,0.3187,0.3221,689503680.7,1754179199999,223704795.02793,185403,333507335.9,108260701.70088,0
1754179200000,0.322,0.3281,0.3205,0.3275,347761590.5,1754265599999,112939154.65094,111367,197961757.1,64322784.58002,0
1754265600000,0.3275,0.3333,0.3271,0.3328,266100504.4,1754351999999,87985571.42178,102402,153819813.9,50866851.27729,0
1754352000000,0.3329,0.3352,0.3298,0.3338,416264838.1,1754438399999,138497894.67711,127465,206675571.1,68789993.85425,0
1754438400000,0.3338,0.3379,0.3314,0.3373,346072001.0,1754524799999,115699619.53174,111683,194614281.8,65100267.25434,0
1754524800000,0.3373,0.3416,0.3366,0.3384,450669087.9,1754611199999,152914802.02294,124914,221376857.4,75129520.19169,0
1754611200000,0.3385,0.3399,0.3349,0.3378,512311917.6,1754697599999,173107340.75437,151498,256217377.8,86616749.91848,0
1754697600000,0.3378,0.339,0.3349,0.3352,214111271.4,1754783999999,72118369.55796,96974,96163412.9,32402781.35397,0
1754784000000,0.3352,0.3422,0.335,0.3383,384107571.7,1754870399999,130367114.46825,119565,203412816.9,69026343.12211,0
1754870400000,0.3382,0.3459,0.3381,0.345,430916873.5,1754956799999,147438411.54108,137075,239350014.9,81899870.72077,0
1754956800000,0.3451,0.3539,0.3443,0.3524,497002517.7,1755043199999,173127253.36399,156370,279620308.9,97474038.38279,0
1755043200000,0.3524,0.3626,0.3518,0.3621,511523817.8,1755129599999,183049221.25688,170040,282567544.6,101135180.4375,0
1755129600000,0.362,0.37,0.3536,0.3575,1216118817.3,1755215999999,440145387.57125,372870,601223962.9,217736791.88693,0
1755216000000,0.3575,0.3618,0.3483,0.3526,712101709.2,1755302399999,252879119.58747,213666,339502743.2,120605557.08466,0
1755302400000,0.3526,0.3548,0.3452,0.3478,373739098.6,1755388799999,130767520.46038,139249,178133682.0,62340060.69782,0
1755388800000,0.3478,0.3552,0.3471,0.3534,370411070.1,1755475199999,130260647.48991,118830,202797330.9,71316468.86458,0
1755475200000,0.3533,0.3542,0.3444,0.3503,526435804.9,1755561599999,183646631.40573,160830,245791175.9,85761847.59742,0
1755561600000,0.3503,0.3528,0.3457,0.3477,604934340.0,1755647999999,211331438.89918,174523,294989420.8,103106714.35107,0
1755648000000,0.3477,0.3554,0.3461,0.3545,555581458.7,1755734399999,194273451.86787,147031,307728323.3,107673338.86441,0
1755734400000,0.3545,0.3574,0.3506,0.3537,490240639.4,1755820799999,173216252.52248,127134,238265533.9,84220277.76858,0
1755820800000,0.3537,0.3675,0.3534,0.3667,657013945.0,1755907199999,236090414.47505,182303,370422827.8,133192715.66214,0
1755907200000,0.3667,0.3671,0.3601,0.3624,349673528.4,1755993599999,126914704.18939,126186,159726470.5,57971797.64928,0
1755993600000,0.3625,0.3687,0.3611,0.3614,489580599.7,1756079999999,178518448.32889,141670,234077473.6,85398431.3361,0
1756080000000,0.3614,0.3617,0.3416,0.3417,812955608.0,1756166399999,286242264.3231,187943,316893435.7,111592935.58624,0
1756166400000,0.3417,0.3529,0.3388,0.3518,610797978.5,1756252799999,211625306.7418,163989,332324802.0,115193498.5433,0
1756252800000,0.3518,0.3519,0.3448,0.3451,443044289.9,1756339199999,154697736.99444,122738,191474704.0,66901230.45021,0
1756339200000,0.3452,0.3498,0.3423,0.3451,310206513.8,1756425599999,107280701.31061,96055,153224309.6,53018496.61222,0
1756425600000,0.345,0.3459,0.3334,0.3385,554362199.7,1756511999999,187660882.87166,134547,252968113.4,85588626.85418,0
1756512000000,0.3386,0.3408,0.336,0.339,202396931.9,1756598399999,68540215.95583,68746,98271961.6,33291458.31431,0
1756598400000,0.339,0.3438,0.339,0.341,175641360.9,1756684799999,60054049.65697,66605,93207516.6,31863475.36359,0
1756684800000,0.341,0.3415,0.3339,0.3373,410485042.0,1756771199999,138710049.24178,100830,183311765.1,61968084.19048,0
1756771200000,0.3373,0.3406,0.3353,0.3381,399330542.1,1756857599999,134967513.25332,92150,199797135.9,67554178.90223,0
1756857600000,0.338,0.342,0.3366,0.3406,230594362.0,1756943999999,78233318.97448,70777,130012629.5,44132483.99656,0
1756944000000,0.3406,0.3416,0.3336,0.3346,266940061.8,1757030399999,90024023.93677,91476,103485440.5,34903478.83435,0
1757030400000,0.3346,0.3392,0.3304,0.3313,393299294.3,1757116799999,131704361.214,99742,190974984.8,64014378.49718,0
1757116800000,0.3313,0.3323,0.2977,0.3145,583754409.6,1757203199999,186258273.43367,241811,248798647.9,79183774.19028,0
1757203200000,0.3145,0.333,0.3112,0.3312,729652819.0,1757289599999,237690545.07095,236970,421223229.4,137186629.37895,0
1757289600000,0.3313,0.3358,0.3294,0.3313,315699044.5,1757375999999,104902330.35965,103069,158360854.2,52641433.42209,0
1757376000000,0.3313,0.3391,0.3298,0.3351,385510569.9,1757462399999,129289297.62216,108718,216451833.9,72567299.36449,0
1757462400000,0.3351,0.3402,0.3346,0.3383,224876043.2,1757548799999,75920386.10077,87878,116153840.7,39217070.83326,0
1757548800000,0.3383,0.348,0.338,0.3463,352175419.1,1757635199999,121344739.08448,112519,201557920.3,69403878.46364,0
1757635200000,0.3463,0.3526,0.3462,0.3525,271316751.2,1757721599999,94747566.99317,92843,158952031.0,55536986.15357,0
1757721600000,0.3525,0.3547,0.347,0.3497,251547106.4,1757807999999,88421141.13523,83704,112713938.1,39625841.71909,0
1757808000000,0.3497,0.3519,0.3465,0.3485,219639369.3,1757894399999,76664204.80303,71658,103672152.6,36202200.42339,0
1757894400000,0.3485,0.3516,0.3423,0.3448,346802307.5,1757980799999,120161209.59641,95894,161738598.6,56062078.81067,0
1757980800000,0.3449,0.3472,0.3396,0.3423,283789066.8,1758067199999,97562145.61659,91011,130961498.0,45043057.65946,0
1758067200000,0.3424,0.3447,0.3387,0.3433,362090914.3,1758153599999,123533473.35276,102389,185532067.7,63328434.13697,0
1758153600000,0.3432,0.3522,0.3426,0.3505,328290909.4,1758239999999,114051581.73166,99203,178721982.5,62099273.64235,0
1758240000000,0.3505,0.3526,0.3431,0.3437,311551673.2,1758326399999,108165494.13395,99170,133369588.6,46330661.49332,0
1758326400000,0.3438,0.3482,0.3428,0.3467,209002965.0,1758412799999,72417264.07662,76913,113443342.2,39302175.73711,0
1758412800000,0.3466,0.3468,0.3417,0.3426,203967538.9,1758499199999,70198196.05581,68780,92459330.2,31833795.3188,0
1758499200000,0.3426,0.3431,0.334,0.3399,532962412.6,1758585599999,180396648.32579,149212,254195210.2,86024029.48855,0
1758585600000,0.34,0.3425,0.3344,0.336,285760721.4,1758671999999,96513297.75843,89673,132050963.7,44624789.38747,0
1758672000000,0.336,0.3394,0.3346,0.3382,226796912.8,1758758399999,76481459.3267,74233,115305972.3,38897456.02407,0
1758758400000,0.3382,0.3385,0.33,0.3319,442862468.4,1758844799999,147945813.85162,109686,192030491.6,64170662.33347,0
1758844800000,0.3319,0.3385,0.3318,0.3383,316603651.9,1758931199999,105945350.23957,94905,176207482.1,58997940.47956,0
1758931200000,0.3384,0.3399,0.3356,0.3366,130288699.8,1759017599999,43971882.26694,59787,62053940.8,20952840.1612,0
1759017600000,0.3366,0.3373,0.3341,0.3357,116594255.4,1759103999999,39143011.10544,56021,54191672.0,18198477.72746,0
1759104000000,0.3357,0.3376,0.3325,0.3368,162341595.7,1759190399999,54392246.51316,76947,84947978.6,28480298.13724,0
1759190400000,0.3368,0.3377,0.3315,0.3336,190255915.0,1759276799999,63669351.18196,79513,85884106.2,28740692.31641,0
1759276800000,0.3336,0.3423,0.3331,0.3415,265452066.9,1759363199999,89726250.92388,96971,161082534.1,54447498.38583,0
1759363200000,0.3416,0.3441,0.3408,0.3426,209692446.3,1759449599999,71720590.42846,80608,111402259.5,38116429.36912,0
1759449600000,0.3426,0.3459,0.3411,0.3419,270615261.8,1759535999999,92904169.42933,100009,133552299.1,45867961.26093,0
1759536000000,0.3419,0.3424,0.3393,0.3404,115990718.2,1759622399999,39502900.38284,62253,53061560.9,18074364.66019,0
1759622400000,0.3404,0.3443,0.3397,0.3413,192175496.3,1759708799999,65702678.45507,71608,97942931.4,33493628.41685,0
1759708800000,0.3414,0.3473,0.3405,0.3461,261892874.3,1759795199999,90105476.92463,86150,150330534.3,51734652.63751,0
1759795200000,0.3461,0.3471,0.3373,0.3379,281423648.2,1759881599999,96292636.9881,98047,108228821.7,37053372.02743,0
1759881600000,0.3379,0.3426,0.3363,0.342,245818593.7,1759967999999,83226760.11219,85843,134857036.6,45690140.154,0
1759968000000,0.3421,0.3423,0.3342,0.3369,294100377.5,1760054399999,99284136.44666,86664,124259353.5,41936353.91938,0
1760054400000,0.337,0.3372,0.3,0.3205,672891263.4,1760140799999,219717120.1421,282029,275024311.3,89683327.15783,0
1760140800000,0.3205,0.3211,0.3116,0.3144,382849698.3,1760227199999,121609406.81121,126799,180398217.1,57313359.34941,0
1760227200000,0.3144,0.3241,0.3108,0.3227,393610083.3,1760313599999,125337323.82666,116599,222955834.4,71073050.83748,0
1760313600000,0.3228,0.3243,0.3199,0.3227,317132204.7,1760399999999,102164945.67596,99525,162386681.8,52333980.47891,0
1760400000000,0.3227,0.3231,0.3076,0.3168,571178154.2,1760486399999,179388727.47896,171489,267419181.4,83926230.9281,0
1760486400000,0.3167,0.3214,0.3115,0.3192,406737378.8,1760572799999,128829122.50312,124265,203824692.5,64607215.26425,0
1760572800000,0.3193,0.3235,0.3134,0.316,438646802.2,1760659199999,140078170.17378,137644,210864831.9,67383215.84794,0
1760659200000,0.316,0.318,0.3046,0.3089,510045988.8,1760745599999,157905710.79928,147110,240633607.3,74494686.67931,0
1760745600000,0.309,0.3147,0.3087,0.313,160309126.7,1760831999999,50070140.73181,71386,87796622.5,27418473.26358,0
1760832000000,0.313,0.3211,0.3124,0.3205,168205628.0,1760918399999,53334428.51106,68974,100121763.9,31746591.11583,0
1760918400000,0.3205,0.3242,0.3179,0.3224,244066327.1,1761004799999,78562862.24519,81125,129940686.5,41841175.83597,0
1761004800000,0.3224,0.3253,0.3174,0.3217,325735758.4,1761091199999,104970167.38097,102786,161216133.0,51981296.59695,0
1761091200000,0.3216,0.3251,0.3175,0.3226,470375776.4,1761177599999,151151862.3492,112326,239690705.2,77069639.84829,0
1761177600000,0.3226,0.3236,0.313,0.3139,305984415.0,1761263999999,97423171.21906,95555,117675201.4,37514785.22978,0
1761264000000,0.3138,0.315,0.3031,0.3037,393150376.9,1761350399999,121501194.50936,132776,145233631.8,44920659.05171,0
1761350400000,0.3038,0.304,0.2937,0.2971,465092357.5,1761436799999,138578149.58357,138116,191409172.0,57041066.22932,0
1761436800000,0.297,0.3017,0.2942,0.3003,323407386.6,1761523199999,96534253.51858,108257,159810534.7,47728267.09507,0
1761523200000,0.3003,0.3024,0.2976,0.2983,271843375.0,1761609599999,81568365.19468,91191,121076518.9,36350678.0925,0
1761609600000,0.2983,0.2998,0.2932,0.2954,305116262.9,1761695999999,90702712.61017,95127,142646384.9,42431365.45481,0
1761696000000,0.2955,0.2984,0.2907,0.2961,401066631.6,1761782399999,118514683.86888,105096,201254605.3,59499960.15705,0
1761782400000,0.2961,0.2985,0.2883,0.2925,574675939.1,1761868799999,168632239.53095,146239,266650144.9,78269738.63323,0
1761868800000,0.2924,0.2969,0.2922,0.2962,224538801.9,1761955199999,66239087.45215,75745,122218049.8,36057344.84404,0
1761955200000,0.2963,0.298,0.2949,0.2975,126831293.2,1762041599999,37614615.34889,57760,68678200.5,20375320.97488,0
1762041600000,0.2975,0.2985,0.2951,0.2981,134122325.4,1762127999999,39744777.82429,57867,77367756.2,22939253.04439,0
1762128000000,0.2981,0.2984,0.2801,0.2813,771686509.5,1762214399999,223630591.29083,166385,320455662.6,92902865.42369,0
1762214400000,0.2813,0.2859,0.2764,0.2855,903574571.4,1762300799999,254155124.308,203805,470245335.7,132381753.82379,0
1762300800000,0.2855,0.2902,0.2807,0.2889,353023780.2,1762387199999,100906398.9229,103651,191032435.5,54640991.36651,0
1762387200000,0.289,0.2895,0.282,0.2839,272321105.0,1762473599999,77748088.04493,87504,112998621.0,32256302.85656,0
1762473600000,0.2838,0.2943,0.2833,0.2923,441786199.3,1762559999999,126996200.54423,136727,253755368.6,72992496.96177,0
1762560000000,0.2923,0.2948,0.29,0.2916,216533092.4,1762646399999,63228651.01831,82029,98905666.1,28898034.45301,0
1762646400000,0.2916,0.2927,0.2889,0.2906,169434569.9,1762732799999,49259183.84379,68250,77363635.6,22501696.83437,0
1762732800000,0.2906,0.2965,0.2902,0.2965,266673182.5,1762819199999,78358858.45263,88165,147801551.4,43439180.53744,0
1762819200000,0.2965,0.3012,0.2962,0.2967,330932404.7,1762905599999,98751305.58923,113906,169303776.1,50536725.08136,0
1762905600000,0.2967,0.3009,0.2939,0.2946,342644255.6,1762991999999,101922402.54692,100738,169298314.9,50395926.26452,0
1762992000000,0.2946,0.2998,0.2902,0.2931,395988503.9,1763078399999,116886891.81394,114662,197977580.3,58464356.37723,0
1763078400000,0.2932,0.2983,0.2884,0.2925,589673342.8,1763164799999,172731388.92494,163613,295881502.7,86720278.17943,0
1763164800000,0.2926,0.2952,0.2911,0.2948,214454352.4,1763251199999,62898204.47765,77406,112691164.3,33069275.60752,0
1763251200000,0.2947,0.2993,0.2895,0.2924,409703683.5,1763337599999,120315540.60682,143043,198117057.8,58228471.0338,0
1763337600000,0.2923,0.2963,0.2889,0.2918,429307938.8,1763423999999,125678435.5879,118166,211794858.8,62048958.36315,0
1763424000000,0.2918,0.293,0.2869,0.2903,457273192.1,1763510399999,132747492.45139,125431,222903168.1,64751418.24619,0
1763510400000,0.2904,0.2907,0.2835,0.2869,384674573.0,1763596799999,110250607.60971,114212,185263224.6,53097299.6184,0
1763596800000,0.2869,0.2882,0.2775,0.2805,355397288.1,1763683199999,100432011.67745,120442,155804617.7,44035409.18505,0
1763683200000,0.2806,0.2822,0.274,0.2766,725478900.7,1763769599999,201238234.0861,195533,353571251.5,98133749.17008,0
1763769600000,0.2766,0.2773,0.2731,0.2743,318022680.5,1763855999999,87485821.06752,108635,143674414.0,39541449.49535,0
1763856000000,0.2742,0.2758,0.2739,0.275,187440869.2,1763942399999,51542249.86393,69912,94936054.0,26116642.51532,0
1763942400000,0.275,0.2775,0.2745,0.2748,292389943.2,1764028799999,80827460.18283,100896,151153449.6,41809517.91957,0
1764028800000,0.2748,0.275,0.2709,0.2745,272933836.3,1764115199999,74485600.20615,118297,137687715.6,37588196.67896,0
1764115200000,0.2745,0.2772,0.274,0.2765,173342830.8,1764201599999,47707944.29567,75079,93459704.7,25733226.61986,0
1764201600000,0.2765,0.2804,0.276,0.2803,171585291.1,1764287999999,47729786.00198,72228,105140019.5,29264815.79894,0
1764288000000,0.2803,0.2822,0.2797,0.281,204892661.0,1764374399999,57508456.25689,88707,107358661.3,30144865.95109,0
1764374400000,0.281,0.2817,0.2802,0.2809,96041189.3,1764460799999,26987708.02069,66021,48449992.4,13618563.61095,0
1764460800000,0.2809,0.2833,0.2795,0.2815,128779778.7,1764547199999,36250728.25018,73750,62374378.5,17564062.98453,0
1764547200000,0.2815,0.2817,0.2754,0.2769,407520727.1,1764633599999,113139191.78374,130705,194843028.6,54078877.95147,0
1764633600000,0.2769,0.2831,0.2766,0.281,261809940.2,1764719999999,73266075.01729,95138,145469298.6,40706453.06491,0
1764720000000,0.2809,0.2815,0.2781,0.2804,216563118.6,1764806399999,60593448.33951,88549,104337969.3,29200246.01466,0
1764806400000,0.2804,0.2862,0.2793,0.2862,227948845.6,1764892799999,64311735.6525,93121,139529984.3,39391529.52315,0
1764892800000,0.2861,0.2879,0.284,0.2856,271054429.4,1764979199999,77451237.82712,107671,134987632.1,38582725.32098,0
1764979200000,0.2855,0.2904,0.2855,0.2871,182377732.0,1765065599999,52540323.56486,98784,96925662.1,27921515.36844,0
1765065600000,0.287,0.2877,0.2841,0.2868,196278530.6,1765151999999,56085223.67147,93525,93912996.9,26845537.37098,0
1765152000000,0.2868,0.288,0.2813,0.2814,171187560.4,1765238399999,48802858.87267,94936,67038720.9,19134756.81827,0
1765238400000,0.2813,0.2835,0.2799,0.2822,225844529.9,1765324799999,63537382.83043,97557,116125478.8,32681268.96779,0
1765324800000,0.2823,0.2829,0.2768,0.2801,235119226.5,1765411199999,65647848.79978,86985,101779566.6,28414944.76311,0
1765411200000,0.28,0.2819,0.278,0.2805,196857893.7,1765497599999,55140958.01305,79762,100810065.3,28246962.60699,0
1765497600000,0.2805,0.2808,0.2736,0.2737,169595138.3,1765583999999,46948624.12988,84738,59208025.5,16389396.07567,0
1765584000000,0.2737,0.2751,0.2708,0.271,112327000.4,1765670399999,30644438.96641,67271,43132107.8,11773610.14768,0
1765670400000,0.271,0.2774,0.2706,0.2773,195039197.4,1765756799999,53635419.04865,74602,124777667.2,34301952.19372,0
1765756800000,0.2773,0.2827,0.2772,0.2783,319553204.2,1765843199999,89560088.39902,127141,169280976.7,47441916.07311,0
1765843200000,0.2782,0.282,0.2776,0.2802,186068057.6,1765929599999,52054952.37902,79262,101549205.8,28415451.3256,0
1765929600000,0.2802,0.2821,0.2785,0.2796,210138939.0,1766015999999,58819157.64328,81018,104075040.6,29140696.16623,0
1766016000000,0.2796,0.282,0.277,0.2793,221532991.8,1766102399999,61933900.31723,91191,107033298.0,29944050.78937,0
1766102400000,0.2792,0.2806,0.278,0.28,204589257.6,1766188799999,57104460.14511,75533,108961625.1,30422381.35731,0
1766188800000,0.2801,0.2819,0.2786,0.2819,124367185.6,1766275199999,34815135.44548,61374,74844982.3,20961229.27264,0
1766275200000,0.2819,0.2886,0.2812,0.2883,190920881.0,1766361599999,54479508.10237,112269,126726043.3,36159037.95448,0
1766361600000,0.2883,0.2891,0.2832,0.2844,216011449.3,1766447999999,61762229.99757,89445,100823871.5,28827051.42772,0
1766448000000,0.2844,0.2848,0.2823,0.2836,125216769.3,1766534399999,35507496.1748,69082,63748578.2,18079756.8496,0
1766534400000,0.2836,0.2844,0.2793,0.2803,174979578.6,1766620799999,49391177.3191,93996,80959303.3,22869981.17653,0
1766620800000,0.2802,0.281,0.2769,0.2787,129473811.9,1766707199999,36120018.25462,85187,65846851.1,18374676.83809,0
1766707200000,0.2787,0.2802,0.2776,0.2795,134238976.2,1766793599999,37432846.86726,70615,75104652.0,20946847.35334,0
1766793600000,0.2796,0.2849,0.2787,0.2849,136414847.9,1766879999999,38376219.85512,76960,92056064.5,25923040.84025,0
1766880000000,0.2849,0.2854,0.2833,0.285,123523751.2,1766966399999,35117658.36115,62031,65323852.5,18577689.55284,0
1766966400000,0.2849,0.2858,0.2815,0.285,196683163.2,1767052799999,55769511.8312,106816,101606648.7,28820298.75147,0
1767052800000,0.285,0.2868,0.2842,0.2863,122414588.8,1767139199999,34953902.04645,84573,68530773.0,19570558.13566,0
1767139200000,0.2864,0.2867,0.2822,0.2845,133466872.3,1767225599999,37900929.68545,75117,62078770.4,17623034.36285,0
1767225600000,0.2846,0.2871,0.2836,0.2871,117169454.8,1767311999999,33398718.92518,59112,65914190.1,18801401.35471,0
1767312000000,0.287,0.289,0.2845,0.289,164893709.8,1767398399999,47205491.5239,71124,94447844.9,27057971.61894,0
1767398400000,0.289,0.2956,0.2878,0.2956,173662721.7,1767484799999,50496679.31554,79665,111667456.4,32517174.10244,0
1767484800000,0.2956,0.2958,0.2934,0.2939,154113384.1,1767571199999,45351172.61136,72578,77306824.5,22752428.15845,0
1767571200000,0.294,0.2957,0.2918,0.2922,199980680.2,1767657599999,58667535.0931,88469,97683736.3,28661887.44758,0
1767657600000,0.2922,0.2942,0.2911,0.2942,177488170.4,1767743999999,51913422.37167,80924,97861483.0,28634802.75237,0
1767744000000,0.2942,0.2986,0.2939,0.2981,219469928.4,1767830399999,65017861.11768,100052,133498946.9,39560087.11382,0
1767830400000,0.2982,0.2986,0.2943,0.295,202323599.8,1767916799999,59944237.7776,86051,93211097.2,27616630.07713,0
1767916800000,0.2949,0.2995,0.2925,0.2984,203774176.6,1768003199999,60288310.30103,111470,124119668.5,36746922.46055,0
1768003200000,0.2984,0.3025,0.2973,0.3024,158006804.9,1768089599999,47218638.76854,88141,91793478.5,27450379.52586,0
1768089600000,0.3023,0.3034,0.2984,0.2995,206597586.3,1768175999999,62083061.00107,123496,98244246.4,29533257.95857,0
1768176000000,0.2996,0.3007,0.2971,0.2998,155933137.2,1768262399999,46570964.73367,73141,82213562.0,24562441.24068,0
1768262400000,0.2999,0.3074,0.2985,0.3071,217479688.2,1768348799999,65655632.2267,91733,126433565.7,38202612.31243,0
1768348800000,0.3072,0.3074,0.3009,0.3047,189952699.0,1768435199999,57599775.24971,105915,99235207.8,30087788.28407,0
1768435200000,0.3047,0.3127,0.3021,0.3126,264694360.0,1768521599999,81222221.74298,125864,147884036.6,45410013.30949,0
1768521600000,0.3127,0.3127,0.3053,0.3096,158972271.9,1768607999999,49080044.97771,93182,79740788.2,24621190.70625,0
1768608000000,0.3097,0.3195,0.309,0.3188,156669043.5,1768694399999,49140403.37436,79743,94931450.7,29802024.7685,0
1768694400000,0.3187,0.321,0.315,0.3178,188434059.1,1768780799999,59985652.38944,93556,96284994.3,30665301.71632,0
1768780800000,0.3177,0.3207,0.3081,0.3119,251741780.0,1768867199999,79100687.76686,134943,128415800.9,40382380.27897,0
1768867200000,0.3119,0.314,0.2969,0.297,283800217.3,1768953599999,85947345.43503,141595,131033290.9,39661240.68915,0
1768953600000,0.297,0.3004,0.2952,0.2993,248000181.5,1769039999999,73823141.44344,89212,143016713.3,42595456.66837,0
1769040000000,0.2992,0.308,0.2984,0.3054,200695856.7,1769126399999,60540845.33293,93472,115917853.3,34988987.03927,0
1769126400000,0.3054,0.311,0.2962,0.2979,262343455.9,1769212799999,79515005.17039,133475,136562032.6,41448627.75831,0
1769212800000,0.2979,0.2981,0.294,0.2954,151942726.7,1769299199999,45009757.64364,68877,81471375.0,24131430.97927,0
1769299200000,0.2955,0.2988,0.2943,0.2957,164975721.6,1769385599999,48916947.5512,69789,88289317.5,26192136.34479,0
1769385600000,0.2957,0.2973,0.2947,0.2966,140143759.1,1769471999999,41488032.87768,64657,77676698.3,23002167.20532,0
1769472000000,0.2965,0.2967,0.2931,0.2947,127276152.9,1769558399999,37501812.68601,65073,62354896.3,18372552.00254,0
1769558400000,0.2946,0.2955,0.2911,0.2954,159478844.3,1769644799999,46743180.56901,81154,86366652.5,25329487.15061,0
1769644800000,0.2954,0.2956,0.2902,0.295,208289652.2,1769731199999,61174721.577,84061,100840166.0,29635309.20693,0
1769731200000,0.2951,0.2955,0.2885,0.2942,303842045.7,1769817599999,88787998.14444,107357,160763966.0,46994720.6543,0
1769817600000,0.2943,0.2944,0.2843,0.2866,255638961.7,1769903999999,73600533.32651,123757,112804154.6,32427099.05401,0
1769904000000,0.2867,0.2876,0.2841,0.2847,198161093.0,1769990399999,56621461.51816,86167,98824239.1,28246897.79135,0
1769990400000,0.2848,0.2855,0.2817,0.2835,254822693.1,1770076799999,72263482.09754,101877,133305547.6,37810145.89049,0
1770076800000,0.2835,0.2868,0.2815,0.2861,189051818.0,1770163199999,53655131.38073,89547,108529088.6,30823403.58681,0
1770163200000,0.2861,0.2875,0.2823,0.2833,202191082.5,1770249599999,57596641.08869,94060,98701420.4,28128816.28155,0
1770249600000,0.2834,0.2838,0.2696,0.2696,406180612.7,1770335999999,112725191.5436,142628,173106996.4,48082004.30101,0
1770336000000,0.2696,0.2743,0.2683,0.2741,386056310.1,1770422399999,104560571.92152,154964,220322600.7,59702945.84164,0
1770422400000,0.2741,0.2787,0.2732,0.2782,242534320.6,1770508799999,66831244.11612,98136,143925589.3,39685949.84172,0
1770508800000,0.2783,0.2796,0.2762,0.2778,150544248.3,1770595199999,41878105.21515,70634,79802393.7,22209605.40145,0
1770595200000,0.2778,0.2793,0.2764,0.2791,189285082.6,1770681599999,52650908.68828,83264,101636698.1,28283331.09787,0
1770681600000,0.2791,0.2804,0.2762,0.2782,159804724.2,1770767999999,44424565.25332,75794,77323328.7,21505257.72322,0
1770768000000,0.2782,0.2784,0.2739,0.2784,188578174.9,1770854399999,52052386.31145,85490,98106807.5,27093191.77554,0
1770854400000,0.2784,0.2803,0.2762,0.28,165880791.3,1770940799999,46175216.58083,90184,95688938.2,26652201.53941,0
1770940800000,0.2799,0.2825,0.2769,0.2823,189189698.0,1771027199999,52852301.94667,90128,110748717.0,30965673.75239,0
1771027200000,0.2822,0.2839,0.2816,0.2826,116790352.3,1771113599999,33033174.63747,75912,63818880.2,18054745.68851,0
1771113600000,0.2827,0.2827,0.2798,0.2805,122560857.9,1771199999999,34434218.62054,64831,56540114.2,15885436.62818,0
1771200000000,0.2804,0.2854,0.2795,0.2846,159636329.2,1771286399999,45026424.78366,75950,99319010.7,28033560.00089,0
1771286400000,0.2846,0.2854,0.2795,0.2821,171831694.3,1771372799999,48481554.24601,72774,86165914.9,24305509.48678,0
1771372800000,0.2822,0.2822,0.2782,0.2788,126113964.3,1771459199999,35330600.4323,67829,53386331.5,14958874.44384,0
1771459200000,0.2787,0.2853,0.2784,0.2849,180784925.2,1771545599999,50905076.83863,79502,120391130.2,33916813.33707,0
1771545600000,0.2848,0.2877,0.2828,0.2854,183630787.7,1771631999999,52320992.71375,90518,95153687.8,27114410.28014,0
1771632000000,0.2853,0.2896,0.2845,0.289,105217257.7,1771718399999,30190432.68185,66724,70306021.5,20185013.82932,0
1771718400000,0.2891,0.2912,0.2874,0.2906,106394302.4,1771804799999,30774202.21212,64236,62254812.0,18016864.72073,0
1771804800000,0.2906,0.2906,0.2809,0.2816,192728857.8,1771891199999,55060792.89835,87582,65659628.9,18766014.14579,0
1771891200000,0.2816,0.2837,0.2801,0.2837,142300900.0,1771977599999,40081009.27087,78066,80358807.7,22650069.40228,0
1771977600000,0.2836,0.2873,0.2835,0.2853,167294597.1,1772063999999,47784358.65098,92313,89774320.2,25640104.50872,0
1772064000000,0.2854,0.2876,0.2849,0.2857,108117937.5,1772150399999,30936084.70371,70731,54404839.1,15572306.87223,0
1772150400000,0.2857,0.2858,0.2818,0.2828,96083291.7,1772236799999,27272714.59659,70893,38699535.6,10991179.08139,0
1772236800000,0.2828,0.2829,0.2783,0.2819,114753739.1,1772323199999,32210522.1413,68725,54549990.4,15313707.91061,0
1772323200000,0.2819,0.2835,0.2799,0.2807,98973232.4,1772409599999,27872893.43871,60450,47179559.5,13294417.12982,0
1772409600000,0.2807,0.2834,0.2806,0.2832,98321820.7,1772495999999,27728553.86105,67578,55421159.0,15632218.02267,0
1772496000000,0.2833,0.2836,0.2802,0.2805,98827414.5,1772582399999,27806487.99622,60673,43906737.4,12353952.68447,0
1772582400000,0.2804,0.288,0.279,0.2871,207136463.8,1772668799999,58844204.96506,99133,128407476.7,36479126.22451,0
1772668800000,0.287,0.2881,0.2824,0.2852,189680897.2,1772755199999,54024096.29141,76132,89490530.7,25490983.29395,0
1772755200000,0.2852,0.2873,0.2844,0.2846,102714335.3,1772841599999,29366728.79823,65715,47919059.6,13704950.30113,0
1772841600000,0.2845,0.2869,0.2833,0.2866,68497165.4,1772927999999,19525732.90246,59779,40591799.5,11578440.61289,0
1772928000000,0.2865,0.2908,0.2858,0.2891,119037503.8,1773014399999,34295519.85883,74498,71036217.4,20466347.11152,0
1773014400000,0.2892,0.2909,0.2843,0.2856,151129689.9,1773100799999,43382163.61865,73364,69750617.4,20033894.56921,0
1773100800000,0.2855,0.2865,0.2836,0.2858,96973465.5,1773187199999,27653890.563,73370,46862265.7,13368994.20268,0
1773187200000,0.2857,0.2916,0.2853,0.2913,133200288.2,1773273599999,38489281.73153,88808,81732201.1,23620994.56254,0
1773273600000,0.2913,0.292,0.2886,0.2891,89826759.5,1773359999999,26025999.38081,67069,40437329.0,11720092.03046,0
1773360000000,0.2891,0.2935,0.2885,0.2934,109062732.7,1773446399999,31662102.56508,72006,62749128.6,18228399.70222,0
1773446400000,0.2933,0.299,0.2928,0.2978,119032190.4,1773532799999,35191993.30988,78529,70524288.5,20849767.16948,0
1773532800000,0.2979,0.2991,0.2959,0.2987,83551309.2,1773619199999,24863861.5537,57358,40354611.5,12009869.51042,0
1773619200000,0.2986,0.2987,0.2952,0.2956,98351844.6,1773705599999,29240722.01489,74002,42669365.5,12690617.48286,0
1773705600000,0.2955,0.3075,0.2952,0.3068,158610981.5,1773791999999,47784120.58301,95252,100420502.6,30223236.83557,0
1773792000000,0.3068,0.3093,0.2993,0.3045,154042257.2,1773878399999,46746509.65749,93220,75572104.5,22936092.87211,0
1773878400000,0.3045,0.3053,0.2991,0.3036,141040006.9,1773964799999,42626917.21257,85403,73735997.3,22283775.47555,0
1773964800000,0.3036,0.3109,0.3028,0.3097,111776707.7,1774051199999,34274502.02658,79763,61090686.4,18731397.94322,0
1774051200000,0.3096,0.3134,0.3077,0.3121,105516418.3,1774137599999,32722487.03759,82580,58761623.5,18229392.46375,0
1774137600000,0.312,0.319,0.308,0.3104,158458164.0,1774223999999,49583896.96309,110233,75881514.6,23749923.00446,0
1774224000000,0.3103,0.312,0.3034,0.3081,167447054.5,1774310399999,51525157.5301,110729,82124682.4,25283618.87684,0
1774310400000,0.308,0.3121,0.306,0.3061,124822659.9,1774396799999,38627818.01984,86850,57430603.9,17779911.9561,0
1774396800000,0.306,0.3166,0.3055,0.3146,105196261.9,1774483199999,32747396.68694,77904,58573756.4,18229569.3516,0
1774483200000,0.3145,0.3162,0.309,0.3115,126571382.8,1774569599999,39518457.98598,88961,58521236.4,18276966.98246,0
1774569600000,0.3115,0.3173,0.3078,0.3113,180900921.4,1774655999999,56448005.26222,102182,88082818.9,27498785.12678,0
1774656000000,0.3113,0.3185,0.3098,0.3167,111328335.1,1774742399999,34995668.56657,83005,59008382.0,18551878.73163,0
1774742400000,0.3166,0.3246,0.3149,0.322,135534735.0,1774828799999,43350140.16689,89271,71129015.6,22750762.72035,0
1774828800000,0.3219,0.3244,0.3166,0.32,159542997.4,1774915199999,51190573.90082,107898,82012914.3,26319894.93289,0
1774915200000,0.32,0.3217,0.311,0.3133,145262885.8,1775001599999,45852167.3578,110715,64842595.0,20479211.81332,0
1775001600000,0.3133,0.3167,0.3131,0.3156,133626477.4,1775087999999,42153943.67835,85527,69010020.7,21772922.59714,0
1775088000000,0.3156,0.3166,0.313,0.3152,106524255.2,1775174399999,33590466.69403,79884,51831851.8,16346092.06831,0
1775174400000,0.3153,0.3155,0.3128,0.3151,80268775.4,1775260799999,25231989.60742,66849,43461224.8,13664257.21985,0
1775260800000,0.3151,0.318,0.315,0.3171,50776712.3,1775347199999,16075911.59375,40172,31970704.9,10123547.72067,0
